new_id,prob_tb,pred_TB/Normal
mendeley_normal_00000,0.9998040199279785,TB
mendeley_normal_00001,0.9952685385942459,TB
mendeley_normal_00002,0.9971962124109268,TB
mendeley_normal_00003,0.9752062261104584,TB
mendeley_normal_00004,0.9878377318382263,TB
mendeley_normal_00005,0.9982461482286453,TB
mendeley_normal_00006,0.9939185380935669,TB
mendeley_normal_00007,0.9702163189649582,TB
mendeley_normal_00008,0.9955440759658813,TB
mendeley_normal_00009,0.9955339431762695,TB
mendeley_normal_00010,0.9825349301099777,TB
mendeley_normal_00011,0.9898323565721512,TB
mendeley_normal_00012,0.9964083731174469,TB
mendeley_normal_00013,0.9585939347743988,TB
mendeley_normal_00014,0.9978127628564835,TB
mendeley_normal_00015,0.9954873621463776,TB
mendeley_normal_00016,0.7212564907968044,TB
mendeley_normal_00017,0.9468930810689926,TB
mendeley_normal_00018,0.9987950623035431,TB
mendeley_normal_00019,0.9370124340057373,TB
mendeley_normal_00020,0.9627660065889359,TB
mendeley_normal_00021,0.9901965707540512,TB
mendeley_normal_00022,0.9805691838264465,TB
mendeley_normal_00023,0.9611143916845322,TB
mendeley_normal_00024,0.9791194498538971,TB
mendeley_normal_00025,0.9986161291599274,TB
mendeley_normal_00026,0.9785441607236862,TB
mendeley_normal_00027,0.9976547956466675,TB
mendeley_normal_00028,0.9952486455440521,TB
mendeley_normal_00029,0.9881961196660995,TB
mendeley_normal_00030,0.9927244037389755,TB
mendeley_normal_00031,0.9902811199426651,TB
mendeley_normal_00032,0.9711001515388489,TB
mendeley_normal_00033,0.969536155462265,TB
mendeley_normal_00034,0.9707038998603821,TB
mendeley_normal_00035,0.9944418966770172,TB
mendeley_normal_00036,0.9993567317724228,TB
mendeley_normal_00037,0.9886264652013779,TB
mendeley_normal_00038,0.997885599732399,TB
mendeley_normal_00039,0.997978463768959,TB
mendeley_normal_00040,0.9951388090848923,TB
mendeley_normal_00041,0.9969931244850159,TB
mendeley_normal_00042,0.9944384396076202,TB
mendeley_normal_00043,0.994032695889473,TB
mendeley_normal_00044,0.7974674552679062,TB
mendeley_normal_00045,0.9965211451053619,TB
mendeley_normal_00046,0.9896858930587769,TB
mendeley_normal_00047,0.9941214025020599,TB
mendeley_normal_00048,0.9976670295000076,TB
mendeley_normal_00049,0.9894656389951706,TB
mendeley_normal_00050,0.9943136870861053,TB
mendeley_normal_00051,0.9953401386737823,TB
mendeley_normal_00052,0.9642758071422577,TB
mendeley_normal_00053,0.940509632229805,TB
mendeley_normal_00054,0.9847259521484375,TB
mendeley_normal_00055,0.9429847747087479,TB
mendeley_normal_00056,0.9701002985239029,TB
mendeley_normal_00057,0.949770987033844,TB
mendeley_normal_00058,0.9986248910427094,TB
mendeley_normal_00059,0.9904516041278839,TB
mendeley_normal_00060,0.9841958582401276,TB
mendeley_normal_00061,0.9993999302387238,TB
mendeley_normal_00062,0.9787215739488602,TB
mendeley_normal_00063,0.9859219938516617,TB
mendeley_normal_00064,0.993548572063446,TB
mendeley_normal_00065,0.9714338928461075,TB
mendeley_normal_00066,0.937491774559021,TB
mendeley_normal_00067,0.9939980953931808,TB
mendeley_normal_00068,0.9866245985031128,TB
mendeley_normal_00069,0.9780054092407227,TB
mendeley_normal_00070,0.998955711722374,TB
mendeley_normal_00071,0.9872401207685471,TB
mendeley_normal_00072,0.9970940947532654,TB
mendeley_normal_00073,0.9776362180709839,TB
mendeley_normal_00074,0.9953017979860306,TB
mendeley_normal_00075,0.9995256513357162,TB
mendeley_normal_00076,0.9582677185535431,TB
mendeley_normal_00077,0.9855594336986542,TB
mendeley_normal_00078,0.9916682690382004,TB
mendeley_normal_00079,0.9919435381889343,TB
mendeley_normal_00080,0.9952832162380219,TB
mendeley_normal_00081,0.995478168129921,TB
mendeley_normal_00082,0.9939848184585571,TB
mendeley_normal_00083,0.9927273690700531,TB
mendeley_normal_00084,0.9836618006229401,TB
mendeley_normal_00085,0.9977637827396393,TB
mendeley_normal_00086,0.7992506325244904,TB
mendeley_normal_00087,0.991334855556488,TB
mendeley_normal_00088,0.9788775891065598,TB
mendeley_normal_00089,0.9842058420181274,TB
mendeley_normal_00090,0.9899337142705917,TB
mendeley_normal_00091,0.8947533667087555,TB
mendeley_normal_00092,0.9749772399663925,TB
mendeley_normal_00093,0.9374244511127472,TB
mendeley_normal_00094,0.9934318959712982,TB
mendeley_normal_00095,0.9957101792097092,TB
mendeley_normal_00096,0.9830237627029419,TB
mendeley_normal_00097,0.9965067654848099,TB
mendeley_normal_00098,0.9978258162736893,TB
mendeley_normal_00099,0.9920523911714554,TB
mendeley_normal_00100,0.9965794831514359,TB
mendeley_normal_00101,0.9980471432209015,TB
mendeley_normal_00102,0.9915837645530701,TB
mendeley_normal_00103,0.9979336261749268,TB
mendeley_normal_00104,0.9884064942598343,TB
mendeley_normal_00105,0.9036481082439423,TB
mendeley_normal_00106,0.9893781244754791,TB
mendeley_normal_00107,0.9828363656997681,TB
mendeley_normal_00108,0.6575519815087318,TB
mendeley_normal_00109,0.9974852204322815,TB
mendeley_normal_00110,0.9923067986965179,TB
mendeley_normal_00111,0.9912749975919724,TB
mendeley_normal_00112,0.9903636276721954,TB
mendeley_normal_00113,0.994473472237587,TB
mendeley_normal_00114,0.9866511672735214,TB
mendeley_normal_00115,0.9894631206989288,TB
mendeley_normal_00116,0.9679469764232635,TB
mendeley_normal_00117,0.9868788123130798,TB
mendeley_normal_00118,0.9975033700466156,TB
mendeley_normal_00119,0.9933941960334778,TB
mendeley_normal_00120,0.9977162629365921,TB
mendeley_normal_00121,0.9982636570930481,TB
mendeley_normal_00122,0.9800477623939514,TB
mendeley_normal_00123,0.9969896823167801,TB
mendeley_normal_00124,0.9802919924259186,TB
mendeley_normal_00125,0.9319429993629456,TB
mendeley_normal_00126,0.9912504851818085,TB
mendeley_normal_00127,0.9883892983198166,TB
mendeley_normal_00128,0.9966824352741241,TB
mendeley_normal_00129,0.9991283416748047,TB
mendeley_normal_00130,0.9978623539209366,TB
mendeley_normal_00131,0.9902942478656769,TB
mendeley_normal_00132,0.9523587971925735,TB
mendeley_normal_00133,0.9968394190073013,TB
mendeley_normal_00134,0.9986246526241302,TB
mendeley_normal_00135,0.9961962550878525,TB
mendeley_normal_00136,0.9034348875284195,TB
mendeley_normal_00137,0.9765167683362961,TB
mendeley_normal_00138,0.9957976043224335,TB
mendeley_normal_00139,0.9946559816598892,TB
mendeley_normal_00140,0.9990827739238739,TB
mendeley_normal_00141,0.9974768757820129,TB
mendeley_normal_00142,0.9917291402816772,TB
mendeley_normal_00143,0.9875063449144363,TB
mendeley_normal_00144,0.9911576360464096,TB
mendeley_normal_00145,0.9942153096199036,TB
mendeley_normal_00146,0.9929308146238327,TB
mendeley_normal_00147,0.9983882308006287,TB
mendeley_normal_00148,0.9889628440141678,TB
mendeley_normal_00149,0.9884593039751053,TB
mendeley_normal_00150,0.9761399030685425,TB
mendeley_normal_00151,0.9972125142812729,TB
mendeley_normal_00152,0.992650642991066,TB
mendeley_normal_00153,0.8459818065166473,TB
mendeley_normal_00154,0.984327107667923,TB
mendeley_normal_00155,0.9928813576698303,TB
mendeley_normal_00156,0.9926329702138901,TB
mendeley_normal_00157,0.9792355000972748,TB
mendeley_normal_00158,0.987754687666893,TB
mendeley_normal_00159,0.9884706139564514,TB
mendeley_normal_00160,0.9891015738248825,TB
mendeley_normal_00161,0.9936078041791916,TB
mendeley_normal_00162,0.9573109745979309,TB
mendeley_normal_00163,0.9239243417978287,TB
mendeley_normal_00164,0.9993198812007904,TB
mendeley_normal_00165,0.9882967323064804,TB
mendeley_normal_00166,0.9939577281475067,TB
mendeley_normal_00167,0.9936630129814148,TB
mendeley_normal_00168,0.9958295226097107,TB
mendeley_normal_00169,0.9845206886529922,TB
mendeley_normal_00170,0.5332786440849304,TB
mendeley_normal_00171,0.999076321721077,TB
mendeley_normal_00172,0.9895157366991043,TB
mendeley_normal_00173,0.9956251382827759,TB
mendeley_normal_00174,0.9741745591163635,TB
mendeley_normal_00175,0.9991617500782013,TB
mendeley_normal_00176,0.9439473152160645,TB
mendeley_normal_00177,0.9508521407842636,TB
mendeley_normal_00178,0.9923018962144852,TB
mendeley_normal_00179,0.9883989989757538,TB
mendeley_normal_00180,0.9742458760738373,TB
mendeley_normal_00181,0.9542617052793503,TB
mendeley_normal_00182,0.9815993458032608,TB
mendeley_normal_00183,0.931223452091217,TB
mendeley_normal_00184,0.9188065826892853,TB
mendeley_normal_00185,0.9931906461715698,TB
mendeley_normal_00186,0.986404150724411,TB
mendeley_normal_00187,0.9926249384880066,TB
mendeley_normal_00188,0.9919735044240952,TB
mendeley_normal_00189,0.975024864077568,TB
mendeley_normal_00190,0.990134596824646,TB
mendeley_normal_00191,0.9968390613794327,TB
mendeley_normal_00192,0.9889422059059143,TB
mendeley_normal_00193,0.997601792216301,TB
mendeley_normal_00194,0.9966858178377151,TB
mendeley_normal_00195,0.971621498465538,TB
mendeley_normal_00196,0.9833885282278061,TB
mendeley_normal_00197,0.9968235343694687,TB
mendeley_normal_00198,0.9984294325113297,TB
mendeley_normal_00199,0.7944617420434952,TB
mendeley_normal_00200,0.80805404484272,TB
mendeley_normal_00201,0.9966374635696411,TB
mendeley_normal_00202,0.9949836730957031,TB
mendeley_normal_00203,0.967254638671875,TB
mendeley_normal_00204,0.983324721455574,TB
mendeley_normal_00205,0.9975075721740723,TB
mendeley_normal_00206,0.998696506023407,TB
mendeley_normal_00207,0.9625076800584793,TB
mendeley_normal_00208,0.9933357834815979,TB
mendeley_normal_00209,0.9626579582691193,TB
mendeley_normal_00210,0.9499631822109222,TB
mendeley_normal_00211,0.9960977137088776,TB
mendeley_normal_00212,0.9560213983058929,TB
mendeley_normal_00213,0.9833967089653015,TB
mendeley_normal_00214,0.9927892684936523,TB
mendeley_normal_00215,0.9619828909635544,TB
mendeley_normal_00216,0.9239101558923721,TB
mendeley_normal_00217,0.9638544917106628,TB
mendeley_normal_00218,0.9788478165864944,TB
mendeley_normal_00219,0.9715593457221985,TB
mendeley_normal_00220,0.9964758306741714,TB
mendeley_normal_00221,0.9994588047266006,TB
mendeley_normal_00222,0.9967525452375412,TB
mendeley_normal_00223,0.9896116405725479,TB
mendeley_normal_00224,0.9933578819036484,TB
mendeley_normal_00225,0.9983028024435043,TB
mendeley_normal_00226,0.9863045364618301,TB
mendeley_normal_00227,0.9808268398046494,TB
mendeley_normal_00228,0.997471958398819,TB
mendeley_normal_00229,0.9974595606327057,TB
mendeley_normal_00230,0.9981469064950943,TB
mendeley_normal_00231,0.9851016104221344,TB
mendeley_normal_00232,0.9990907311439514,TB
mendeley_normal_00233,0.9895222932100296,TB
mendeley_normal_00234,0.9747063219547272,TB
mendeley_normal_00235,0.9636014699935913,TB
mendeley_normal_00236,0.990920215845108,TB
mendeley_normal_00237,0.9994155913591385,TB
mendeley_normal_00238,0.999252051115036,TB
mendeley_normal_00239,0.9671767801046371,TB
mendeley_normal_00240,0.9680701494216919,TB
mendeley_normal_00241,0.9966575354337692,TB
mendeley_normal_00242,0.9987958371639252,TB
mendeley_normal_00243,0.9924873560667038,TB
mendeley_normal_00244,0.6774192228913307,TB
mendeley_normal_00245,0.97930708527565,TB
mendeley_normal_00246,0.9035301208496094,TB
mendeley_normal_00247,0.9959630966186523,TB
mendeley_normal_00248,0.9909667670726776,TB
mendeley_normal_00249,0.9958227872848511,TB
mendeley_normal_00250,0.936014711856842,TB
mendeley_normal_00251,0.9705610573291779,TB
mendeley_normal_00252,0.9833595156669617,TB
mendeley_normal_00253,0.9882243573665619,TB
mendeley_normal_00254,0.9906284660100937,TB
mendeley_normal_00255,0.9040585607290268,TB
mendeley_normal_00256,0.9953994452953339,TB
mendeley_normal_00257,0.9653651416301727,TB
mendeley_normal_00258,0.9904072284698486,TB
mendeley_normal_00259,0.9970413446426392,TB
mendeley_normal_00260,0.9834211766719818,TB
mendeley_normal_00261,0.9973238259553909,TB
mendeley_normal_00262,0.9936836659908295,TB
mendeley_normal_00263,0.8253648430109024,TB
mendeley_normal_00264,0.9987959116697311,TB
mendeley_normal_00265,0.994445413351059,TB
mendeley_normal_00266,0.9699250310659409,TB
mendeley_normal_00267,0.9802069365978241,TB
mendeley_normal_00268,0.9921799302101135,TB
mendeley_normal_00269,0.997261568903923,TB
mendeley_normal_00270,0.976926326751709,TB
mendeley_normal_00271,0.9953208267688751,TB
mendeley_normal_00272,0.9826599508523941,TB
mendeley_normal_00273,0.9639546424150467,TB
mendeley_normal_00274,0.9976212084293365,TB
mendeley_normal_00275,0.99335578083992,TB
mendeley_normal_00276,0.9724229127168655,TB
mendeley_normal_00277,0.9975397884845734,TB
mendeley_normal_00278,0.9867725670337677,TB
mendeley_normal_00279,0.9648430496454239,TB
mendeley_normal_00280,0.9982718825340271,TB
mendeley_normal_00281,0.9044685363769531,TB
mendeley_normal_00282,0.992331936955452,TB
mendeley_normal_00283,0.9785636812448502,TB
mendeley_normal_00284,0.9912527501583099,TB
mendeley_normal_00285,0.9330704659223557,TB
mendeley_normal_00286,0.9919363111257553,TB
mendeley_normal_00287,0.9783795475959778,TB
mendeley_normal_00288,0.9862588942050934,TB
mendeley_normal_00289,0.9993454217910767,TB
mendeley_normal_00290,0.9197156876325607,TB
mendeley_normal_00291,0.964398205280304,TB
mendeley_normal_00292,0.9902503937482834,TB
mendeley_normal_00293,0.9964273571968079,TB
mendeley_normal_00294,0.9956566840410233,TB
mendeley_normal_00295,0.9708729684352875,TB
mendeley_normal_00296,0.9606977701187134,TB
mendeley_normal_00297,0.9960737824440002,TB
mendeley_normal_00298,0.9895514249801636,TB
mendeley_normal_00299,0.9578266143798828,TB
mendeley_normal_00300,0.9929710179567337,TB
mendeley_normal_00301,0.9950451701879501,TB
mendeley_normal_00302,0.9918935894966125,TB
mendeley_normal_00303,0.8943341225385666,TB
mendeley_normal_00304,0.9973899573087692,TB
mendeley_normal_00305,0.9889046251773834,TB
mendeley_normal_00306,0.9980761706829071,TB
mendeley_normal_00307,0.995455801486969,TB
mendeley_normal_00308,0.9960031360387802,TB
mendeley_normal_00309,0.9992741048336029,TB
mendeley_normal_00310,0.9987437576055527,TB
mendeley_normal_00311,0.993215873837471,TB
mendeley_normal_00312,0.989933505654335,TB
mendeley_normal_00313,0.9965692758560181,TB
mendeley_normal_00314,0.9907839745283127,TB
mendeley_normal_00315,0.985784500837326,TB
mendeley_normal_00316,0.9347991794347763,TB
mendeley_normal_00317,0.9498970359563828,TB
mendeley_normal_00318,0.9889104664325714,TB
mendeley_normal_00319,0.9925346970558167,TB
mendeley_normal_00320,0.9985689669847488,TB
mendeley_normal_00321,0.9768715351819992,TB
mendeley_normal_00322,0.9711103141307831,TB
mendeley_normal_00323,0.9971205145120621,TB
mendeley_normal_00324,0.9978568851947784,TB
mendeley_normal_00325,0.9970272034406662,TB
mendeley_normal_00326,0.9819166213274002,TB
mendeley_normal_00327,0.996287390589714,TB
mendeley_normal_00328,0.9966792464256287,TB
mendeley_normal_00329,0.8884383291006088,TB
mendeley_normal_00330,0.9685901552438736,TB
mendeley_normal_00331,0.9938122481107712,TB
mendeley_normal_00332,0.9851730316877365,TB
mendeley_normal_00333,0.9874106794595718,TB
mendeley_normal_00334,0.9967489093542099,TB
mendeley_normal_00335,0.8363460004329681,TB
mendeley_normal_00336,0.9948512762784958,TB
mendeley_normal_00337,0.9889662265777588,TB
mendeley_normal_00338,0.9944327771663666,TB
mendeley_normal_00339,0.9091821908950806,TB
mendeley_normal_00340,0.7952425926923752,TB
mendeley_normal_00341,0.9833942949771881,TB
mendeley_normal_00342,0.987687885761261,TB
mendeley_normal_00343,0.994815781712532,TB
mendeley_normal_00344,0.9853719919919968,TB
mendeley_normal_00345,0.9404329806566238,TB
mendeley_normal_00346,0.9941524118185043,TB
mendeley_normal_00347,0.9830783605575562,TB
mendeley_normal_00348,0.983402818441391,TB
mendeley_normal_00349,0.994413748383522,TB
mendeley_normal_00350,0.9948321729898453,TB
mendeley_normal_00351,0.8773695379495621,TB
mendeley_normal_00352,0.9751720428466797,TB
mendeley_normal_00353,0.9982505738735199,TB
mendeley_normal_00354,0.9105315953493118,TB
mendeley_normal_00355,0.9896436035633087,TB
mendeley_normal_00356,0.9850187450647354,TB
mendeley_normal_00357,0.9909726232290268,TB
mendeley_normal_00358,0.9966464191675186,TB
mendeley_normal_00359,0.9965034872293472,TB
mendeley_normal_00360,0.9753137975931168,TB
mendeley_normal_00361,0.9594042897224426,TB
mendeley_normal_00362,0.997494176030159,TB
mendeley_normal_00363,0.994392454624176,TB
mendeley_normal_00364,0.9955777078866959,TB
mendeley_normal_00365,0.9936007559299469,TB
mendeley_normal_00366,0.9976131916046143,TB
mendeley_normal_00367,0.9818360805511475,TB
mendeley_normal_00368,0.9898955672979355,TB
mendeley_normal_00369,0.9836331009864807,TB
mendeley_normal_00370,0.9914736598730087,TB
mendeley_normal_00371,0.9964092969894409,TB
mendeley_normal_00372,0.9942201226949692,TB
mendeley_normal_00373,0.9937102794647217,TB
mendeley_normal_00374,0.9486295729875565,TB
mendeley_normal_00375,0.9742325395345688,TB
mendeley_normal_00376,0.9942030757665634,TB
mendeley_normal_00377,0.9994834363460541,TB
mendeley_normal_00378,0.9663870483636856,TB
mendeley_normal_00379,0.9981301873922348,TB
mendeley_normal_00380,0.8924888968467712,TB
mendeley_normal_00381,0.978167936205864,TB
mendeley_normal_00382,0.9896304160356522,TB
mendeley_normal_00383,0.9956067055463791,TB
mendeley_normal_00384,0.9972031265497208,TB
mendeley_normal_00385,0.9949864596128464,TB
mendeley_normal_00386,0.8142543286085129,TB
mendeley_normal_00387,0.9948529899120331,TB
mendeley_normal_00388,0.9986059069633484,TB
mendeley_normal_00389,0.9696617722511292,TB
mendeley_normal_00390,0.9982037395238876,TB
mendeley_normal_00391,0.9989628046751022,TB
mendeley_normal_00392,0.9967766851186752,TB
mendeley_normal_00393,0.9873512089252472,TB
mendeley_normal_00394,0.9908460527658463,TB
mendeley_normal_00395,0.9597624838352203,TB
mendeley_normal_00396,0.9944094717502594,TB
mendeley_normal_00397,0.9903922528028488,TB
mendeley_normal_00398,0.9962671548128128,TB
mendeley_normal_00399,0.9941116571426392,TB
mendeley_normal_00400,0.9911931306123734,TB
mendeley_normal_00401,0.9498633146286011,TB
mendeley_normal_00402,0.994603618979454,TB
mendeley_normal_00403,0.9843473732471466,TB
mendeley_normal_00404,0.989548072218895,TB
mendeley_normal_00405,0.9968296736478806,TB
mendeley_normal_00406,0.9827243685722351,TB
mendeley_normal_00407,0.9986900240182877,TB
mendeley_normal_00408,0.9761840999126434,TB
mendeley_normal_00409,0.9905524551868439,TB
mendeley_normal_00410,0.9938448369503021,TB
mendeley_normal_00411,0.9489108771085739,TB
mendeley_normal_00412,0.9692748636007309,TB
mendeley_normal_00413,0.9782531410455704,TB
mendeley_normal_00414,0.9932990223169327,TB
mendeley_normal_00415,0.9967571645975113,TB
mendeley_normal_00416,0.6809065341949463,TB
mendeley_normal_00417,0.9590208977460861,TB
mendeley_normal_00418,0.9544388949871063,TB
mendeley_normal_00419,0.9937498718500137,TB
mendeley_normal_00420,0.9984379261732101,TB
mendeley_normal_00421,0.9923681169748306,TB
mendeley_normal_00422,0.9652108550071716,TB
mendeley_normal_00423,0.9661562293767929,TB
mendeley_normal_00424,0.978898674249649,TB
mendeley_normal_00425,0.9904586225748062,TB
mendeley_normal_00426,0.9644197076559067,TB
mendeley_normal_00427,0.9784608632326126,TB
mendeley_normal_00428,0.9894803166389465,TB
mendeley_normal_00429,0.9964834749698639,TB
mendeley_normal_00430,0.9803430140018463,TB
mendeley_normal_00431,0.9970415830612183,TB
mendeley_normal_00432,0.9941031336784363,TB
mendeley_normal_00433,0.7955930083990097,TB
mendeley_normal_00434,0.9933909177780151,TB
mendeley_normal_00435,0.9904448837041855,TB
mendeley_normal_00436,0.9754609614610672,TB
mendeley_normal_00437,0.970851331949234,TB
mendeley_normal_00438,0.999674379825592,TB
mendeley_normal_00439,0.991107389330864,TB
mendeley_normal_00440,0.9851604402065277,TB
mendeley_normal_00441,0.971666008234024,TB
mendeley_normal_00442,0.9211457371711731,TB
mendeley_normal_00443,0.7728257924318314,TB
mendeley_normal_00444,0.9981898665428162,TB
mendeley_normal_00445,0.9257709980010986,TB
mendeley_normal_00446,0.992191880941391,TB
mendeley_normal_00447,0.9955243766307831,TB
mendeley_normal_00448,0.9861439317464828,TB
mendeley_normal_00449,0.9619134366512299,TB
mendeley_normal_00450,0.9785656929016113,TB
mendeley_normal_00451,0.9986707419157028,TB
mendeley_normal_00452,0.9988152533769608,TB
mendeley_normal_00453,0.9994162917137146,TB
mendeley_normal_00454,0.9888875186443329,TB
mendeley_normal_00455,0.9987470805644989,TB
mendeley_normal_00456,0.9375986754894257,TB
mendeley_normal_00457,0.9200552999973297,TB
mendeley_normal_00458,0.9879784435033798,TB
mendeley_normal_00459,0.9596138596534729,TB
mendeley_normal_00460,0.9943787604570389,TB
mendeley_normal_00461,0.9983427673578262,TB
mendeley_normal_00462,0.9392276257276535,TB
mendeley_normal_00463,0.9920537173748016,TB
mendeley_normal_00464,0.9988365918397903,TB
mendeley_normal_00465,0.9902404546737671,TB
mendeley_normal_00466,0.9730997234582901,TB
mendeley_normal_00467,0.8970906883478165,TB
mendeley_normal_00468,0.9823976755142212,TB
mendeley_normal_00469,0.9843344241380692,TB
mendeley_normal_00470,0.9979832917451859,TB
mendeley_normal_00471,0.9771821796894073,TB
mendeley_normal_00472,0.9904187321662903,TB
mendeley_normal_00473,0.9973019361495972,TB
mendeley_normal_00474,0.9989659041166306,TB
mendeley_normal_00475,0.8739401996135712,TB
mendeley_normal_00476,0.9602156728506088,TB
mendeley_normal_00477,0.9097878038883209,TB
mendeley_normal_00478,0.965883731842041,TB
mendeley_normal_00479,0.9973211735486984,TB
mendeley_normal_00480,0.9858575612306595,TB
mendeley_normal_00481,0.9210312068462372,TB
mendeley_normal_00482,0.9990900605916977,TB
mendeley_normal_00483,0.9972265213727951,TB
mendeley_normal_00484,0.9578903317451477,TB
mendeley_normal_00485,0.8812578469514847,TB
mendeley_normal_00486,0.9495304077863693,TB
mendeley_normal_00487,0.9888875186443329,TB
mendeley_normal_00488,0.9375986754894257,TB
mendeley_normal_00489,0.9200552999973297,TB
mendeley_normal_00490,0.9879784435033798,TB
mendeley_normal_00491,0.9989749938249588,TB
mendeley_normal_00492,0.9596138596534729,TB
mendeley_normal_00493,0.9973402321338654,TB
mendeley_normal_00494,0.9978223890066147,TB
mendeley_normal_00495,0.9993070662021637,TB
mendeley_normal_00496,0.9981761276721954,TB
mendeley_normal_00497,0.8863672465085983,TB
mendeley_normal_00498,0.988192543387413,TB
mendeley_normal_00499,0.9601310640573502,TB
mendeley_normal_00500,0.9960639029741287,TB
mendeley_normal_00501,0.9952220320701599,TB
mendeley_normal_00502,0.9951712936162949,TB
mendeley_normal_00503,0.9586468786001205,TB
mendeley_normal_00504,0.9521960914134979,TB
mendeley_normal_00505,0.9850265830755234,TB
mendeley_normal_00506,0.9978551119565964,TB
mendeley_normal_00507,0.9616655558347702,TB
mendeley_normal_00508,0.773031160235405,TB
mendeley_normal_00509,0.927688404917717,TB
mendeley_normal_00510,0.9964843243360519,TB
mendeley_normal_00511,0.9976671934127808,TB
mendeley_normal_00512,0.9967485964298248,TB
mendeley_tb_00000,0.9999535977840424,TB
mendeley_tb_00001,0.9995947033166885,TB
mendeley_tb_00002,0.9955752193927765,TB
mendeley_tb_00003,0.9999527931213379,TB
mendeley_tb_00004,0.999884769320488,TB
mendeley_tb_00005,0.9690492898225784,TB
mendeley_tb_00006,0.5971737504005432,TB
mendeley_tb_00007,0.9931931495666504,TB
mendeley_tb_00008,0.9999047368764877,TB
mendeley_tb_00009,0.9996923357248306,TB
mendeley_tb_00010,0.9992909282445908,TB
mendeley_tb_00011,0.9998335689306259,TB
mendeley_tb_00012,0.9902513772249222,TB
mendeley_tb_00013,0.9997703582048416,TB
mendeley_tb_00014,0.9983164072036743,TB
mendeley_tb_00015,0.9999278783798218,TB
mendeley_tb_00016,0.9987601488828659,TB
mendeley_tb_00017,0.9996888041496277,TB
mendeley_tb_00018,0.9998075515031815,TB
mendeley_tb_00019,0.9999201744794846,TB
mendeley_tb_00020,0.99990214407444,TB
mendeley_tb_00021,0.9997747838497162,TB
mendeley_tb_00022,0.9996147304773331,TB
mendeley_tb_00023,0.9999341070652008,TB
mendeley_tb_00024,0.9997599124908447,TB
mendeley_tb_00025,0.9992282092571259,TB
mendeley_tb_00026,0.9854630678892136,TB
mendeley_tb_00027,0.9990040957927704,TB
mendeley_tb_00028,0.9998599588871002,TB
mendeley_tb_00029,0.9998320192098618,TB
mendeley_tb_00030,0.9716017246246338,TB
mendeley_tb_00031,0.9999027699232101,TB
mendeley_tb_00032,0.9968586266040802,TB
mendeley_tb_00033,0.9997425079345703,TB
mendeley_tb_00034,0.9998707473278046,TB
mendeley_tb_00035,0.9926127195358276,TB
mendeley_tb_00036,0.9995484948158264,TB
mendeley_tb_00037,0.9998563826084137,TB
mendeley_tb_00038,0.9995360970497131,TB
mendeley_tb_00039,0.9995173513889313,TB
mendeley_tb_00040,0.999631866812706,TB
mendeley_tb_00041,0.9997982531785965,TB
mendeley_tb_00042,0.9989471137523651,TB
mendeley_tb_00043,0.9780789315700531,TB
mendeley_tb_00044,0.9987982958555222,TB
mendeley_tb_00045,0.9999441504478455,TB
mendeley_tb_00046,0.999061793088913,TB
mendeley_tb_00047,0.9999301433563232,TB
mendeley_tb_00048,0.9972571730613708,TB
mendeley_tb_00049,0.9977367371320724,TB
mendeley_tb_00050,0.9997366964817047,TB
mendeley_tb_00051,0.9998117089271545,TB
mendeley_tb_00052,0.9810637384653091,TB
mendeley_tb_00053,0.9998220354318619,TB
mendeley_tb_00054,0.9962502270936966,TB
mendeley_tb_00055,0.9998724460601807,TB
mendeley_tb_00056,0.999814510345459,TB
mendeley_tb_00057,0.9998665899038315,TB
mendeley_tb_00058,0.9994199424982071,TB
mendeley_tb_00059,0.9999269098043442,TB
mendeley_tb_00060,0.9996199756860733,TB
mendeley_tb_00061,0.99993796646595,TB
mendeley_tb_00062,0.9999516308307648,TB
mendeley_tb_00063,0.9990641623735428,TB
mendeley_tb_00064,0.9995211362838745,TB
mendeley_tb_00065,0.9835062325000763,TB
mendeley_tb_00066,0.9996890723705292,TB
mendeley_tb_00067,0.937687560915947,TB
mendeley_tb_00068,0.9999407231807709,TB
mendeley_tb_00069,0.9989440590143204,TB
mendeley_tb_00070,0.97740538418293,TB
mendeley_tb_00071,0.9998304694890976,TB
mendeley_tb_00072,0.9998939782381058,TB
mendeley_tb_00073,0.9997600018978119,TB
mendeley_tb_00074,0.9868700355291367,TB
mendeley_tb_00075,0.9926246106624603,TB
mendeley_tb_00076,0.9998129457235336,TB
mendeley_tb_00077,0.9999097138643265,TB
mendeley_tb_00078,0.999718502163887,TB
mendeley_tb_00079,0.9736073464155197,TB
mendeley_tb_00080,0.9988937228918076,TB
mendeley_tb_00081,0.9759273827075958,TB
mendeley_tb_00082,0.9953687191009521,TB
mendeley_tb_00083,0.9979555457830429,TB
mendeley_tb_00084,0.9985186606645584,TB
mendeley_tb_00085,0.9727914184331894,TB
mendeley_tb_00086,0.9997685700654984,TB
mendeley_tb_00087,0.999871015548706,TB
mendeley_tb_00088,0.9999420940876007,TB
mendeley_tb_00089,0.9995028078556061,TB
mendeley_tb_00090,0.9779033958911896,TB
mendeley_tb_00091,0.9990086257457733,TB
mendeley_tb_00092,0.9993545711040497,TB
mendeley_tb_00093,0.9995651990175247,TB
mendeley_tb_00094,0.6359874084591866,TB
mendeley_tb_00095,0.9993132650852203,TB
mendeley_tb_00096,0.9990095645189285,TB
mendeley_tb_00097,0.998871847987175,TB
mendeley_tb_00098,0.9996862858533859,TB
mendeley_tb_00099,0.9997592717409134,TB
mendeley_tb_00100,0.9992249608039856,TB
mendeley_tb_00101,0.9999383389949799,TB
mendeley_tb_00102,0.9998971372842789,TB
mendeley_tb_00103,0.9714270532131195,TB
mendeley_tb_00104,0.997903361916542,TB
mendeley_tb_00105,0.998981773853302,TB
mendeley_tb_00106,0.9946658611297607,TB
mendeley_tb_00107,0.9993182867765427,TB
mendeley_tb_00108,0.9997300058603287,TB
mendeley_tb_00109,0.9996854960918427,TB
mendeley_tb_00110,0.9993286728858948,TB
mendeley_tb_00111,0.9999214261770248,TB
mendeley_tb_00112,0.9978424310684204,TB
mendeley_tb_00113,0.9106561094522476,TB
mendeley_tb_00114,0.9998574405908585,TB
mendeley_tb_00115,0.999920204281807,TB
mendeley_tb_00116,0.9961733669042587,TB
mendeley_tb_00117,0.9998865723609924,TB
mendeley_tb_00118,0.99988754093647,TB
mendeley_tb_00119,0.9984996616840363,TB
mendeley_tb_00120,0.9995237290859222,TB
mendeley_tb_00121,0.999912902712822,TB
mendeley_tb_00122,0.9933231472969055,TB
mendeley_tb_00123,0.9998066425323486,TB
mendeley_tb_00124,0.9965918809175491,TB
mendeley_tb_00125,0.9993902146816254,TB
mendeley_tb_00126,0.9848836064338684,TB
mendeley_tb_00127,0.9995309114456177,TB
mendeley_tb_00128,0.9594970643520355,TB
mendeley_tb_00129,0.9912929683923721,TB
mendeley_tb_00130,0.9990453571081161,TB
mendeley_tb_00131,0.9998847991228104,TB
mendeley_tb_00132,0.9996613562107086,TB
mendeley_tb_00133,0.9999615252017975,TB
mendeley_tb_00134,0.9966632723808289,TB
mendeley_tb_00135,0.9997541010379791,TB
mendeley_tb_00136,0.7675790563225746,TB
mendeley_tb_00137,0.9664192944765091,TB
mendeley_tb_00138,0.9998536109924316,TB
mendeley_tb_00139,0.9998354017734528,TB
mendeley_tb_00140,0.9999354481697083,TB
mendeley_tb_00141,0.9998958557844162,TB
mendeley_tb_00142,0.9998192936182022,TB
mendeley_tb_00143,0.9999224990606308,TB
mendeley_tb_00144,0.9994176179170609,TB
mendeley_tb_00145,0.9997667372226715,TB
mendeley_tb_00146,0.9962062239646912,TB
mendeley_tb_00147,0.9998447448015213,TB
mendeley_tb_00148,0.9997995644807816,TB
mendeley_tb_00149,0.9987793117761612,TB
mendeley_tb_00150,0.9997648894786835,TB
mendeley_tb_00151,0.9999131858348846,TB
mendeley_tb_00152,0.9985472112894058,TB
mendeley_tb_00153,0.9998889118432999,TB
mendeley_tb_00154,0.9997311681509018,TB
mendeley_tb_00155,0.9997681975364685,TB
mendeley_tb_00156,0.9998883306980133,TB
mendeley_tb_00157,0.9999257177114487,TB
mendeley_tb_00158,0.9836448580026627,TB
mendeley_tb_00159,0.9999164789915085,TB
mendeley_tb_00160,0.9999566078186035,TB
mendeley_tb_00161,0.999912217259407,TB
mendeley_tb_00162,0.9990630447864532,TB
mendeley_tb_00163,0.9557088166475296,TB
mendeley_tb_00164,0.9996841102838516,TB
mendeley_tb_00165,0.999935507774353,TB
mendeley_tb_00166,0.9912376403808594,TB
mendeley_tb_00167,0.9990553855895996,TB
mendeley_tb_00168,0.999408558011055,TB
mendeley_tb_00169,0.9991516470909119,TB
mendeley_tb_00170,0.9876701086759567,TB
mendeley_tb_00171,0.9998949319124222,TB
mendeley_tb_00172,0.9996670782566071,TB
mendeley_tb_00173,0.9987302869558334,TB
mendeley_tb_00174,0.9957336932420731,TB
mendeley_tb_00175,0.9875073134899139,TB
mendeley_tb_00176,0.996540829539299,TB
mendeley_tb_00177,0.9999092370271683,TB
mendeley_tb_00178,0.997979149222374,TB
mendeley_tb_00179,0.9983897805213928,TB
mendeley_tb_00180,0.9998918622732162,TB
mendeley_tb_00181,0.9998738318681717,TB
mendeley_tb_00182,0.9977571070194244,TB
mendeley_tb_00183,0.9998327046632767,TB
mendeley_tb_00184,0.9904408901929855,TB
mendeley_tb_00185,0.9989134073257446,TB
mendeley_tb_00186,0.9999053627252579,TB
mendeley_tb_00187,0.9996141642332077,TB
mendeley_tb_00188,0.9996416121721268,TB
mendeley_tb_00189,0.9998469799757004,TB
mendeley_tb_00190,0.9998584389686584,TB
mendeley_tb_00191,0.9566934704780579,TB
mendeley_tb_00192,0.8999172002077103,TB
mendeley_tb_00193,0.999025896191597,TB
mendeley_tb_00194,0.9999571740627289,TB
mendeley_tb_00195,0.999934196472168,TB
mendeley_tb_00196,0.9999109357595444,TB
mendeley_tb_00197,0.9999570548534393,TB
mendeley_tb_00198,0.9898408502340317,TB
mendeley_tb_00199,0.9999589920043945,TB
mendeley_tb_00200,0.9998044818639755,TB
mendeley_tb_00201,0.9998385608196259,TB
mendeley_tb_00202,0.9989845752716064,TB
mendeley_tb_00203,0.9994830936193466,TB
mendeley_tb_00204,0.9905247092247009,TB
mendeley_tb_00205,0.9986292570829391,TB
mendeley_tb_00206,0.9998479336500168,TB
mendeley_tb_00207,0.9997613579034805,TB
mendeley_tb_00208,0.9995504915714264,TB
mendeley_tb_00209,0.9999210089445114,TB
mendeley_tb_00210,0.999803826212883,TB
mendeley_tb_00211,0.7330985441803932,TB
mendeley_tb_00212,0.9989603459835052,TB
mendeley_tb_00213,0.999263346195221,TB
mendeley_tb_00214,0.9974842071533203,TB
mendeley_tb_00215,0.999571681022644,TB
mendeley_tb_00216,0.9993694871664047,TB
mendeley_tb_00217,0.9998480081558228,TB
mendeley_tb_00218,0.9494623392820358,TB
mendeley_tb_00219,0.9997755587100983,TB
mendeley_tb_00220,0.75145623087883,TB
mendeley_tb_00221,0.999816045165062,TB
mendeley_tb_00222,0.9994088113307953,TB
mendeley_tb_00223,0.9923955351114273,TB
mendeley_tb_00224,0.99898561835289,TB
mendeley_tb_00225,0.9976376295089722,TB
mendeley_tb_00226,0.9979923516511917,TB
mendeley_tb_00227,0.5114349235082045,TB
mendeley_tb_00228,0.9603120982646942,TB
mendeley_tb_00229,0.9986093789339066,TB
mendeley_tb_00230,0.9997762888669968,TB
mendeley_tb_00231,0.9996644556522369,TB
mendeley_tb_00232,0.9972771108150482,TB
mendeley_tb_00233,0.5612983964383602,TB
mendeley_tb_00234,0.9999129623174667,TB
mendeley_tb_00235,0.9994330555200577,TB
mendeley_tb_00236,0.999837651848793,TB
mendeley_tb_00237,0.9903593957424164,TB
mendeley_tb_00238,0.99986332654953,TB
mendeley_tb_00239,0.37082848977297544,Normal
mendeley_tb_00240,0.8291113972663879,TB
mendeley_tb_00241,0.9997801780700684,TB
mendeley_tb_00242,0.9969613552093506,TB
mendeley_tb_00243,0.998731330037117,TB
mendeley_tb_00244,0.9960470348596573,TB
mendeley_tb_00245,0.9190480411052704,TB
mendeley_tb_00246,0.9876862913370132,TB
mendeley_tb_00247,0.9998585283756256,TB
mendeley_tb_00248,0.9771094024181366,TB
mendeley_tb_00249,0.9954753369092941,TB
mendeley_tb_00250,0.9994042664766312,TB
mendeley_tb_00251,0.9998954683542252,TB
mendeley_tb_00252,0.999868169426918,TB
mendeley_tb_00253,0.9977751076221466,TB
mendeley_tb_00254,0.9999376237392426,TB
mendeley_tb_00255,0.9740129858255386,TB
mendeley_tb_00256,0.9997834116220474,TB
mendeley_tb_00257,0.9970408976078033,TB
mendeley_tb_00258,0.9991698861122131,TB
mendeley_tb_00259,0.9999253004789352,TB
mendeley_tb_00260,0.9997566789388657,TB
mendeley_tb_00261,0.9998759627342224,TB
mendeley_tb_00262,0.994157075881958,TB
mendeley_tb_00263,0.9998050630092621,TB
mendeley_tb_00264,0.9999188333749771,TB
mendeley_tb_00265,0.9999382644891739,TB
mendeley_tb_00266,0.999934196472168,TB
mendeley_tb_00267,0.9959450215101242,TB
mendeley_tb_00268,0.9997994154691696,TB
mendeley_tb_00269,0.9999453723430634,TB
mendeley_tb_00270,0.9998653829097748,TB
mendeley_tb_00271,0.99944007396698,TB
mendeley_tb_00272,0.9999154657125473,TB
mendeley_tb_00273,0.9999414682388306,TB
mendeley_tb_00274,0.9998876452445984,TB
mendeley_tb_00275,0.9993965327739716,TB
mendeley_tb_00276,0.9531776607036591,TB
mendeley_tb_00277,0.9519031345844269,TB
mendeley_tb_00278,0.6673697903752327,TB
mendeley_tb_00279,0.9923007041215897,TB
mendeley_tb_00280,0.9990240186452866,TB
mendeley_tb_00281,0.9844555258750916,TB
mendeley_tb_00282,0.9998938739299774,TB
mendeley_tb_00283,0.7531112134456635,TB
mendeley_tb_00284,0.9981962889432907,TB
mendeley_tb_00285,0.9638965129852295,TB
mendeley_tb_00286,0.9994803369045258,TB
mendeley_tb_00287,0.9998716861009598,TB
mendeley_tb_00288,0.9795915186405182,TB
mendeley_tb_00289,0.9575356990098953,TB
mendeley_tb_00290,0.9998726546764374,TB
mendeley_tb_00291,0.9998392760753632,TB
mendeley_tb_00292,0.9985141158103943,TB
mendeley_tb_00293,0.9991477131843567,TB
mendeley_tb_00294,0.9948318153619766,TB
mendeley_tb_00295,0.9968242347240448,TB
mendeley_tb_00296,0.9991509467363358,TB
mendeley_tb_00297,0.999257504940033,TB
mendeley_tb_00298,0.43707912415266037,Normal
mendeley_tb_00299,0.9997591525316238,TB
mendeley_tb_00300,0.9991416931152344,TB
mendeley_tb_00301,0.9986851811408997,TB
mendeley_tb_00302,0.9993620216846466,TB
mendeley_tb_00303,0.998451754450798,TB
mendeley_tb_00304,0.9998978525400162,TB
mendeley_tb_00305,0.9998906999826431,TB
mendeley_tb_00306,0.9998137503862381,TB
mendeley_tb_00307,0.9999295622110367,TB
mendeley_tb_00308,0.9999521970748901,TB
mendeley_tb_00309,0.999604806303978,TB
mendeley_tb_00310,0.981129989027977,TB
mendeley_tb_00311,0.9982777237892151,TB
mendeley_tb_00312,0.9968745857477188,TB
mendeley_tb_00313,0.9998300522565842,TB
mendeley_tb_00314,0.9994603544473648,TB
mendeley_tb_00315,0.9994593262672424,TB
mendeley_tb_00316,0.9998924881219864,TB
mendeley_tb_00317,0.9969469308853149,TB
mendeley_tb_00318,0.9990182518959045,TB
mendeley_tb_00319,0.9997368454933167,TB
mendeley_tb_00320,0.9996336847543716,TB
mendeley_tb_00321,0.99989452958107,TB
mendeley_tb_00322,0.9993704557418823,TB
mendeley_tb_00323,0.9712003916501999,TB
mendeley_tb_00324,0.9998424798250198,TB
mendeley_tb_00325,0.9989305436611176,TB
mendeley_tb_00326,0.9998704493045807,TB
mendeley_tb_00327,0.9999472498893738,TB
mendeley_tb_00328,0.9997436255216599,TB
mendeley_tb_00329,0.9978043437004089,TB
mendeley_tb_00330,0.9610653817653656,TB
mendeley_tb_00331,0.9997667670249939,TB
mendeley_tb_00332,0.9996213763952255,TB
mendeley_tb_00333,0.999933049082756,TB
mendeley_tb_00334,0.9863322377204895,TB
mendeley_tb_00335,0.9998920112848282,TB
mendeley_tb_00336,0.9989355802536011,TB
mendeley_tb_00337,0.995189368724823,TB
mendeley_tb_00338,0.9996157884597778,TB
mendeley_tb_00339,0.9816842973232269,TB
mendeley_tb_00340,0.9997329562902451,TB
mendeley_tb_00341,0.9578504413366318,TB
mendeley_tb_00342,0.9997388869524002,TB
mendeley_tb_00343,0.9998860955238342,TB
mendeley_tb_00344,0.999923050403595,TB
mendeley_tb_00345,0.9999336302280426,TB
mendeley_tb_00346,0.9994272738695145,TB
mendeley_tb_00347,0.999808669090271,TB
mendeley_tb_00348,0.9290073215961456,TB
mendeley_tb_00349,0.9996582567691803,TB
mendeley_tb_00350,0.9998495578765869,TB
mendeley_tb_00351,0.778090626001358,TB
mendeley_tb_00352,0.991632878780365,TB
mendeley_tb_00353,0.9408808648586273,TB
mendeley_tb_00354,0.9066014736890793,TB
mendeley_tb_00355,0.9995092451572418,TB
mendeley_tb_00356,0.9989358335733414,TB
mendeley_tb_00357,0.9999126493930817,TB
mendeley_tb_00358,0.9999140352010727,TB
mendeley_tb_00359,0.9975998997688293,TB
mendeley_tb_00360,0.9688653349876404,TB
mendeley_tb_00361,0.9998628795146942,TB
mendeley_tb_00362,0.9998688846826553,TB
mendeley_tb_00363,0.9973882585763931,TB
mendeley_tb_00364,0.9957034289836884,TB
mendeley_tb_00365,0.9997718781232834,TB
mendeley_tb_00366,0.9998728483915329,TB
mendeley_tb_00367,0.999653771519661,TB
mendeley_tb_00368,0.9996630400419235,TB
mendeley_tb_00369,0.9897512197494507,TB
mendeley_tb_00370,0.9994582980871201,TB
mendeley_tb_00371,0.9999246895313263,TB
mendeley_tb_00372,0.982026144862175,TB
mendeley_tb_00373,0.9997787028551102,TB
mendeley_tb_00374,0.9986260086297989,TB
mendeley_tb_00375,0.9974260926246643,TB
mendeley_tb_00376,0.9996861666440964,TB
mendeley_tb_00377,0.9998761117458344,TB
mendeley_tb_00378,0.9981777966022491,TB
mendeley_tb_00379,0.7366957515478134,TB
mendeley_tb_00380,0.9988678246736526,TB
mendeley_tb_00381,0.9999340772628784,TB
mendeley_tb_00382,0.9999013990163803,TB
mendeley_tb_00383,0.9983021765947342,TB
mendeley_tb_00384,0.9612280279397964,TB
mendeley_tb_00385,0.9954360127449036,TB
mendeley_tb_00386,0.9997494518756866,TB
mendeley_tb_00387,0.9999207705259323,TB
mendeley_tb_00388,0.9985464513301849,TB
mendeley_tb_00389,0.9999036639928818,TB
mendeley_tb_00390,0.9989304095506668,TB
mendeley_tb_00391,0.99992935359478,TB
mendeley_tb_00392,0.999838724732399,TB
mendeley_tb_00393,0.9993690401315689,TB
mendeley_tb_00394,0.999666303396225,TB
mendeley_tb_00395,0.9998723864555359,TB
mendeley_tb_00396,0.9998407065868378,TB
mendeley_tb_00397,0.9994307905435562,TB
mendeley_tb_00398,0.9994031339883804,TB
mendeley_tb_00399,0.9998357594013214,TB
mendeley_tb_00400,0.664177194237709,TB
mendeley_tb_00401,0.9998992383480072,TB
mendeley_tb_00402,0.9998091161251068,TB
mendeley_tb_00403,0.9999604225158691,TB
mendeley_tb_00404,0.9997834265232086,TB
mendeley_tb_00405,0.9996765553951263,TB
mendeley_tb_00406,0.9112410545349121,TB
mendeley_tb_00407,0.9998506456613541,TB
mendeley_tb_00408,0.9961609244346619,TB
mendeley_tb_00409,0.9999011158943176,TB
mendeley_tb_00410,0.999431237578392,TB
mendeley_tb_00411,0.9998497068881989,TB
mendeley_tb_00412,0.9995547533035278,TB
mendeley_tb_00413,0.9372187107801437,TB
mendeley_tb_00414,0.9997704923152924,TB
mendeley_tb_00415,0.9998848885297775,TB
mendeley_tb_00416,0.9998863488435745,TB
mendeley_tb_00417,0.9999531507492065,TB
mendeley_tb_00418,0.9786168783903122,TB
mendeley_tb_00419,0.9999054372310638,TB
mendeley_tb_00420,0.999506488442421,TB
mendeley_tb_00421,0.9998697340488434,TB
mendeley_tb_00422,0.9999531209468842,TB
mendeley_tb_00423,0.9993749260902405,TB
mendeley_tb_00424,0.9977641999721527,TB
mendeley_tb_00425,0.9975624829530716,TB
mendeley_tb_00426,0.9984873980283737,TB
mendeley_tb_00427,0.9765082448720932,TB
mendeley_tb_00428,0.999811515212059,TB
mendeley_tb_00429,0.9990007132291794,TB
mendeley_tb_00430,0.9943552911281586,TB
mendeley_tb_00431,0.9151811897754669,TB
mendeley_tb_00432,0.9999195337295532,TB
mendeley_tb_00433,0.9997947365045547,TB
mendeley_tb_00434,0.9784025102853775,TB
mendeley_tb_00435,0.9996804147958755,TB
mendeley_tb_00436,0.9974022507667542,TB
mendeley_tb_00437,0.9997250735759735,TB
mendeley_tb_00438,0.9998810291290283,TB
mendeley_tb_00439,0.9997438937425613,TB
mendeley_tb_00440,0.9879667609930038,TB
mendeley_tb_00441,0.9991362243890762,TB
mendeley_tb_00442,0.9928207695484161,TB
mendeley_tb_00443,0.9998925775289536,TB
mendeley_tb_00444,0.9995395839214325,TB
mendeley_tb_00445,0.9999274760484695,TB
mendeley_tb_00446,0.7476971093565226,TB
mendeley_tb_00447,0.9975627660751343,TB
mendeley_tb_00448,0.7057717889547348,TB
mendeley_tb_00449,0.994626984000206,TB
mendeley_tb_00450,0.9990102350711823,TB
mendeley_tb_00451,0.9999109655618668,TB
mendeley_tb_00452,0.9974325001239777,TB
mendeley_tb_00453,0.9996181279420853,TB
mendeley_tb_00454,0.9997059404850006,TB
mendeley_tb_00455,0.9997692853212357,TB
mendeley_tb_00456,0.9992038011550903,TB
mendeley_tb_00457,0.9997820556163788,TB
mendeley_tb_00458,0.9998833984136581,TB
mendeley_tb_00459,0.9998885989189148,TB
mendeley_tb_00460,0.9999170303344727,TB
mendeley_tb_00461,0.9972474277019501,TB
mendeley_tb_00462,0.9915829598903656,TB
mendeley_tb_00463,0.99822136759758,TB
mendeley_tb_00464,0.9999482929706573,TB
mendeley_tb_00465,0.9998671263456345,TB
mendeley_tb_00466,0.9992678463459015,TB
mendeley_tb_00467,0.9986449629068375,TB
mendeley_tb_00468,0.9992953687906265,TB
mendeley_tb_00469,0.9975537657737732,TB
mendeley_tb_00470,0.999892070889473,TB
mendeley_tb_00471,0.9998612999916077,TB
mendeley_tb_00472,0.9998463541269302,TB
mendeley_tb_00473,0.9990409165620804,TB
mendeley_tb_00474,0.9998646974563599,TB
mendeley_tb_00475,0.999572291970253,TB
mendeley_tb_00476,0.9999025613069534,TB
mendeley_tb_00477,0.9998963922262192,TB
mendeley_tb_00478,0.9994458109140396,TB
mendeley_tb_00479,0.9987364858388901,TB
mendeley_tb_00480,0.9934165626764297,TB
mendeley_tb_00481,0.9998948127031326,TB
mendeley_tb_00482,0.9987127035856247,TB
mendeley_tb_00483,0.9994755387306213,TB
mendeley_tb_00484,0.9988667368888855,TB
mendeley_tb_00485,0.9999198764562607,TB
mendeley_tb_00486,0.9996787756681442,TB
mendeley_tb_00487,0.9996650964021683,TB
mendeley_tb_00488,0.4558547716587782,Normal
mendeley_tb_00489,0.9998917430639267,TB
mendeley_tb_00490,0.9998411685228348,TB
mendeley_tb_00491,0.5155406966805458,TB
mendeley_tb_00492,0.9871834963560104,TB
mendeley_tb_00493,0.9992541521787643,TB
mendeley_tb_00494,0.9992751926183701,TB
mendeley_tb_00495,0.9997336864471436,TB
mendeley_tb_00496,0.9998432695865631,TB
mendeley_tb_00497,0.5315266093239188,TB
mendeley_tb_00498,0.9997173547744751,TB
mendeley_tb_00499,0.9992968738079071,TB
mendeley_tb_00500,0.9995835870504379,TB
mendeley_tb_00501,0.9995648264884949,TB
mendeley_tb_00502,0.9995468407869339,TB
mendeley_tb_00503,0.9856621026992798,TB
mendeley_tb_00504,0.987688884139061,TB
mendeley_tb_00505,0.9751694202423096,TB
mendeley_tb_00506,0.9962005168199539,TB
mendeley_tb_00507,0.9948718398809433,TB
mendeley_tb_00508,0.9950056076049805,TB
mendeley_tb_00509,0.9998285174369812,TB
mendeley_tb_00510,0.9998908787965775,TB
mendeley_tb_00511,0.9998445808887482,TB
mendeley_tb_00512,0.9988063871860504,TB
mendeley_tb_00513,0.9995796978473663,TB
mendeley_tb_00514,0.9987907856702805,TB
mendeley_tb_00515,0.9998191148042679,TB
mendeley_tb_00516,0.8827545493841171,TB
mendeley_tb_00517,0.9997780025005341,TB
mendeley_tb_00518,0.9997727423906326,TB
mendeley_tb_00519,0.9998911768198013,TB
mendeley_tb_00520,0.9369701445102692,TB
mendeley_tb_00521,0.9998238384723663,TB
mendeley_tb_00522,0.99991275370121,TB
mendeley_tb_00523,0.9998411685228348,TB
mendeley_tb_00524,0.9945256859064102,TB
mendeley_tb_00525,0.9982490390539169,TB
mendeley_tb_00526,0.9964230060577393,TB
mendeley_tb_00527,0.9998881965875626,TB
mendeley_tb_00528,0.9995625764131546,TB
mendeley_tb_00529,0.999881848692894,TB
mendeley_tb_00530,0.9997434467077255,TB
mendeley_tb_00531,0.999622568488121,TB
mendeley_tb_00532,0.9740286767482758,TB
mendeley_tb_00533,0.9954677820205688,TB
mendeley_tb_00534,0.9992348849773407,TB
mendeley_tb_00535,0.9999148845672607,TB
mendeley_tb_00536,0.9999217987060547,TB
mendeley_tb_00537,0.9997649192810059,TB
mendeley_tb_00538,0.9998852461576462,TB
mendeley_tb_00539,0.9968805015087128,TB
mendeley_tb_00540,0.999859020113945,TB
mendeley_tb_00541,0.9999614953994751,TB
mendeley_tb_00542,0.9999121278524399,TB
mendeley_tb_00543,0.9998888671398163,TB
mendeley_tb_00544,0.9995833784341812,TB
mendeley_tb_00545,0.9929871261119843,TB
mendeley_tb_00546,0.8701054900884628,TB
mendeley_tb_00547,0.9985648840665817,TB
mendeley_tb_00548,0.9994677901268005,TB
mendeley_tb_00549,0.9999375641345978,TB
mendeley_tb_00550,0.9996358752250671,TB
mendeley_tb_00551,0.9997673332691193,TB
mendeley_tb_00552,0.9997458457946777,TB
mendeley_tb_00553,0.9995773136615753,TB
mendeley_tb_00554,0.9798522442579269,TB
mendeley_tb_00555,0.9955900609493256,TB
mendeley_tb_00556,0.9986527115106583,TB
mendeley_tb_00557,0.9977271258831024,TB
mendeley_tb_00558,0.9991164952516556,TB
mendeley_tb_00559,0.8207985833287239,TB
mendeley_tb_00560,0.9566715061664581,TB
mendeley_tb_00561,0.9941689372062683,TB
mendeley_tb_00562,0.9985306859016418,TB
mendeley_tb_00563,0.7784982696175575,TB
mendeley_tb_00564,0.9290120601654053,TB
mendeley_tb_00565,0.9995537847280502,TB
mendeley_tb_00566,0.9993972331285477,TB
mendeley_tb_00567,0.9503151029348373,TB
mendeley_tb_00568,0.9999537765979767,TB
mendeley_tb_00569,0.9991881251335144,TB
mendeley_tb_00570,0.9974421560764313,TB
mendeley_tb_00571,0.9805577248334885,TB
mendeley_tb_00572,0.9956596493721008,TB
mendeley_tb_00573,0.9989408552646637,TB
mendeley_tb_00574,0.9998623728752136,TB
mendeley_tb_00575,0.9999427795410156,TB
mendeley_tb_00576,0.9998840689659119,TB
mendeley_tb_00577,0.9927163571119308,TB
mendeley_tb_00578,0.9998144805431366,TB
mendeley_tb_00579,0.9998552054166794,TB
mendeley_tb_00580,0.999588131904602,TB
mendeley_tb_00581,0.9406276792287827,TB
mendeley_tb_00582,0.705461286008358,TB
mendeley_tb_00583,0.9585267454385757,TB
mendeley_tb_00584,0.9978509545326233,TB
mendeley_tb_00585,0.9997642785310745,TB
mendeley_tb_00586,0.9973444938659668,TB
mendeley_tb_00587,0.9997692853212357,TB
mendeley_tb_00588,0.9989694654941559,TB
mendeley_tb_00589,0.9897917807102203,TB
mendeley_tb_00590,0.9896082133054733,TB
mendeley_tb_00591,0.8821366876363754,TB
mendeley_tb_00592,0.9992203414440155,TB
mendeley_tb_00593,0.9997818022966385,TB
mendeley_tb_00594,0.9571966528892517,TB
mendeley_tb_00595,0.9998675137758255,TB
mendeley_tb_00596,0.9904288500547409,TB
mendeley_tb_00597,0.9992862045764923,TB
mendeley_tb_00598,0.9998185336589813,TB
mendeley_tb_00599,0.9997291266918182,TB
mendeley_tb_00600,0.9979724436998367,TB
mendeley_tb_00601,0.999344065785408,TB
mendeley_tb_00602,0.9998809844255447,TB
mendeley_tb_00603,0.9269228726625443,TB
mendeley_tb_00604,0.9949806183576584,TB
mendeley_tb_00605,0.9994029998779297,TB
mendeley_tb_00606,0.7553722411394119,TB
mendeley_tb_00607,0.9037968814373016,TB
mendeley_tb_00608,0.9984644651412964,TB
mendeley_tb_00609,0.9998572468757629,TB
mendeley_tb_00610,0.9852145314216614,TB
mendeley_tb_00611,0.849031388759613,TB
mendeley_tb_00612,0.9999568462371826,TB
mendeley_tb_00613,0.9999112188816071,TB
mendeley_tb_00614,0.9999582767486572,TB
mendeley_tb_00615,0.999689593911171,TB
mendeley_tb_00616,0.9999314546585083,TB
mendeley_tb_00617,0.9998233765363693,TB
mendeley_tb_00618,0.9998833537101746,TB
mendeley_tb_00619,0.9998946934938431,TB
mendeley_tb_00620,0.9977644085884094,TB
mendeley_tb_00621,0.9997490644454956,TB
mendeley_tb_00622,0.9999489486217499,TB
mendeley_tb_00623,0.9989109188318253,TB
mendeley_tb_00624,0.999909833073616,TB
mendeley_tb_00625,0.99984410405159,TB
mendeley_tb_00626,0.9841841757297516,TB
mendeley_tb_00627,0.9998178035020828,TB
mendeley_tb_00628,0.9997936487197876,TB
mendeley_tb_00629,0.999825656414032,TB
mendeley_tb_00630,0.9902063310146332,TB
mendeley_tb_00631,0.9896226674318314,TB
mendeley_tb_00632,0.9885081797838211,TB
mendeley_tb_00633,0.9702654480934143,TB
mendeley_tb_00634,0.9999513924121857,TB
mendeley_tb_00635,0.9870562106370926,TB
mendeley_tb_00636,0.9995859563350677,TB
mendeley_tb_00637,0.9992237389087677,TB
mendeley_tb_00638,0.9998696148395538,TB
mendeley_tb_00639,0.9997694194316864,TB
mendeley_tb_00640,0.9985850602388382,TB
mendeley_tb_00641,0.9995719492435455,TB
mendeley_tb_00642,0.9994944781064987,TB
mendeley_tb_00643,0.9757211208343506,TB
mendeley_tb_00644,0.997888907790184,TB
mendeley_tb_00645,0.9995180815458298,TB
mendeley_tb_00646,0.9950217753648758,TB
mendeley_tb_00647,0.9993528574705124,TB
mendeley_tb_00648,0.9988692700862885,TB
mendeley_tb_00649,0.9999326765537262,TB
mendeley_tb_00650,0.9993102848529816,TB
mendeley_tb_00651,0.999727413058281,TB
mendeley_tb_00652,0.9991202503442764,TB
mendeley_tb_00653,0.9562398195266724,TB
mendeley_tb_00654,0.9855037480592728,TB
mendeley_tb_00655,0.9750153869390488,TB
mendeley_tb_00656,0.9990566372871399,TB
mendeley_tb_00657,0.9998638182878494,TB
mendeley_tb_00658,0.968701958656311,TB
mendeley_tb_00659,0.9999434649944305,TB
mendeley_tb_00660,0.9999667406082153,TB
mendeley_tb_00661,0.9998350441455841,TB
mendeley_tb_00662,0.9980333745479584,TB
mendeley_tb_00663,0.9997933655977249,TB
mendeley_tb_00664,0.99990613758564,TB
mendeley_tb_00665,0.9995278120040894,TB
mendeley_tb_00666,0.9994038194417953,TB
mendeley_tb_00667,0.9991314709186554,TB
mendeley_tb_00668,0.7059070467948914,TB
mendeley_tb_00669,0.9967240542173386,TB
mendeley_tb_00670,0.9885568916797638,TB
mendeley_tb_00671,0.9999491274356842,TB
mendeley_tb_00672,0.9999254643917084,TB
mendeley_tb_00673,0.9999426305294037,TB
mendeley_tb_00674,0.9998390972614288,TB
mendeley_tb_00675,0.99971704185009,TB
mendeley_tb_00676,0.9998938292264938,TB
mendeley_tb_00677,0.9996120184659958,TB
mendeley_tb_00678,0.9958882182836533,TB
mendeley_tb_00679,0.9989165216684341,TB
mendeley_tb_00680,0.9553236216306686,TB
mendeley_tb_00681,0.9958533346652985,TB
mendeley_tb_00682,0.9116303771734238,TB
mendeley_tb_00683,0.9993035644292831,TB
mendeley_tb_00684,0.9998381584882736,TB
mendeley_tb_00685,0.999856635928154,TB
mendeley_tb_00686,0.99952632188797,TB
mendeley_tb_00687,0.9999389350414276,TB
mendeley_tb_00688,0.9998826086521149,TB
mendeley_tb_00689,0.9997051656246185,TB
mendeley_tb_00690,0.9970903396606445,TB
mendeley_tb_00691,0.999395340681076,TB
mendeley_tb_00692,0.9997788965702057,TB
mendeley_tb_00693,0.966259777545929,TB
mendeley_tb_00694,0.9904540628194809,TB
mendeley_tb_00695,0.9994939863681793,TB
mendeley_tb_00696,0.9993515610694885,TB
mendeley_tb_00697,0.9998144060373306,TB
mendeley_tb_00698,0.9998237043619156,TB
mendeley_tb_00699,0.9998803734779358,TB
mendeley_tb_00700,0.9991410076618195,TB
mendeley_tb_00701,0.9996955990791321,TB
mendeley_tb_00702,0.994692787528038,TB
mendeley_tb_00703,0.9976468235254288,TB
mendeley_tb_00704,0.938742071390152,TB
mendeley_tb_00705,0.9998011440038681,TB
mendeley_tb_00706,0.9979747831821442,TB
mendeley_tb_00707,0.9998854547739029,TB
mendeley_tb_00708,0.998745396733284,TB
mendeley_tb_00709,0.9998108297586441,TB
mendeley_tb_00710,0.9607986062765121,TB
mendeley_tb_00711,0.9997467249631882,TB
mendeley_tb_00712,0.9992596954107285,TB
mendeley_tb_00713,0.8501745238900185,TB
mendeley_tb_00714,0.999887153506279,TB
mendeley_tb_00715,0.22138214809820056,Normal
mendeley_tb_00716,0.20130741829052567,Normal
mendeley_tb_00717,0.9943484365940094,TB
mendeley_tb_00718,0.895254448056221,TB
mendeley_tb_00719,0.9978889673948288,TB
mendeley_tb_00720,0.999889001250267,TB
mendeley_tb_00721,0.9992879182100296,TB
mendeley_tb_00722,0.9922408610582352,TB
mendeley_tb_00723,0.9998836815357208,TB
mendeley_tb_00724,0.9995409399271011,TB
mendeley_tb_00725,0.9996798038482666,TB
mendeley_tb_00726,0.9729101657867432,TB
mendeley_tb_00727,0.9964476972818375,TB
mendeley_tb_00728,0.9985234439373016,TB
mendeley_tb_00729,0.9995731711387634,TB
mendeley_tb_00730,0.9993790537118912,TB
mendeley_tb_00731,0.9995135217905045,TB
mendeley_tb_00732,0.9895137846469879,TB
mendeley_tb_00733,0.994443953037262,TB
mendeley_tb_00734,0.9996877461671829,TB
mendeley_tb_00735,0.9949950575828552,TB
mendeley_tb_00736,0.9998143017292023,TB
mendeley_tb_00737,0.9995974451303482,TB
mendeley_tb_00738,0.9998040497303009,TB
mendeley_tb_00739,0.9993523955345154,TB
mendeley_tb_00740,0.9975458979606628,TB
mendeley_tb_00741,0.9997835606336594,TB
mendeley_tb_00742,0.9998750537633896,TB
mendeley_tb_00743,0.9985205233097076,TB
mendeley_tb_00744,0.9990979731082916,TB
mendeley_tb_00745,0.9999100565910339,TB
mendeley_tb_00746,0.3581330291926861,Normal
mendeley_tb_00747,0.9999412596225739,TB
mendeley_tb_00748,0.9993436932563782,TB
mendeley_tb_00749,0.9995557218790054,TB
mendeley_tb_00750,0.9996651858091354,TB
mendeley_tb_00751,0.9975327849388123,TB
mendeley_tb_00752,0.9989036321640015,TB
mendeley_tb_00753,0.9998749345541,TB
mendeley_tb_00754,0.9985886067152023,TB
mendeley_tb_00755,0.9910866320133209,TB
mendeley_tb_00756,0.9991714656352997,TB
mendeley_tb_00757,0.999657392501831,TB
mendeley_tb_00758,0.9999008178710938,TB
mendeley_tb_00759,0.9994730651378632,TB
mendeley_tb_00760,0.9998266845941544,TB
mendeley_tb_00761,0.9998621344566345,TB
mendeley_tb_00762,0.9991545379161835,TB
mendeley_tb_00763,0.9997051507234573,TB
mendeley_tb_00764,0.9999208450317383,TB
mendeley_tb_00765,0.9997410923242569,TB
mendeley_tb_00766,0.9991522878408432,TB
mendeley_tb_00767,0.9160205721855164,TB
mendeley_tb_00768,0.9999348372220993,TB
mendeley_tb_00769,0.9999325573444366,TB
mendeley_tb_00770,0.9999305456876755,TB
mendeley_tb_00771,0.9993362277746201,TB
mendeley_tb_00772,0.9997079968452454,TB
mendeley_tb_00773,0.9962856769561768,TB
mendeley_tb_00774,0.9996141642332077,TB
mendeley_tb_00775,0.9998607039451599,TB
mendeley_tb_00776,0.9944491237401962,TB
mendeley_tb_00777,0.9715301841497421,TB
mendeley_tb_00778,0.999681368470192,TB
mendeley_tb_00779,0.9997662305831909,TB
mendeley_tb_00780,0.9998674839735031,TB
mendeley_tb_00781,0.9995144009590149,TB
mendeley_tb_00782,0.9993267804384232,TB
mendeley_tb_00783,0.9984262138605118,TB
mendeley_tb_00784,0.9831917732954025,TB
mendeley_tb_00785,0.9999181032180786,TB
mendeley_tb_00786,0.9998667687177658,TB
mendeley_tb_00787,0.9832689464092255,TB
mendeley_tb_00788,0.9986841082572937,TB
mendeley_tb_00789,0.9855822324752808,TB
mendeley_tb_00790,0.9940654337406158,TB
mendeley_tb_00791,0.9998568892478943,TB
mendeley_tb_00792,0.9996011704206467,TB
mendeley_tb_00793,0.999750092625618,TB
mendeley_tb_00794,0.9987488090991974,TB
mendeley_tb_00795,0.9994385242462158,TB
mendeley_tb_00796,0.9998167902231216,TB
mendeley_tb_00797,0.9999311566352844,TB
mendeley_tb_00798,0.9901759773492813,TB
mendeley_tb_00799,0.9998742491006851,TB
mendeley_tb_00800,0.9998929649591446,TB
mendeley_tb_00801,0.9992577582597733,TB
mendeley_tb_00802,0.9998342245817184,TB
mendeley_tb_00803,0.9999358355998993,TB
mendeley_tb_00804,0.9998115450143814,TB
mendeley_tb_00805,0.9995061010122299,TB
mendeley_tb_00806,0.9998476356267929,TB
mendeley_tb_00807,0.9696198254823685,TB
mendeley_tb_00808,0.9946720153093338,TB
mendeley_tb_00809,0.9984903037548065,TB
mendeley_tb_00810,0.9991691410541534,TB
mendeley_tb_00811,0.9999375939369202,TB
mendeley_tb_00812,0.9975640624761581,TB
mendeley_tb_00813,0.9999424517154694,TB
mendeley_tb_00814,0.9959175437688828,TB
mendeley_tb_00815,0.9996550679206848,TB
mendeley_tb_00816,0.53443129430525,TB
mendeley_tb_00817,0.9996704757213593,TB
mendeley_tb_00818,0.9999026507139206,TB
mendeley_tb_00819,0.9993448108434677,TB
mendeley_tb_00820,0.9996939897537231,TB
mendeley_tb_00821,0.9998975396156311,TB
mendeley_tb_00822,0.9997774064540863,TB
mendeley_tb_00823,0.660355769097805,TB
mendeley_tb_00824,0.9964714646339417,TB
mendeley_tb_00825,0.9790899604558945,TB
mendeley_tb_00826,0.998704344034195,TB
mendeley_tb_00827,0.9999151080846786,TB
mendeley_tb_00828,0.999820813536644,TB
mendeley_tb_00829,0.99989815056324,TB
mendeley_tb_00830,0.9998703598976135,TB
mendeley_tb_00831,0.9997636377811432,TB
mendeley_tb_00832,0.9996074438095093,TB
mendeley_tb_00833,0.9998068362474442,TB
mendeley_tb_00834,0.9935658872127533,TB
mendeley_tb_00835,0.9995697885751724,TB
mendeley_tb_00836,0.9990814626216888,TB
mendeley_tb_00837,0.9998771548271179,TB
mendeley_tb_00838,0.9949354082345963,TB
mendeley_tb_00839,0.9998399615287781,TB
mendeley_tb_00840,0.9995057433843613,TB
mendeley_tb_00841,0.9991434961557388,TB
mendeley_tb_00842,0.9993593245744705,TB
mendeley_tb_00843,0.9941736906766891,TB
mendeley_tb_00844,0.9993613660335541,TB
mendeley_tb_00845,0.9996486157178879,TB
mendeley_tb_00846,0.9910503476858139,TB
mendeley_tb_00847,0.9973309934139252,TB
mendeley_tb_00848,0.9998822957277298,TB
mendeley_tb_00849,0.9986540079116821,TB
mendeley_tb_00850,0.9992641061544418,TB
mendeley_tb_00851,0.9998557567596436,TB
mendeley_tb_00852,0.9926615655422211,TB
mendeley_tb_00853,0.9984087646007538,TB
mendeley_tb_00854,0.99064140021801,TB
mendeley_tb_00855,0.9995847791433334,TB
mendeley_tb_00856,0.9970721155405045,TB
mendeley_tb_00857,0.9994691014289856,TB
mendeley_tb_00858,0.9978649467229843,TB
mendeley_tb_00859,0.999417319893837,TB
mendeley_tb_00860,0.9998539090156555,TB
mendeley_tb_00861,0.9947144836187363,TB
mendeley_tb_00862,0.9993162006139755,TB
mendeley_tb_00863,0.9973806738853455,TB
mendeley_tb_00864,0.9917169660329819,TB
mendeley_tb_00865,0.9991855174303055,TB
mendeley_tb_00866,0.9973283559083939,TB
mendeley_tb_00867,0.9997555762529373,TB
mendeley_tb_00868,0.9998651742935181,TB
mendeley_tb_00869,0.9514247179031372,TB
mendeley_tb_00870,0.9998595118522644,TB
mendeley_tb_00871,0.9892341494560242,TB
mendeley_tb_00872,0.9997588396072388,TB
mendeley_tb_00873,0.99949049949646,TB
mendeley_tb_00874,0.9991840869188309,TB
mendeley_tb_00875,0.9986799210309982,TB
mendeley_tb_00876,0.999940425157547,TB
mendeley_tb_00877,0.9939392060041428,TB
mendeley_tb_00878,0.9999347925186157,TB
mendeley_tb_00879,0.9996655732393265,TB
mendeley_tb_00880,0.9979058653116226,TB
mendeley_tb_00881,0.9999118596315384,TB
mendeley_tb_00882,0.9995424598455429,TB
mendeley_tb_00883,0.9978582710027695,TB
mendeley_tb_00884,0.9992173165082932,TB
mendeley_tb_00885,0.9985580146312714,TB
mendeley_tb_00886,0.9998663365840912,TB
mendeley_tb_00887,0.9837157428264618,TB
mendeley_tb_00888,0.9976902604103088,TB
mendeley_tb_00889,0.795819990336895,TB
mendeley_tb_00890,0.9825083017349243,TB
mendeley_tb_00891,0.9892082661390305,TB
mendeley_tb_00892,0.99984410405159,TB
mendeley_tb_00893,0.9989864230155945,TB
mendeley_tb_00894,0.9994276911020279,TB
mendeley_tb_00895,0.9998919516801834,TB
mendeley_tb_00896,0.9984010756015778,TB
mendeley_tb_00897,0.999546691775322,TB
mendeley_tb_00898,0.8241516649723053,TB
mendeley_tb_00899,0.954773798584938,TB
mendeley_tb_00900,0.9969290345907211,TB
mendeley_tb_00901,0.9985671639442444,TB
mendeley_tb_00902,0.9999557733535767,TB
mendeley_tb_00903,0.9635947793722153,TB
mendeley_tb_00904,0.9961117506027222,TB
mendeley_tb_00905,0.9811989367008209,TB
mendeley_tb_00906,0.8956824988126755,TB
mendeley_tb_00907,0.9957892298698425,TB
mendeley_tb_00908,0.9946852922439575,TB
mendeley_tb_00909,0.9976330548524857,TB
mendeley_tb_00910,0.9998233020305634,TB
mendeley_tb_00911,0.9994409531354904,TB
mendeley_tb_00912,0.9988242536783218,TB
mendeley_tb_00913,0.9993983954191208,TB
mendeley_tb_00914,0.9998309016227722,TB
mendeley_tb_00915,0.9984420537948608,TB
mendeley_tb_00916,0.999421089887619,TB
mendeley_tb_00917,0.9843511581420898,TB
mendeley_tb_00918,0.9684453010559082,TB
mendeley_tb_00919,0.9998029172420502,TB
mendeley_tb_00920,0.9998479038476944,TB
mendeley_tb_00921,0.9998649060726166,TB
mendeley_tb_00922,0.997083842754364,TB
mendeley_tb_00923,0.9991702437400818,TB
mendeley_tb_00924,0.9999179393053055,TB
mendeley_tb_00925,0.9998613148927689,TB
mendeley_tb_00926,0.9968550205230713,TB
mendeley_tb_00927,0.9992261528968811,TB
mendeley_tb_00928,0.9997634142637253,TB
mendeley_tb_00929,0.9952002614736557,TB
mendeley_tb_00930,0.9947781562805176,TB
mendeley_tb_00931,0.9986579865217209,TB
mendeley_tb_00932,0.994989886879921,TB
mendeley_tb_00933,0.9984143823385239,TB
mendeley_tb_00934,0.9995426088571548,TB
mendeley_tb_00935,0.9724308848381042,TB
mendeley_tb_00936,0.9897392690181732,TB
mendeley_tb_00937,0.9994410425424576,TB
mendeley_tb_00938,0.9941683709621429,TB
mendeley_tb_00939,0.9999454021453857,TB
mendeley_tb_00940,0.9998099356889725,TB
mendeley_tb_00941,0.9971010535955429,TB
mendeley_tb_00942,0.9919325560331345,TB
mendeley_tb_00943,0.9995206445455551,TB
mendeley_tb_00944,0.9999382495880127,TB
mendeley_tb_00945,0.9998553395271301,TB
mendeley_tb_00946,0.9994972944259644,TB
mendeley_tb_00947,0.9997485280036926,TB
mendeley_tb_00948,0.9965565055608749,TB
mendeley_tb_00949,0.9998413622379303,TB
mendeley_tb_00950,0.9998391717672348,TB
mendeley_tb_00951,0.999005988240242,TB
mendeley_tb_00952,0.9997773170471191,TB
mendeley_tb_00953,0.7508850395679474,TB
mendeley_tb_00954,0.47807978838682175,Normal
mendeley_tb_00955,0.9740293473005295,TB
mendeley_tb_00956,0.9977073818445206,TB
mendeley_tb_00957,0.9998610317707062,TB
mendeley_tb_00958,0.9973842650651932,TB
mendeley_tb_00959,0.9999115616083145,TB
mendeley_tb_00960,0.9998875707387924,TB
mendeley_tb_00961,0.8524218648672104,TB
mendeley_tb_00962,0.9989868849515915,TB
mendeley_tb_00963,0.9978235512971878,TB
mendeley_tb_00964,0.9958914816379547,TB
mendeley_tb_00965,0.999814972281456,TB
mendeley_tb_00966,0.9999503195285797,TB
mendeley_tb_00967,0.9997968822717667,TB
mendeley_tb_00968,0.9941453039646149,TB
mendeley_tb_00969,0.9997717291116714,TB
mendeley_tb_00970,0.9993121474981308,TB
mendeley_tb_00971,0.46317374845966697,Normal
mendeley_tb_00972,0.9998040795326233,TB
mendeley_tb_00973,0.9247809201478958,TB
mendeley_tb_00974,0.9994723200798035,TB
mendeley_tb_00975,0.9994590282440186,TB
mendeley_tb_00976,0.9994605034589767,TB
mendeley_tb_00977,0.9998897165060043,TB
mendeley_tb_00978,0.9993249326944351,TB
mendeley_tb_00979,0.9991905838251114,TB
mendeley_tb_00980,0.7783892750740051,TB
mendeley_tb_00981,0.9991587400436401,TB
mendeley_tb_00982,0.9999256134033203,TB
mendeley_tb_00983,0.8955182880163193,TB
mendeley_tb_00984,0.999728336930275,TB
mendeley_tb_00985,0.9994020909070969,TB
mendeley_tb_00986,0.9773846566677094,TB
mendeley_tb_00987,0.9997813552618027,TB
mendeley_tb_00988,0.8329516649246216,TB
mendeley_tb_00989,0.9996965527534485,TB
mendeley_tb_00990,0.9985667020082474,TB
mendeley_tb_00991,0.999159500002861,TB
mendeley_tb_00992,0.9980198740959167,TB
mendeley_tb_00993,0.9992948621511459,TB
mendeley_tb_00994,0.9990270286798477,TB
mendeley_tb_00995,0.9989215284585953,TB
mendeley_tb_00996,0.999538853764534,TB
mendeley_tb_00997,0.9997762590646744,TB
mendeley_tb_00998,0.9998466521501541,TB
mendeley_tb_00999,0.9994334727525711,TB
mendeley_tb_01000,0.986026793718338,TB
mendeley_tb_01001,0.9893946349620819,TB
mendeley_tb_01002,0.9998392015695572,TB
mendeley_tb_01003,0.9987690597772598,TB
mendeley_tb_01004,0.999571368098259,TB
mendeley_tb_01005,0.9983946979045868,TB
mendeley_tb_01006,0.9998886436223984,TB
mendeley_tb_01007,0.9996898323297501,TB
mendeley_tb_01008,0.999483659863472,TB
mendeley_tb_01009,0.9912165403366089,TB
mendeley_tb_01010,0.9990120381116867,TB
mendeley_tb_01011,0.9998174905776978,TB
mendeley_tb_01012,0.9999328851699829,TB
mendeley_tb_01013,0.9894968569278717,TB
mendeley_tb_01014,0.9998672902584076,TB
mendeley_tb_01015,0.9998916536569595,TB
mendeley_tb_01016,0.9996107667684555,TB
mendeley_tb_01017,0.9972262233495712,TB
mendeley_tb_01018,0.9984634071588516,TB
mendeley_tb_01019,0.9993848651647568,TB
mendeley_tb_01020,0.9998590052127838,TB
mendeley_tb_01021,0.9801490008831024,TB
mendeley_tb_01022,0.9972971230745316,TB
mendeley_tb_01023,0.982638418674469,TB
mendeley_tb_01024,0.999855101108551,TB
mendeley_tb_01025,0.9974334239959717,TB
mendeley_tb_01026,0.9995920360088348,TB
mendeley_tb_01027,0.8944139778614044,TB
mendeley_tb_01028,0.9993936121463776,TB
mendeley_tb_01029,0.9402698576450348,TB
mendeley_tb_01030,0.9999620914459229,TB
mendeley_tb_01031,0.9998161643743515,TB
mendeley_tb_01032,0.9998814016580582,TB
mendeley_tb_01033,0.9999216198921204,TB
mendeley_tb_01034,0.999794065952301,TB
mendeley_tb_01035,0.8787295371294022,TB
mendeley_tb_01036,0.9974403381347656,TB
mendeley_tb_01037,0.9997093677520752,TB
mendeley_tb_01038,0.9996996968984604,TB
mendeley_tb_01039,0.999798983335495,TB
mendeley_tb_01040,0.9460451304912567,TB
mendeley_tb_01041,0.9999273419380188,TB
mendeley_tb_01042,0.9997971057891846,TB
mendeley_tb_01043,0.9996615499258041,TB
mendeley_tb_01044,0.999718427658081,TB
mendeley_tb_01045,0.9954426437616348,TB
mendeley_tb_01046,0.9626106768846512,TB
mendeley_tb_01047,0.999886617064476,TB
mendeley_tb_01048,0.9999327957630157,TB
mendeley_tb_01049,0.9987216591835022,TB
mendeley_tb_01050,0.9996788054704666,TB
mendeley_tb_01051,0.9982360005378723,TB
mendeley_tb_01052,0.9995040148496628,TB
mendeley_tb_01053,0.999735563993454,TB
mendeley_tb_01054,0.9993015974760056,TB
mendeley_tb_01055,0.9998648315668106,TB
mendeley_tb_01056,0.9997555762529373,TB
mendeley_tb_01057,0.8707295656204224,TB
mendeley_tb_01058,0.9999237507581711,TB
mendeley_tb_01059,0.9997388869524002,TB
mendeley_tb_01060,0.9989047348499298,TB
mendeley_tb_01061,0.9996547698974609,TB
mendeley_tb_01062,0.9995052963495255,TB
mendeley_tb_01063,0.9999102205038071,TB
mendeley_tb_01064,0.9999765455722809,TB
mendeley_tb_01065,0.9996985495090485,TB
mendeley_tb_01066,0.9998719841241837,TB
mendeley_tb_01067,0.9998712688684464,TB
mendeley_tb_01068,0.9960603266954422,TB
mendeley_tb_01069,0.999741941690445,TB
mendeley_tb_01070,0.999868854880333,TB
mendeley_tb_01071,0.9983821511268616,TB
mendeley_tb_01072,0.9818578213453293,TB
mendeley_tb_01073,0.9933536201715469,TB
mendeley_tb_01074,0.9997183233499527,TB
mendeley_tb_01075,0.9994818419218063,TB
mendeley_tb_01076,0.9990784674882889,TB
mendeley_tb_01077,0.9987738877534866,TB
mendeley_tb_01078,0.9998189806938171,TB
mendeley_tb_01079,0.9997625201940536,TB
mendeley_tb_01080,0.9422841817140579,TB
mendeley_tb_01081,0.9979163706302643,TB
mendeley_tb_01082,0.9997567683458328,TB
mendeley_tb_01083,0.9993341118097305,TB
mendeley_tb_01084,0.9990246295928955,TB
mendeley_tb_01085,0.9995407909154892,TB
mendeley_tb_01086,0.9917093813419342,TB
mendeley_tb_01087,0.9956236779689789,TB
mendeley_tb_01088,0.9995302110910416,TB
mendeley_tb_01089,0.9835286438465118,TB
mendeley_tb_01090,0.9991377890110016,TB
mendeley_tb_01091,0.9966578036546707,TB
mendeley_tb_01092,0.9971954077482224,TB
mendeley_tb_01093,0.9964359104633331,TB
mendeley_tb_01094,0.9984034150838852,TB
mendeley_tb_01095,0.999542698264122,TB
mendeley_tb_01096,0.9998520910739899,TB
mendeley_tb_01097,0.9997155666351318,TB
mendeley_tb_01098,0.899342343211174,TB
mendeley_tb_01099,0.9997033923864365,TB
mendeley_tb_01100,0.9983770847320557,TB
mendeley_tb_01101,0.9963234215974808,TB
mendeley_tb_01102,0.7651219815015793,TB
mendeley_tb_01103,0.9988941848278046,TB
mendeley_tb_01104,0.9999379217624664,TB
mendeley_tb_01105,0.9993285238742828,TB
mendeley_tb_01106,0.9903523325920105,TB
mendeley_tb_01107,0.9998415410518646,TB
mendeley_tb_01108,0.999652087688446,TB
mendeley_tb_01109,0.9999191910028458,TB
mendeley_tb_01110,0.999881848692894,TB
mendeley_tb_01111,0.9988727122545242,TB
mendeley_tb_01112,0.9994210004806519,TB
mendeley_tb_01113,0.9995136111974716,TB
mendeley_tb_01114,0.9991350322961807,TB
mendeley_tb_01115,0.9998036473989487,TB
mendeley_tb_01116,0.9996718466281891,TB
mendeley_tb_01117,0.9997878074645996,TB
mendeley_tb_01118,0.9983552396297455,TB
mendeley_tb_01119,0.9999252408742905,TB
mendeley_tb_01120,0.9999641478061676,TB
mendeley_tb_01121,0.9966658651828766,TB
mendeley_tb_01122,0.9018711149692535,TB
mendeley_tb_01123,0.3900170950219035,Normal
mendeley_tb_01124,0.9976291656494141,TB
mendeley_tb_01125,0.9997982829809189,TB
mendeley_tb_01126,0.9992939382791519,TB
mendeley_tb_01127,0.9742377549409866,TB
mendeley_tb_01128,0.9997986704111099,TB
mendeley_tb_01129,0.782148964703083,TB
mendeley_tb_01130,0.9701340347528458,TB
mendeley_tb_01131,0.9984031021595001,TB
mendeley_tb_01132,0.9998528212308884,TB
mendeley_tb_01133,0.9999259859323502,TB
mendeley_tb_01134,0.9999152272939682,TB
mendeley_tb_01135,0.9856465458869934,TB
mendeley_tb_01136,0.9997545778751373,TB
mendeley_tb_01137,0.9990954101085663,TB
mendeley_tb_01138,0.9975511431694031,TB
mendeley_tb_01139,0.9964405000209808,TB
mendeley_tb_01140,0.9995189607143402,TB
mendeley_tb_01141,0.9998874515295029,TB
mendeley_tb_01142,0.9988602995872498,TB
mendeley_tb_01143,0.9995969980955124,TB
mendeley_tb_01144,0.9991635084152222,TB
mendeley_tb_01145,0.9402881264686584,TB
mendeley_tb_01146,0.9333765655755997,TB
mendeley_tb_01147,0.9975725561380386,TB
mendeley_tb_01148,0.9978284537792206,TB
mendeley_tb_01149,0.9997657239437103,TB
mendeley_tb_01150,0.9999504685401917,TB
mendeley_tb_01151,0.9992716163396835,TB
mendeley_tb_01152,0.998502179980278,TB
mendeley_tb_01153,0.9994550198316574,TB
mendeley_tb_01154,0.9998922497034073,TB
mendeley_tb_01155,0.9118511527776718,TB
mendeley_tb_01156,0.9997349232435226,TB
mendeley_tb_01157,0.9999527931213379,TB
mendeley_tb_01158,0.9997867494821548,TB
mendeley_tb_01159,0.9989431202411652,TB
mendeley_tb_01160,0.9824483394622803,TB
mendeley_tb_01161,0.9744575917720795,TB
mendeley_tb_01162,0.9991563111543655,TB
mendeley_tb_01163,0.999562993645668,TB
mendeley_tb_01164,0.9996232837438583,TB
mendeley_tb_01165,0.9999449849128723,TB
mendeley_tb_01166,0.9998669624328613,TB
mendeley_tb_01167,0.9997368156909943,TB
mendeley_tb_01168,0.9995081871747971,TB
mendeley_tb_01169,0.9992133677005768,TB
mendeley_tb_01170,0.9988916516304016,TB
mendeley_tb_01171,0.9999004006385803,TB
mendeley_tb_01172,0.9886306971311569,TB
mendeley_tb_01173,0.9793928414583206,TB
mendeley_tb_01174,0.9996848553419113,TB
mendeley_tb_01175,0.9998184591531754,TB
mendeley_tb_01176,0.9992586821317673,TB
mendeley_tb_01177,0.9955185055732727,TB
mendeley_tb_01178,0.9993397742509842,TB
mendeley_tb_01179,0.9991874843835831,TB
mendeley_tb_01180,0.9997971951961517,TB
mendeley_tb_01181,0.9992913603782654,TB
mendeley_tb_01182,0.9998687654733658,TB
mendeley_tb_01183,0.9983887076377869,TB
mendeley_tb_01184,0.8789471536874771,TB
mendeley_tb_01185,0.9997726380825043,TB
mendeley_tb_01186,0.9987676441669464,TB
mendeley_tb_01187,0.9589544981718063,TB
mendeley_tb_01188,0.9988564252853394,TB
mendeley_tb_01189,0.9837441146373749,TB
mendeley_tb_01190,0.9996614456176758,TB
mendeley_tb_01191,0.999811440706253,TB
mendeley_tb_01192,0.9996854662895203,TB
mendeley_tb_01193,0.9998449236154556,TB
mendeley_tb_01194,0.981043130159378,TB
mendeley_tb_01195,0.9987203776836395,TB
mendeley_tb_01196,0.9985044151544571,TB
mendeley_tb_01197,0.9998755156993866,TB
mendeley_tb_01198,0.9998094290494919,TB
mendeley_tb_01199,0.9994294196367264,TB
mendeley_tb_01200,0.999165415763855,TB
mendeley_tb_01201,0.9998871237039566,TB
mendeley_tb_01202,0.972743034362793,TB
mendeley_tb_01203,0.9979175180196762,TB
mendeley_tb_01204,0.9986195266246796,TB
mendeley_tb_01205,0.9992427080869675,TB
mendeley_tb_01206,0.9998933225870132,TB
mendeley_tb_01207,0.9997915625572205,TB
mendeley_tb_01208,0.9991802722215652,TB
mendeley_tb_01209,0.9994138181209564,TB
mendeley_tb_01210,0.9994667321443558,TB
mendeley_tb_01211,0.9944337010383606,TB
mendeley_tb_01212,0.9984186142683029,TB
mendeley_tb_01213,0.9979248642921448,TB
mendeley_tb_01214,0.9996581077575684,TB
mendeley_tb_01215,0.9997626096010208,TB
mendeley_tb_01216,0.9972463995218277,TB
mendeley_tb_01217,0.9996137320995331,TB
mendeley_tb_01218,0.999731183052063,TB
mendeley_tb_01219,0.9996839314699173,TB
mendeley_tb_01220,0.9993525743484497,TB
mendeley_tb_01221,0.9996638149023056,TB
mendeley_tb_01222,0.9998982101678848,TB
mendeley_tb_01223,0.9768368899822235,TB
mendeley_tb_01224,0.9996841549873352,TB
mendeley_tb_01225,0.9998955279588699,TB
mendeley_tb_01226,0.9968344569206238,TB
mendeley_tb_01227,0.9995532631874084,TB
mendeley_tb_01228,0.9982756227254868,TB
mendeley_tb_01229,0.9998781532049179,TB
mendeley_tb_01230,0.9994184821844101,TB
mendeley_tb_01231,0.9998064935207367,TB
mendeley_tb_01232,0.999742716550827,TB
mendeley_tb_01233,0.9815499186515808,TB
mendeley_tb_01234,0.9995680451393127,TB
mendeley_tb_01235,0.9995981156826019,TB
mendeley_tb_01236,0.9998778849840164,TB
mendeley_tb_01237,0.9997358322143555,TB
mendeley_tb_01238,0.9994146227836609,TB
mendeley_tb_01239,0.9997696429491043,TB
mendeley_tb_01240,0.9995476603507996,TB
mendeley_tb_01241,0.9998858869075775,TB
mendeley_tb_01242,0.9996534436941147,TB
mendeley_tb_01243,0.9734506011009216,TB
mendeley_tb_01244,0.9990590512752533,TB
mendeley_tb_01245,0.999640092253685,TB
mendeley_tb_01246,0.9957746714353561,TB
mendeley_tb_01247,0.9999588429927826,TB
mendeley_tb_01248,0.30629718786804006,Normal
mendeley_tb_01249,0.9999512732028961,TB
mendeley_tb_01250,0.9730696976184845,TB
mendeley_tb_01251,0.9998341053724289,TB
mendeley_tb_01252,0.9998572915792465,TB
mendeley_tb_01253,0.9980048537254333,TB
mendeley_tb_01254,0.9999422430992126,TB
mendeley_tb_01255,0.9943649172782898,TB
mendeley_tb_01256,0.9996357709169388,TB
mendeley_tb_01257,0.9998130202293396,TB
mendeley_tb_01258,0.9998279958963394,TB
mendeley_tb_01259,0.9996256977319717,TB
mendeley_tb_01260,0.9844107776880264,TB
mendeley_tb_01261,0.99991275370121,TB
mendeley_tb_01262,0.9998081028461456,TB
mendeley_tb_01263,0.9977864921092987,TB
mendeley_tb_01264,0.9979018568992615,TB
mendeley_tb_01265,0.9998108744621277,TB
mendeley_tb_01266,0.9926981180906296,TB
mendeley_tb_01267,0.9986727684736252,TB
mendeley_tb_01268,0.9999134093523026,TB
mendeley_tb_01269,0.9998888522386551,TB
mendeley_tb_01270,0.999858170747757,TB
mendeley_tb_01271,0.999474361538887,TB
mendeley_tb_01272,0.9924163818359375,TB
mendeley_tb_01273,0.9994299411773682,TB
mendeley_tb_01274,0.9997948557138443,TB
mendeley_tb_01275,0.9997791796922684,TB
mendeley_tb_01276,0.9999049156904221,TB
mendeley_tb_01277,0.9997580647468567,TB
mendeley_tb_01278,0.9994633793830872,TB
mendeley_tb_01279,0.9999142736196518,TB
mendeley_tb_01280,0.9999102354049683,TB
mendeley_tb_01281,0.9987035244703293,TB
mendeley_tb_01282,0.9995228350162506,TB
mendeley_tb_01283,0.9986801743507385,TB
mendeley_tb_01284,0.9039650559425354,TB
mendeley_tb_01285,0.9970410466194153,TB
mendeley_tb_01286,0.9997980892658234,TB
mendeley_tb_01287,0.9781348407268524,TB
mendeley_tb_01288,0.9997758269309998,TB
mendeley_tb_01289,0.9998601973056793,TB
mendeley_tb_01290,0.9991317838430405,TB
mendeley_tb_01291,0.9974337220191956,TB
mendeley_tb_01292,0.6766898073256016,TB
mendeley_tb_01293,0.7070597968995571,TB
mendeley_tb_01294,0.918014645576477,TB
mendeley_tb_01295,0.4715443141758442,Normal
mendeley_tb_01296,0.9987830817699432,TB
mendeley_tb_01297,0.9993449151515961,TB
mendeley_tb_01298,0.99980229139328,TB
mendeley_tb_01299,0.9978224635124207,TB
mendeley_tb_01300,0.999073788523674,TB
mendeley_tb_01301,0.9998273998498917,TB
mendeley_tb_01302,0.975216343998909,TB
mendeley_tb_01303,0.9998598396778107,TB
mendeley_tb_01304,0.9999274909496307,TB
mendeley_tb_01305,0.9993063807487488,TB
mendeley_tb_01306,0.9997654408216476,TB
mendeley_tb_01307,0.9968480467796326,TB
mendeley_tb_01308,0.9998821169137955,TB
mendeley_tb_01309,0.99991175532341,TB
mendeley_tb_01310,0.999836191534996,TB
mendeley_tb_01311,0.9969622641801834,TB
mendeley_tb_01312,0.9999172240495682,TB
mendeley_tb_01313,0.9998745620250702,TB
mendeley_tb_01314,0.9998807162046432,TB
mendeley_tb_01315,0.9992363154888153,TB
mendeley_tb_01316,0.9994811415672302,TB
mendeley_tb_01317,0.993537187576294,TB
mendeley_tb_01318,0.999619260430336,TB
mendeley_tb_01319,0.9985902011394501,TB
mendeley_tb_01320,0.9999360889196396,TB
mendeley_tb_01321,0.9999144673347473,TB
mendeley_tb_01322,0.9992028474807739,TB
mendeley_tb_01323,0.9996011704206467,TB
mendeley_tb_01324,0.9998835623264313,TB
mendeley_tb_01325,0.9974623173475266,TB
mendeley_tb_01326,0.9999534785747528,TB
mendeley_tb_01327,0.9993268102407455,TB
mendeley_tb_01328,0.9998655170202255,TB
mendeley_tb_01329,0.8518927246332169,TB
mendeley_tb_01330,0.9972741454839706,TB
mendeley_tb_01331,0.9999040961265564,TB
mendeley_tb_01332,0.9998608380556107,TB
mendeley_tb_01333,0.9994086474180222,TB
mendeley_tb_01334,0.998397707939148,TB
mendeley_tb_01335,0.916615828871727,TB
mendeley_tb_01336,0.9998530000448227,TB
mendeley_tb_01337,0.9995762258768082,TB
mendeley_tb_01338,0.9993468075990677,TB
mendeley_tb_01339,0.9983467012643814,TB
mendeley_tb_01340,0.9999339133501053,TB
mendeley_tb_01341,0.9972509294748306,TB
mendeley_tb_01342,0.9991955161094666,TB
mendeley_tb_01343,0.9996107369661331,TB
mendeley_tb_01344,0.9998908787965775,TB
mendeley_tb_01345,0.999723419547081,TB
mendeley_tb_01346,0.999638020992279,TB
mendeley_tb_01347,0.9998005926609039,TB
mendeley_tb_01348,0.9990516155958176,TB
mendeley_tb_01349,0.9983047395944595,TB
mendeley_tb_01350,0.9996304363012314,TB
mendeley_tb_01351,0.9999323040246964,TB
mendeley_tb_01352,0.9413188993930817,TB
mendeley_tb_01353,0.9997052997350693,TB
mendeley_tb_01354,0.9983770549297333,TB
mendeley_tb_01355,0.9998861253261566,TB
mendeley_tb_01356,0.9996875673532486,TB
mendeley_tb_01357,0.999434158205986,TB
mendeley_tb_01358,0.9978055357933044,TB
mendeley_tb_01359,0.9918980151414871,TB
mendeley_tb_01360,0.9998166710138321,TB
mendeley_tb_01361,0.9997255802154541,TB
mendeley_tb_01362,0.999565839767456,TB
mendeley_tb_01363,0.9998625218868256,TB
mendeley_tb_01364,0.9999599158763885,TB
mendeley_tb_01365,0.9999279528856277,TB
mendeley_tb_01366,0.999913677573204,TB
mendeley_tb_01367,0.991804376244545,TB
mendeley_tb_01368,0.9893567562103271,TB
mendeley_tb_01369,0.9999533593654633,TB
mendeley_tb_01370,0.7785395234823227,TB
mendeley_tb_01371,0.9628715366125107,TB
mendeley_tb_01372,0.9991912245750427,TB
mendeley_tb_01373,0.9997283667325974,TB
mendeley_tb_01374,0.9998091608285904,TB
mendeley_tb_01375,0.9998230338096619,TB
mendeley_tb_01376,0.9997176826000214,TB
mendeley_tb_01377,0.999800980091095,TB
mendeley_tb_01378,0.9989048838615417,TB
mendeley_tb_01379,0.9995079785585403,TB
mendeley_tb_01380,0.9983245581388474,TB
mendeley_tb_01381,0.9940467476844788,TB
mendeley_tb_01382,0.9998867064714432,TB
mendeley_tb_01383,0.9202434718608856,TB
mendeley_tb_01384,0.9360611438751221,TB
mendeley_tb_01385,0.9998141825199127,TB
mendeley_tb_01386,0.9998985826969147,TB
mendeley_tb_01387,0.9999123066663742,TB
mendeley_tb_01388,0.9987201690673828,TB
mendeley_tb_01389,0.9997965693473816,TB
mendeley_tb_01390,0.9941821545362473,TB
mendeley_tb_01391,0.9926933795213699,TB
mendeley_tb_01392,0.999290332198143,TB
mendeley_tb_01393,0.9997978955507278,TB
mendeley_tb_01394,0.9996510446071625,TB
mendeley_tb_01395,0.9994116574525833,TB
mendeley_tb_01396,0.974588617682457,TB
mendeley_tb_01397,0.9998448938131332,TB
mendeley_tb_01398,0.9841244369745255,TB
mendeley_tb_01399,0.9991360753774643,TB
mendeley_tb_01400,0.9999011307954788,TB
mendeley_tb_01401,0.999880462884903,TB
mendeley_tb_01402,0.9994928538799286,TB
mendeley_tb_01403,0.9971806108951569,TB
mendeley_tb_01404,0.9973006993532181,TB
mendeley_tb_01405,0.999757781624794,TB
mendeley_tb_01406,0.9996684342622757,TB
mendeley_tb_01407,0.9224033802747726,TB
mendeley_tb_01408,0.9998845010995865,TB
mendeley_tb_01409,0.998882070183754,TB
mendeley_tb_01410,0.9988278299570084,TB
mendeley_tb_01411,0.9974130988121033,TB
mendeley_tb_01412,0.9846511483192444,TB
mendeley_tb_01413,0.979455828666687,TB
mendeley_tb_01414,0.9998855143785477,TB
mendeley_tb_01415,0.8917576223611832,TB
mendeley_tb_01416,0.999628558754921,TB
mendeley_tb_01417,0.9979660511016846,TB
mendeley_tb_01418,0.6154509801417589,TB
mendeley_tb_01419,0.7047742791473866,TB
mendeley_tb_01420,0.9398665279150009,TB
mendeley_tb_01421,0.9997755289077759,TB
mendeley_tb_01422,0.9939057230949402,TB
mendeley_tb_01423,0.9999460279941559,TB
mendeley_tb_01424,0.9998149126768112,TB
mendeley_tb_01425,0.9996857941150665,TB
mendeley_tb_01426,0.9995580762624741,TB
mendeley_tb_01427,0.9998027682304382,TB
mendeley_tb_01428,0.9993655681610107,TB
mendeley_tb_01429,0.9893504977226257,TB
mendeley_tb_01430,0.9921672940254211,TB
mendeley_tb_01431,0.9998935610055923,TB
mendeley_tb_01432,0.9978197365999222,TB
mendeley_tb_01433,0.9898293018341064,TB
mendeley_tb_01434,0.9999643862247467,TB
mendeley_tb_01435,0.8782433271408081,TB
mendeley_tb_01436,0.9998033046722412,TB
mendeley_tb_01437,0.9995423853397369,TB
mendeley_tb_01438,0.9974112510681152,TB
mendeley_tb_01439,0.9985118806362152,TB
mendeley_tb_01440,0.9997773617506027,TB
mendeley_tb_01441,0.9990096688270569,TB
mendeley_tb_01442,0.9998490512371063,TB
mendeley_tb_01443,0.9996556043624878,TB
mendeley_tb_01444,0.9999412000179291,TB
mendeley_tb_01445,0.9964650869369507,TB
mendeley_tb_01446,0.9995137155056,TB
mendeley_tb_01447,0.9915098994970322,TB
mendeley_tb_01448,0.9996501803398132,TB
mendeley_tb_01449,0.9998398125171661,TB
mendeley_tb_01450,0.9997880309820175,TB
mendeley_tb_01451,0.9997278600931168,TB
mendeley_tb_01452,0.9994295835494995,TB
mendeley_tb_01453,0.9991110861301422,TB
mendeley_tb_01454,0.999765932559967,TB
mendeley_tb_01455,0.9999047964811325,TB
mendeley_tb_01456,0.9999033659696579,TB
mendeley_tb_01457,0.9996900260448456,TB
mendeley_tb_01458,0.9947017580270767,TB
mendeley_tb_01459,0.999956339597702,TB
mendeley_tb_01460,0.9963667839765549,TB
mendeley_tb_01461,0.9930823743343353,TB
mendeley_tb_01462,0.9996864199638367,TB
mendeley_tb_01463,0.9992870986461639,TB
mendeley_tb_01464,0.9999640583992004,TB
mendeley_tb_01465,0.9996892511844635,TB
mendeley_tb_01466,0.9985359013080597,TB
mendeley_tb_01467,0.9998408704996109,TB
mendeley_tb_01468,0.9965975731611252,TB
mendeley_tb_01469,0.9996809512376785,TB
mendeley_tb_01470,0.9997974038124084,TB
mendeley_tb_01471,0.9999080151319504,TB
mendeley_tb_01472,0.9995041638612747,TB
mendeley_tb_01473,0.9997048377990723,TB
mendeley_tb_01474,0.9998006373643875,TB
mendeley_tb_01475,0.9998070597648621,TB
mendeley_tb_01476,0.999698743224144,TB
mendeley_tb_01477,0.9995087534189224,TB
mendeley_tb_01478,0.9861048758029938,TB
mendeley_tb_01479,0.999873086810112,TB
mendeley_tb_01480,0.9998402893543243,TB
mendeley_tb_01481,0.9956716150045395,TB
mendeley_tb_01482,0.9994766116142273,TB
mendeley_tb_01483,0.9985306710004807,TB
mendeley_tb_01484,0.991853192448616,TB
mendeley_tb_01485,0.9975595474243164,TB
mendeley_tb_01486,0.9997050315141678,TB
mendeley_tb_01487,0.9972746074199677,TB
mendeley_tb_01488,0.9995747059583664,TB
mendeley_tb_01489,0.9998541474342346,TB
mendeley_tb_01490,0.9974208921194077,TB
mendeley_tb_01491,0.9460162818431854,TB
mendeley_tb_01492,0.9994106441736221,TB
mendeley_tb_01493,0.9998038858175278,TB
mendeley_tb_01494,0.9996697306632996,TB
mendeley_tb_01495,0.9654021710157394,TB
mendeley_tb_01496,0.9995872378349304,TB
mendeley_tb_01497,0.9994527399539948,TB
mendeley_tb_01498,0.4547479538596235,Normal
mendeley_tb_01499,0.9928633719682693,TB
mendeley_tb_01500,0.9998746514320374,TB
mendeley_tb_01501,0.9997515231370926,TB
mendeley_tb_01502,0.9998452067375183,TB
mendeley_tb_01503,0.9755192399024963,TB
mendeley_tb_01504,0.9998244643211365,TB
mendeley_tb_01505,0.9997033625841141,TB
mendeley_tb_01506,0.9997932463884354,TB
mendeley_tb_01507,0.9998437315225601,TB
mendeley_tb_01508,0.9994194209575653,TB
mendeley_tb_01509,0.9999373853206635,TB
mendeley_tb_01510,0.9995177388191223,TB
mendeley_tb_01511,0.9743601232767105,TB
mendeley_tb_01512,0.9997947365045547,TB
mendeley_tb_01513,0.9991213381290436,TB
mendeley_tb_01514,0.9991428256034851,TB
mendeley_tb_01515,0.9993406385183334,TB
mendeley_tb_01516,0.9896746277809143,TB
mendeley_tb_01517,0.999904990196228,TB
mendeley_tb_01518,0.9997483044862747,TB
mendeley_tb_01519,0.9995640963315964,TB
mendeley_tb_01520,0.9986652880907059,TB
mendeley_tb_01521,0.9997379779815674,TB
mendeley_tb_01522,0.9993162006139755,TB
mendeley_tb_01523,0.9997164160013199,TB
mendeley_tb_01524,0.9998336136341095,TB
mendeley_tb_01525,0.971502885222435,TB
mendeley_tb_01526,0.9999483823776245,TB
mendeley_tb_01527,0.9988304376602173,TB
mendeley_tb_01528,0.9997964948415756,TB
mendeley_tb_01529,0.996724471449852,TB
mendeley_tb_01530,0.9936433285474777,TB
mendeley_tb_01531,0.9997832477092743,TB
mendeley_tb_01532,0.9832063168287277,TB
mendeley_tb_01533,0.9997663497924805,TB
mendeley_tb_01534,0.9999314546585083,TB
mendeley_tb_01535,0.9992386102676392,TB
mendeley_tb_01536,0.9700221866369247,TB
mendeley_tb_01537,0.9591915309429169,TB
mendeley_tb_01538,0.9998728930950165,TB
mendeley_tb_01539,0.9998592138290405,TB
mendeley_tb_01540,0.9999401271343231,TB
mendeley_tb_01541,0.9969238191843033,TB
mendeley_tb_01542,0.9934353083372116,TB
mendeley_tb_01543,0.8516926467418671,TB
mendeley_tb_01544,0.9996432065963745,TB
mendeley_tb_01545,0.8809880614280701,TB
mendeley_tb_01546,0.9998024106025696,TB
mendeley_tb_01547,0.9892042726278305,TB
mendeley_tb_01548,0.7706690281629562,TB
mendeley_tb_01549,0.9848069548606873,TB
mendeley_tb_01550,0.997978612780571,TB
mendeley_tb_01551,0.9996765851974487,TB
mendeley_tb_01552,0.9995756298303604,TB
mendeley_tb_01553,0.998619794845581,TB
mendeley_tb_01554,0.9998038411140442,TB
mendeley_tb_01555,0.9998590648174286,TB
mendeley_tb_01556,0.9999047219753265,TB
mendeley_tb_01557,0.9998107701539993,TB
mendeley_tb_01558,0.999751940369606,TB
mendeley_tb_01559,0.9997624158859253,TB
mendeley_tb_01560,0.9505966752767563,TB
mendeley_tb_01561,0.9996212869882584,TB
mendeley_tb_01562,0.9993024319410324,TB
mendeley_tb_01563,0.9998680055141449,TB
mendeley_tb_01564,0.9997241795063019,TB
mendeley_tb_01565,0.9998770207166672,TB
mendeley_tb_01566,0.9965058714151382,TB
mendeley_tb_01567,0.9998939782381058,TB
mendeley_tb_01568,0.9856715202331543,TB
mendeley_tb_01569,0.9998670965433121,TB
mendeley_tb_01570,0.9000594913959503,TB
mendeley_tb_01571,0.98575459420681,TB
mendeley_tb_01572,0.9988837987184525,TB
mendeley_tb_01573,0.5523700173944235,TB
mendeley_tb_01574,0.9995744526386261,TB
mendeley_tb_01575,0.9997235238552094,TB
mendeley_tb_01576,0.9889780879020691,TB
mendeley_tb_01577,0.9999581873416901,TB
mendeley_tb_01578,0.999512180685997,TB
mendeley_tb_01579,0.4958062553778291,Normal
mendeley_tb_01580,0.9997953474521637,TB
mendeley_tb_01581,0.9994538426399231,TB
mendeley_tb_01582,0.9998676180839539,TB
mendeley_tb_01583,0.9989583641290665,TB
mendeley_tb_01584,0.9997295886278152,TB
mendeley_tb_01585,0.9953274726867676,TB
mendeley_tb_01586,0.9989984333515167,TB
mendeley_tb_01587,0.6069443188607693,TB
mendeley_tb_01588,0.9993964582681656,TB
mendeley_tb_01589,0.9998323917388916,TB
mendeley_tb_01590,0.9988579452037811,TB
mendeley_tb_01591,0.996914803981781,TB
mendeley_tb_01592,0.833560436964035,TB
mendeley_tb_01593,0.9953250885009766,TB
mendeley_tb_01594,0.9997524172067642,TB
mendeley_tb_01595,0.9997727274894714,TB
mendeley_tb_01596,0.9999500811100006,TB
mendeley_tb_01597,0.9982951879501343,TB
mendeley_tb_01598,0.9675147235393524,TB
mendeley_tb_01599,0.9963597357273102,TB
mendeley_tb_01600,0.9920078665018082,TB
mendeley_tb_01601,0.9962528347969055,TB
mendeley_tb_01602,0.9998778402805328,TB
mendeley_tb_01603,0.9999034106731415,TB
mendeley_tb_01604,0.9997556805610657,TB
mendeley_tb_01605,0.9924228489398956,TB
mendeley_tb_01606,0.9998711347579956,TB
mendeley_tb_01607,0.9963630437850952,TB
mendeley_tb_01608,0.9994977563619614,TB
mendeley_tb_01609,0.9989945292472839,TB
mendeley_tb_01610,0.9962108582258224,TB
mendeley_tb_01611,0.9999339580535889,TB
mendeley_tb_01612,0.9997390657663345,TB
mendeley_tb_01613,0.999592050909996,TB
mendeley_tb_01614,0.990683302283287,TB
mendeley_tb_01615,0.998391181230545,TB
mendeley_tb_01616,0.9997250586748123,TB
mendeley_tb_01617,0.9985818564891815,TB
mendeley_tb_01618,0.9996771663427353,TB
mendeley_tb_01619,0.9554521292448044,TB
mendeley_tb_01620,0.9996171146631241,TB
mendeley_tb_01621,0.9998036324977875,TB
mendeley_tb_01622,0.9198946058750153,TB
mendeley_tb_01623,0.9990225732326508,TB
mendeley_tb_01624,0.99979268014431,TB
mendeley_tb_01625,0.9991209805011749,TB
mendeley_tb_01626,0.9996763914823532,TB
mendeley_tb_01627,0.9996556639671326,TB
mendeley_tb_01628,0.999539390206337,TB
mendeley_tb_01629,0.7560273297131062,TB
mendeley_tb_01630,0.9997538477182388,TB
mendeley_tb_01631,0.9886759668588638,TB
mendeley_tb_01632,0.998787134885788,TB
mendeley_tb_01633,0.9999452829360962,TB
mendeley_tb_01634,0.9990902990102768,TB
mendeley_tb_01635,0.9996083676815033,TB
mendeley_tb_01636,0.9971518814563751,TB
mendeley_tb_01637,0.9997759759426117,TB
mendeley_tb_01638,0.9973466396331787,TB
mendeley_tb_01639,0.9997082054615021,TB
mendeley_tb_01640,0.9999533891677856,TB
mendeley_tb_01641,0.9966831505298615,TB
mendeley_tb_01642,0.9998849183320999,TB
mendeley_tb_01643,0.9998122751712799,TB
mendeley_tb_01644,0.9994330555200577,TB
mendeley_tb_01645,0.6462137689813972,TB
mendeley_tb_01646,0.9998249709606171,TB
mendeley_tb_01647,0.8097316101193428,TB
mendeley_tb_01648,0.9998615086078644,TB
mendeley_tb_01649,0.9998605847358704,TB
mendeley_tb_01650,0.9999157041311264,TB
mendeley_tb_01651,0.998676598072052,TB
mendeley_tb_01652,0.9989998191595078,TB
mendeley_tb_01653,0.8187844306230545,TB
mendeley_tb_01654,0.9937322288751602,TB
mendeley_tb_01655,0.9996388554573059,TB
mendeley_tb_01656,0.9971237331628799,TB
mendeley_tb_01657,0.9996367990970612,TB
mendeley_tb_01658,0.9990177601575851,TB
mendeley_tb_01659,0.9963545948266983,TB
mendeley_tb_01660,0.9999029487371445,TB
mendeley_tb_01661,0.9999010115861893,TB
mendeley_tb_01662,0.9989096373319626,TB
mendeley_tb_01663,0.9998012334108353,TB
mendeley_tb_01664,0.9925452023744583,TB
mendeley_tb_01665,0.9946310967206955,TB
mendeley_tb_01666,0.9987511038780212,TB
mendeley_tb_01667,0.9997747391462326,TB
mendeley_tb_01668,0.999186784029007,TB
mendeley_tb_01669,0.9923980683088303,TB
mendeley_tb_01670,0.9978610426187515,TB
mendeley_tb_01671,0.9313729703426361,TB
mendeley_tb_01672,0.9340005367994308,TB
mendeley_tb_01673,0.9987020045518875,TB
mendeley_tb_01674,0.9977901428937912,TB
mendeley_tb_01675,0.9998598396778107,TB
mendeley_tb_01676,0.9988840818405151,TB
mendeley_tb_01677,0.999796599149704,TB
mendeley_tb_01678,0.9749515950679779,TB
mendeley_tb_01679,0.9920646399259567,TB
mendeley_tb_01680,0.9994152933359146,TB
mendeley_tb_01681,0.9931084513664246,TB
mendeley_tb_01682,0.9532718658447266,TB
mendeley_tb_01683,0.999881312251091,TB
mendeley_tb_01684,0.9968827366828918,TB
mendeley_tb_01685,0.9997293651103973,TB
mendeley_tb_01686,0.9996144771575928,TB
mendeley_tb_01687,0.991221621632576,TB
mendeley_tb_01688,0.9997623115777969,TB
mendeley_tb_01689,0.9998785704374313,TB
mendeley_tb_01690,0.995588943362236,TB
mendeley_tb_01691,0.9993544369935989,TB
mendeley_tb_01692,0.9996321499347687,TB
mendeley_tb_01693,0.9988692402839661,TB
mendeley_tb_01694,0.9991561472415924,TB
mendeley_tb_01695,0.9990485906600952,TB
mendeley_tb_01696,0.9953234940767288,TB
mendeley_tb_01697,0.9999477565288544,TB
mendeley_tb_01698,0.9778355211019516,TB
mendeley_tb_01699,0.9997328370809555,TB
mendeley_tb_01700,0.991913378238678,TB
mendeley_tb_01701,0.9994146376848221,TB
mendeley_tb_01702,0.9998871833086014,TB
mendeley_tb_01703,0.9498664885759354,TB
mendeley_tb_01704,0.9983803778886795,TB
mendeley_tb_01705,0.9994861632585526,TB
mendeley_tb_01706,0.9984100013971329,TB
mendeley_tb_01707,0.999882236123085,TB
mendeley_tb_01708,0.9998094886541367,TB
mendeley_tb_01709,0.9997123777866364,TB
mendeley_tb_01710,0.9973700791597366,TB
mendeley_tb_01711,0.9997936487197876,TB
mendeley_tb_01712,0.9999250024557114,TB
mendeley_tb_01713,0.9997006058692932,TB
mendeley_tb_01714,0.9997566640377045,TB
mendeley_tb_01715,0.9964021146297455,TB
mendeley_tb_01716,0.9975719749927521,TB
mendeley_tb_01717,0.9998479634523392,TB
mendeley_tb_01718,0.9968627095222473,TB
mendeley_tb_01719,0.9067451655864716,TB
mendeley_tb_01720,0.9936474114656448,TB
mendeley_tb_01721,0.9996948540210724,TB
mendeley_tb_01722,0.999924898147583,TB
mendeley_tb_01723,0.9998682886362076,TB
mendeley_tb_01724,0.9982203990221024,TB
mendeley_tb_01725,0.9995665550231934,TB
mendeley_tb_01726,0.9996415674686432,TB
mendeley_tb_01727,0.9994095712900162,TB
mendeley_tb_01728,0.9943103790283203,TB
mendeley_tb_01729,0.9989188462495804,TB
mendeley_tb_01730,0.9997553527355194,TB
mendeley_tb_01731,0.9887296408414841,TB
mendeley_tb_01732,0.8981712758541107,TB
mendeley_tb_01733,0.9169563353061676,TB
mendeley_tb_01734,0.9970669746398926,TB
mendeley_tb_01735,0.9999380707740784,TB
mendeley_tb_01736,0.9999536871910095,TB
mendeley_tb_01737,0.9888612031936646,TB
mendeley_tb_01738,0.9985982775688171,TB
mendeley_tb_01739,0.9999298453330994,TB
mendeley_tb_01740,0.9995533972978592,TB
mendeley_tb_01741,0.9996936470270157,TB
mendeley_tb_01742,0.9997953921556473,TB
mendeley_tb_01743,0.9975696206092834,TB
mendeley_tb_01744,0.9991103708744049,TB
mendeley_tb_01745,0.9770950227975845,TB
mendeley_tb_01746,0.9982378482818604,TB
mendeley_tb_01747,0.999622642993927,TB
mendeley_tb_01748,0.9996992349624634,TB
mendeley_tb_01749,0.9996975362300873,TB
mendeley_tb_01750,0.9816334396600723,TB
mendeley_tb_01751,0.9994739592075348,TB
mendeley_tb_01752,0.9998818337917328,TB
mendeley_tb_01753,0.9964475184679031,TB
mendeley_tb_01754,0.9978390783071518,TB
mendeley_tb_01755,0.999786913394928,TB
mendeley_tb_01756,0.9996684342622757,TB
mendeley_tb_01757,0.9998449981212616,TB
mendeley_tb_01758,0.9997616559267044,TB
mendeley_tb_01759,0.9809583127498627,TB
mendeley_tb_01760,0.9964045435190201,TB
mendeley_tb_01761,0.9995526373386383,TB
mendeley_tb_01762,0.9997682273387909,TB
mendeley_tb_01763,0.9998971074819565,TB
mendeley_tb_01764,0.9996947795152664,TB
mendeley_tb_01765,0.5867384546436369,TB
mendeley_tb_01766,0.9995466023683548,TB
mendeley_tb_01767,0.9205513000488281,TB
mendeley_tb_01768,0.9995251595973969,TB
mendeley_tb_01769,0.9996885806322098,TB
mendeley_tb_01770,0.9976139664649963,TB
mendeley_tb_01771,0.9999570250511169,TB
mendeley_tb_01772,0.9998662173748016,TB
mendeley_tb_01773,0.9991902559995651,TB
mendeley_tb_01774,0.9981540590524673,TB
mendeley_tb_01775,0.9996013045310974,TB
mendeley_tb_01776,0.9997588247060776,TB
mendeley_tb_01777,0.9998548030853271,TB
mendeley_tb_01778,0.999540701508522,TB
mendeley_tb_01779,0.9999621212482452,TB
mendeley_tb_01780,0.6999614760279655,TB
mendeley_tb_01781,0.9998326003551483,TB
mendeley_tb_01782,0.9999597370624542,TB
mendeley_tb_01783,0.9998541921377182,TB
mendeley_tb_01784,0.449322865344584,Normal
mendeley_tb_01785,0.9999209046363831,TB
mendeley_tb_01786,0.9961571544408798,TB
mendeley_tb_01787,0.9969746470451355,TB
mendeley_tb_01788,0.9997605085372925,TB
mendeley_tb_01789,0.9992113262414932,TB
mendeley_tb_01790,0.999859482049942,TB
mendeley_tb_01791,0.9996375143527985,TB
mendeley_tb_01792,0.9995448738336563,TB
mendeley_tb_01793,0.9885332733392715,TB
mendeley_tb_01794,0.998316302895546,TB
mendeley_tb_01795,0.994485467672348,TB
mendeley_tb_01796,0.9987747818231583,TB
mendeley_tb_01797,0.9977598488330841,TB
mendeley_tb_01798,0.9999630451202393,TB
mendeley_tb_01799,0.9999580979347229,TB
mendeley_tb_01800,0.9977460950613022,TB
mendeley_tb_01801,0.9005920588970184,TB
mendeley_tb_01802,0.9943480938673019,TB
mendeley_tb_01803,0.9980325847864151,TB
mendeley_tb_01804,0.9997605830430984,TB
mendeley_tb_01805,0.9552740454673767,TB
mendeley_tb_01806,0.9999044835567474,TB
mendeley_tb_01807,0.9982794672250748,TB
mendeley_tb_01808,0.9995788186788559,TB
mendeley_tb_01809,0.9999510049819946,TB
mendeley_tb_01810,0.9992886334657669,TB
mendeley_tb_01811,0.999809131026268,TB
mendeley_tb_01812,0.9997289925813675,TB
mendeley_tb_01813,0.999953955411911,TB
mendeley_tb_01814,0.9998692721128464,TB
mendeley_tb_01815,0.9984298199415207,TB
mendeley_tb_01816,0.9916914254426956,TB
mendeley_tb_01817,0.9998924285173416,TB
mendeley_tb_01818,0.9996856600046158,TB
mendeley_tb_01819,0.9604882150888443,TB
mendeley_tb_01820,0.999777689576149,TB
mendeley_tb_01821,0.9997456967830658,TB
mendeley_tb_01822,0.9997717142105103,TB
mendeley_tb_01823,0.9988656491041183,TB
mendeley_tb_01824,0.9837121516466141,TB
mendeley_tb_01825,0.9996497631072998,TB
mendeley_tb_01826,0.9996849745512009,TB
mendeley_tb_01827,0.9832707047462463,TB
mendeley_tb_01828,0.9993121922016144,TB
mendeley_tb_01829,0.9702739417552948,TB
mendeley_tb_01830,0.9992015957832336,TB
mendeley_tb_01831,0.9995854049921036,TB
mendeley_tb_01832,0.9994680285453796,TB
mendeley_tb_01833,0.999897763133049,TB
mendeley_tb_01834,0.9991282373666763,TB
mendeley_tb_01835,0.9931821823120117,TB
mendeley_tb_01836,0.9991344511508942,TB
mendeley_tb_01837,0.9984069615602493,TB
mendeley_tb_01838,0.9990366548299789,TB
mendeley_tb_01839,0.9999459087848663,TB
mendeley_tb_01840,0.9999417364597321,TB
mendeley_tb_01841,0.999844491481781,TB
mendeley_tb_01842,0.9998300820589066,TB
mendeley_tb_01843,0.99976547062397,TB
mendeley_tb_01844,0.9997652322053909,TB
mendeley_tb_01845,0.9999262541532516,TB
mendeley_tb_01846,0.9761533588171005,TB
mendeley_tb_01847,0.9998928159475327,TB
mendeley_tb_01848,0.999908909201622,TB
mendeley_tb_01849,0.9995884150266647,TB
mendeley_tb_01850,0.9959083944559097,TB
mendeley_tb_01851,0.9833281636238098,TB
mendeley_tb_01852,0.9892238229513168,TB
mendeley_tb_01853,0.5016222522244789,TB
mendeley_tb_01854,0.998723492026329,TB
mendeley_tb_01855,0.9990488737821579,TB
mendeley_tb_01856,0.9998676180839539,TB
mendeley_tb_01857,0.9999474287033081,TB
mendeley_tb_01858,0.9996918439865112,TB
mendeley_tb_01859,0.9996298551559448,TB
mendeley_tb_01860,0.9997570365667343,TB
mendeley_tb_01861,0.9894524812698364,TB
mendeley_tb_01862,0.9998068958520889,TB
mendeley_tb_01863,0.8426530659198761,TB
mendeley_tb_01864,0.9994281679391861,TB
mendeley_tb_01865,0.9986538141965866,TB
mendeley_tb_01866,0.9998455345630646,TB
mendeley_tb_01867,0.9968057125806808,TB
mendeley_tb_01868,0.9996320009231567,TB
mendeley_tb_01869,0.9990597069263458,TB
mendeley_tb_01870,0.918668583035469,TB
mendeley_tb_01871,0.5443204490002245,TB
mendeley_tb_01872,0.998744934797287,TB
mendeley_tb_01873,0.999102771282196,TB
mendeley_tb_01874,0.9998830556869507,TB
mendeley_tb_01875,0.9981074184179306,TB
mendeley_tb_01876,0.9979184716939926,TB
mendeley_tb_01877,0.9998306781053543,TB
mendeley_tb_01878,0.999663919210434,TB
mendeley_tb_01879,0.9996788799762726,TB
mendeley_tb_01880,0.9974373281002045,TB
mendeley_tb_01881,0.9995113909244537,TB
mendeley_tb_01882,0.9998918324708939,TB
mendeley_tb_01883,0.9994118064641953,TB
mendeley_tb_01884,0.9998335242271423,TB
mendeley_tb_01885,0.9999238848686218,TB
mendeley_tb_01886,0.9982193410396576,TB
mendeley_tb_01887,0.9193208813667297,TB
mendeley_tb_01888,0.999927282333374,TB
mendeley_tb_01889,0.999888688325882,TB
mendeley_tb_01890,0.9179514795541763,TB
mendeley_tb_01891,0.9990760982036591,TB
mendeley_tb_01892,0.9999292343854904,TB
mendeley_tb_01893,0.9799854904413223,TB
mendeley_tb_01894,0.9999092668294907,TB
mendeley_tb_01895,0.9887818098068237,TB
mendeley_tb_01896,0.9976317584514618,TB
mendeley_tb_01897,0.9859503507614136,TB
mendeley_tb_01898,0.999640092253685,TB
mendeley_tb_01899,0.992279052734375,TB
mendeley_tb_01900,0.9999213516712189,TB
mendeley_tb_01901,0.9991129338741302,TB
mendeley_tb_01902,0.8108569383621216,TB
mendeley_tb_01903,0.9997188001871109,TB
mendeley_tb_01904,0.9999028891324997,TB
mendeley_tb_01905,0.9996461719274521,TB
mendeley_tb_01906,0.999689444899559,TB
mendeley_tb_01907,0.9998120367527008,TB
mendeley_tb_01908,0.9998917132616043,TB
mendeley_tb_01909,0.9992103576660156,TB
mendeley_tb_01910,0.996988832950592,TB
mendeley_tb_01911,0.999570369720459,TB
mendeley_tb_01912,0.9978223443031311,TB
mendeley_tb_01913,0.636983122676611,TB
mendeley_tb_01914,0.9833019971847534,TB
mendeley_tb_01915,0.9997579753398895,TB
mendeley_tb_01916,0.9999336153268814,TB
mendeley_tb_01917,0.9992842972278595,TB
mendeley_tb_01918,0.9990242421627045,TB
mendeley_tb_01919,0.9996199309825897,TB
mendeley_tb_01920,0.9991103112697601,TB
mendeley_tb_01921,0.9938732385635376,TB
mendeley_tb_01922,0.999933272600174,TB
mendeley_tb_01923,0.9993267953395844,TB
mendeley_tb_01924,0.9997642040252686,TB
mendeley_tb_01925,0.999503031373024,TB
mendeley_tb_01926,0.9993710517883301,TB
mendeley_tb_01927,0.9996989667415619,TB
mendeley_tb_01928,0.9995566010475159,TB
mendeley_tb_01929,0.9991509765386581,TB
mendeley_tb_01930,0.9003725051879883,TB
mendeley_tb_01931,0.9999732375144958,TB
mendeley_tb_01932,0.993838906288147,TB
mendeley_tb_01933,0.999828577041626,TB
mendeley_tb_01934,0.9986245781183243,TB
mendeley_tb_01935,0.9993749707937241,TB
mendeley_tb_01936,0.9980574548244476,TB
mendeley_tb_01937,0.9932036846876144,TB
mendeley_tb_01938,0.9998580664396286,TB
mendeley_tb_01939,0.9982138127088547,TB
mendeley_tb_01940,0.6635959018021822,TB
mendeley_tb_01941,0.9997994303703308,TB
mendeley_tb_01942,0.9946637749671936,TB
mendeley_tb_01943,0.9860722422599792,TB
mendeley_tb_01944,0.996186375617981,TB
mendeley_tb_01945,0.9996234178543091,TB
mendeley_tb_01946,0.999505415558815,TB
mendeley_tb_01947,0.9850051403045654,TB
mendeley_tb_01948,0.9996973872184753,TB
mendeley_tb_01949,0.9998897165060043,TB
mendeley_tb_01950,0.993632584810257,TB
mendeley_tb_01951,0.9977299124002457,TB
mendeley_tb_01952,0.9998874813318253,TB
mendeley_tb_01953,0.9963615238666534,TB
mendeley_tb_01954,0.9995504170656204,TB
mendeley_tb_01955,0.984687939286232,TB
mendeley_tb_01956,0.9959962517023087,TB
mendeley_tb_01957,0.9996733963489532,TB
mendeley_tb_01958,0.9991546273231506,TB
mendeley_tb_01959,0.998394638299942,TB
mendeley_tb_01960,0.9912672191858292,TB
mendeley_tb_01961,0.9993275552988052,TB
mendeley_tb_01962,0.9976180344820023,TB
mendeley_tb_01963,0.9994794726371765,TB
mendeley_tb_01964,0.9991450160741806,TB
mendeley_tb_01965,0.9989948570728302,TB
mendeley_tb_01966,0.9988805949687958,TB
mendeley_tb_01967,0.9998176544904709,TB
mendeley_tb_01968,0.971949502825737,TB
mendeley_tb_01969,0.9997790902853012,TB
mendeley_tb_01970,0.95521280169487,TB
mendeley_tb_01971,0.9997146278619766,TB
mendeley_tb_01972,0.9996935576200485,TB
mendeley_tb_01973,0.9970136135816574,TB
mendeley_tb_01974,0.9771184474229813,TB
mendeley_tb_01975,0.9949451833963394,TB
mendeley_tb_01976,0.9993264973163605,TB
mendeley_tb_01977,0.9992167353630066,TB
mendeley_tb_01978,0.9993105381727219,TB
mendeley_tb_01979,0.9950723797082901,TB
mendeley_tb_01980,0.9998780488967896,TB
mendeley_tb_01981,0.9995700567960739,TB
mendeley_tb_01982,0.9995908141136169,TB
mendeley_tb_01983,0.9996378123760223,TB
mendeley_tb_01984,0.999915361404419,TB
mendeley_tb_01985,0.9996648877859116,TB
mendeley_tb_01986,0.9997156709432602,TB
mendeley_tb_01987,0.9993301630020142,TB
mendeley_tb_01988,0.9998004883527756,TB
mendeley_tb_01989,0.9997482746839523,TB
mendeley_tb_01990,0.9998648166656494,TB
mendeley_tb_01991,0.9997692108154297,TB
mendeley_tb_01992,0.997546836733818,TB
mendeley_tb_01993,0.9863567501306534,TB
mendeley_tb_01994,0.8993460088968277,TB
mendeley_tb_01995,0.9999243468046188,TB
mendeley_tb_01996,0.9998825043439865,TB
mendeley_tb_01997,0.9996831715106964,TB
mendeley_tb_01998,0.9998997300863266,TB
mendeley_tb_01999,0.9986191540956497,TB
mendeley_tb_02000,0.9998211115598679,TB
mendeley_tb_02001,0.998951867222786,TB
mendeley_tb_02002,0.9996186941862106,TB
mendeley_tb_02003,0.9996255785226822,TB
mendeley_tb_02004,0.9996182918548584,TB
mendeley_tb_02005,0.9995842278003693,TB
mendeley_tb_02006,0.9592466205358505,TB
mendeley_tb_02007,0.9997756630182266,TB
mendeley_tb_02008,0.9994332492351532,TB
mendeley_tb_02009,0.999598816037178,TB
mendeley_tb_02010,0.9989533126354218,TB
mendeley_tb_02011,0.9992523342370987,TB
mendeley_tb_02012,0.9994623363018036,TB
mendeley_tb_02013,0.999832347035408,TB
mendeley_tb_02014,0.9994954615831375,TB
mendeley_tb_02015,0.9995884299278259,TB
mendeley_tb_02016,0.9994021207094193,TB
mendeley_tb_02017,0.99880251288414,TB
mendeley_tb_02018,0.9987689405679703,TB
mendeley_tb_02019,0.9989486634731293,TB
mendeley_tb_02020,0.9965669810771942,TB
mendeley_tb_02021,0.998776450753212,TB
mendeley_tb_02022,0.9977624416351318,TB
mendeley_tb_02023,0.9988560229539871,TB
mendeley_tb_02024,0.9995795488357544,TB
mendeley_tb_02025,0.9987326115369797,TB
mendeley_tb_02026,0.9996870011091232,TB
mendeley_tb_02027,0.9996360242366791,TB
mendeley_tb_02028,0.9998711943626404,TB
mendeley_tb_02029,0.9931843131780624,TB
mendeley_tb_02030,0.9996728152036667,TB
mendeley_tb_02031,0.9954484403133392,TB
mendeley_tb_02032,0.9988406449556351,TB
mendeley_tb_02033,0.987304076552391,TB
mendeley_tb_02034,0.9998688101768494,TB
mendeley_tb_02035,0.999865859746933,TB
mendeley_tb_02036,0.9993482083082199,TB
mendeley_tb_02037,0.9998565763235092,TB
mendeley_tb_02038,0.9999328106641769,TB
mendeley_tb_02039,0.9990086555480957,TB
mendeley_tb_02040,0.9995393604040146,TB
mendeley_tb_02041,0.9994214773178101,TB
mendeley_tb_02042,0.9992801547050476,TB
mendeley_tb_02043,0.9994205385446548,TB
mendeley_tb_02044,0.9998758733272552,TB
mendeley_tb_02045,0.9997946172952652,TB
mendeley_tb_02046,0.9997618198394775,TB
mendeley_tb_02047,0.9998041242361069,TB
mendeley_tb_02048,0.9998713135719299,TB
mendeley_tb_02049,0.999839186668396,TB
mendeley_tb_02050,0.9153896123170853,TB
mendeley_tb_02051,0.9999019354581833,TB
mendeley_tb_02052,0.9997789412736893,TB
mendeley_tb_02053,0.9998332262039185,TB
mendeley_tb_02054,0.9995181858539581,TB
mendeley_tb_02055,0.9999143332242966,TB
mendeley_tb_02056,0.999800831079483,TB
mendeley_tb_02057,0.9996811896562576,TB
mendeley_tb_02058,0.9975963979959488,TB
mendeley_tb_02059,0.9997439533472061,TB
mendeley_tb_02060,0.9992088824510574,TB
mendeley_tb_02061,0.9996992945671082,TB
mendeley_tb_02062,0.9998170882463455,TB
mendeley_tb_02063,0.9999055117368698,TB
mendeley_tb_02064,0.9996377229690552,TB
mendeley_tb_02065,0.9996051490306854,TB
mendeley_tb_02066,0.9999168813228607,TB
mendeley_tb_02067,0.9995434582233429,TB
mendeley_tb_02068,0.9982957690954208,TB
mendeley_tb_02069,0.9988126903772354,TB
mendeley_tb_02070,0.99811652302742,TB
mendeley_tb_02071,0.9988085031509399,TB
mendeley_tb_02072,0.9987971186637878,TB
mendeley_tb_02073,0.9998262673616409,TB
mendeley_tb_02074,0.9989087730646133,TB
mendeley_tb_02075,0.9966125637292862,TB
mendeley_tb_02076,0.9995946288108826,TB
mendeley_tb_02077,0.9994674026966095,TB
mendeley_tb_02078,0.9996214359998703,TB
mendeley_tb_02079,0.9997224509716034,TB
mendeley_tb_02080,0.9995956867933273,TB
mendeley_tb_02081,0.9954870194196701,TB
mendeley_tb_02082,0.9996825605630875,TB
mendeley_tb_02083,0.9974870085716248,TB
mendeley_tb_02084,0.9995346814393997,TB
mendeley_tb_02085,0.9985975325107574,TB
mendeley_tb_02086,0.9996178448200226,TB
mendeley_tb_02087,0.9997759014368057,TB
mendeley_tb_02088,0.999609962105751,TB
mendeley_tb_02089,0.9999009221792221,TB
mendeley_tb_02090,0.9997172057628632,TB
mendeley_tb_02091,0.9996283203363419,TB
mendeley_tb_02092,0.9990399181842804,TB
mendeley_tb_02093,0.9980803728103638,TB
mendeley_tb_02094,0.9993520975112915,TB
mendeley_tb_02095,0.9891374409198761,TB
mendeley_tb_02096,0.9980193227529526,TB
mendeley_tb_02097,0.9997658282518387,TB
mendeley_tb_02098,0.9995087534189224,TB
mendeley_tb_02099,0.9990062862634659,TB
mendeley_tb_02100,0.9982424974441528,TB
mendeley_tb_02101,0.9913946092128754,TB
mendeley_tb_02102,0.9980543255805969,TB
mendeley_tb_02103,0.9995258450508118,TB
mendeley_tb_02104,0.9962135702371597,TB
mendeley_tb_02105,0.997877836227417,TB
mendeley_tb_02106,0.9999145269393921,TB
mendeley_tb_02107,0.9999270290136337,TB
mendeley_tb_02108,0.9961004704236984,TB
mendeley_tb_02109,0.9997305572032928,TB
mendeley_tb_02110,0.9979437589645386,TB
mendeley_tb_02111,0.9997785091400146,TB
mendeley_tb_02112,0.9998787343502045,TB
mendeley_tb_02113,0.9995331317186356,TB
mendeley_tb_02114,0.9932755678892136,TB
mendeley_tb_02115,0.9970764368772507,TB
mendeley_tb_02116,0.9998408854007721,TB
mendeley_tb_02117,0.9997233748435974,TB
mendeley_tb_02118,0.999920204281807,TB
mendeley_tb_02119,0.9985124915838242,TB
mendeley_tb_02120,0.9999040365219116,TB
mendeley_tb_02121,0.9992827624082565,TB
mendeley_tb_02122,0.9996410459280014,TB
mendeley_tb_02123,0.9999445676803589,TB
mendeley_tb_02124,0.9995411187410355,TB
mendeley_tb_02125,0.9993723928928375,TB
mendeley_tb_02126,0.9941346347332001,TB
mendeley_tb_02127,0.9997324049472809,TB
mendeley_tb_02128,0.9759975671768188,TB
mendeley_tb_02129,0.9994826912879944,TB
mendeley_tb_02130,0.999732255935669,TB
mendeley_tb_02131,0.9998408854007721,TB
mendeley_tb_02132,0.9998379349708557,TB
mendeley_tb_02133,0.9998903721570969,TB
mendeley_tb_02134,0.9997740983963013,TB
mendeley_tb_02135,0.9987656623125076,TB
mendeley_tb_02136,0.9993908107280731,TB
mendeley_tb_02137,0.9998793303966522,TB
mendeley_tb_02138,0.9992898404598236,TB
mendeley_tb_02139,0.9971922338008881,TB
mendeley_tb_02140,0.9961199164390564,TB
mendeley_tb_02141,0.9997545182704926,TB
mendeley_tb_02142,0.9994922280311584,TB
mendeley_tb_02143,0.9997213780879974,TB
mendeley_tb_02144,0.6756364796310663,TB
mendeley_tb_02145,0.9054348021745682,TB
mendeley_tb_02146,0.9985124915838242,TB
mendeley_tb_02147,0.9999131709337234,TB
mendeley_tb_02148,0.9999018758535385,TB
mendeley_tb_02149,0.9996628165245056,TB
mendeley_tb_02150,0.9952184855937958,TB
mendeley_tb_02151,0.9993551820516586,TB
mendeley_tb_02152,0.9994826912879944,TB
mendeley_tb_02153,0.9996875673532486,TB
mendeley_tb_02154,0.9998214840888977,TB
mendeley_tb_02155,0.9996421635150909,TB
mendeley_tb_02156,0.9997843354940414,TB
mendeley_tb_02157,0.9996866285800934,TB
mendeley_tb_02158,0.9990684390068054,TB
mendeley_tb_02159,0.99943707883358,TB
mendeley_tb_02160,0.999126985669136,TB
mendeley_tb_02161,0.9981285929679871,TB
mendeley_tb_02162,0.9998892545700073,TB
mendeley_tb_02163,0.9957891404628754,TB
mendeley_tb_02164,0.9998122155666351,TB
mendeley_tb_02165,0.9996480047702789,TB
mendeley_tb_02166,0.9997818768024445,TB
mendeley_tb_02167,0.9995672851800919,TB
mendeley_tb_02168,0.9996666610240936,TB
mendeley_tb_02169,0.9996253103017807,TB
mendeley_tb_02170,0.9903082996606827,TB
mendeley_tb_02171,0.9995383620262146,TB
mendeley_tb_02172,0.9997873306274414,TB
mendeley_tb_02173,0.9995220750570297,TB
mendeley_tb_02174,0.9996490329504013,TB
mendeley_tb_02175,0.9998762011528015,TB
mendeley_tb_02176,0.9992132037878036,TB
mendeley_tb_02177,0.9998778402805328,TB
mendeley_tb_02178,0.9995383620262146,TB
mendeley_tb_02179,0.9995672851800919,TB
mendeley_tb_02180,0.99940425157547,TB
mendeley_tb_02181,0.9998762011528015,TB
mendeley_tb_02182,0.9955217093229294,TB
mendeley_tb_02183,0.9984399080276489,TB
mendeley_tb_02184,0.9957949966192245,TB
mendeley_tb_02185,0.9999337792396545,TB
mendeley_tb_02186,0.9995732605457306,TB
mendeley_tb_02187,0.99940425157547,TB
mendeley_tb_02188,0.999475747346878,TB
mendeley_tb_02189,0.9995732605457306,TB
mendeley_tb_02190,0.9828162640333176,TB
mendeley_tb_02191,0.9989161789417267,TB
mendeley_tb_02192,0.9997534453868866,TB
mendeley_tb_02193,0.9983562678098679,TB
mendeley_tb_02194,0.9996202886104584,TB
mendeley_tb_02195,0.9968231469392776,TB
mendeley_tb_02196,0.9999302625656128,TB
mendeley_tb_02197,0.9983562678098679,TB
mendeley_tb_02198,0.9996234327554703,TB
mendeley_tb_02199,0.9993991702795029,TB
mendeley_tb_02200,0.9986811876296997,TB
mendeley_tb_02201,0.9999121576547623,TB
mendeley_tb_02202,0.9997873306274414,TB
mendeley_tb_02203,0.9998835027217865,TB
mendeley_tb_02204,0.9903082996606827,TB
mendeley_tb_02205,0.9984399080276489,TB
mendeley_tb_02206,0.9996356219053268,TB
mendeley_tb_02207,0.9955217093229294,TB
mendeley_tb_02208,0.9997203946113586,TB
mendeley_tb_02209,0.999941498041153,TB
mendeley_tb_02210,0.9828162640333176,TB
mendeley_tb_02211,0.9995451867580414,TB
mendeley_tb_02212,0.9997818768024445,TB
mendeley_tb_02213,0.9997865706682205,TB
mendeley_tb_02214,0.9995116591453552,TB
mendeley_tb_02215,0.9997402429580688,TB
mendeley_tb_02216,0.9999133795499802,TB
mendeley_tb_02217,0.9968143552541733,TB
mendeley_tb_02218,0.9996673762798309,TB
mendeley_tb_02219,0.999903216958046,TB
mendeley_tb_02220,0.9997203946113586,TB
mendeley_tb_02221,0.9998778402805328,TB
mendeley_tb_02222,0.9996666610240936,TB
mendeley_tb_02223,0.9999483227729797,TB
mendeley_tb_02224,0.9997210055589676,TB
mendeley_tb_02225,0.9999038428068161,TB
mendeley_tb_02226,0.9986973106861115,TB
mendeley_tb_02227,0.9954550415277481,TB
mendeley_tb_02228,0.9998033940792084,TB
mendeley_tb_02229,0.9870479702949524,TB
mendeley_tb_02230,0.9997214674949646,TB
mendeley_tb_02231,0.9998175352811813,TB
mendeley_tb_02232,0.9980043470859528,TB
mendeley_tb_02233,0.9998917728662491,TB
mendeley_tb_02234,0.9999217242002487,TB
mendeley_tb_02235,0.9996329843997955,TB
mendeley_tb_02236,0.8221296221017838,TB
mendeley_tb_02237,0.9998923093080521,TB
mendeley_tb_02238,0.9975115954875946,TB
mendeley_tb_02239,0.9996955543756485,TB
mendeley_tb_02240,0.9995444118976593,TB
mendeley_tb_02241,0.9932677894830704,TB
mendeley_tb_02242,0.9916549772024155,TB
mendeley_tb_02243,0.9998573213815689,TB
mendeley_tb_02244,0.999659463763237,TB
mendeley_tb_02245,0.9979536831378937,TB
mendeley_tb_02246,0.9996467977762222,TB
mendeley_tb_02247,0.9881827682256699,TB
mendeley_tb_02248,0.9970699846744537,TB
mendeley_tb_02249,0.9870479702949524,TB
mendeley_tb_02250,0.963940903544426,TB
mendeley_tb_02251,0.9986361712217331,TB
mendeley_tb_02252,0.9998969733715057,TB
mendeley_tb_02253,0.9998846799135208,TB
mendeley_tb_02254,0.9683223515748978,TB
mendeley_tb_02255,0.999892920255661,TB
mendeley_tb_02256,0.9998656362295151,TB
mendeley_tb_02257,0.9998485893011093,TB
mendeley_tb_02258,0.9995384812355042,TB
mendeley_tb_02259,0.9998332560062408,TB
mendeley_tb_02260,0.9927691072225571,TB
mendeley_tb_02261,0.9997556507587433,TB
mendeley_tb_02262,0.9975115954875946,TB
mendeley_tb_02263,0.9991130083799362,TB
mendeley_tb_02264,0.5351133160293102,TB
mendeley_tb_02265,0.995505079627037,TB
mendeley_tb_02266,0.9999270737171173,TB
mendeley_tb_02267,0.9990300685167313,TB
mendeley_tb_02268,0.9999582767486572,TB
mendeley_tb_02269,0.9998641610145569,TB
mendeley_tb_02270,0.995197057723999,TB
mendeley_tb_02271,0.9999138116836548,TB
mendeley_tb_02272,0.9998851418495178,TB
mendeley_tb_02273,0.9998303800821304,TB
mendeley_tb_02274,0.9995643496513367,TB
mendeley_tb_02275,0.9999017864465714,TB
mendeley_tb_02276,0.999707505106926,TB
mendeley_tb_02277,0.9790282547473907,TB
mendeley_tb_02278,0.9960415214300156,TB
mendeley_tb_02279,0.999968945980072,TB
mendeley_tb_02280,0.9998251348733902,TB
mendeley_tb_02281,0.976032629609108,TB
mendeley_tb_02282,0.9992617219686508,TB
mendeley_tb_02283,0.9995961338281631,TB
mendeley_tb_02284,0.7755435146391392,TB
mendeley_tb_02285,0.8520911410450935,TB
mendeley_tb_02286,0.9998460859060287,TB
mendeley_tb_02287,0.9974320232868195,TB
mendeley_tb_02288,0.9998499751091003,TB
mendeley_tb_02289,0.9994605332612991,TB
mendeley_tb_02290,0.9998675882816315,TB
mendeley_tb_02291,0.9962025582790375,TB
mendeley_tb_02292,0.9997187256813049,TB
mendeley_tb_02293,0.9998345524072647,TB
mendeley_tb_02294,0.9989491254091263,TB
mendeley_tb_02295,0.9980102926492691,TB
mendeley_tb_02296,0.9994622319936752,TB
mendeley_tb_02297,0.999647930264473,TB
mendeley_tb_02298,0.9978702664375305,TB
mendeley_tb_02299,0.9999595284461975,TB
mendeley_tb_02300,0.9997599124908447,TB
mendeley_tb_02301,0.9992329776287079,TB
mendeley_tb_02302,0.9402039796113968,TB
mendeley_tb_02303,0.9999359548091888,TB
mendeley_tb_02304,0.9997898787260056,TB
mendeley_tb_02305,0.9986813366413116,TB
mendeley_tb_02306,0.9996409863233566,TB
mendeley_tb_02307,0.9997435212135315,TB
mendeley_tb_02308,0.9999308288097382,TB
mendeley_tb_02309,0.9996899515390396,TB
mendeley_tb_02310,0.9984292984008789,TB
mendeley_tb_02311,0.999822810292244,TB
mendeley_tb_02312,0.9985555112361908,TB
mendeley_tb_02313,0.9998064786195755,TB
mendeley_tb_02314,0.9993361830711365,TB
mendeley_tb_02315,0.9994763284921646,TB
mendeley_tb_02316,0.9996873885393143,TB
mendeley_tb_02317,0.9993538409471512,TB
mendeley_tb_02318,0.9998604953289032,TB
mendeley_tb_02319,0.9970616847276688,TB
mendeley_tb_02320,0.9982195198535919,TB
mendeley_tb_02321,0.9971350878477097,TB
mendeley_tb_02322,0.9999583065509796,TB
mendeley_tb_02323,0.9999281764030457,TB
mendeley_tb_02324,0.9995063245296478,TB
mendeley_tb_02325,0.9977890700101852,TB
mendeley_tb_02326,0.9991090297698975,TB
mendeley_tb_02327,0.9999439418315887,TB
mendeley_tb_02328,0.9953846782445908,TB
mendeley_tb_02329,0.9962703734636307,TB
mendeley_tb_02330,0.9828290790319443,TB
mendeley_tb_02331,0.9896879494190216,TB
mendeley_tb_02332,0.9991724044084549,TB
mendeley_tb_02333,0.999664843082428,TB
mendeley_tb_02334,0.9999313950538635,TB
mendeley_tb_02335,0.9996846318244934,TB
mendeley_tb_02336,0.9929166883230209,TB
mendeley_tb_02337,0.9998593032360077,TB
mendeley_tb_02338,0.9998745173215866,TB
mendeley_tb_02339,0.9997856616973877,TB
mendeley_tb_02340,0.9996281117200851,TB
mendeley_tb_02341,0.9981605261564255,TB
mendeley_tb_02342,0.9999212473630905,TB
mendeley_tb_02343,0.9929114729166031,TB
mendeley_tb_02344,0.998717725276947,TB
mendeley_tb_02345,0.9998492896556854,TB
mendeley_tb_02346,0.9999104738235474,TB
mendeley_tb_02347,0.999751627445221,TB
mendeley_tb_02348,0.9999480545520782,TB
mendeley_tb_02349,0.9999510943889618,TB
mendeley_tb_02350,0.9999413788318634,TB
mendeley_tb_02351,0.9993924498558044,TB
mendeley_tb_02352,0.999748021364212,TB
mendeley_tb_02353,0.9997431039810181,TB
mendeley_tb_02354,0.998812735080719,TB
mendeley_tb_02355,0.9983388930559158,TB
mendeley_tb_02356,0.9993514716625214,TB
mendeley_tb_02357,0.99970343708992,TB
mendeley_tb_02358,0.995168000459671,TB
mendeley_tb_02359,0.9998393654823303,TB
mendeley_tb_02360,0.9998612999916077,TB
mendeley_tb_02361,0.9995457679033279,TB
mendeley_tb_02362,0.998921662569046,TB
mendeley_tb_02363,0.9992758333683014,TB
mendeley_tb_02364,0.9998708069324493,TB
mendeley_tb_02365,0.9997611045837402,TB
mendeley_tb_02366,0.9999312162399292,TB
mendeley_tb_02367,0.999886229634285,TB
mendeley_tb_02368,0.9997351914644241,TB
mendeley_tb_02369,0.999716579914093,TB
mendeley_tb_02370,0.9996100068092346,TB
mendeley_tb_02371,0.9991177916526794,TB
mendeley_tb_02372,0.9997679144144058,TB
mendeley_tb_02373,0.9997976720333099,TB
mendeley_tb_02374,0.8454616367816925,TB
mendeley_tb_02375,0.9998114109039307,TB
mendeley_tb_02376,0.9979056566953659,TB
mendeley_tb_02377,0.9951100200414658,TB
mendeley_tb_02378,0.9994527995586395,TB
mendeley_tb_02379,0.9973719120025635,TB
mendeley_tb_02380,0.9997933506965637,TB
mendeley_tb_02381,0.9979857802391052,TB
mendeley_tb_02382,0.9997628480195999,TB
mendeley_tb_02383,0.9994656443595886,TB
mendeley_tb_02384,0.9855917394161224,TB
mendeley_tb_02385,0.9998621344566345,TB
mendeley_tb_02386,0.9928739666938782,TB
mendeley_tb_02387,0.9990524798631668,TB
mendeley_tb_02388,0.9999107271432877,TB
mendeley_tb_02389,0.9952796250581741,TB
mendeley_tb_02390,0.9983825534582138,TB
mendeley_tb_02391,0.999821349978447,TB
mendeley_tb_02392,0.9998806864023209,TB
mendeley_tb_02393,0.9998556524515152,TB
mendeley_tb_02394,0.9997608959674835,TB
mendeley_tb_02395,0.9991370588541031,TB
mendeley_tb_02396,0.9995369017124176,TB
mendeley_tb_02397,0.999705046415329,TB
mendeley_tb_02398,0.9962740242481232,TB
mendeley_tb_02399,0.9993679225444794,TB
mendeley_tb_02400,0.9980729073286057,TB
mendeley_tb_02401,0.9998460412025452,TB
mendeley_tb_02402,0.9996140897274017,TB
mendeley_tb_02403,0.9995139092206955,TB
mendeley_tb_02404,0.9987490773200989,TB
mendeley_tb_02405,0.9947846084833145,TB
mendeley_tb_02406,0.9979287534952164,TB
mendeley_tb_02407,0.9998928755521774,TB
mendeley_tb_02408,0.99949149787426,TB
mendeley_tb_02409,0.9985800683498383,TB
mendeley_tb_02410,0.9998456388711929,TB
mendeley_tb_02411,0.99904765188694,TB
mendeley_tb_02412,0.9986591637134552,TB
mendeley_tb_02413,0.9997496753931046,TB
mendeley_tb_02414,0.9990302175283432,TB
mendeley_tb_02415,0.9996345937252045,TB
mendeley_tb_02416,0.9979502856731415,TB
mendeley_tb_02417,0.9999436736106873,TB
mendeley_tb_02418,0.9999240785837173,TB
mendeley_tb_02419,0.9271570444107056,TB
mendeley_tb_02420,0.9995344877243042,TB
mendeley_tb_02421,0.9999146908521652,TB
mendeley_tb_02422,0.9996145367622375,TB
mendeley_tb_02423,0.9995570480823517,TB
mendeley_tb_02424,0.9999617636203766,TB
mendeley_tb_02425,0.9991655647754669,TB
mendeley_tb_02426,0.9988082647323608,TB
mendeley_tb_02427,0.9987512975931168,TB
mendeley_tb_02428,0.9978783577680588,TB
mendeley_tb_02429,0.7758495435118675,TB
mendeley_tb_02430,0.9992018640041351,TB
mendeley_tb_02431,0.9148527979850769,TB
mendeley_tb_02432,0.9992390871047974,TB
mendeley_tb_02433,0.9963103234767914,TB
mendeley_tb_02434,0.9996423721313477,TB
mendeley_tb_02435,0.9799093306064606,TB
mendeley_tb_02436,0.9993005692958832,TB
mendeley_tb_02437,0.9991983771324158,TB
mendeley_tb_02438,0.9952146112918854,TB
mendeley_tb_02439,0.9998630583286285,TB
mendeley_tb_02440,0.9998911470174789,TB
mendeley_tb_02441,0.9998167008161545,TB
mendeley_tb_02442,0.999952882528305,TB
mendeley_tb_02443,0.9998576939105988,TB
mendeley_tb_02444,0.9790549576282501,TB
mendeley_tb_02445,0.9997169226408005,TB
mendeley_tb_02446,0.9994207620620728,TB
mendeley_tb_02447,0.9999215453863144,TB
mendeley_tb_02448,0.9997549802064896,TB
mendeley_tb_02449,0.9997742176055908,TB
mendeley_tb_02450,0.9998261779546738,TB
mendeley_tb_02451,0.9972893595695496,TB
mendeley_tb_02452,0.9926653355360031,TB
mendeley_tb_02453,0.9978030622005463,TB
mendeley_tb_02454,0.9976366460323334,TB
mendeley_tb_02455,0.9998673349618912,TB
mendeley_tb_02456,0.9937149882316589,TB
mendeley_tb_02457,0.9884990602731705,TB
mendeley_tb_02458,0.9976387619972229,TB
mendeley_tb_02459,0.999306321144104,TB
mendeley_tb_02460,0.8611460775136948,TB
mendeley_tb_02461,0.9997605234384537,TB
mendeley_tb_02462,0.9984787404537201,TB
mendeley_tb_02463,0.9994874000549316,TB
mendeley_tb_02464,0.999946266412735,TB
mendeley_tb_02465,0.99990214407444,TB
mendeley_tb_02466,0.8955433517694473,TB
mendeley_tb_02467,0.9975234419107437,TB
mendeley_tb_02468,0.9989890903234482,TB
mendeley_tb_02469,0.3595071267336607,Normal
mendeley_tb_02470,0.7055635284632444,TB
mendeley_tb_02471,0.9997384995222092,TB
mendeley_tb_02472,0.999955803155899,TB
mendeley_tb_02473,0.996357649564743,TB
mendeley_tb_02474,0.9981365203857422,TB
mendeley_tb_02475,0.9995333105325699,TB
mendeley_tb_02476,0.9996439814567566,TB
mendeley_tb_02477,0.9992267191410065,TB
mendeley_tb_02478,0.9997546523809433,TB
mendeley_tb_02479,0.9998472332954407,TB
mendeley_tb_02480,0.9998950064182281,TB
mendeley_tb_02481,0.999587818980217,TB
mendeley_tb_02482,0.9997723400592804,TB
mendeley_tb_02483,0.9891771525144577,TB
mendeley_tb_02484,0.9929126650094986,TB
mendeley_tb_02485,0.6781858652830124,TB
mendeley_tb_02486,0.9995672255754471,TB
mendeley_tb_02487,0.9999442398548126,TB
mendeley_tb_02488,0.9999489486217499,TB
mendeley_tb_02489,0.9887278228998184,TB
mendeley_tb_02490,0.9953324347734451,TB
mendeley_tb_02491,0.9185912907123566,TB
mendeley_tb_02492,0.999741792678833,TB
mendeley_tb_02493,0.9918429851531982,TB
