new_id,prob_tb,pred_TB/Normal
mendeley_normal_00000,0.9034435003995895,TB
mendeley_normal_00001,0.47282132506370544,Normal
mendeley_normal_00002,0.7349310219287872,TB
mendeley_normal_00003,0.5953111052513123,TB
mendeley_normal_00004,0.7109320908784866,TB
mendeley_normal_00005,0.8675567507743835,TB
mendeley_normal_00006,0.8787369579076767,TB
mendeley_normal_00007,0.3349876254796982,Normal
mendeley_normal_00008,0.41299691051244736,Normal
mendeley_normal_00009,0.7978331297636032,TB
mendeley_normal_00010,0.6596379056572914,TB
mendeley_normal_00011,0.9088339805603027,TB
mendeley_normal_00012,0.8929892480373383,TB
mendeley_normal_00013,0.9019716680049896,TB
mendeley_normal_00014,0.618309885263443,TB
mendeley_normal_00015,0.8692754060029984,TB
mendeley_normal_00016,0.06995316734537482,Normal
mendeley_normal_00017,0.4991114065051079,Normal
mendeley_normal_00018,0.7380680292844772,TB
mendeley_normal_00019,0.6490941420197487,TB
mendeley_normal_00020,0.4019381161779165,Normal
mendeley_normal_00021,0.30197135359048843,Normal
mendeley_normal_00022,0.19798090308904648,Normal
mendeley_normal_00023,0.8020440936088562,TB
mendeley_normal_00024,0.8178283870220184,TB
mendeley_normal_00025,0.7046407610177994,TB
mendeley_normal_00026,0.8576041162014008,TB
mendeley_normal_00027,0.9299059361219406,TB
mendeley_normal_00028,0.6063499599695206,TB
mendeley_normal_00029,0.8418245017528534,TB
mendeley_normal_00030,0.7967609614133835,TB
mendeley_normal_00031,0.890410527586937,TB
mendeley_normal_00032,0.22233022470027208,Normal
mendeley_normal_00033,0.8478313982486725,TB
mendeley_normal_00034,0.7695825845003128,TB
mendeley_normal_00035,0.8381086587905884,TB
mendeley_normal_00036,0.7888506948947906,TB
mendeley_normal_00037,0.34311404824256897,Normal
mendeley_normal_00038,0.5200045965611935,TB
mendeley_normal_00039,0.5247791344299912,TB
mendeley_normal_00040,0.7156060487031937,TB
mendeley_normal_00041,0.8491250276565552,TB
mendeley_normal_00042,0.790878176689148,TB
mendeley_normal_00043,0.8514663726091385,TB
mendeley_normal_00044,0.09964241553097963,Normal
mendeley_normal_00045,0.6112211644649506,TB
mendeley_normal_00046,0.557633962482214,TB
mendeley_normal_00047,0.9010639041662216,TB
mendeley_normal_00048,0.8967506885528564,TB
mendeley_normal_00049,0.8316724002361298,TB
mendeley_normal_00050,0.9180549532175064,TB
mendeley_normal_00051,0.9126164764165878,TB
mendeley_normal_00052,0.4188294354826212,Normal
mendeley_normal_00053,0.3914981260895729,Normal
mendeley_normal_00054,0.4330685883760452,Normal
mendeley_normal_00055,0.6882807835936546,TB
mendeley_normal_00056,0.7893471866846085,TB
mendeley_normal_00057,0.6319477036595345,TB
mendeley_normal_00058,0.9081571102142334,TB
mendeley_normal_00059,0.6627599969506264,TB
mendeley_normal_00060,0.8132085651159286,TB
mendeley_normal_00061,0.7879491448402405,TB
mendeley_normal_00062,0.8701450377702713,TB
mendeley_normal_00063,0.623532235622406,TB
mendeley_normal_00064,0.9276876449584961,TB
mendeley_normal_00065,0.5225500129163265,TB
mendeley_normal_00066,0.3252424895763397,Normal
mendeley_normal_00067,0.908009484410286,TB
mendeley_normal_00068,0.7058700174093246,TB
mendeley_normal_00069,0.6848934590816498,TB
mendeley_normal_00070,0.6816401109099388,TB
mendeley_normal_00071,0.601900227367878,TB
mendeley_normal_00072,0.883201539516449,TB
mendeley_normal_00073,0.722991868853569,TB
mendeley_normal_00074,0.9556935429573059,TB
mendeley_normal_00075,0.8104286193847656,TB
mendeley_normal_00076,0.4715390130877495,Normal
mendeley_normal_00077,0.755402073264122,TB
mendeley_normal_00078,0.8363213390111923,TB
mendeley_normal_00079,0.6956179440021515,TB
mendeley_normal_00080,0.5681971907615662,TB
mendeley_normal_00081,0.6726814359426498,TB
mendeley_normal_00082,0.8406118899583817,TB
mendeley_normal_00083,0.7832932025194168,TB
mendeley_normal_00084,0.7820133119821548,TB
mendeley_normal_00085,0.6552476994693279,TB
mendeley_normal_00086,0.31148509308695793,Normal
mendeley_normal_00087,0.7828188240528107,TB
mendeley_normal_00088,0.6078374423086643,TB
mendeley_normal_00089,0.8985159397125244,TB
mendeley_normal_00090,0.7722598016262054,TB
mendeley_normal_00091,0.6233714148402214,TB
mendeley_normal_00092,0.3938889317214489,Normal
mendeley_normal_00093,0.8912893533706665,TB
mendeley_normal_00094,0.9299189150333405,TB
mendeley_normal_00095,0.8909247517585754,TB
mendeley_normal_00096,0.740718200802803,TB
mendeley_normal_00097,0.9423450976610184,TB
mendeley_normal_00098,0.7835679203271866,TB
mendeley_normal_00099,0.30544885993003845,Normal
mendeley_normal_00100,0.9224618524312973,TB
mendeley_normal_00101,0.6355904191732407,TB
mendeley_normal_00102,0.3864189898595214,Normal
mendeley_normal_00103,0.9385018050670624,TB
mendeley_normal_00104,0.7611114382743835,TB
mendeley_normal_00105,0.8306429535150528,TB
mendeley_normal_00106,0.9110245555639267,TB
mendeley_normal_00107,0.8519528657197952,TB
mendeley_normal_00108,0.23606483172625303,Normal
mendeley_normal_00109,0.854892298579216,TB
mendeley_normal_00110,0.8453629314899445,TB
mendeley_normal_00111,0.9058973789215088,TB
mendeley_normal_00112,0.8369791209697723,TB
mendeley_normal_00113,0.8596570938825607,TB
mendeley_normal_00114,0.8038139939308167,TB
mendeley_normal_00115,0.410443052649498,Normal
mendeley_normal_00116,0.9407585710287094,TB
mendeley_normal_00117,0.924151673913002,TB
mendeley_normal_00118,0.8588411509990692,TB
mendeley_normal_00119,0.7964634597301483,TB
mendeley_normal_00120,0.5782019048929214,TB
mendeley_normal_00121,0.920319676399231,TB
mendeley_normal_00122,0.5686867833137512,TB
mendeley_normal_00123,0.6136017143726349,TB
mendeley_normal_00124,0.806229755282402,TB
mendeley_normal_00125,0.740438237786293,TB
mendeley_normal_00126,0.41796573624014854,Normal
mendeley_normal_00127,0.9336448758840561,TB
mendeley_normal_00128,0.6683237552642822,TB
mendeley_normal_00129,0.9150796681642532,TB
mendeley_normal_00130,0.8294010758399963,TB
mendeley_normal_00131,0.42785525508224964,Normal
mendeley_normal_00132,0.726190596818924,TB
mendeley_normal_00133,0.7242792099714279,TB
mendeley_normal_00134,0.8935172110795975,TB
mendeley_normal_00135,0.8385448455810547,TB
mendeley_normal_00136,0.27874135598540306,Normal
mendeley_normal_00137,0.6935897022485733,TB
mendeley_normal_00138,0.9414182007312775,TB
mendeley_normal_00139,0.8273317962884903,TB
mendeley_normal_00140,0.7812367081642151,TB
mendeley_normal_00141,0.940651461482048,TB
mendeley_normal_00142,0.9168650209903717,TB
mendeley_normal_00143,0.824995756149292,TB
mendeley_normal_00144,0.4777306094765663,Normal
mendeley_normal_00145,0.8689141273498535,TB
mendeley_normal_00146,0.8162664026021957,TB
mendeley_normal_00147,0.9144537299871445,TB
mendeley_normal_00148,0.5082856230437756,TB
mendeley_normal_00149,0.65180703997612,TB
mendeley_normal_00150,0.3276892378926277,Normal
mendeley_normal_00151,0.45117343217134476,Normal
mendeley_normal_00152,0.8517813980579376,TB
mendeley_normal_00153,0.28290244843810797,Normal
mendeley_normal_00154,0.8382409065961838,TB
mendeley_normal_00155,0.8360606878995895,TB
mendeley_normal_00156,0.695571780204773,TB
mendeley_normal_00157,0.7717382907867432,TB
mendeley_normal_00158,0.6186603829264641,TB
mendeley_normal_00159,0.8095072507858276,TB
mendeley_normal_00160,0.7529753372073174,TB
mendeley_normal_00161,0.9126621335744858,TB
mendeley_normal_00162,0.3888675197958946,Normal
mendeley_normal_00163,0.5448412075638771,TB
mendeley_normal_00164,0.9009137451648712,TB
mendeley_normal_00165,0.8993279933929443,TB
mendeley_normal_00166,0.6692518293857574,TB
mendeley_normal_00167,0.8250136375427246,TB
mendeley_normal_00168,0.8550818413496017,TB
mendeley_normal_00169,0.6490736603736877,TB
mendeley_normal_00170,0.1922017354518175,Normal
mendeley_normal_00171,0.7177359908819199,TB
mendeley_normal_00172,0.44219184666872025,Normal
mendeley_normal_00173,0.5411471128463745,TB
mendeley_normal_00174,0.33783854730427265,Normal
mendeley_normal_00175,0.6846145838499069,TB
mendeley_normal_00176,0.8962716460227966,TB
mendeley_normal_00177,0.3923400193452835,Normal
mendeley_normal_00178,0.25719528272747993,Normal
mendeley_normal_00179,0.343950804322958,Normal
mendeley_normal_00180,0.46095554158091545,Normal
mendeley_normal_00181,0.3273481409996748,Normal
mendeley_normal_00182,0.49126047641038895,Normal
mendeley_normal_00183,0.17146185971796513,Normal
mendeley_normal_00184,0.8153909295797348,TB
mendeley_normal_00185,0.7854406386613846,TB
mendeley_normal_00186,0.8009864091873169,TB
mendeley_normal_00187,0.8937343657016754,TB
mendeley_normal_00188,0.7470662742853165,TB
mendeley_normal_00189,0.8195481449365616,TB
mendeley_normal_00190,0.6321208029985428,TB
mendeley_normal_00191,0.913625180721283,TB
mendeley_normal_00192,0.5322589799761772,TB
mendeley_normal_00193,0.885499507188797,TB
mendeley_normal_00194,0.7656629532575607,TB
mendeley_normal_00195,0.8809538632631302,TB
mendeley_normal_00196,0.601847093552351,TB
mendeley_normal_00197,0.8418437540531158,TB
mendeley_normal_00198,0.8660022765398026,TB
mendeley_normal_00199,0.1837202776223421,Normal
mendeley_normal_00200,0.22002793150022626,Normal
mendeley_normal_00201,0.9244707673788071,TB
mendeley_normal_00202,0.9256485849618912,TB
mendeley_normal_00203,0.4165572039783001,Normal
mendeley_normal_00204,0.33556824922561646,Normal
mendeley_normal_00205,0.9270719289779663,TB
mendeley_normal_00206,0.8982735127210617,TB
mendeley_normal_00207,0.18881883565336466,Normal
mendeley_normal_00208,0.8762278854846954,TB
mendeley_normal_00209,0.6974894180893898,TB
mendeley_normal_00210,0.18257052544504404,Normal
mendeley_normal_00211,0.9171004295349121,TB
mendeley_normal_00212,0.8801106959581375,TB
mendeley_normal_00213,0.9131495207548141,TB
mendeley_normal_00214,0.9304210245609283,TB
mendeley_normal_00215,0.7092057466506958,TB
mendeley_normal_00216,0.6948621720075607,TB
mendeley_normal_00217,0.7692907452583313,TB
mendeley_normal_00218,0.7087008208036423,TB
mendeley_normal_00219,0.6519104987382889,TB
mendeley_normal_00220,0.7820955663919449,TB
mendeley_normal_00221,0.9371839910745621,TB
mendeley_normal_00222,0.7108436822891235,TB
mendeley_normal_00223,0.9371474832296371,TB
mendeley_normal_00224,0.8003898561000824,TB
mendeley_normal_00225,0.7860704064369202,TB
mendeley_normal_00226,0.3757663816213608,Normal
mendeley_normal_00227,0.5451992675662041,TB
mendeley_normal_00228,0.9046940058469772,TB
mendeley_normal_00229,0.8752124756574631,TB
mendeley_normal_00230,0.6780130714178085,TB
mendeley_normal_00231,0.4493318945169449,Normal
mendeley_normal_00232,0.37173865735530853,Normal
mendeley_normal_00233,0.4473232589662075,Normal
mendeley_normal_00234,0.5286168158054352,TB
mendeley_normal_00235,0.7043386101722717,TB
mendeley_normal_00236,0.838567703962326,TB
mendeley_normal_00237,0.8980596661567688,TB
mendeley_normal_00238,0.9180127680301666,TB
mendeley_normal_00239,0.8477329611778259,TB
mendeley_normal_00240,0.311916496604681,Normal
mendeley_normal_00241,0.6355804651975632,TB
mendeley_normal_00242,0.659191682934761,TB
mendeley_normal_00243,0.859211266040802,TB
mendeley_normal_00244,0.07405055733397603,Normal
mendeley_normal_00245,0.7005042135715485,TB
mendeley_normal_00246,0.36284274980425835,Normal
mendeley_normal_00247,0.8670594692230225,TB
mendeley_normal_00248,0.8765568286180496,TB
mendeley_normal_00249,0.7424063980579376,TB
mendeley_normal_00250,0.7605371624231339,TB
mendeley_normal_00251,0.7440012991428375,TB
mendeley_normal_00252,0.7652404010295868,TB
mendeley_normal_00253,0.6901383772492409,TB
mendeley_normal_00254,0.8572166115045547,TB
mendeley_normal_00255,0.23425348848104477,Normal
mendeley_normal_00256,0.9018029570579529,TB
mendeley_normal_00257,0.9369885623455048,TB
mendeley_normal_00258,0.6683587320148945,TB
mendeley_normal_00259,0.6187902316451073,TB
mendeley_normal_00260,0.8178440481424332,TB
mendeley_normal_00261,0.8366640955209732,TB
mendeley_normal_00262,0.9086620062589645,TB
mendeley_normal_00263,0.34894150495529175,Normal
mendeley_normal_00264,0.9562017172574997,TB
mendeley_normal_00265,0.5071946643292904,TB
mendeley_normal_00266,0.7364390790462494,TB
mendeley_normal_00267,0.7433188557624817,TB
mendeley_normal_00268,0.5180181935429573,TB
mendeley_normal_00269,0.7250348776578903,TB
mendeley_normal_00270,0.8001014292240143,TB
mendeley_normal_00271,0.5569789260625839,TB
mendeley_normal_00272,0.6889248192310333,TB
mendeley_normal_00273,0.6491976156830788,TB
mendeley_normal_00274,0.9093894511461258,TB
mendeley_normal_00275,0.782712385058403,TB
mendeley_normal_00276,0.30273858457803726,Normal
mendeley_normal_00277,0.9500719755887985,TB
mendeley_normal_00278,0.4943550229072571,Normal
mendeley_normal_00279,0.8347714990377426,TB
mendeley_normal_00280,0.964453250169754,TB
mendeley_normal_00281,0.7139232307672501,TB
mendeley_normal_00282,0.7591231465339661,TB
mendeley_normal_00283,0.6659968122839928,TB
mendeley_normal_00284,0.923921063542366,TB
mendeley_normal_00285,0.42359670996665955,Normal
mendeley_normal_00286,0.748378723859787,TB
mendeley_normal_00287,0.26029177755117416,Normal
mendeley_normal_00288,0.6455030739307404,TB
mendeley_normal_00289,0.6780745387077332,TB
mendeley_normal_00290,0.3950740173459053,Normal
mendeley_normal_00291,0.5020540058612823,TB
mendeley_normal_00292,0.8418053686618805,TB
mendeley_normal_00293,0.8033841103315353,TB
mendeley_normal_00294,0.8833346962928772,TB
mendeley_normal_00295,0.8024942576885223,TB
mendeley_normal_00296,0.39961861819028854,Normal
mendeley_normal_00297,0.927972137928009,TB
mendeley_normal_00298,0.8315549194812775,TB
mendeley_normal_00299,0.7133525758981705,TB
mendeley_normal_00300,0.9156170189380646,TB
mendeley_normal_00301,0.3931664600968361,Normal
mendeley_normal_00302,0.5588843002915382,TB
mendeley_normal_00303,0.24625857546925545,Normal
mendeley_normal_00304,0.8188142627477646,TB
mendeley_normal_00305,0.8465569019317627,TB
mendeley_normal_00306,0.8497393429279327,TB
mendeley_normal_00307,0.8171474784612656,TB
mendeley_normal_00308,0.35541240498423576,Normal
mendeley_normal_00309,0.9471355378627777,TB
mendeley_normal_00310,0.8388346135616302,TB
mendeley_normal_00311,0.910337045788765,TB
mendeley_normal_00312,0.8685021698474884,TB
mendeley_normal_00313,0.7487747669219971,TB
mendeley_normal_00314,0.7938432395458221,TB
mendeley_normal_00315,0.5813343971967697,TB
mendeley_normal_00316,0.3515661917626858,Normal
mendeley_normal_00317,0.7056591510772705,TB
mendeley_normal_00318,0.7069762572646141,TB
mendeley_normal_00319,0.5722073763608932,TB
mendeley_normal_00320,0.8258613497018814,TB
mendeley_normal_00321,0.8496503382921219,TB
mendeley_normal_00322,0.3785979710519314,Normal
mendeley_normal_00323,0.8052551597356796,TB
mendeley_normal_00324,0.5881461650133133,TB
mendeley_normal_00325,0.8873999565839767,TB
mendeley_normal_00326,0.8688565343618393,TB
mendeley_normal_00327,0.48579634726047516,Normal
mendeley_normal_00328,0.847723126411438,TB
mendeley_normal_00329,0.7258959263563156,TB
mendeley_normal_00330,0.22792504355311394,Normal
mendeley_normal_00331,0.7997615486383438,TB
mendeley_normal_00332,0.48148826137185097,Normal
mendeley_normal_00333,0.6697289496660233,TB
mendeley_normal_00334,0.8559250682592392,TB
mendeley_normal_00335,0.6425289958715439,TB
mendeley_normal_00336,0.8937124609947205,TB
mendeley_normal_00337,0.4783268868923187,Normal
mendeley_normal_00338,0.7303522154688835,TB
mendeley_normal_00339,0.473898246884346,Normal
mendeley_normal_00340,0.17322690319269896,Normal
mendeley_normal_00341,0.5928463786840439,TB
mendeley_normal_00342,0.6770881563425064,TB
mendeley_normal_00343,0.49917365051805973,Normal
mendeley_normal_00344,0.666518360376358,TB
mendeley_normal_00345,0.2003694586455822,Normal
mendeley_normal_00346,0.8088012784719467,TB
mendeley_normal_00347,0.49777109175920486,Normal
mendeley_normal_00348,0.8469954431056976,TB
mendeley_normal_00349,0.847477987408638,TB
mendeley_normal_00350,0.8921007812023163,TB
mendeley_normal_00351,0.8308805823326111,TB
mendeley_normal_00352,0.7341286987066269,TB
mendeley_normal_00353,0.7808108627796173,TB
mendeley_normal_00354,0.43423227965831757,Normal
mendeley_normal_00355,0.653723731637001,TB
mendeley_normal_00356,0.7825562208890915,TB
mendeley_normal_00357,0.757869079709053,TB
mendeley_normal_00358,0.7747649550437927,TB
mendeley_normal_00359,0.7829053103923798,TB
mendeley_normal_00360,0.8284005373716354,TB
mendeley_normal_00361,0.8416589200496674,TB
mendeley_normal_00362,0.8329542726278305,TB
mendeley_normal_00363,0.8085904568433762,TB
mendeley_normal_00364,0.8285198509693146,TB
mendeley_normal_00365,0.7302842736244202,TB
mendeley_normal_00366,0.30074671283364296,Normal
mendeley_normal_00367,0.495928255841136,Normal
mendeley_normal_00368,0.6075359061360359,TB
mendeley_normal_00369,0.6778005808591843,TB
mendeley_normal_00370,0.7941700220108032,TB
mendeley_normal_00371,0.7845311462879181,TB
mendeley_normal_00372,0.7742790579795837,TB
mendeley_normal_00373,0.5035172253847122,TB
mendeley_normal_00374,0.8735006898641586,TB
mendeley_normal_00375,0.6563614904880524,TB
mendeley_normal_00376,0.8196213841438293,TB
mendeley_normal_00377,0.5064495280385017,TB
mendeley_normal_00378,0.6835366301238537,TB
mendeley_normal_00379,0.8133855313062668,TB
mendeley_normal_00380,0.4380592703819275,Normal
mendeley_normal_00381,0.9362562745809555,TB
mendeley_normal_00382,0.6742618530988693,TB
mendeley_normal_00383,0.8159354031085968,TB
mendeley_normal_00384,0.9438007324934006,TB
mendeley_normal_00385,0.6350309997797012,TB
mendeley_normal_00386,0.6418996527791023,TB
mendeley_normal_00387,0.5191484913229942,TB
mendeley_normal_00388,0.8903210014104843,TB
mendeley_normal_00389,0.849608838558197,TB
mendeley_normal_00390,0.8724297285079956,TB
mendeley_normal_00391,0.7101143151521683,TB
mendeley_normal_00392,0.4835439771413803,Normal
mendeley_normal_00393,0.7685535848140717,TB
mendeley_normal_00394,0.7230454534292221,TB
mendeley_normal_00395,0.7738149017095566,TB
mendeley_normal_00396,0.8852228373289108,TB
mendeley_normal_00397,0.35636376217007637,Normal
mendeley_normal_00398,0.946242019534111,TB
mendeley_normal_00399,0.899153858423233,TB
mendeley_normal_00400,0.4913693331182003,Normal
mendeley_normal_00401,0.7019516155123711,TB
mendeley_normal_00402,0.825676366686821,TB
mendeley_normal_00403,0.2043729554861784,Normal
mendeley_normal_00404,0.22932971827685833,Normal
mendeley_normal_00405,0.691996231675148,TB
mendeley_normal_00406,0.9395207613706589,TB
mendeley_normal_00407,0.9160817265510559,TB
mendeley_normal_00408,0.6586541831493378,TB
mendeley_normal_00409,0.8733314126729965,TB
mendeley_normal_00410,0.658630758523941,TB
mendeley_normal_00411,0.4419788345694542,Normal
mendeley_normal_00412,0.3398423958569765,Normal
mendeley_normal_00413,0.39111413806676865,Normal
mendeley_normal_00414,0.22019819263368845,Normal
mendeley_normal_00415,0.7965167462825775,TB
mendeley_normal_00416,0.1364971175789833,Normal
mendeley_normal_00417,0.7399329394102097,TB
mendeley_normal_00418,0.4178233668208122,Normal
mendeley_normal_00419,0.9295137524604797,TB
mendeley_normal_00420,0.7852656841278076,TB
mendeley_normal_00421,0.6350769400596619,TB
mendeley_normal_00422,0.9066064357757568,TB
mendeley_normal_00423,0.7053411155939102,TB
mendeley_normal_00424,0.3544876128435135,Normal
mendeley_normal_00425,0.6939646676182747,TB
mendeley_normal_00426,0.4614391177892685,Normal
mendeley_normal_00427,0.5223532766103745,TB
mendeley_normal_00428,0.6396592780947685,TB
mendeley_normal_00429,0.8945133537054062,TB
mendeley_normal_00430,0.5755912661552429,TB
mendeley_normal_00431,0.8098968118429184,TB
mendeley_normal_00432,0.35932870395481586,Normal
mendeley_normal_00433,0.10603872127830982,Normal
mendeley_normal_00434,0.8804724663496017,TB
mendeley_normal_00435,0.2591058053076267,Normal
mendeley_normal_00436,0.7167622894048691,TB
mendeley_normal_00437,0.6844775900244713,TB
mendeley_normal_00438,0.9376165270805359,TB
mendeley_normal_00439,0.5079113207757473,TB
mendeley_normal_00440,0.5330252349376678,TB
mendeley_normal_00441,0.52199337631464,TB
mendeley_normal_00442,0.09068848378956318,Normal
mendeley_normal_00443,0.3539807088673115,Normal
mendeley_normal_00444,0.9333162009716034,TB
mendeley_normal_00445,0.1464227307587862,Normal
mendeley_normal_00446,0.9206579923629761,TB
mendeley_normal_00447,0.4531473070383072,Normal
mendeley_normal_00448,0.8078881055116653,TB
mendeley_normal_00449,0.8689523488283157,TB
mendeley_normal_00450,0.6357045248150826,TB
mendeley_normal_00451,0.5143159404397011,TB
mendeley_normal_00452,0.4214946962893009,Normal
mendeley_normal_00453,0.42708441615104675,Normal
mendeley_normal_00454,0.12958618812263012,Normal
mendeley_normal_00455,0.7874817252159119,TB
mendeley_normal_00456,0.21716078743338585,Normal
mendeley_normal_00457,0.7967470437288284,TB
mendeley_normal_00458,0.4080463722348213,Normal
mendeley_normal_00459,0.8657630085945129,TB
mendeley_normal_00460,0.7845329195261002,TB
mendeley_normal_00461,0.7079019248485565,TB
mendeley_normal_00462,0.12950515560805798,Normal
mendeley_normal_00463,0.6217447519302368,TB
mendeley_normal_00464,0.6243791431188583,TB
mendeley_normal_00465,0.6573214083909988,TB
mendeley_normal_00466,0.7427003681659698,TB
mendeley_normal_00467,0.7240804135799408,TB
mendeley_normal_00468,0.9101016968488693,TB
mendeley_normal_00469,0.41463826410472393,Normal
mendeley_normal_00470,0.9151680916547775,TB
mendeley_normal_00471,0.24819706520065665,Normal
mendeley_normal_00472,0.5908714309334755,TB
mendeley_normal_00473,0.6200064942240715,TB
mendeley_normal_00474,0.6954364702105522,TB
mendeley_normal_00475,0.4081248492002487,Normal
mendeley_normal_00476,0.37002862617373466,Normal
mendeley_normal_00477,0.3666986469179392,Normal
mendeley_normal_00478,0.562058761715889,TB
mendeley_normal_00479,0.8455624282360077,TB
mendeley_normal_00480,0.6807773560285568,TB
mendeley_normal_00481,0.8410987257957458,TB
mendeley_normal_00482,0.4656897261738777,Normal
mendeley_normal_00483,0.9074158817529678,TB
mendeley_normal_00484,0.8695665299892426,TB
mendeley_normal_00485,0.3081787172704935,Normal
mendeley_normal_00486,0.5723403096199036,TB
mendeley_normal_00487,0.12958618812263012,Normal
mendeley_normal_00488,0.21716078743338585,Normal
mendeley_normal_00489,0.7967470437288284,TB
mendeley_normal_00490,0.4080463722348213,Normal
mendeley_normal_00491,0.8974021524190903,TB
mendeley_normal_00492,0.8657630085945129,TB
mendeley_normal_00493,0.8533089309930801,TB
mendeley_normal_00494,0.624687485396862,TB
mendeley_normal_00495,0.8593414425849915,TB
mendeley_normal_00496,0.6317985132336617,TB
mendeley_normal_00497,0.249276933260262,Normal
mendeley_normal_00498,0.49921728670597076,Normal
mendeley_normal_00499,0.6980996876955032,TB
mendeley_normal_00500,0.8784983903169632,TB
mendeley_normal_00501,0.829296886920929,TB
mendeley_normal_00502,0.6567459106445312,TB
mendeley_normal_00503,0.7697092145681381,TB
mendeley_normal_00504,0.348898209631443,Normal
mendeley_normal_00505,0.6670604944229126,TB
mendeley_normal_00506,0.6223829463124275,TB
mendeley_normal_00507,0.40287208557128906,Normal
mendeley_normal_00508,0.14311036095023155,Normal
mendeley_normal_00509,0.3243465684354305,Normal
mendeley_normal_00510,0.428495816886425,Normal
mendeley_normal_00511,0.5816000327467918,TB
mendeley_normal_00512,0.9149452298879623,TB
mendeley_tb_00000,0.9382026195526123,TB
mendeley_tb_00001,0.9311330169439316,TB
mendeley_tb_00002,0.894939199090004,TB
mendeley_tb_00003,0.9501470476388931,TB
mendeley_tb_00004,0.9133938103914261,TB
mendeley_tb_00005,0.4489145614206791,Normal
mendeley_tb_00006,0.5656774342060089,TB
mendeley_tb_00007,0.06856850581243634,Normal
mendeley_tb_00008,0.9524638503789902,TB
mendeley_tb_00009,0.9654278308153152,TB
mendeley_tb_00010,0.9378659725189209,TB
mendeley_tb_00011,0.9368544518947601,TB
mendeley_tb_00012,0.9351614564657211,TB
mendeley_tb_00013,0.9576074630022049,TB
mendeley_tb_00014,0.8968240022659302,TB
mendeley_tb_00015,0.955075740814209,TB
mendeley_tb_00016,0.8753132969141006,TB
mendeley_tb_00017,0.9297047108411789,TB
mendeley_tb_00018,0.9635881334543228,TB
mendeley_tb_00019,0.9333512932062149,TB
mendeley_tb_00020,0.8885833472013474,TB
mendeley_tb_00021,0.9578638821840286,TB
mendeley_tb_00022,0.8187699317932129,TB
mendeley_tb_00023,0.9471536427736282,TB
mendeley_tb_00024,0.9145807027816772,TB
mendeley_tb_00025,0.8553855568170547,TB
mendeley_tb_00026,0.40844545513391495,Normal
mendeley_tb_00027,0.9524370729923248,TB
mendeley_tb_00028,0.8305405676364899,TB
mendeley_tb_00029,0.9467426687479019,TB
mendeley_tb_00030,0.6104045659303665,TB
mendeley_tb_00031,0.9223035126924515,TB
mendeley_tb_00032,0.8158577680587769,TB
mendeley_tb_00033,0.9185512363910675,TB
mendeley_tb_00034,0.8721404373645782,TB
mendeley_tb_00035,0.8260855078697205,TB
mendeley_tb_00036,0.943783238530159,TB
mendeley_tb_00037,0.941197082400322,TB
mendeley_tb_00038,0.9314251244068146,TB
mendeley_tb_00039,0.853791281580925,TB
mendeley_tb_00040,0.9699656367301941,TB
mendeley_tb_00041,0.9219270348548889,TB
mendeley_tb_00042,0.9347752332687378,TB
mendeley_tb_00043,0.5439325347542763,TB
mendeley_tb_00044,0.8674475401639938,TB
mendeley_tb_00045,0.9593467861413956,TB
mendeley_tb_00046,0.8685696423053741,TB
mendeley_tb_00047,0.9658345878124237,TB
mendeley_tb_00048,0.8346979767084122,TB
mendeley_tb_00049,0.7749139368534088,TB
mendeley_tb_00050,0.9303864389657974,TB
mendeley_tb_00051,0.8775007426738739,TB
mendeley_tb_00052,0.8524639308452606,TB
mendeley_tb_00053,0.8666792958974838,TB
mendeley_tb_00054,0.5751072466373444,TB
mendeley_tb_00055,0.9367094933986664,TB
mendeley_tb_00056,0.9737190008163452,TB
mendeley_tb_00057,0.9307842403650284,TB
mendeley_tb_00058,0.9669651389122009,TB
mendeley_tb_00059,0.9286523163318634,TB
mendeley_tb_00060,0.8467944711446762,TB
mendeley_tb_00061,0.9481168687343597,TB
mendeley_tb_00062,0.9531689435243607,TB
mendeley_tb_00063,0.8638667464256287,TB
mendeley_tb_00064,0.9457192271947861,TB
mendeley_tb_00065,0.544770859181881,TB
mendeley_tb_00066,0.9353338181972504,TB
mendeley_tb_00067,0.38170038163661957,Normal
mendeley_tb_00068,0.9132672846317291,TB
mendeley_tb_00069,0.886364534497261,TB
mendeley_tb_00070,0.5422418043017387,TB
mendeley_tb_00071,0.9030486941337585,TB
mendeley_tb_00072,0.943223625421524,TB
mendeley_tb_00073,0.9281175434589386,TB
mendeley_tb_00074,0.9199134707450867,TB
mendeley_tb_00075,0.9512583166360855,TB
mendeley_tb_00076,0.9504326730966568,TB
mendeley_tb_00077,0.9237584471702576,TB
mendeley_tb_00078,0.9371410012245178,TB
mendeley_tb_00079,0.7780678570270538,TB
mendeley_tb_00080,0.9469047486782074,TB
mendeley_tb_00081,0.9057393074035645,TB
mendeley_tb_00082,0.8409657925367355,TB
mendeley_tb_00083,0.9549651592969894,TB
mendeley_tb_00084,0.9481770843267441,TB
mendeley_tb_00085,0.7931462228298187,TB
mendeley_tb_00086,0.9578293561935425,TB
mendeley_tb_00087,0.9634959995746613,TB
mendeley_tb_00088,0.9594103246927261,TB
mendeley_tb_00089,0.7082567289471626,TB
mendeley_tb_00090,0.8301583826541901,TB
mendeley_tb_00091,0.9090174436569214,TB
mendeley_tb_00092,0.9633159041404724,TB
mendeley_tb_00093,0.9558397680521011,TB
mendeley_tb_00094,0.8016848266124725,TB
mendeley_tb_00095,0.7008308321237564,TB
mendeley_tb_00096,0.5114734172821045,TB
mendeley_tb_00097,0.9531149566173553,TB
mendeley_tb_00098,0.7373202592134476,TB
mendeley_tb_00099,0.9408043324947357,TB
mendeley_tb_00100,0.8991045504808426,TB
mendeley_tb_00101,0.9566291123628616,TB
mendeley_tb_00102,0.9413985311985016,TB
mendeley_tb_00103,0.6940359063446522,TB
mendeley_tb_00104,0.8975737541913986,TB
mendeley_tb_00105,0.7579781264066696,TB
mendeley_tb_00106,0.6407881528139114,TB
mendeley_tb_00107,0.7747523188591003,TB
mendeley_tb_00108,0.9259810000658035,TB
mendeley_tb_00109,0.897042378783226,TB
mendeley_tb_00110,0.8876573592424393,TB
mendeley_tb_00111,0.9148577749729156,TB
mendeley_tb_00112,0.4682789295911789,Normal
mendeley_tb_00113,0.6560396626591682,TB
mendeley_tb_00114,0.9699938595294952,TB
mendeley_tb_00115,0.9617444723844528,TB
mendeley_tb_00116,0.8946853131055832,TB
mendeley_tb_00117,0.9246684312820435,TB
mendeley_tb_00118,0.9617292284965515,TB
mendeley_tb_00119,0.9553924649953842,TB
mendeley_tb_00120,0.9760504364967346,TB
mendeley_tb_00121,0.9203362315893173,TB
mendeley_tb_00122,0.8698726147413254,TB
mendeley_tb_00123,0.960398718714714,TB
mendeley_tb_00124,0.8582576513290405,TB
mendeley_tb_00125,0.8408186137676239,TB
mendeley_tb_00126,0.6664406806230545,TB
mendeley_tb_00127,0.9218741357326508,TB
mendeley_tb_00128,0.43363410979509354,Normal
mendeley_tb_00129,0.4185687117278576,Normal
mendeley_tb_00130,0.9696005433797836,TB
mendeley_tb_00131,0.9218704700469971,TB
mendeley_tb_00132,0.9646373242139816,TB
mendeley_tb_00133,0.9432129561901093,TB
mendeley_tb_00134,0.9131874740123749,TB
mendeley_tb_00135,0.9131618738174438,TB
mendeley_tb_00136,0.3796011358499527,Normal
mendeley_tb_00137,0.3499322012066841,Normal
mendeley_tb_00138,0.9387002438306808,TB
mendeley_tb_00139,0.9387080371379852,TB
mendeley_tb_00140,0.9461009204387665,TB
mendeley_tb_00141,0.9498060196638107,TB
mendeley_tb_00142,0.9659554064273834,TB
mendeley_tb_00143,0.9682499319314957,TB
mendeley_tb_00144,0.9571456015110016,TB
mendeley_tb_00145,0.9458634853363037,TB
mendeley_tb_00146,0.8972154408693314,TB
mendeley_tb_00147,0.9508777409791946,TB
mendeley_tb_00148,0.9487007558345795,TB
mendeley_tb_00149,0.903313934803009,TB
mendeley_tb_00150,0.9054689556360245,TB
mendeley_tb_00151,0.9660156518220901,TB
mendeley_tb_00152,0.9219378530979156,TB
mendeley_tb_00153,0.8989063650369644,TB
mendeley_tb_00154,0.931585818529129,TB
mendeley_tb_00155,0.7091668099164963,TB
mendeley_tb_00156,0.8911727219820023,TB
mendeley_tb_00157,0.9468413889408112,TB
mendeley_tb_00158,0.735121563076973,TB
mendeley_tb_00159,0.8381425440311432,TB
mendeley_tb_00160,0.9512111842632294,TB
mendeley_tb_00161,0.9506960660219193,TB
mendeley_tb_00162,0.9599524438381195,TB
mendeley_tb_00163,0.5187914073467255,TB
mendeley_tb_00164,0.9208403378725052,TB
mendeley_tb_00165,0.9712997674942017,TB
mendeley_tb_00166,0.653239332139492,TB
mendeley_tb_00167,0.8435628414154053,TB
mendeley_tb_00168,0.9459223747253418,TB
mendeley_tb_00169,0.8822671473026276,TB
mendeley_tb_00170,0.8636509627103806,TB
mendeley_tb_00171,0.9200839251279831,TB
mendeley_tb_00172,0.9284477680921555,TB
mendeley_tb_00173,0.9379818886518478,TB
mendeley_tb_00174,0.6714916303753853,TB
mendeley_tb_00175,0.8717599809169769,TB
mendeley_tb_00176,0.4362449608743191,Normal
mendeley_tb_00177,0.9604690670967102,TB
mendeley_tb_00178,0.7132429927587509,TB
mendeley_tb_00179,0.9592402428388596,TB
mendeley_tb_00180,0.966343879699707,TB
mendeley_tb_00181,0.817607194185257,TB
mendeley_tb_00182,0.9204023033380508,TB
mendeley_tb_00183,0.868570476770401,TB
mendeley_tb_00184,0.5463051721453667,TB
mendeley_tb_00185,0.8076426833868027,TB
mendeley_tb_00186,0.9146677702665329,TB
mendeley_tb_00187,0.6742500141263008,TB
mendeley_tb_00188,0.949045941233635,TB
mendeley_tb_00189,0.9189615100622177,TB
mendeley_tb_00190,0.9424397647380829,TB
mendeley_tb_00191,0.5409790128469467,TB
mendeley_tb_00192,0.8586901873350143,TB
mendeley_tb_00193,0.9103394597768784,TB
mendeley_tb_00194,0.9233132153749466,TB
mendeley_tb_00195,0.9467832297086716,TB
mendeley_tb_00196,0.9713348299264908,TB
mendeley_tb_00197,0.9370364546775818,TB
mendeley_tb_00198,0.8923160582780838,TB
mendeley_tb_00199,0.9456246346235275,TB
mendeley_tb_00200,0.9544920474290848,TB
mendeley_tb_00201,0.8797686845064163,TB
mendeley_tb_00202,0.9599695801734924,TB
mendeley_tb_00203,0.9606918841600418,TB
mendeley_tb_00204,0.8862226754426956,TB
mendeley_tb_00205,0.8594118058681488,TB
mendeley_tb_00206,0.9614177942276001,TB
mendeley_tb_00207,0.9426274001598358,TB
mendeley_tb_00208,0.8117423802614212,TB
mendeley_tb_00209,0.9146827161312103,TB
mendeley_tb_00210,0.9319916218519211,TB
mendeley_tb_00211,0.3548194617033005,Normal
mendeley_tb_00212,0.9351267665624619,TB
mendeley_tb_00213,0.964382991194725,TB
mendeley_tb_00214,0.9067079424858093,TB
mendeley_tb_00215,0.9091075509786606,TB
mendeley_tb_00216,0.9430152475833893,TB
mendeley_tb_00217,0.9239328950643539,TB
mendeley_tb_00218,0.5257851704955101,TB
mendeley_tb_00219,0.907090499997139,TB
mendeley_tb_00220,0.6390338391065598,TB
mendeley_tb_00221,0.9564255028963089,TB
mendeley_tb_00222,0.8732246160507202,TB
mendeley_tb_00223,0.9172099232673645,TB
mendeley_tb_00224,0.6318279057741165,TB
mendeley_tb_00225,0.9125052839517593,TB
mendeley_tb_00226,0.933532327413559,TB
mendeley_tb_00227,0.1283087683841586,Normal
mendeley_tb_00228,0.9195494502782822,TB
mendeley_tb_00229,0.9274395257234573,TB
mendeley_tb_00230,0.9677527397871017,TB
mendeley_tb_00231,0.938708707690239,TB
mendeley_tb_00232,0.9105952829122543,TB
mendeley_tb_00233,0.549188993871212,TB
mendeley_tb_00234,0.9153680503368378,TB
mendeley_tb_00235,0.9589141756296158,TB
mendeley_tb_00236,0.858444094657898,TB
mendeley_tb_00237,0.8824998736381531,TB
mendeley_tb_00238,0.9255893379449844,TB
mendeley_tb_00239,0.16589636635035276,Normal
mendeley_tb_00240,0.5712793692946434,TB
mendeley_tb_00241,0.9589961171150208,TB
mendeley_tb_00242,0.8789843767881393,TB
mendeley_tb_00243,0.9647931754589081,TB
mendeley_tb_00244,0.9016692936420441,TB
mendeley_tb_00245,0.343176506459713,Normal
mendeley_tb_00246,0.8646395355463028,TB
mendeley_tb_00247,0.9377574771642685,TB
mendeley_tb_00248,0.908429741859436,TB
mendeley_tb_00249,0.9149440973997116,TB
mendeley_tb_00250,0.8322441875934601,TB
mendeley_tb_00251,0.9486312866210938,TB
mendeley_tb_00252,0.7957089692354202,TB
mendeley_tb_00253,0.8978383094072342,TB
mendeley_tb_00254,0.9634599983692169,TB
mendeley_tb_00255,0.40522631257772446,Normal
mendeley_tb_00256,0.9588160812854767,TB
mendeley_tb_00257,0.9410035759210587,TB
mendeley_tb_00258,0.9203986376523972,TB
mendeley_tb_00259,0.9366803467273712,TB
mendeley_tb_00260,0.9267032295465469,TB
mendeley_tb_00261,0.9264413714408875,TB
mendeley_tb_00262,0.7391576394438744,TB
mendeley_tb_00263,0.9703248590230942,TB
mendeley_tb_00264,0.8986826837062836,TB
mendeley_tb_00265,0.9545595943927765,TB
mendeley_tb_00266,0.9666233211755753,TB
mendeley_tb_00267,0.8352260738611221,TB
mendeley_tb_00268,0.8195960819721222,TB
mendeley_tb_00269,0.8950217515230179,TB
mendeley_tb_00270,0.9426120966672897,TB
mendeley_tb_00271,0.9386121481657028,TB
mendeley_tb_00272,0.948173850774765,TB
mendeley_tb_00273,0.9244284331798553,TB
mendeley_tb_00274,0.9531909227371216,TB
mendeley_tb_00275,0.9205650687217712,TB
mendeley_tb_00276,0.9153378903865814,TB
mendeley_tb_00277,0.9313359558582306,TB
mendeley_tb_00278,0.9302261024713516,TB
mendeley_tb_00279,0.9083990454673767,TB
mendeley_tb_00280,0.8455438017845154,TB
mendeley_tb_00281,0.7895740568637848,TB
mendeley_tb_00282,0.9500549882650375,TB
mendeley_tb_00283,0.46962885558605194,Normal
mendeley_tb_00284,0.8256283104419708,TB
mendeley_tb_00285,0.9440813958644867,TB
mendeley_tb_00286,0.9309634864330292,TB
mendeley_tb_00287,0.9295269548892975,TB
mendeley_tb_00288,0.6226878464221954,TB
mendeley_tb_00289,0.9063173234462738,TB
mendeley_tb_00290,0.761521652340889,TB
mendeley_tb_00291,0.9491004049777985,TB
mendeley_tb_00292,0.8250927627086639,TB
mendeley_tb_00293,0.8664959669113159,TB
mendeley_tb_00294,0.5298071727156639,TB
mendeley_tb_00295,0.5924459025263786,TB
mendeley_tb_00296,0.8855495154857635,TB
mendeley_tb_00297,0.8500603884458542,TB
mendeley_tb_00298,0.23256546165794134,Normal
mendeley_tb_00299,0.9642042219638824,TB
mendeley_tb_00300,0.9502652138471603,TB
mendeley_tb_00301,0.9115215241909027,TB
mendeley_tb_00302,0.8246431201696396,TB
mendeley_tb_00303,0.9318250417709351,TB
mendeley_tb_00304,0.9616387188434601,TB
mendeley_tb_00305,0.939030259847641,TB
mendeley_tb_00306,0.9466733783483505,TB
mendeley_tb_00307,0.9138186872005463,TB
mendeley_tb_00308,0.9056856483221054,TB
mendeley_tb_00309,0.9281815737485886,TB
mendeley_tb_00310,0.9309981912374496,TB
mendeley_tb_00311,0.9018096327781677,TB
mendeley_tb_00312,0.9147329777479172,TB
mendeley_tb_00313,0.8829670250415802,TB
mendeley_tb_00314,0.8443039953708649,TB
mendeley_tb_00315,0.8469071388244629,TB
mendeley_tb_00316,0.9601113051176071,TB
mendeley_tb_00317,0.9325774759054184,TB
mendeley_tb_00318,0.9209486693143845,TB
mendeley_tb_00319,0.9714495241641998,TB
mendeley_tb_00320,0.9252489805221558,TB
mendeley_tb_00321,0.9395201057195663,TB
mendeley_tb_00322,0.923457071185112,TB
mendeley_tb_00323,0.9035060107707977,TB
mendeley_tb_00324,0.9601978957653046,TB
mendeley_tb_00325,0.8409129232168198,TB
mendeley_tb_00326,0.9462790638208389,TB
mendeley_tb_00327,0.9419663697481155,TB
mendeley_tb_00328,0.8973374366760254,TB
mendeley_tb_00329,0.9094347953796387,TB
mendeley_tb_00330,0.7356420308351517,TB
mendeley_tb_00331,0.8536030054092407,TB
mendeley_tb_00332,0.8025694340467453,TB
mendeley_tb_00333,0.9230954051017761,TB
mendeley_tb_00334,0.8633470833301544,TB
mendeley_tb_00335,0.8406411111354828,TB
mendeley_tb_00336,0.9587083756923676,TB
mendeley_tb_00337,0.7634546905755997,TB
mendeley_tb_00338,0.9354102313518524,TB
mendeley_tb_00339,0.9455522745847702,TB
mendeley_tb_00340,0.9531955718994141,TB
mendeley_tb_00341,0.44783102348446846,Normal
mendeley_tb_00342,0.9349355101585388,TB
mendeley_tb_00343,0.8785960525274277,TB
mendeley_tb_00344,0.9422686994075775,TB
mendeley_tb_00345,0.9439137727022171,TB
mendeley_tb_00346,0.9378087818622589,TB
mendeley_tb_00347,0.8820711523294449,TB
mendeley_tb_00348,0.3279822375625372,Normal
mendeley_tb_00349,0.9268496632575989,TB
mendeley_tb_00350,0.9366888105869293,TB
mendeley_tb_00351,0.6861279457807541,TB
mendeley_tb_00352,0.2859388869255781,Normal
mendeley_tb_00353,0.6699978560209274,TB
mendeley_tb_00354,0.693939745426178,TB
mendeley_tb_00355,0.904334545135498,TB
mendeley_tb_00356,0.8036608472466469,TB
mendeley_tb_00357,0.9399990290403366,TB
mendeley_tb_00358,0.9260366559028625,TB
mendeley_tb_00359,0.910258024930954,TB
mendeley_tb_00360,0.7906737923622131,TB
mendeley_tb_00361,0.9533514082431793,TB
mendeley_tb_00362,0.9224521815776825,TB
mendeley_tb_00363,0.920683741569519,TB
mendeley_tb_00364,0.8156398087739944,TB
mendeley_tb_00365,0.9598351716995239,TB
mendeley_tb_00366,0.923929825425148,TB
mendeley_tb_00367,0.9570385068655014,TB
mendeley_tb_00368,0.9740413874387741,TB
mendeley_tb_00369,0.9453498423099518,TB
mendeley_tb_00370,0.8661723881959915,TB
mendeley_tb_00371,0.9609338939189911,TB
mendeley_tb_00372,0.9022642076015472,TB
mendeley_tb_00373,0.936605840921402,TB
mendeley_tb_00374,0.969085231423378,TB
mendeley_tb_00375,0.641075424849987,TB
mendeley_tb_00376,0.953934982419014,TB
mendeley_tb_00377,0.9463481456041336,TB
mendeley_tb_00378,0.8886546641588211,TB
mendeley_tb_00379,0.49667542427778244,Normal
mendeley_tb_00380,0.8927071243524551,TB
mendeley_tb_00381,0.96193727850914,TB
mendeley_tb_00382,0.9451216012239456,TB
mendeley_tb_00383,0.9634081870317459,TB
mendeley_tb_00384,0.72502601146698,TB
mendeley_tb_00385,0.8234449774026871,TB
mendeley_tb_00386,0.8781868070363998,TB
mendeley_tb_00387,0.9341537207365036,TB
mendeley_tb_00388,0.8819415271282196,TB
mendeley_tb_00389,0.9269211143255234,TB
mendeley_tb_00390,0.9241930842399597,TB
mendeley_tb_00391,0.9570025652647018,TB
mendeley_tb_00392,0.9566076546907425,TB
mendeley_tb_00393,0.9236784130334854,TB
mendeley_tb_00394,0.9331826418638229,TB
mendeley_tb_00395,0.9623429924249649,TB
mendeley_tb_00396,0.9607253521680832,TB
mendeley_tb_00397,0.8598232269287109,TB
mendeley_tb_00398,0.9361562877893448,TB
mendeley_tb_00399,0.9655601233243942,TB
mendeley_tb_00400,0.5229098945856094,TB
mendeley_tb_00401,0.9595135599374771,TB
mendeley_tb_00402,0.94769187271595,TB
mendeley_tb_00403,0.9795945137739182,TB
mendeley_tb_00404,0.9617805927991867,TB
mendeley_tb_00405,0.9352869540452957,TB
mendeley_tb_00406,0.708254262804985,TB
mendeley_tb_00407,0.964263379573822,TB
mendeley_tb_00408,0.82440285384655,TB
mendeley_tb_00409,0.9714873731136322,TB
mendeley_tb_00410,0.9712204188108444,TB
mendeley_tb_00411,0.9173022955656052,TB
mendeley_tb_00412,0.8821575194597244,TB
mendeley_tb_00413,0.89126056432724,TB
mendeley_tb_00414,0.8708978593349457,TB
mendeley_tb_00415,0.9668117016553879,TB
mendeley_tb_00416,0.9631504416465759,TB
mendeley_tb_00417,0.9366379976272583,TB
mendeley_tb_00418,0.9279057532548904,TB
mendeley_tb_00419,0.9351364225149155,TB
mendeley_tb_00420,0.9400729238986969,TB
mendeley_tb_00421,0.9548226445913315,TB
mendeley_tb_00422,0.953363686800003,TB
mendeley_tb_00423,0.860015794634819,TB
mendeley_tb_00424,0.9547368437051773,TB
mendeley_tb_00425,0.9480167180299759,TB
mendeley_tb_00426,0.9461066424846649,TB
mendeley_tb_00427,0.9596082866191864,TB
mendeley_tb_00428,0.9537253379821777,TB
mendeley_tb_00429,0.6417475789785385,TB
mendeley_tb_00430,0.9039797931909561,TB
mendeley_tb_00431,0.9100757539272308,TB
mendeley_tb_00432,0.8876734972000122,TB
mendeley_tb_00433,0.974653422832489,TB
mendeley_tb_00434,0.6805592030286789,TB
mendeley_tb_00435,0.9622970521450043,TB
mendeley_tb_00436,0.9354176968336105,TB
mendeley_tb_00437,0.940406084060669,TB
mendeley_tb_00438,0.9752483814954758,TB
mendeley_tb_00439,0.9455399215221405,TB
mendeley_tb_00440,0.6432311236858368,TB
mendeley_tb_00441,0.9641354084014893,TB
mendeley_tb_00442,0.9356395602226257,TB
mendeley_tb_00443,0.9484298825263977,TB
mendeley_tb_00444,0.935875803232193,TB
mendeley_tb_00445,0.9456973671913147,TB
mendeley_tb_00446,0.7653026059269905,TB
mendeley_tb_00447,0.8866879343986511,TB
mendeley_tb_00448,0.8008294701576233,TB
mendeley_tb_00449,0.9245594441890717,TB
mendeley_tb_00450,0.9362974613904953,TB
mendeley_tb_00451,0.9627586603164673,TB
mendeley_tb_00452,0.9154613316059113,TB
mendeley_tb_00453,0.8535337448120117,TB
mendeley_tb_00454,0.9245062619447708,TB
mendeley_tb_00455,0.952662855386734,TB
mendeley_tb_00456,0.8658474236726761,TB
mendeley_tb_00457,0.9351256191730499,TB
mendeley_tb_00458,0.9731065034866333,TB
mendeley_tb_00459,0.9660359174013138,TB
mendeley_tb_00460,0.9521217942237854,TB
mendeley_tb_00461,0.9116526544094086,TB
mendeley_tb_00462,0.9112402051687241,TB
mendeley_tb_00463,0.941295251250267,TB
mendeley_tb_00464,0.9601263552904129,TB
mendeley_tb_00465,0.9205613732337952,TB
mendeley_tb_00466,0.9275341480970383,TB
mendeley_tb_00467,0.8122655302286148,TB
mendeley_tb_00468,0.9505448490381241,TB
mendeley_tb_00469,0.9200644642114639,TB
mendeley_tb_00470,0.9419794678688049,TB
mendeley_tb_00471,0.9691727459430695,TB
mendeley_tb_00472,0.9262746125459671,TB
mendeley_tb_00473,0.9067592918872833,TB
mendeley_tb_00474,0.9363433718681335,TB
mendeley_tb_00475,0.7918539643287659,TB
mendeley_tb_00476,0.9483018070459366,TB
mendeley_tb_00477,0.9345115423202515,TB
mendeley_tb_00478,0.9197071343660355,TB
mendeley_tb_00479,0.9597883224487305,TB
mendeley_tb_00480,0.7432490736246109,TB
mendeley_tb_00481,0.972633108496666,TB
mendeley_tb_00482,0.6732543706893921,TB
mendeley_tb_00483,0.9435871243476868,TB
mendeley_tb_00484,0.9084674417972565,TB
mendeley_tb_00485,0.9290450513362885,TB
mendeley_tb_00486,0.9119485169649124,TB
mendeley_tb_00487,0.9581966996192932,TB
mendeley_tb_00488,0.6415038406848907,TB
mendeley_tb_00489,0.9236284792423248,TB
mendeley_tb_00490,0.9218762069940567,TB
mendeley_tb_00491,0.4998506084084511,Normal
mendeley_tb_00492,0.9471451938152313,TB
mendeley_tb_00493,0.9274126291275024,TB
mendeley_tb_00494,0.9506206810474396,TB
mendeley_tb_00495,0.964327335357666,TB
mendeley_tb_00496,0.9535451829433441,TB
mendeley_tb_00497,0.38291948288679123,Normal
mendeley_tb_00498,0.9252162873744965,TB
mendeley_tb_00499,0.9608817100524902,TB
mendeley_tb_00500,0.8618635088205338,TB
mendeley_tb_00501,0.9363731741905212,TB
mendeley_tb_00502,0.9483915716409683,TB
mendeley_tb_00503,0.8923095613718033,TB
mendeley_tb_00504,0.9429081529378891,TB
mendeley_tb_00505,0.9281162768602371,TB
mendeley_tb_00506,0.9065794348716736,TB
mendeley_tb_00507,0.8657237738370895,TB
mendeley_tb_00508,0.8322559893131256,TB
mendeley_tb_00509,0.9168359041213989,TB
mendeley_tb_00510,0.9546230584383011,TB
mendeley_tb_00511,0.9089769124984741,TB
mendeley_tb_00512,0.7823211848735809,TB
mendeley_tb_00513,0.9249293953180313,TB
mendeley_tb_00514,0.8637428134679794,TB
mendeley_tb_00515,0.8596962839365005,TB
mendeley_tb_00516,0.9041047096252441,TB
mendeley_tb_00517,0.9664215743541718,TB
mendeley_tb_00518,0.925063282251358,TB
mendeley_tb_00519,0.9527906030416489,TB
mendeley_tb_00520,0.923705592751503,TB
mendeley_tb_00521,0.9475115388631821,TB
mendeley_tb_00522,0.9377173483371735,TB
mendeley_tb_00523,0.9602301716804504,TB
mendeley_tb_00524,0.5802163407206535,TB
mendeley_tb_00525,0.7548214942216873,TB
mendeley_tb_00526,0.9350852519273758,TB
mendeley_tb_00527,0.9291734546422958,TB
mendeley_tb_00528,0.935723602771759,TB
mendeley_tb_00529,0.9742901921272278,TB
mendeley_tb_00530,0.9393928498029709,TB
mendeley_tb_00531,0.9754125028848648,TB
mendeley_tb_00532,0.6146863922476768,TB
mendeley_tb_00533,0.8987261801958084,TB
mendeley_tb_00534,0.9101839810609818,TB
mendeley_tb_00535,0.9373833537101746,TB
mendeley_tb_00536,0.9677944779396057,TB
mendeley_tb_00537,0.8450208306312561,TB
mendeley_tb_00538,0.929116502404213,TB
mendeley_tb_00539,0.9235090464353561,TB
mendeley_tb_00540,0.9394877254962921,TB
mendeley_tb_00541,0.9405134320259094,TB
mendeley_tb_00542,0.8503926247358322,TB
mendeley_tb_00543,0.9752092212438583,TB
mendeley_tb_00544,0.9416657090187073,TB
mendeley_tb_00545,0.9406563341617584,TB
mendeley_tb_00546,0.8673212379217148,TB
mendeley_tb_00547,0.8765138387680054,TB
mendeley_tb_00548,0.9556636214256287,TB
mendeley_tb_00549,0.8801878988742828,TB
mendeley_tb_00550,0.9390223324298859,TB
mendeley_tb_00551,0.9614868015050888,TB
mendeley_tb_00552,0.9157110899686813,TB
mendeley_tb_00553,0.9669503569602966,TB
mendeley_tb_00554,0.7222841680049896,TB
mendeley_tb_00555,0.8443043828010559,TB
mendeley_tb_00556,0.8975039422512054,TB
mendeley_tb_00557,0.937439501285553,TB
mendeley_tb_00558,0.7758757621049881,TB
mendeley_tb_00559,0.5057184398174286,TB
mendeley_tb_00560,0.7338281720876694,TB
mendeley_tb_00561,0.8432837426662445,TB
mendeley_tb_00562,0.9488682150840759,TB
mendeley_tb_00563,0.2875641956925392,Normal
mendeley_tb_00564,0.3449362777173519,Normal
mendeley_tb_00565,0.8427925109863281,TB
mendeley_tb_00566,0.7713589817285538,TB
mendeley_tb_00567,0.5650220140814781,TB
mendeley_tb_00568,0.9730111509561539,TB
mendeley_tb_00569,0.8854165822267532,TB
mendeley_tb_00570,0.9243270605802536,TB
mendeley_tb_00571,0.7241667360067368,TB
mendeley_tb_00572,0.9123134315013885,TB
mendeley_tb_00573,0.8093296736478806,TB
mendeley_tb_00574,0.958757758140564,TB
mendeley_tb_00575,0.8951615691184998,TB
mendeley_tb_00576,0.9667910486459732,TB
mendeley_tb_00577,0.8834246248006821,TB
mendeley_tb_00578,0.9459513127803802,TB
mendeley_tb_00579,0.9414990544319153,TB
mendeley_tb_00580,0.9089570641517639,TB
mendeley_tb_00581,0.7114178389310837,TB
mendeley_tb_00582,0.28204355761408806,Normal
mendeley_tb_00583,0.5110076079145074,TB
mendeley_tb_00584,0.863271564245224,TB
mendeley_tb_00585,0.948322057723999,TB
mendeley_tb_00586,0.9400912374258041,TB
mendeley_tb_00587,0.9027547091245651,TB
mendeley_tb_00588,0.9585706889629364,TB
mendeley_tb_00589,0.8054393529891968,TB
mendeley_tb_00590,0.9456954598426819,TB
mendeley_tb_00591,0.7552196681499481,TB
mendeley_tb_00592,0.7699672356247902,TB
mendeley_tb_00593,0.9571179300546646,TB
mendeley_tb_00594,0.8595962375402451,TB
mendeley_tb_00595,0.9461789131164551,TB
mendeley_tb_00596,0.7326395511627197,TB
mendeley_tb_00597,0.9519083350896835,TB
mendeley_tb_00598,0.962209165096283,TB
mendeley_tb_00599,0.9502017945051193,TB
mendeley_tb_00600,0.8731823265552521,TB
mendeley_tb_00601,0.8679517060518265,TB
mendeley_tb_00602,0.9488094300031662,TB
mendeley_tb_00603,0.8943036198616028,TB
mendeley_tb_00604,0.8963298350572586,TB
mendeley_tb_00605,0.9188471436500549,TB
mendeley_tb_00606,0.5368076711893082,TB
mendeley_tb_00607,0.5825733840465546,TB
mendeley_tb_00608,0.9520200788974762,TB
mendeley_tb_00609,0.9599568247795105,TB
mendeley_tb_00610,0.9322494715452194,TB
mendeley_tb_00611,0.3476286046206951,Normal
mendeley_tb_00612,0.9742608368396759,TB
mendeley_tb_00613,0.9366373419761658,TB
mendeley_tb_00614,0.909354031085968,TB
mendeley_tb_00615,0.9649124592542648,TB
mendeley_tb_00616,0.9672234952449799,TB
mendeley_tb_00617,0.9544556438922882,TB
mendeley_tb_00618,0.9486228376626968,TB
mendeley_tb_00619,0.9620522856712341,TB
mendeley_tb_00620,0.9347757697105408,TB
mendeley_tb_00621,0.9649899899959564,TB
mendeley_tb_00622,0.9462597817182541,TB
mendeley_tb_00623,0.889054462313652,TB
mendeley_tb_00624,0.9612936526536942,TB
mendeley_tb_00625,0.920709103345871,TB
mendeley_tb_00626,0.7970079034566879,TB
mendeley_tb_00627,0.9192397594451904,TB
mendeley_tb_00628,0.9712849259376526,TB
mendeley_tb_00629,0.925334244966507,TB
mendeley_tb_00630,0.9522277116775513,TB
mendeley_tb_00631,0.9499663263559341,TB
mendeley_tb_00632,0.9056191146373749,TB
mendeley_tb_00633,0.7982172518968582,TB
mendeley_tb_00634,0.9696416407823563,TB
mendeley_tb_00635,0.8381601423025131,TB
mendeley_tb_00636,0.9708398133516312,TB
mendeley_tb_00637,0.933320552110672,TB
mendeley_tb_00638,0.9617791622877121,TB
mendeley_tb_00639,0.9672482758760452,TB
mendeley_tb_00640,0.9436083436012268,TB
mendeley_tb_00641,0.8971173316240311,TB
mendeley_tb_00642,0.9128302335739136,TB
mendeley_tb_00643,0.8754299283027649,TB
mendeley_tb_00644,0.7850926518440247,TB
mendeley_tb_00645,0.9366079717874527,TB
mendeley_tb_00646,0.9441829323768616,TB
mendeley_tb_00647,0.9580037593841553,TB
mendeley_tb_00648,0.9361308962106705,TB
mendeley_tb_00649,0.9459685683250427,TB
mendeley_tb_00650,0.7896303907036781,TB
mendeley_tb_00651,0.9017372578382492,TB
mendeley_tb_00652,0.9140081405639648,TB
mendeley_tb_00653,0.7233044803142548,TB
mendeley_tb_00654,0.8599325865507126,TB
mendeley_tb_00655,0.8211054056882858,TB
mendeley_tb_00656,0.851079449057579,TB
mendeley_tb_00657,0.8840896487236023,TB
mendeley_tb_00658,0.6146732792258263,TB
mendeley_tb_00659,0.893719807267189,TB
mendeley_tb_00660,0.9497284442186356,TB
mendeley_tb_00661,0.9139849245548248,TB
mendeley_tb_00662,0.6538771092891693,TB
mendeley_tb_00663,0.9339666962623596,TB
mendeley_tb_00664,0.9151162803173065,TB
mendeley_tb_00665,0.8155298978090286,TB
mendeley_tb_00666,0.9573822319507599,TB
mendeley_tb_00667,0.9004961252212524,TB
mendeley_tb_00668,0.5466000363230705,TB
mendeley_tb_00669,0.9345436692237854,TB
mendeley_tb_00670,0.83663110435009,TB
mendeley_tb_00671,0.9376919269561768,TB
mendeley_tb_00672,0.9324077814817429,TB
mendeley_tb_00673,0.9540365487337112,TB
mendeley_tb_00674,0.9371096193790436,TB
mendeley_tb_00675,0.9265911430120468,TB
mendeley_tb_00676,0.9183612912893295,TB
mendeley_tb_00677,0.8973280787467957,TB
mendeley_tb_00678,0.6651877909898758,TB
mendeley_tb_00679,0.9370657354593277,TB
mendeley_tb_00680,0.8705392628908157,TB
mendeley_tb_00681,0.8599613010883331,TB
mendeley_tb_00682,0.8544095307588577,TB
mendeley_tb_00683,0.9580143243074417,TB
mendeley_tb_00684,0.9312645196914673,TB
mendeley_tb_00685,0.9539015293121338,TB
mendeley_tb_00686,0.8712154477834702,TB
mendeley_tb_00687,0.9620047211647034,TB
mendeley_tb_00688,0.9754380583763123,TB
mendeley_tb_00689,0.9197439551353455,TB
mendeley_tb_00690,0.8812721520662308,TB
mendeley_tb_00691,0.8213193267583847,TB
mendeley_tb_00692,0.8849577456712723,TB
mendeley_tb_00693,0.5952575877308846,TB
mendeley_tb_00694,0.9307771027088165,TB
mendeley_tb_00695,0.9620793759822845,TB
mendeley_tb_00696,0.9279974550008774,TB
mendeley_tb_00697,0.9098797738552094,TB
mendeley_tb_00698,0.9061562865972519,TB
mendeley_tb_00699,0.9530113339424133,TB
mendeley_tb_00700,0.9504978358745575,TB
mendeley_tb_00701,0.9305034279823303,TB
mendeley_tb_00702,0.8827902972698212,TB
mendeley_tb_00703,0.7213361039757729,TB
mendeley_tb_00704,0.8206228762865067,TB
mendeley_tb_00705,0.7966925650835037,TB
mendeley_tb_00706,0.8919782191514969,TB
mendeley_tb_00707,0.9766857028007507,TB
mendeley_tb_00708,0.8354749232530594,TB
mendeley_tb_00709,0.919558510184288,TB
mendeley_tb_00710,0.2835028674453497,Normal
mendeley_tb_00711,0.9041522890329361,TB
mendeley_tb_00712,0.9390310496091843,TB
mendeley_tb_00713,0.8356926888227463,TB
mendeley_tb_00714,0.9564951360225677,TB
mendeley_tb_00715,0.3549947328865528,Normal
mendeley_tb_00716,0.17853043228387833,Normal
mendeley_tb_00717,0.6368954554200172,TB
mendeley_tb_00718,0.5516882576048374,TB
mendeley_tb_00719,0.9507627338171005,TB
mendeley_tb_00720,0.9584519118070602,TB
mendeley_tb_00721,0.9402192980051041,TB
mendeley_tb_00722,0.9111086577177048,TB
mendeley_tb_00723,0.9360786229372025,TB
mendeley_tb_00724,0.7649328410625458,TB
mendeley_tb_00725,0.9241180419921875,TB
mendeley_tb_00726,0.5521828979253769,TB
mendeley_tb_00727,0.7040695026516914,TB
mendeley_tb_00728,0.9187841564416885,TB
mendeley_tb_00729,0.9503298550844193,TB
mendeley_tb_00730,0.847522422671318,TB
mendeley_tb_00731,0.9689127951860428,TB
mendeley_tb_00732,0.6042238026857376,TB
mendeley_tb_00733,0.658390462398529,TB
mendeley_tb_00734,0.9606000483036041,TB
mendeley_tb_00735,0.8775044977664948,TB
mendeley_tb_00736,0.9246673882007599,TB
mendeley_tb_00737,0.9568707793951035,TB
mendeley_tb_00738,0.9480312019586563,TB
mendeley_tb_00739,0.9547245651483536,TB
mendeley_tb_00740,0.8318475931882858,TB
mendeley_tb_00741,0.9526194483041763,TB
mendeley_tb_00742,0.8968508690595627,TB
mendeley_tb_00743,0.9578276574611664,TB
mendeley_tb_00744,0.8645904064178467,TB
mendeley_tb_00745,0.9677330404520035,TB
mendeley_tb_00746,0.22107194550335407,Normal
mendeley_tb_00747,0.9670428335666656,TB
mendeley_tb_00748,0.922581136226654,TB
mendeley_tb_00749,0.8677960187196732,TB
mendeley_tb_00750,0.9474176615476608,TB
mendeley_tb_00751,0.9811729341745377,TB
mendeley_tb_00752,0.9543260335922241,TB
mendeley_tb_00753,0.9646562039852142,TB
mendeley_tb_00754,0.9411734938621521,TB
mendeley_tb_00755,0.800634428858757,TB
mendeley_tb_00756,0.9301719963550568,TB
mendeley_tb_00757,0.9083656668663025,TB
mendeley_tb_00758,0.9301310926675797,TB
mendeley_tb_00759,0.9234613925218582,TB
mendeley_tb_00760,0.9722881317138672,TB
mendeley_tb_00761,0.9631226509809494,TB
mendeley_tb_00762,0.9331851303577423,TB
mendeley_tb_00763,0.9515192955732346,TB
mendeley_tb_00764,0.9559369832277298,TB
mendeley_tb_00765,0.932199165225029,TB
mendeley_tb_00766,0.9411123842000961,TB
mendeley_tb_00767,0.7598816305398941,TB
mendeley_tb_00768,0.929376870393753,TB
mendeley_tb_00769,0.9642167091369629,TB
mendeley_tb_00770,0.9580831527709961,TB
mendeley_tb_00771,0.9708692729473114,TB
mendeley_tb_00772,0.95794478058815,TB
mendeley_tb_00773,0.9265113919973373,TB
mendeley_tb_00774,0.9175079762935638,TB
mendeley_tb_00775,0.9453402012586594,TB
mendeley_tb_00776,0.9549170583486557,TB
mendeley_tb_00777,0.7555567026138306,TB
mendeley_tb_00778,0.9352830946445465,TB
mendeley_tb_00779,0.9399326145648956,TB
mendeley_tb_00780,0.9581898152828217,TB
mendeley_tb_00781,0.8502144515514374,TB
mendeley_tb_00782,0.951225072145462,TB
mendeley_tb_00783,0.8054754436016083,TB
mendeley_tb_00784,0.820868507027626,TB
mendeley_tb_00785,0.9670417606830597,TB
mendeley_tb_00786,0.9650507569313049,TB
mendeley_tb_00787,0.9173826426267624,TB
mendeley_tb_00788,0.7731647193431854,TB
mendeley_tb_00789,0.4686988741159439,Normal
mendeley_tb_00790,0.706271231174469,TB
mendeley_tb_00791,0.9595637917518616,TB
mendeley_tb_00792,0.9675057083368301,TB
mendeley_tb_00793,0.9174058586359024,TB
mendeley_tb_00794,0.9051177799701691,TB
mendeley_tb_00795,0.9235483556985855,TB
mendeley_tb_00796,0.9459046721458435,TB
mendeley_tb_00797,0.9685453623533249,TB
mendeley_tb_00798,0.9552855491638184,TB
mendeley_tb_00799,0.9538154602050781,TB
mendeley_tb_00800,0.965561643242836,TB
mendeley_tb_00801,0.9660635441541672,TB
mendeley_tb_00802,0.906212329864502,TB
mendeley_tb_00803,0.9673731178045273,TB
mendeley_tb_00804,0.9678473323583603,TB
mendeley_tb_00805,0.9066905975341797,TB
mendeley_tb_00806,0.9500587433576584,TB
mendeley_tb_00807,0.7871188074350357,TB
mendeley_tb_00808,0.9101245552301407,TB
mendeley_tb_00809,0.9331682771444321,TB
mendeley_tb_00810,0.9592193961143494,TB
mendeley_tb_00811,0.954617828130722,TB
mendeley_tb_00812,0.9771987497806549,TB
mendeley_tb_00813,0.9770411998033524,TB
mendeley_tb_00814,0.8248036652803421,TB
mendeley_tb_00815,0.9058072417974472,TB
mendeley_tb_00816,0.14947953633964062,Normal
mendeley_tb_00817,0.8896004408597946,TB
mendeley_tb_00818,0.9767634123563766,TB
mendeley_tb_00819,0.6627277880907059,TB
mendeley_tb_00820,0.5268104895949364,TB
mendeley_tb_00821,0.6988616734743118,TB
mendeley_tb_00822,0.9108763337135315,TB
mendeley_tb_00823,0.5612517111003399,TB
mendeley_tb_00824,0.6675718948245049,TB
mendeley_tb_00825,0.7589435875415802,TB
mendeley_tb_00826,0.9742643088102341,TB
mendeley_tb_00827,0.9504642337560654,TB
mendeley_tb_00828,0.9606124460697174,TB
mendeley_tb_00829,0.9277608394622803,TB
mendeley_tb_00830,0.9131826311349869,TB
mendeley_tb_00831,0.84351846575737,TB
mendeley_tb_00832,0.9214409291744232,TB
mendeley_tb_00833,0.9638639390468597,TB
mendeley_tb_00834,0.9392015039920807,TB
mendeley_tb_00835,0.9530417025089264,TB
mendeley_tb_00836,0.7609875053167343,TB
mendeley_tb_00837,0.9544557332992554,TB
mendeley_tb_00838,0.8044758290052414,TB
mendeley_tb_00839,0.924178272485733,TB
mendeley_tb_00840,0.8457757085561752,TB
mendeley_tb_00841,0.9560266733169556,TB
mendeley_tb_00842,0.9621650576591492,TB
mendeley_tb_00843,0.8817191272974014,TB
mendeley_tb_00844,0.9623169153928757,TB
mendeley_tb_00845,0.7128065377473831,TB
mendeley_tb_00846,0.876104086637497,TB
mendeley_tb_00847,0.9310370534658432,TB
mendeley_tb_00848,0.9620887488126755,TB
mendeley_tb_00849,0.7698443681001663,TB
mendeley_tb_00850,0.934525191783905,TB
mendeley_tb_00851,0.8444194793701172,TB
mendeley_tb_00852,0.9246024936437607,TB
mendeley_tb_00853,0.6539999097585678,TB
mendeley_tb_00854,0.7939625084400177,TB
mendeley_tb_00855,0.9344971776008606,TB
mendeley_tb_00856,0.909608468413353,TB
mendeley_tb_00857,0.9309386163949966,TB
mendeley_tb_00858,0.8837419897317886,TB
mendeley_tb_00859,0.9461326897144318,TB
mendeley_tb_00860,0.973611444234848,TB
mendeley_tb_00861,0.9133068472146988,TB
mendeley_tb_00862,0.9638130515813828,TB
mendeley_tb_00863,0.8758136183023453,TB
mendeley_tb_00864,0.8972251713275909,TB
mendeley_tb_00865,0.8453770577907562,TB
mendeley_tb_00866,0.9051337987184525,TB
mendeley_tb_00867,0.9726049154996872,TB
mendeley_tb_00868,0.9307882338762283,TB
mendeley_tb_00869,0.7843350917100906,TB
mendeley_tb_00870,0.9483665525913239,TB
mendeley_tb_00871,0.22860518097877502,Normal
mendeley_tb_00872,0.9430299401283264,TB
mendeley_tb_00873,0.9400869607925415,TB
mendeley_tb_00874,0.9102760553359985,TB
mendeley_tb_00875,0.8971650004386902,TB
mendeley_tb_00876,0.9162500351667404,TB
mendeley_tb_00877,0.5625226497650146,TB
mendeley_tb_00878,0.9382867962121964,TB
mendeley_tb_00879,0.7872412353754044,TB
mendeley_tb_00880,0.8989585489034653,TB
mendeley_tb_00881,0.9627152681350708,TB
mendeley_tb_00882,0.9337426871061325,TB
mendeley_tb_00883,0.9339751154184341,TB
mendeley_tb_00884,0.8654319196939468,TB
mendeley_tb_00885,0.9295763522386551,TB
mendeley_tb_00886,0.8997344374656677,TB
mendeley_tb_00887,0.7489002123475075,TB
mendeley_tb_00888,0.9492329657077789,TB
mendeley_tb_00889,0.3062162734568119,Normal
mendeley_tb_00890,0.8179209977388382,TB
mendeley_tb_00891,0.935096800327301,TB
mendeley_tb_00892,0.9461796283721924,TB
mendeley_tb_00893,0.800606831908226,TB
mendeley_tb_00894,0.8820322602987289,TB
mendeley_tb_00895,0.9567836672067642,TB
mendeley_tb_00896,0.9264384061098099,TB
mendeley_tb_00897,0.9465477019548416,TB
mendeley_tb_00898,0.5530200600624084,TB
mendeley_tb_00899,0.9136877208948135,TB
mendeley_tb_00900,0.3221389017999172,Normal
mendeley_tb_00901,0.7279137820005417,TB
mendeley_tb_00902,0.9718063920736313,TB
mendeley_tb_00903,0.23354779183864594,Normal
mendeley_tb_00904,0.825347512960434,TB
mendeley_tb_00905,0.9202257990837097,TB
mendeley_tb_00906,0.5103879421949387,TB
mendeley_tb_00907,0.8960945308208466,TB
mendeley_tb_00908,0.9506350010633469,TB
mendeley_tb_00909,0.8151836097240448,TB
mendeley_tb_00910,0.9194784611463547,TB
mendeley_tb_00911,0.9150140434503555,TB
mendeley_tb_00912,0.8911064714193344,TB
mendeley_tb_00913,0.7295307666063309,TB
mendeley_tb_00914,0.958281397819519,TB
mendeley_tb_00915,0.8723186403512955,TB
mendeley_tb_00916,0.9562488347291946,TB
mendeley_tb_00917,0.894095778465271,TB
mendeley_tb_00918,0.9255797266960144,TB
mendeley_tb_00919,0.9538522660732269,TB
mendeley_tb_00920,0.9193973988294601,TB
mendeley_tb_00921,0.9550160020589828,TB
mendeley_tb_00922,0.8785724341869354,TB
mendeley_tb_00923,0.9374627768993378,TB
mendeley_tb_00924,0.9395469427108765,TB
mendeley_tb_00925,0.9433837682008743,TB
mendeley_tb_00926,0.900066614151001,TB
mendeley_tb_00927,0.9419299364089966,TB
mendeley_tb_00928,0.943916067481041,TB
mendeley_tb_00929,0.9269202202558517,TB
mendeley_tb_00930,0.8570245504379272,TB
mendeley_tb_00931,0.9114198684692383,TB
mendeley_tb_00932,0.8396563678979874,TB
mendeley_tb_00933,0.803356871008873,TB
mendeley_tb_00934,0.9469280242919922,TB
mendeley_tb_00935,0.2041356936097145,Normal
mendeley_tb_00936,0.8514368981122971,TB
mendeley_tb_00937,0.9085768908262253,TB
mendeley_tb_00938,0.9051218777894974,TB
mendeley_tb_00939,0.9223164469003677,TB
mendeley_tb_00940,0.9528984129428864,TB
mendeley_tb_00941,0.9443595856428146,TB
mendeley_tb_00942,0.799829751253128,TB
mendeley_tb_00943,0.9534421265125275,TB
mendeley_tb_00944,0.9719296842813492,TB
mendeley_tb_00945,0.9672504365444183,TB
mendeley_tb_00946,0.9633164405822754,TB
mendeley_tb_00947,0.9237718135118484,TB
mendeley_tb_00948,0.9145313799381256,TB
mendeley_tb_00949,0.9407628625631332,TB
mendeley_tb_00950,0.9386673867702484,TB
mendeley_tb_00951,0.5851993933320045,TB
mendeley_tb_00952,0.9596485942602158,TB
mendeley_tb_00953,0.8945094645023346,TB
mendeley_tb_00954,0.6634178012609482,TB
mendeley_tb_00955,0.4481462985277176,Normal
mendeley_tb_00956,0.8941815346479416,TB
mendeley_tb_00957,0.9327855408191681,TB
mendeley_tb_00958,0.8799409568309784,TB
mendeley_tb_00959,0.9667559713125229,TB
mendeley_tb_00960,0.9025177955627441,TB
mendeley_tb_00961,0.8931836038827896,TB
mendeley_tb_00962,0.904937207698822,TB
mendeley_tb_00963,0.7654342800378799,TB
mendeley_tb_00964,0.9294794797897339,TB
mendeley_tb_00965,0.9508713781833649,TB
mendeley_tb_00966,0.9229779839515686,TB
mendeley_tb_00967,0.9251830130815506,TB
mendeley_tb_00968,0.8583489954471588,TB
mendeley_tb_00969,0.9287006109952927,TB
mendeley_tb_00970,0.9618755728006363,TB
mendeley_tb_00971,0.15418698731809855,Normal
mendeley_tb_00972,0.8945432305335999,TB
mendeley_tb_00973,0.5260540097951889,TB
mendeley_tb_00974,0.9632608294487,TB
mendeley_tb_00975,0.9540012329816818,TB
mendeley_tb_00976,0.9222178310155869,TB
mendeley_tb_00977,0.9410905241966248,TB
mendeley_tb_00978,0.9506722390651703,TB
mendeley_tb_00979,0.9361781626939774,TB
mendeley_tb_00980,0.532637931406498,TB
mendeley_tb_00981,0.8572255522012711,TB
mendeley_tb_00982,0.9697862863540649,TB
mendeley_tb_00983,0.691219050437212,TB
mendeley_tb_00984,0.7756351232528687,TB
mendeley_tb_00985,0.9450545459985733,TB
mendeley_tb_00986,0.8367786854505539,TB
mendeley_tb_00987,0.92542764544487,TB
mendeley_tb_00988,0.5329077169299126,TB
mendeley_tb_00989,0.9277683943510056,TB
mendeley_tb_00990,0.6760912016034126,TB
mendeley_tb_00991,0.9265493005514145,TB
mendeley_tb_00992,0.5019811391830444,TB
mendeley_tb_00993,0.9239511340856552,TB
mendeley_tb_00994,0.6167997047305107,TB
mendeley_tb_00995,0.9059938937425613,TB
mendeley_tb_00996,0.9648341834545135,TB
mendeley_tb_00997,0.9309094548225403,TB
mendeley_tb_00998,0.9715237319469452,TB
mendeley_tb_00999,0.8394562900066376,TB
mendeley_tb_01000,0.8971055895090103,TB
mendeley_tb_01001,0.9222564399242401,TB
mendeley_tb_01002,0.9527204930782318,TB
mendeley_tb_01003,0.9413296282291412,TB
mendeley_tb_01004,0.9516410380601883,TB
mendeley_tb_01005,0.7935920804738998,TB
mendeley_tb_01006,0.9396789520978928,TB
mendeley_tb_01007,0.9612341225147247,TB
mendeley_tb_01008,0.9355642050504684,TB
mendeley_tb_01009,0.6545875668525696,TB
mendeley_tb_01010,0.963232234120369,TB
mendeley_tb_01011,0.9340164065361023,TB
mendeley_tb_01012,0.9582245349884033,TB
mendeley_tb_01013,0.44162673130631447,Normal
mendeley_tb_01014,0.9717680513858795,TB
mendeley_tb_01015,0.9534974694252014,TB
mendeley_tb_01016,0.8715725094079971,TB
mendeley_tb_01017,0.8372720927000046,TB
mendeley_tb_01018,0.9315134435892105,TB
mendeley_tb_01019,0.9268574565649033,TB
mendeley_tb_01020,0.9485279768705368,TB
mendeley_tb_01021,0.8082243949174881,TB
mendeley_tb_01022,0.8987547010183334,TB
mendeley_tb_01023,0.8488540500402451,TB
mendeley_tb_01024,0.954816997051239,TB
mendeley_tb_01025,0.943018227815628,TB
mendeley_tb_01026,0.9475562125444412,TB
mendeley_tb_01027,0.7605291604995728,TB
mendeley_tb_01028,0.799955278635025,TB
mendeley_tb_01029,0.6858065724372864,TB
mendeley_tb_01030,0.9729205369949341,TB
mendeley_tb_01031,0.9449217915534973,TB
mendeley_tb_01032,0.8920096307992935,TB
mendeley_tb_01033,0.935029536485672,TB
mendeley_tb_01034,0.9537687301635742,TB
mendeley_tb_01035,0.5628044381737709,TB
mendeley_tb_01036,0.8473638296127319,TB
mendeley_tb_01037,0.9187676012516022,TB
mendeley_tb_01038,0.7496747821569443,TB
mendeley_tb_01039,0.5733962208032608,TB
mendeley_tb_01040,0.37420541793107986,Normal
mendeley_tb_01041,0.958635076880455,TB
mendeley_tb_01042,0.9521519094705582,TB
mendeley_tb_01043,0.8103662133216858,TB
mendeley_tb_01044,0.8676688969135284,TB
mendeley_tb_01045,0.8083514869213104,TB
mendeley_tb_01046,0.9015230983495712,TB
mendeley_tb_01047,0.9297828823328018,TB
mendeley_tb_01048,0.9517997205257416,TB
mendeley_tb_01049,0.9262351989746094,TB
mendeley_tb_01050,0.8206704258918762,TB
mendeley_tb_01051,0.9483498185873032,TB
mendeley_tb_01052,0.9145806729793549,TB
mendeley_tb_01053,0.9587831199169159,TB
mendeley_tb_01054,0.8472743928432465,TB
mendeley_tb_01055,0.9634596109390259,TB
mendeley_tb_01056,0.9028347730636597,TB
mendeley_tb_01057,0.4201955199241638,Normal
mendeley_tb_01058,0.9691999405622482,TB
mendeley_tb_01059,0.9412729889154434,TB
mendeley_tb_01060,0.9510484784841537,TB
mendeley_tb_01061,0.9621703326702118,TB
mendeley_tb_01062,0.8998303413391113,TB
mendeley_tb_01063,0.9780519306659698,TB
mendeley_tb_01064,0.9412981420755386,TB
mendeley_tb_01065,0.8892267048358917,TB
mendeley_tb_01066,0.9344944506883621,TB
mendeley_tb_01067,0.9635783135890961,TB
mendeley_tb_01068,0.3555211815983057,Normal
mendeley_tb_01069,0.9633718132972717,TB
mendeley_tb_01070,0.8227511197328568,TB
mendeley_tb_01071,0.9448523372411728,TB
mendeley_tb_01072,0.8641053736209869,TB
mendeley_tb_01073,0.5296174809336662,TB
mendeley_tb_01074,0.940671905875206,TB
mendeley_tb_01075,0.9265680462121964,TB
mendeley_tb_01076,0.9046028256416321,TB
mendeley_tb_01077,0.9111766964197159,TB
mendeley_tb_01078,0.8782117068767548,TB
mendeley_tb_01079,0.943113848567009,TB
mendeley_tb_01080,0.7991610914468765,TB
mendeley_tb_01081,0.7913103997707367,TB
mendeley_tb_01082,0.9657820612192154,TB
mendeley_tb_01083,0.9306380152702332,TB
mendeley_tb_01084,0.9440817534923553,TB
mendeley_tb_01085,0.905483141541481,TB
mendeley_tb_01086,0.7835655808448792,TB
mendeley_tb_01087,0.9258044511079788,TB
mendeley_tb_01088,0.9470376521348953,TB
mendeley_tb_01089,0.894917830824852,TB
mendeley_tb_01090,0.9438389390707016,TB
mendeley_tb_01091,0.8950906693935394,TB
mendeley_tb_01092,0.740327388048172,TB
mendeley_tb_01093,0.8120012432336807,TB
mendeley_tb_01094,0.6893095001578331,TB
mendeley_tb_01095,0.9332081973552704,TB
mendeley_tb_01096,0.973307877779007,TB
mendeley_tb_01097,0.9643756300210953,TB
mendeley_tb_01098,0.5617894753813744,TB
mendeley_tb_01099,0.9296602010726929,TB
mendeley_tb_01100,0.9132205247879028,TB
mendeley_tb_01101,0.9548753947019577,TB
mendeley_tb_01102,0.8371912837028503,TB
mendeley_tb_01103,0.9247186630964279,TB
mendeley_tb_01104,0.9468311220407486,TB
mendeley_tb_01105,0.8724500387907028,TB
mendeley_tb_01106,0.9099502265453339,TB
mendeley_tb_01107,0.9580538272857666,TB
mendeley_tb_01108,0.9670273065567017,TB
mendeley_tb_01109,0.9227316528558731,TB
mendeley_tb_01110,0.9638312309980392,TB
mendeley_tb_01111,0.796179860830307,TB
mendeley_tb_01112,0.9018807709217072,TB
mendeley_tb_01113,0.9241588562726974,TB
mendeley_tb_01114,0.8802715837955475,TB
mendeley_tb_01115,0.8959021717309952,TB
mendeley_tb_01116,0.900871142745018,TB
mendeley_tb_01117,0.8865379989147186,TB
mendeley_tb_01118,0.9096874594688416,TB
mendeley_tb_01119,0.9038430899381638,TB
mendeley_tb_01120,0.9348221719264984,TB
mendeley_tb_01121,0.7595942467451096,TB
mendeley_tb_01122,0.48054317384958267,Normal
mendeley_tb_01123,0.5956428945064545,TB
mendeley_tb_01124,0.8608301728963852,TB
mendeley_tb_01125,0.9604005813598633,TB
mendeley_tb_01126,0.8850833773612976,TB
mendeley_tb_01127,0.7779743671417236,TB
mendeley_tb_01128,0.9722562879323959,TB
mendeley_tb_01129,0.6182688698172569,TB
mendeley_tb_01130,0.8038023561239243,TB
mendeley_tb_01131,0.9205611199140549,TB
mendeley_tb_01132,0.9286730587482452,TB
mendeley_tb_01133,0.9082388430833817,TB
mendeley_tb_01134,0.9090624004602432,TB
mendeley_tb_01135,0.6208220347762108,TB
mendeley_tb_01136,0.9447977095842361,TB
mendeley_tb_01137,0.9189768135547638,TB
mendeley_tb_01138,0.946203202009201,TB
mendeley_tb_01139,0.6753493323922157,TB
mendeley_tb_01140,0.9412194937467575,TB
mendeley_tb_01141,0.951724112033844,TB
mendeley_tb_01142,0.9440611600875854,TB
mendeley_tb_01143,0.9389062076807022,TB
mendeley_tb_01144,0.8714922815561295,TB
mendeley_tb_01145,0.8916041105985641,TB
mendeley_tb_01146,0.8533069789409637,TB
mendeley_tb_01147,0.6099361926317215,TB
mendeley_tb_01148,0.9387162327766418,TB
mendeley_tb_01149,0.9454966187477112,TB
mendeley_tb_01150,0.9417957067489624,TB
mendeley_tb_01151,0.9069872200489044,TB
mendeley_tb_01152,0.8480432629585266,TB
mendeley_tb_01153,0.620577871799469,TB
mendeley_tb_01154,0.9179471135139465,TB
mendeley_tb_01155,0.8863431662321091,TB
mendeley_tb_01156,0.9766492545604706,TB
mendeley_tb_01157,0.9501470476388931,TB
mendeley_tb_01158,0.9467916935682297,TB
mendeley_tb_01159,0.8902710378170013,TB
mendeley_tb_01160,0.7774398624897003,TB
mendeley_tb_01161,0.7505794912576675,TB
mendeley_tb_01162,0.9352252185344696,TB
mendeley_tb_01163,0.9466787725687027,TB
mendeley_tb_01164,0.8781608641147614,TB
mendeley_tb_01165,0.9393938481807709,TB
mendeley_tb_01166,0.9671197682619095,TB
mendeley_tb_01167,0.922137588262558,TB
mendeley_tb_01168,0.8998792469501495,TB
mendeley_tb_01169,0.6287034228444099,TB
mendeley_tb_01170,0.939952477812767,TB
mendeley_tb_01171,0.9495008587837219,TB
mendeley_tb_01172,0.8172634243965149,TB
mendeley_tb_01173,0.6736435890197754,TB
mendeley_tb_01174,0.867984876036644,TB
mendeley_tb_01175,0.9335096180438995,TB
mendeley_tb_01176,0.9695326089859009,TB
mendeley_tb_01177,0.9264114797115326,TB
mendeley_tb_01178,0.9471547901630402,TB
mendeley_tb_01179,0.9334469586610794,TB
mendeley_tb_01180,0.9786546528339386,TB
mendeley_tb_01181,0.6456708312034607,TB
mendeley_tb_01182,0.9728531241416931,TB
mendeley_tb_01183,0.9062816351652145,TB
mendeley_tb_01184,0.35900072753429413,Normal
mendeley_tb_01185,0.9690150171518326,TB
mendeley_tb_01186,0.783362627029419,TB
mendeley_tb_01187,0.545631468296051,TB
mendeley_tb_01188,0.8814057111740112,TB
mendeley_tb_01189,0.4036135971546173,Normal
mendeley_tb_01190,0.9612714052200317,TB
mendeley_tb_01191,0.8738198727369308,TB
mendeley_tb_01192,0.9438043683767319,TB
mendeley_tb_01193,0.9302200525999069,TB
mendeley_tb_01194,0.3435893915593624,Normal
mendeley_tb_01195,0.41378767043352127,Normal
mendeley_tb_01196,0.8788904845714569,TB
mendeley_tb_01197,0.9711762964725494,TB
mendeley_tb_01198,0.9434767514467239,TB
mendeley_tb_01199,0.5546696707606316,TB
mendeley_tb_01200,0.9494274258613586,TB
mendeley_tb_01201,0.9073878675699234,TB
mendeley_tb_01202,0.7534047067165375,TB
mendeley_tb_01203,0.8497318178415298,TB
mendeley_tb_01204,0.883856788277626,TB
mendeley_tb_01205,0.9150840640068054,TB
mendeley_tb_01206,0.9094880670309067,TB
mendeley_tb_01207,0.9514482617378235,TB
mendeley_tb_01208,0.9366608113050461,TB
mendeley_tb_01209,0.7880556732416153,TB
mendeley_tb_01210,0.9321186691522598,TB
mendeley_tb_01211,0.8996210396289825,TB
mendeley_tb_01212,0.8646759241819382,TB
mendeley_tb_01213,0.9342598170042038,TB
mendeley_tb_01214,0.8865065276622772,TB
mendeley_tb_01215,0.8327322155237198,TB
mendeley_tb_01216,0.8488482683897018,TB
mendeley_tb_01217,0.9118233621120453,TB
mendeley_tb_01218,0.9636968672275543,TB
mendeley_tb_01219,0.9043799787759781,TB
mendeley_tb_01220,0.8619286566972733,TB
mendeley_tb_01221,0.9556660801172256,TB
mendeley_tb_01222,0.9494419693946838,TB
mendeley_tb_01223,0.8555600196123123,TB
mendeley_tb_01224,0.9434147030115128,TB
mendeley_tb_01225,0.9352570325136185,TB
mendeley_tb_01226,0.942441314458847,TB
mendeley_tb_01227,0.9041678011417389,TB
mendeley_tb_01228,0.9686327278614044,TB
mendeley_tb_01229,0.9430436939001083,TB
mendeley_tb_01230,0.9534418731927872,TB
mendeley_tb_01231,0.7505272030830383,TB
mendeley_tb_01232,0.9358085542917252,TB
mendeley_tb_01233,0.8532404750585556,TB
mendeley_tb_01234,0.9014660567045212,TB
mendeley_tb_01235,0.8774863630533218,TB
mendeley_tb_01236,0.9032270014286041,TB
mendeley_tb_01237,0.9411707520484924,TB
mendeley_tb_01238,0.5364587716758251,TB
mendeley_tb_01239,0.9371679276227951,TB
mendeley_tb_01240,0.9468984156847,TB
mendeley_tb_01241,0.9562765508890152,TB
mendeley_tb_01242,0.9314738661050797,TB
mendeley_tb_01243,0.6580993086099625,TB
mendeley_tb_01244,0.9103530943393707,TB
mendeley_tb_01245,0.8968188315629959,TB
mendeley_tb_01246,0.9154977798461914,TB
mendeley_tb_01247,0.9546966552734375,TB
mendeley_tb_01248,0.21772849932312965,Normal
mendeley_tb_01249,0.9427343010902405,TB
mendeley_tb_01250,0.8716068118810654,TB
mendeley_tb_01251,0.9617396295070648,TB
mendeley_tb_01252,0.9574280679225922,TB
mendeley_tb_01253,0.9123581647872925,TB
mendeley_tb_01254,0.9575483500957489,TB
mendeley_tb_01255,0.427424855530262,Normal
mendeley_tb_01256,0.9378989040851593,TB
mendeley_tb_01257,0.9257037192583084,TB
mendeley_tb_01258,0.9567368924617767,TB
mendeley_tb_01259,0.9316716939210892,TB
mendeley_tb_01260,0.8763016611337662,TB
mendeley_tb_01261,0.957229733467102,TB
mendeley_tb_01262,0.9021765738725662,TB
mendeley_tb_01263,0.7063131034374237,TB
mendeley_tb_01264,0.9125741124153137,TB
mendeley_tb_01265,0.922920435667038,TB
mendeley_tb_01266,0.9592397511005402,TB
mendeley_tb_01267,0.9113476425409317,TB
mendeley_tb_01268,0.969061404466629,TB
mendeley_tb_01269,0.9184247553348541,TB
mendeley_tb_01270,0.9584017843008041,TB
mendeley_tb_01271,0.953016847372055,TB
mendeley_tb_01272,0.9203460812568665,TB
mendeley_tb_01273,0.9281130135059357,TB
mendeley_tb_01274,0.9558799415826797,TB
mendeley_tb_01275,0.9393975734710693,TB
mendeley_tb_01276,0.8553313314914703,TB
mendeley_tb_01277,0.8491149544715881,TB
mendeley_tb_01278,0.8972704261541367,TB
mendeley_tb_01279,0.9437918365001678,TB
mendeley_tb_01280,0.8929949402809143,TB
mendeley_tb_01281,0.7370518893003464,TB
mendeley_tb_01282,0.9244995713233948,TB
mendeley_tb_01283,0.9041339606046677,TB
mendeley_tb_01284,0.40576042234897614,Normal
mendeley_tb_01285,0.6850333660840988,TB
mendeley_tb_01286,0.9695603251457214,TB
mendeley_tb_01287,0.8662897944450378,TB
mendeley_tb_01288,0.8064125925302505,TB
mendeley_tb_01289,0.7866484075784683,TB
mendeley_tb_01290,0.9422315508127213,TB
mendeley_tb_01291,0.9645277410745621,TB
mendeley_tb_01292,0.575949102640152,TB
mendeley_tb_01293,0.349048625677824,Normal
mendeley_tb_01294,0.24675958417356014,Normal
mendeley_tb_01295,0.2315691439434886,Normal
mendeley_tb_01296,0.9451217800378799,TB
mendeley_tb_01297,0.9323573410511017,TB
mendeley_tb_01298,0.9630728513002396,TB
mendeley_tb_01299,0.7724190652370453,TB
mendeley_tb_01300,0.9653607606887817,TB
mendeley_tb_01301,0.9085452258586884,TB
mendeley_tb_01302,0.4584929756820202,Normal
mendeley_tb_01303,0.8847415149211884,TB
mendeley_tb_01304,0.899486854672432,TB
mendeley_tb_01305,0.9259168207645416,TB
mendeley_tb_01306,0.9528783112764359,TB
mendeley_tb_01307,0.8190034180879593,TB
mendeley_tb_01308,0.7953612953424454,TB
mendeley_tb_01309,0.9398688226938248,TB
mendeley_tb_01310,0.9432176500558853,TB
mendeley_tb_01311,0.9023122489452362,TB
mendeley_tb_01312,0.9554006308317184,TB
mendeley_tb_01313,0.9508268237113953,TB
mendeley_tb_01314,0.9679368585348129,TB
mendeley_tb_01315,0.95412777364254,TB
mendeley_tb_01316,0.793976180255413,TB
mendeley_tb_01317,0.8644099533557892,TB
mendeley_tb_01318,0.9021925330162048,TB
mendeley_tb_01319,0.9483737498521805,TB
mendeley_tb_01320,0.9299099147319794,TB
mendeley_tb_01321,0.9490672647953033,TB
mendeley_tb_01322,0.8897005319595337,TB
mendeley_tb_01323,0.9513728022575378,TB
mendeley_tb_01324,0.969639003276825,TB
mendeley_tb_01325,0.8803025037050247,TB
mendeley_tb_01326,0.9211763292551041,TB
mendeley_tb_01327,0.9110771119594574,TB
mendeley_tb_01328,0.9201911836862564,TB
mendeley_tb_01329,0.5458452254533768,TB
mendeley_tb_01330,0.9293805956840515,TB
mendeley_tb_01331,0.9627564549446106,TB
mendeley_tb_01332,0.8931253105401993,TB
mendeley_tb_01333,0.7488257884979248,TB
mendeley_tb_01334,0.9033200144767761,TB
mendeley_tb_01335,0.6795447990298271,TB
mendeley_tb_01336,0.9393950700759888,TB
mendeley_tb_01337,0.9417667537927628,TB
mendeley_tb_01338,0.9085837751626968,TB
mendeley_tb_01339,0.9299389719963074,TB
mendeley_tb_01340,0.8933022171258926,TB
mendeley_tb_01341,0.8997076898813248,TB
mendeley_tb_01342,0.9196963906288147,TB
mendeley_tb_01343,0.8539066165685654,TB
mendeley_tb_01344,0.9695539474487305,TB
mendeley_tb_01345,0.9655997008085251,TB
mendeley_tb_01346,0.9349064528942108,TB
mendeley_tb_01347,0.9698555320501328,TB
mendeley_tb_01348,0.9105670154094696,TB
mendeley_tb_01349,0.8893008083105087,TB
mendeley_tb_01350,0.8950931876897812,TB
mendeley_tb_01351,0.9718133360147476,TB
mendeley_tb_01352,0.6289807036519051,TB
mendeley_tb_01353,0.9027033448219299,TB
mendeley_tb_01354,0.9145946949720383,TB
mendeley_tb_01355,0.9319169670343399,TB
mendeley_tb_01356,0.9474608153104782,TB
mendeley_tb_01357,0.8278940618038177,TB
mendeley_tb_01358,0.9489667266607285,TB
mendeley_tb_01359,0.9060001969337463,TB
mendeley_tb_01360,0.9171201437711716,TB
mendeley_tb_01361,0.9608460664749146,TB
mendeley_tb_01362,0.9530283510684967,TB
mendeley_tb_01363,0.9045751988887787,TB
mendeley_tb_01364,0.9194399565458298,TB
mendeley_tb_01365,0.9617566466331482,TB
mendeley_tb_01366,0.942310243844986,TB
mendeley_tb_01367,0.7641627192497253,TB
mendeley_tb_01368,0.8798430860042572,TB
mendeley_tb_01369,0.9455311298370361,TB
mendeley_tb_01370,0.5326426550745964,TB
mendeley_tb_01371,0.7091298028826714,TB
mendeley_tb_01372,0.8666365593671799,TB
mendeley_tb_01373,0.9471699297428131,TB
mendeley_tb_01374,0.9642296880483627,TB
mendeley_tb_01375,0.9490212947130203,TB
mendeley_tb_01376,0.9425104111433029,TB
mendeley_tb_01377,0.9535541087388992,TB
mendeley_tb_01378,0.9296000450849533,TB
mendeley_tb_01379,0.7418623715639114,TB
mendeley_tb_01380,0.8585186749696732,TB
mendeley_tb_01381,0.8034331500530243,TB
mendeley_tb_01382,0.9462852329015732,TB
mendeley_tb_01383,0.7913719266653061,TB
mendeley_tb_01384,0.8269960582256317,TB
mendeley_tb_01385,0.9067832231521606,TB
mendeley_tb_01386,0.9357398301362991,TB
mendeley_tb_01387,0.9753537178039551,TB
mendeley_tb_01388,0.9199086427688599,TB
mendeley_tb_01389,0.8948698341846466,TB
mendeley_tb_01390,0.9143148511648178,TB
mendeley_tb_01391,0.6962556689977646,TB
mendeley_tb_01392,0.9469291567802429,TB
mendeley_tb_01393,0.9212468564510345,TB
mendeley_tb_01394,0.9636382311582565,TB
mendeley_tb_01395,0.9279627203941345,TB
mendeley_tb_01396,0.7836237102746964,TB
mendeley_tb_01397,0.9646072834730148,TB
mendeley_tb_01398,0.8300234079360962,TB
mendeley_tb_01399,0.903683677315712,TB
mendeley_tb_01400,0.9416352212429047,TB
mendeley_tb_01401,0.8805708587169647,TB
mendeley_tb_01402,0.8907116204500198,TB
mendeley_tb_01403,0.8306598663330078,TB
mendeley_tb_01404,0.454940490424633,Normal
mendeley_tb_01405,0.9449994117021561,TB
mendeley_tb_01406,0.8142457455396652,TB
mendeley_tb_01407,0.8926146328449249,TB
mendeley_tb_01408,0.9212188124656677,TB
mendeley_tb_01409,0.7819957286119461,TB
mendeley_tb_01410,0.8494198173284531,TB
mendeley_tb_01411,0.9373211115598679,TB
mendeley_tb_01412,0.815711110830307,TB
mendeley_tb_01413,0.7577919512987137,TB
mendeley_tb_01414,0.9740131944417953,TB
mendeley_tb_01415,0.754174217581749,TB
mendeley_tb_01416,0.9595018625259399,TB
mendeley_tb_01417,0.8685557544231415,TB
mendeley_tb_01418,0.5265391394495964,TB
mendeley_tb_01419,0.7229336202144623,TB
mendeley_tb_01420,0.7691045999526978,TB
mendeley_tb_01421,0.8317477107048035,TB
mendeley_tb_01422,0.901254191994667,TB
mendeley_tb_01423,0.9492392987012863,TB
mendeley_tb_01424,0.9509058594703674,TB
mendeley_tb_01425,0.9417284578084946,TB
mendeley_tb_01426,0.9492270052433014,TB
mendeley_tb_01427,0.9654665887355804,TB
mendeley_tb_01428,0.7830693572759628,TB
mendeley_tb_01429,0.9298892170190811,TB
mendeley_tb_01430,0.6478282436728477,TB
mendeley_tb_01431,0.9244022071361542,TB
mendeley_tb_01432,0.9563635140657425,TB
mendeley_tb_01433,0.9550938904285431,TB
mendeley_tb_01434,0.919129878282547,TB
mendeley_tb_01435,0.9195994883775711,TB
mendeley_tb_01436,0.9438738971948624,TB
mendeley_tb_01437,0.952380582690239,TB
mendeley_tb_01438,0.9012927263975143,TB
mendeley_tb_01439,0.9017869532108307,TB
mendeley_tb_01440,0.9237417131662369,TB
mendeley_tb_01441,0.8966164588928223,TB
mendeley_tb_01442,0.9543530642986298,TB
mendeley_tb_01443,0.9553394466638565,TB
mendeley_tb_01444,0.9388337582349777,TB
mendeley_tb_01445,0.8946526348590851,TB
mendeley_tb_01446,0.9593932181596756,TB
mendeley_tb_01447,0.6390504688024521,TB
mendeley_tb_01448,0.9690446853637695,TB
mendeley_tb_01449,0.9528689086437225,TB
mendeley_tb_01450,0.9645942151546478,TB
mendeley_tb_01451,0.812060073018074,TB
mendeley_tb_01452,0.9508593827486038,TB
mendeley_tb_01453,0.6794168204069138,TB
mendeley_tb_01454,0.9200780540704727,TB
mendeley_tb_01455,0.9175875037908554,TB
mendeley_tb_01456,0.8973723202943802,TB
mendeley_tb_01457,0.9197923690080643,TB
mendeley_tb_01458,0.9319371730089188,TB
mendeley_tb_01459,0.9399598687887192,TB
mendeley_tb_01460,0.9237393736839294,TB
mendeley_tb_01461,0.545103944838047,TB
mendeley_tb_01462,0.8435510098934174,TB
mendeley_tb_01463,0.9543955624103546,TB
mendeley_tb_01464,0.9403894990682602,TB
mendeley_tb_01465,0.940924197435379,TB
mendeley_tb_01466,0.8113067597150803,TB
mendeley_tb_01467,0.9608098566532135,TB
mendeley_tb_01468,0.775650754570961,TB
mendeley_tb_01469,0.9426939785480499,TB
mendeley_tb_01470,0.938052698969841,TB
mendeley_tb_01471,0.9469727128744125,TB
mendeley_tb_01472,0.8374316990375519,TB
mendeley_tb_01473,0.9300349205732346,TB
mendeley_tb_01474,0.9566952139139175,TB
mendeley_tb_01475,0.941755622625351,TB
mendeley_tb_01476,0.8781513869762421,TB
mendeley_tb_01477,0.8745386451482773,TB
mendeley_tb_01478,0.75481778383255,TB
mendeley_tb_01479,0.8137498646974564,TB
mendeley_tb_01480,0.9401873052120209,TB
mendeley_tb_01481,0.34483105689287186,Normal
mendeley_tb_01482,0.8033858984708786,TB
mendeley_tb_01483,0.9589649438858032,TB
mendeley_tb_01484,0.8492707908153534,TB
mendeley_tb_01485,0.930239200592041,TB
mendeley_tb_01486,0.894293025135994,TB
mendeley_tb_01487,0.8845038115978241,TB
mendeley_tb_01488,0.8792141973972321,TB
mendeley_tb_01489,0.8892001658678055,TB
mendeley_tb_01490,0.6678997650742531,TB
mendeley_tb_01491,0.3311748616397381,Normal
mendeley_tb_01492,0.7194525450468063,TB
mendeley_tb_01493,0.8826724737882614,TB
mendeley_tb_01494,0.9561052769422531,TB
mendeley_tb_01495,0.4972813278436661,Normal
mendeley_tb_01496,0.9143297970294952,TB
mendeley_tb_01497,0.952917754650116,TB
mendeley_tb_01498,0.29575016163289547,Normal
mendeley_tb_01499,0.3928360491991043,Normal
mendeley_tb_01500,0.9528789073228836,TB
mendeley_tb_01501,0.9233540892601013,TB
mendeley_tb_01502,0.9138248562812805,TB
mendeley_tb_01503,0.6946217566728592,TB
mendeley_tb_01504,0.9063078910112381,TB
mendeley_tb_01505,0.9366114884614944,TB
mendeley_tb_01506,0.9665902256965637,TB
mendeley_tb_01507,0.9245158135890961,TB
mendeley_tb_01508,0.8952332139015198,TB
mendeley_tb_01509,0.9676594585180283,TB
mendeley_tb_01510,0.9042322635650635,TB
mendeley_tb_01511,0.621610663831234,TB
mendeley_tb_01512,0.9470334947109222,TB
mendeley_tb_01513,0.9088392108678818,TB
mendeley_tb_01514,0.6256332993507385,TB
mendeley_tb_01515,0.7248991057276726,TB
mendeley_tb_01516,0.859499529004097,TB
mendeley_tb_01517,0.9614682346582413,TB
mendeley_tb_01518,0.9489545673131943,TB
mendeley_tb_01519,0.9489134252071381,TB
mendeley_tb_01520,0.6082905381917953,TB
mendeley_tb_01521,0.9750254601240158,TB
mendeley_tb_01522,0.9491545259952545,TB
mendeley_tb_01523,0.8951024860143661,TB
mendeley_tb_01524,0.9585557281970978,TB
mendeley_tb_01525,0.8492498695850372,TB
mendeley_tb_01526,0.9808977246284485,TB
mendeley_tb_01527,0.9113013595342636,TB
mendeley_tb_01528,0.9515253156423569,TB
mendeley_tb_01529,0.9043758362531662,TB
mendeley_tb_01530,0.8821762055158615,TB
mendeley_tb_01531,0.9335224628448486,TB
mendeley_tb_01532,0.7346864230930805,TB
mendeley_tb_01533,0.9246344864368439,TB
mendeley_tb_01534,0.9279496222734451,TB
mendeley_tb_01535,0.9333451390266418,TB
mendeley_tb_01536,0.14337823446840048,Normal
mendeley_tb_01537,0.5469704419374466,TB
mendeley_tb_01538,0.9652384966611862,TB
mendeley_tb_01539,0.9427596926689148,TB
mendeley_tb_01540,0.9657139480113983,TB
mendeley_tb_01541,0.7187788039445877,TB
mendeley_tb_01542,0.6253477036952972,TB
mendeley_tb_01543,0.8976115733385086,TB
mendeley_tb_01544,0.9545566588640213,TB
mendeley_tb_01545,0.4018191508948803,Normal
mendeley_tb_01546,0.9332301318645477,TB
mendeley_tb_01547,0.8205442875623703,TB
mendeley_tb_01548,0.5374991148710251,TB
mendeley_tb_01549,0.5818749666213989,TB
mendeley_tb_01550,0.7818145155906677,TB
mendeley_tb_01551,0.9310300350189209,TB
mendeley_tb_01552,0.9683544188737869,TB
mendeley_tb_01553,0.7028457596898079,TB
mendeley_tb_01554,0.9580322802066803,TB
mendeley_tb_01555,0.9391548186540604,TB
mendeley_tb_01556,0.9126413911581039,TB
mendeley_tb_01557,0.964374378323555,TB
mendeley_tb_01558,0.9308020025491714,TB
mendeley_tb_01559,0.9055192917585373,TB
mendeley_tb_01560,0.4141191728413105,Normal
mendeley_tb_01561,0.6683306396007538,TB
mendeley_tb_01562,0.8464588969945908,TB
mendeley_tb_01563,0.968267634510994,TB
mendeley_tb_01564,0.9791282117366791,TB
mendeley_tb_01565,0.9580570161342621,TB
mendeley_tb_01566,0.43681375682353973,Normal
mendeley_tb_01567,0.8808754235506058,TB
mendeley_tb_01568,0.5873663276433945,TB
mendeley_tb_01569,0.9086771160364151,TB
mendeley_tb_01570,0.6622484251856804,TB
mendeley_tb_01571,0.9674132466316223,TB
mendeley_tb_01572,0.8092387765645981,TB
mendeley_tb_01573,0.5286125764250755,TB
mendeley_tb_01574,0.8622589111328125,TB
mendeley_tb_01575,0.9632057845592499,TB
mendeley_tb_01576,0.6215858161449432,TB
mendeley_tb_01577,0.9563641250133514,TB
mendeley_tb_01578,0.8909038305282593,TB
mendeley_tb_01579,0.22961223311722279,Normal
mendeley_tb_01580,0.8630712330341339,TB
mendeley_tb_01581,0.3617805913090706,Normal
mendeley_tb_01582,0.8478638380765915,TB
mendeley_tb_01583,0.8487958610057831,TB
mendeley_tb_01584,0.9261721521615982,TB
mendeley_tb_01585,0.780742958188057,TB
mendeley_tb_01586,0.28124601021409035,Normal
mendeley_tb_01587,0.7843338921666145,TB
mendeley_tb_01588,0.9240609556436539,TB
mendeley_tb_01589,0.9497667104005814,TB
mendeley_tb_01590,0.7435523718595505,TB
mendeley_tb_01591,0.6264006271958351,TB
mendeley_tb_01592,0.7413989901542664,TB
mendeley_tb_01593,0.8942548483610153,TB
mendeley_tb_01594,0.9183965921401978,TB
mendeley_tb_01595,0.9285950809717178,TB
mendeley_tb_01596,0.9445245563983917,TB
mendeley_tb_01597,0.6968634128570557,TB
mendeley_tb_01598,0.6355408802628517,TB
mendeley_tb_01599,0.892642930150032,TB
mendeley_tb_01600,0.895849347114563,TB
mendeley_tb_01601,0.937983438372612,TB
mendeley_tb_01602,0.8840279430150986,TB
mendeley_tb_01603,0.8938256800174713,TB
mendeley_tb_01604,0.9274191707372665,TB
mendeley_tb_01605,0.6624825149774551,TB
mendeley_tb_01606,0.9551000744104385,TB
mendeley_tb_01607,0.8572337925434113,TB
mendeley_tb_01608,0.9358772933483124,TB
mendeley_tb_01609,0.9403532594442368,TB
mendeley_tb_01610,0.8501814901828766,TB
mendeley_tb_01611,0.907174602150917,TB
mendeley_tb_01612,0.6381050944328308,TB
mendeley_tb_01613,0.8918208330869675,TB
mendeley_tb_01614,0.7566201835870743,TB
mendeley_tb_01615,0.8710744380950928,TB
mendeley_tb_01616,0.9314990788698196,TB
mendeley_tb_01617,0.9552264958620071,TB
mendeley_tb_01618,0.9159691780805588,TB
mendeley_tb_01619,0.8972456157207489,TB
mendeley_tb_01620,0.7970632463693619,TB
mendeley_tb_01621,0.8917302489280701,TB
mendeley_tb_01622,0.6572106927633286,TB
mendeley_tb_01623,0.947001114487648,TB
mendeley_tb_01624,0.8363527655601501,TB
mendeley_tb_01625,0.9135989546775818,TB
mendeley_tb_01626,0.8247576206922531,TB
mendeley_tb_01627,0.9317853450775146,TB
mendeley_tb_01628,0.9453059136867523,TB
mendeley_tb_01629,0.7562221437692642,TB
mendeley_tb_01630,0.9346696883440018,TB
mendeley_tb_01631,0.8745350241661072,TB
mendeley_tb_01632,0.7027919590473175,TB
mendeley_tb_01633,0.9705551415681839,TB
mendeley_tb_01634,0.8927581906318665,TB
mendeley_tb_01635,0.9556956887245178,TB
mendeley_tb_01636,0.8035019934177399,TB
mendeley_tb_01637,0.969428688287735,TB
mendeley_tb_01638,0.6278348341584206,TB
mendeley_tb_01639,0.8761138767004013,TB
mendeley_tb_01640,0.9408327639102936,TB
mendeley_tb_01641,0.8029743582010269,TB
mendeley_tb_01642,0.9625229835510254,TB
mendeley_tb_01643,0.9395561367273331,TB
mendeley_tb_01644,0.9602519571781158,TB
mendeley_tb_01645,0.5863649472594261,TB
mendeley_tb_01646,0.9452432990074158,TB
mendeley_tb_01647,0.4956304393708706,Normal
mendeley_tb_01648,0.8676993101835251,TB
mendeley_tb_01649,0.8852797150611877,TB
mendeley_tb_01650,0.9466821253299713,TB
mendeley_tb_01651,0.9482697993516922,TB
mendeley_tb_01652,0.9198690056800842,TB
mendeley_tb_01653,0.6961497366428375,TB
mendeley_tb_01654,0.6437291391193867,TB
mendeley_tb_01655,0.956222876906395,TB
mendeley_tb_01656,0.48126043006777763,Normal
mendeley_tb_01657,0.8893058896064758,TB
mendeley_tb_01658,0.6956173181533813,TB
mendeley_tb_01659,0.9735903441905975,TB
mendeley_tb_01660,0.9384435564279556,TB
mendeley_tb_01661,0.9672584384679794,TB
mendeley_tb_01662,0.9308179169893265,TB
mendeley_tb_01663,0.9370605200529099,TB
mendeley_tb_01664,0.6856381371617317,TB
mendeley_tb_01665,0.8418659567832947,TB
mendeley_tb_01666,0.9133892804384232,TB
mendeley_tb_01667,0.894715890288353,TB
mendeley_tb_01668,0.756548598408699,TB
mendeley_tb_01669,0.43527085706591606,Normal
mendeley_tb_01670,0.8380854278802872,TB
mendeley_tb_01671,0.14404639787971973,Normal
mendeley_tb_01672,0.6502851471304893,TB
mendeley_tb_01673,0.9132490009069443,TB
mendeley_tb_01674,0.6464377157390118,TB
mendeley_tb_01675,0.9620548635721207,TB
mendeley_tb_01676,0.25986142456531525,Normal
mendeley_tb_01677,0.8541000187397003,TB
mendeley_tb_01678,0.8226016610860825,TB
mendeley_tb_01679,0.8136743009090424,TB
mendeley_tb_01680,0.9204002767801285,TB
mendeley_tb_01681,0.7564564496278763,TB
mendeley_tb_01682,0.8578246533870697,TB
mendeley_tb_01683,0.9640534967184067,TB
mendeley_tb_01684,0.9377342313528061,TB
mendeley_tb_01685,0.9643445909023285,TB
mendeley_tb_01686,0.9081620275974274,TB
mendeley_tb_01687,0.9281222820281982,TB
mendeley_tb_01688,0.9400195330381393,TB
mendeley_tb_01689,0.946352943778038,TB
mendeley_tb_01690,0.9404726773500443,TB
mendeley_tb_01691,0.9411699026823044,TB
mendeley_tb_01692,0.8948492705821991,TB
mendeley_tb_01693,0.8585859388113022,TB
mendeley_tb_01694,0.9124616533517838,TB
mendeley_tb_01695,0.9010962247848511,TB
mendeley_tb_01696,0.8818986564874649,TB
mendeley_tb_01697,0.9579527974128723,TB
mendeley_tb_01698,0.8324156999588013,TB
mendeley_tb_01699,0.9512987583875656,TB
mendeley_tb_01700,0.8327986747026443,TB
mendeley_tb_01701,0.9227423369884491,TB
mendeley_tb_01702,0.9473953694105148,TB
mendeley_tb_01703,0.44025564566254616,Normal
mendeley_tb_01704,0.8084108978509903,TB
mendeley_tb_01705,0.9225635081529617,TB
mendeley_tb_01706,0.874679371714592,TB
mendeley_tb_01707,0.9440107643604279,TB
mendeley_tb_01708,0.9548920840024948,TB
mendeley_tb_01709,0.9267944544553757,TB
mendeley_tb_01710,0.8805056214332581,TB
mendeley_tb_01711,0.7516206949949265,TB
mendeley_tb_01712,0.950465053319931,TB
mendeley_tb_01713,0.9242578148841858,TB
mendeley_tb_01714,0.9286841601133347,TB
mendeley_tb_01715,0.8218516409397125,TB
mendeley_tb_01716,0.9393130987882614,TB
mendeley_tb_01717,0.9273317754268646,TB
mendeley_tb_01718,0.624629445374012,TB
mendeley_tb_01719,0.5413791686296463,TB
mendeley_tb_01720,0.5355416163802147,TB
mendeley_tb_01721,0.9132943451404572,TB
mendeley_tb_01722,0.9698762744665146,TB
mendeley_tb_01723,0.9395412504673004,TB
mendeley_tb_01724,0.9410936236381531,TB
mendeley_tb_01725,0.9678683280944824,TB
mendeley_tb_01726,0.9248479008674622,TB
mendeley_tb_01727,0.9076416045427322,TB
mendeley_tb_01728,0.866698145866394,TB
mendeley_tb_01729,0.9490636736154556,TB
mendeley_tb_01730,0.9361500591039658,TB
mendeley_tb_01731,0.94991035759449,TB
mendeley_tb_01732,0.6683423742651939,TB
mendeley_tb_01733,0.9014963805675507,TB
mendeley_tb_01734,0.8438853621482849,TB
mendeley_tb_01735,0.9453022181987762,TB
mendeley_tb_01736,0.948182225227356,TB
mendeley_tb_01737,0.8716482073068619,TB
mendeley_tb_01738,0.9114032685756683,TB
mendeley_tb_01739,0.9445112347602844,TB
mendeley_tb_01740,0.9414042681455612,TB
mendeley_tb_01741,0.9682383239269257,TB
mendeley_tb_01742,0.9121569395065308,TB
mendeley_tb_01743,0.9135810434818268,TB
mendeley_tb_01744,0.9392673820257187,TB
mendeley_tb_01745,0.2821584027260542,Normal
mendeley_tb_01746,0.8572483658790588,TB
mendeley_tb_01747,0.7783195525407791,TB
mendeley_tb_01748,0.9336867332458496,TB
mendeley_tb_01749,0.8644216656684875,TB
mendeley_tb_01750,0.47196997702121735,Normal
mendeley_tb_01751,0.9365555346012115,TB
mendeley_tb_01752,0.916084498167038,TB
mendeley_tb_01753,0.8029764741659164,TB
mendeley_tb_01754,0.9556881040334702,TB
mendeley_tb_01755,0.9542103558778763,TB
mendeley_tb_01756,0.9444708824157715,TB
mendeley_tb_01757,0.9579369723796844,TB
mendeley_tb_01758,0.9464815557003021,TB
mendeley_tb_01759,0.8923339396715164,TB
mendeley_tb_01760,0.8152103126049042,TB
mendeley_tb_01761,0.8993016928434372,TB
mendeley_tb_01762,0.7732165604829788,TB
mendeley_tb_01763,0.922853022813797,TB
mendeley_tb_01764,0.831662729382515,TB
mendeley_tb_01765,0.13083361648023129,Normal
mendeley_tb_01766,0.9676979631185532,TB
mendeley_tb_01767,0.8566980510950089,TB
mendeley_tb_01768,0.9429436326026917,TB
mendeley_tb_01769,0.94785575568676,TB
mendeley_tb_01770,0.858258068561554,TB
mendeley_tb_01771,0.9628867357969284,TB
mendeley_tb_01772,0.9634005129337311,TB
mendeley_tb_01773,0.7723824083805084,TB
mendeley_tb_01774,0.9425526857376099,TB
mendeley_tb_01775,0.7238431572914124,TB
mendeley_tb_01776,0.9244442284107208,TB
mendeley_tb_01777,0.9692272990942001,TB
mendeley_tb_01778,0.9042747169733047,TB
mendeley_tb_01779,0.9185209274291992,TB
mendeley_tb_01780,0.7595039457082748,TB
mendeley_tb_01781,0.9731165915727615,TB
mendeley_tb_01782,0.9493438452482224,TB
mendeley_tb_01783,0.9510187953710556,TB
mendeley_tb_01784,0.16915788128972054,Normal
mendeley_tb_01785,0.9626226276159286,TB
mendeley_tb_01786,0.8230879157781601,TB
mendeley_tb_01787,0.7601137161254883,TB
mendeley_tb_01788,0.9597507566213608,TB
mendeley_tb_01789,0.949237510561943,TB
mendeley_tb_01790,0.9251807779073715,TB
mendeley_tb_01791,0.8697434961795807,TB
mendeley_tb_01792,0.9235008805990219,TB
mendeley_tb_01793,0.8932915776968002,TB
mendeley_tb_01794,0.9462109506130219,TB
mendeley_tb_01795,0.9020910859107971,TB
mendeley_tb_01796,0.8277782052755356,TB
mendeley_tb_01797,0.8592514097690582,TB
mendeley_tb_01798,0.934613823890686,TB
mendeley_tb_01799,0.9178210198879242,TB
mendeley_tb_01800,0.9152090847492218,TB
mendeley_tb_01801,0.8755920231342316,TB
mendeley_tb_01802,0.9196432679891586,TB
mendeley_tb_01803,0.9494823664426804,TB
mendeley_tb_01804,0.9287264943122864,TB
mendeley_tb_01805,0.7595084607601166,TB
mendeley_tb_01806,0.9681158363819122,TB
mendeley_tb_01807,0.6155514046549797,TB
mendeley_tb_01808,0.8536213934421539,TB
mendeley_tb_01809,0.9529778212308884,TB
mendeley_tb_01810,0.9580320119857788,TB
mendeley_tb_01811,0.8906254768371582,TB
mendeley_tb_01812,0.7728903293609619,TB
mendeley_tb_01813,0.9381080269813538,TB
mendeley_tb_01814,0.9118334352970123,TB
mendeley_tb_01815,0.8850283771753311,TB
mendeley_tb_01816,0.9179828613996506,TB
mendeley_tb_01817,0.9376650452613831,TB
mendeley_tb_01818,0.9391393810510635,TB
mendeley_tb_01819,0.5094112083315849,TB
mendeley_tb_01820,0.9244168251752853,TB
mendeley_tb_01821,0.9673562049865723,TB
mendeley_tb_01822,0.9310692399740219,TB
mendeley_tb_01823,0.8988717198371887,TB
mendeley_tb_01824,0.8354433178901672,TB
mendeley_tb_01825,0.9618576467037201,TB
mendeley_tb_01826,0.9414552450180054,TB
mendeley_tb_01827,0.8096002042293549,TB
mendeley_tb_01828,0.8865913301706314,TB
mendeley_tb_01829,0.6609826385974884,TB
mendeley_tb_01830,0.8925382345914841,TB
mendeley_tb_01831,0.9489513039588928,TB
mendeley_tb_01832,0.9585531800985336,TB
mendeley_tb_01833,0.5025085434317589,TB
mendeley_tb_01834,0.9350632578134537,TB
mendeley_tb_01835,0.8307536393404007,TB
mendeley_tb_01836,0.8646343052387238,TB
mendeley_tb_01837,0.9344642162322998,TB
mendeley_tb_01838,0.961227223277092,TB
mendeley_tb_01839,0.9416149705648422,TB
mendeley_tb_01840,0.9468896687030792,TB
mendeley_tb_01841,0.8906153589487076,TB
mendeley_tb_01842,0.9718982577323914,TB
mendeley_tb_01843,0.9619001001119614,TB
mendeley_tb_01844,0.9532690048217773,TB
mendeley_tb_01845,0.9528925716876984,TB
mendeley_tb_01846,0.7372578084468842,TB
mendeley_tb_01847,0.9322017431259155,TB
mendeley_tb_01848,0.9554423987865448,TB
mendeley_tb_01849,0.9684941619634628,TB
mendeley_tb_01850,0.9360001385211945,TB
mendeley_tb_01851,0.6167188435792923,TB
mendeley_tb_01852,0.9435612857341766,TB
mendeley_tb_01853,0.2871609218418598,Normal
mendeley_tb_01854,0.9378078430891037,TB
mendeley_tb_01855,0.9101141691207886,TB
mendeley_tb_01856,0.9512336701154709,TB
mendeley_tb_01857,0.9419216364622116,TB
mendeley_tb_01858,0.7693988233804703,TB
mendeley_tb_01859,0.9213811308145523,TB
mendeley_tb_01860,0.8198598474264145,TB
mendeley_tb_01861,0.9157605469226837,TB
mendeley_tb_01862,0.9552162736654282,TB
mendeley_tb_01863,0.5174482464790344,TB
mendeley_tb_01864,0.9505885392427444,TB
mendeley_tb_01865,0.9377588927745819,TB
mendeley_tb_01866,0.9510037750005722,TB
mendeley_tb_01867,0.8923479914665222,TB
mendeley_tb_01868,0.9501854181289673,TB
mendeley_tb_01869,0.8356582224369049,TB
mendeley_tb_01870,0.8462740927934647,TB
mendeley_tb_01871,0.3626841679215431,Normal
mendeley_tb_01872,0.9115765541791916,TB
mendeley_tb_01873,0.820552796125412,TB
mendeley_tb_01874,0.9658769369125366,TB
mendeley_tb_01875,0.8981701880693436,TB
mendeley_tb_01876,0.7798811197280884,TB
mendeley_tb_01877,0.9537142813205719,TB
mendeley_tb_01878,0.9418423473834991,TB
mendeley_tb_01879,0.9555509090423584,TB
mendeley_tb_01880,0.8439163267612457,TB
mendeley_tb_01881,0.9700888693332672,TB
mendeley_tb_01882,0.9476446211338043,TB
mendeley_tb_01883,0.9364800006151199,TB
mendeley_tb_01884,0.9472347795963287,TB
mendeley_tb_01885,0.9697986543178558,TB
mendeley_tb_01886,0.8777237385511398,TB
mendeley_tb_01887,0.30995344556868076,Normal
mendeley_tb_01888,0.9536820501089096,TB
mendeley_tb_01889,0.9582119435071945,TB
mendeley_tb_01890,0.8734327107667923,TB
mendeley_tb_01891,0.8910769373178482,TB
mendeley_tb_01892,0.9703289717435837,TB
mendeley_tb_01893,0.9452959597110748,TB
mendeley_tb_01894,0.9651996493339539,TB
mendeley_tb_01895,0.8780755400657654,TB
mendeley_tb_01896,0.9392784386873245,TB
mendeley_tb_01897,0.9190343767404556,TB
mendeley_tb_01898,0.9559751152992249,TB
mendeley_tb_01899,0.7841637283563614,TB
mendeley_tb_01900,0.9295341968536377,TB
mendeley_tb_01901,0.8548925220966339,TB
mendeley_tb_01902,0.6692387349903584,TB
mendeley_tb_01903,0.9598406106233597,TB
mendeley_tb_01904,0.9287006109952927,TB
mendeley_tb_01905,0.9050558358430862,TB
mendeley_tb_01906,0.9243135452270508,TB
mendeley_tb_01907,0.9255871474742889,TB
mendeley_tb_01908,0.9436526447534561,TB
mendeley_tb_01909,0.963452473282814,TB
mendeley_tb_01910,0.8206212073564529,TB
mendeley_tb_01911,0.9339625388383865,TB
mendeley_tb_01912,0.8905965685844421,TB
mendeley_tb_01913,0.5288853701204062,TB
mendeley_tb_01914,0.8816080093383789,TB
mendeley_tb_01915,0.9602341651916504,TB
mendeley_tb_01916,0.9373538047075272,TB
mendeley_tb_01917,0.8764441907405853,TB
mendeley_tb_01918,0.8230402022600174,TB
mendeley_tb_01919,0.8338544368743896,TB
mendeley_tb_01920,0.8850495964288712,TB
mendeley_tb_01921,0.8714114129543304,TB
mendeley_tb_01922,0.9682010412216187,TB
mendeley_tb_01923,0.8547440320253372,TB
mendeley_tb_01924,0.9424705356359482,TB
mendeley_tb_01925,0.8920137882232666,TB
mendeley_tb_01926,0.9425775855779648,TB
mendeley_tb_01927,0.9377576410770416,TB
mendeley_tb_01928,0.9100981801748276,TB
mendeley_tb_01929,0.875446006655693,TB
mendeley_tb_01930,0.7510010749101639,TB
mendeley_tb_01931,0.9688469469547272,TB
mendeley_tb_01932,0.9522049576044083,TB
mendeley_tb_01933,0.9388529658317566,TB
mendeley_tb_01934,0.9360401630401611,TB
mendeley_tb_01935,0.9026879519224167,TB
mendeley_tb_01936,0.899000957608223,TB
mendeley_tb_01937,0.8688629418611526,TB
mendeley_tb_01938,0.9526514559984207,TB
mendeley_tb_01939,0.7854771614074707,TB
mendeley_tb_01940,0.4787255972623825,Normal
mendeley_tb_01941,0.928293377161026,TB
mendeley_tb_01942,0.9317656755447388,TB
mendeley_tb_01943,0.8454483151435852,TB
mendeley_tb_01944,0.604202039539814,TB
mendeley_tb_01945,0.953120619058609,TB
mendeley_tb_01946,0.9187769740819931,TB
mendeley_tb_01947,0.8374744802713394,TB
mendeley_tb_01948,0.9355239868164062,TB
mendeley_tb_01949,0.9591282159090042,TB
mendeley_tb_01950,0.5534898713231087,TB
mendeley_tb_01951,0.9282781928777695,TB
mendeley_tb_01952,0.9417453110218048,TB
mendeley_tb_01953,0.9471735805273056,TB
mendeley_tb_01954,0.7543851733207703,TB
mendeley_tb_01955,0.47640378028154373,Normal
mendeley_tb_01956,0.8098323494195938,TB
mendeley_tb_01957,0.9144847393035889,TB
mendeley_tb_01958,0.9127040356397629,TB
mendeley_tb_01959,0.9457957893610001,TB
mendeley_tb_01960,0.9264896363019943,TB
mendeley_tb_01961,0.8826587200164795,TB
mendeley_tb_01962,0.9574490487575531,TB
mendeley_tb_01963,0.9369076788425446,TB
mendeley_tb_01964,0.9326089173555374,TB
mendeley_tb_01965,0.7249574661254883,TB
mendeley_tb_01966,0.8664853721857071,TB
mendeley_tb_01967,0.9652359634637833,TB
mendeley_tb_01968,0.6059921383857727,TB
mendeley_tb_01969,0.9253634810447693,TB
mendeley_tb_01970,0.9360324293375015,TB
mendeley_tb_01971,0.9251415282487869,TB
mendeley_tb_01972,0.9246843755245209,TB
mendeley_tb_01973,0.6822689473628998,TB
mendeley_tb_01974,0.742552176117897,TB
mendeley_tb_01975,0.5838642492890358,TB
mendeley_tb_01976,0.9118216633796692,TB
mendeley_tb_01977,0.9795890301465988,TB
mendeley_tb_01978,0.9137384742498398,TB
mendeley_tb_01979,0.838353842496872,TB
mendeley_tb_01980,0.949545681476593,TB
mendeley_tb_01981,0.932692363858223,TB
mendeley_tb_01982,0.9130728840827942,TB
mendeley_tb_01983,0.9333651810884476,TB
mendeley_tb_01984,0.9582618325948715,TB
mendeley_tb_01985,0.9489931911230087,TB
mendeley_tb_01986,0.9559630453586578,TB
mendeley_tb_01987,0.9192195236682892,TB
mendeley_tb_01988,0.9229016155004501,TB
mendeley_tb_01989,0.9405844360589981,TB
mendeley_tb_01990,0.9410588294267654,TB
mendeley_tb_01991,0.9634158313274384,TB
mendeley_tb_01992,0.9178075045347214,TB
mendeley_tb_01993,0.9313141405582428,TB
mendeley_tb_01994,0.9020354300737381,TB
mendeley_tb_01995,0.9591236114501953,TB
mendeley_tb_01996,0.9724000245332718,TB
mendeley_tb_01997,0.9486917555332184,TB
mendeley_tb_01998,0.9525823295116425,TB
mendeley_tb_01999,0.8848924040794373,TB
mendeley_tb_02000,0.9509326964616776,TB
mendeley_tb_02001,0.9014867693185806,TB
mendeley_tb_02002,0.9604353308677673,TB
mendeley_tb_02003,0.9218533635139465,TB
mendeley_tb_02004,0.948792114853859,TB
mendeley_tb_02005,0.9200569093227386,TB
mendeley_tb_02006,0.41128992289304733,Normal
mendeley_tb_02007,0.9616277515888214,TB
mendeley_tb_02008,0.9244243800640106,TB
mendeley_tb_02009,0.9308880716562271,TB
mendeley_tb_02010,0.9547950476408005,TB
mendeley_tb_02011,0.9716888666152954,TB
mendeley_tb_02012,0.9362376481294632,TB
mendeley_tb_02013,0.9559018611907959,TB
mendeley_tb_02014,0.9042106568813324,TB
mendeley_tb_02015,0.9067779928445816,TB
mendeley_tb_02016,0.8567352890968323,TB
mendeley_tb_02017,0.8868104517459869,TB
mendeley_tb_02018,0.8992925137281418,TB
mendeley_tb_02019,0.8667736798524857,TB
mendeley_tb_02020,0.9253329336643219,TB
mendeley_tb_02021,0.9486481249332428,TB
mendeley_tb_02022,0.9276342540979385,TB
mendeley_tb_02023,0.9129897952079773,TB
mendeley_tb_02024,0.9114115387201309,TB
mendeley_tb_02025,0.8836039900779724,TB
mendeley_tb_02026,0.9363599121570587,TB
mendeley_tb_02027,0.915821298956871,TB
mendeley_tb_02028,0.9287983477115631,TB
mendeley_tb_02029,0.9580900520086288,TB
mendeley_tb_02030,0.91574926674366,TB
mendeley_tb_02031,0.9166344106197357,TB
mendeley_tb_02032,0.9291045516729355,TB
mendeley_tb_02033,0.8394202589988708,TB
mendeley_tb_02034,0.9474659860134125,TB
mendeley_tb_02035,0.9536060988903046,TB
mendeley_tb_02036,0.9380451291799545,TB
mendeley_tb_02037,0.9352479875087738,TB
mendeley_tb_02038,0.9657427072525024,TB
mendeley_tb_02039,0.5180378034710884,TB
mendeley_tb_02040,0.9621846675872803,TB
mendeley_tb_02041,0.8900526612997055,TB
mendeley_tb_02042,0.851414680480957,TB
mendeley_tb_02043,0.9443194717168808,TB
mendeley_tb_02044,0.9533169865608215,TB
mendeley_tb_02045,0.9528969526290894,TB
mendeley_tb_02046,0.9595227539539337,TB
mendeley_tb_02047,0.9588840305805206,TB
mendeley_tb_02048,0.9507708102464676,TB
mendeley_tb_02049,0.967817097902298,TB
mendeley_tb_02050,0.834091454744339,TB
mendeley_tb_02051,0.9427885711193085,TB
mendeley_tb_02052,0.9240313023328781,TB
mendeley_tb_02053,0.9249699264764786,TB
mendeley_tb_02054,0.8619627505540848,TB
mendeley_tb_02055,0.9464397877454758,TB
mendeley_tb_02056,0.9441398233175278,TB
mendeley_tb_02057,0.9538638740777969,TB
mendeley_tb_02058,0.7503313571214676,TB
mendeley_tb_02059,0.9278538674116135,TB
mendeley_tb_02060,0.9248471111059189,TB
mendeley_tb_02061,0.9230877459049225,TB
mendeley_tb_02062,0.836550161242485,TB
mendeley_tb_02063,0.9512419551610947,TB
mendeley_tb_02064,0.9220866858959198,TB
mendeley_tb_02065,0.9543617516756058,TB
mendeley_tb_02066,0.9429377466440201,TB
mendeley_tb_02067,0.9196635484695435,TB
mendeley_tb_02068,0.9117559492588043,TB
mendeley_tb_02069,0.9116014391183853,TB
mendeley_tb_02070,0.7240090370178223,TB
mendeley_tb_02071,0.8439620286226273,TB
mendeley_tb_02072,0.9761783480644226,TB
mendeley_tb_02073,0.938216507434845,TB
mendeley_tb_02074,0.9370176941156387,TB
mendeley_tb_02075,0.7413517385721207,TB
mendeley_tb_02076,0.9281840473413467,TB
mendeley_tb_02077,0.8789880573749542,TB
mendeley_tb_02078,0.9240767955780029,TB
mendeley_tb_02079,0.8417727947235107,TB
mendeley_tb_02080,0.9692294001579285,TB
mendeley_tb_02081,0.9326295256614685,TB
mendeley_tb_02082,0.9549672454595566,TB
mendeley_tb_02083,0.9387585520744324,TB
mendeley_tb_02084,0.6336352154612541,TB
mendeley_tb_02085,0.949529618024826,TB
mendeley_tb_02086,0.9568966627120972,TB
mendeley_tb_02087,0.9466130435466766,TB
mendeley_tb_02088,0.9481851160526276,TB
mendeley_tb_02089,0.9597298204898834,TB
mendeley_tb_02090,0.9510040730237961,TB
mendeley_tb_02091,0.9172947853803635,TB
mendeley_tb_02092,0.898850828409195,TB
mendeley_tb_02093,0.9133005738258362,TB
mendeley_tb_02094,0.9583595991134644,TB
mendeley_tb_02095,0.38425327092409134,Normal
mendeley_tb_02096,0.8357328325510025,TB
mendeley_tb_02097,0.9665789604187012,TB
mendeley_tb_02098,0.958356648683548,TB
mendeley_tb_02099,0.9192957431077957,TB
mendeley_tb_02100,0.6187760457396507,TB
mendeley_tb_02101,0.9162852317094803,TB
mendeley_tb_02102,0.9363961964845657,TB
mendeley_tb_02103,0.885234996676445,TB
mendeley_tb_02104,0.8397209644317627,TB
mendeley_tb_02105,0.8850787729024887,TB
mendeley_tb_02106,0.9478628486394882,TB
mendeley_tb_02107,0.9492916166782379,TB
mendeley_tb_02108,0.8946853876113892,TB
mendeley_tb_02109,0.9514282047748566,TB
mendeley_tb_02110,0.916707456111908,TB
mendeley_tb_02111,0.958807572722435,TB
mendeley_tb_02112,0.9583858251571655,TB
mendeley_tb_02113,0.8945573270320892,TB
mendeley_tb_02114,0.8969091475009918,TB
mendeley_tb_02115,0.862620010972023,TB
mendeley_tb_02116,0.9312217384576797,TB
mendeley_tb_02117,0.9269152730703354,TB
mendeley_tb_02118,0.9569312483072281,TB
mendeley_tb_02119,0.9519713819026947,TB
mendeley_tb_02120,0.9652926027774811,TB
mendeley_tb_02121,0.9130334854125977,TB
mendeley_tb_02122,0.9417755603790283,TB
mendeley_tb_02123,0.9401455968618393,TB
mendeley_tb_02124,0.9378398060798645,TB
mendeley_tb_02125,0.9327631443738937,TB
mendeley_tb_02126,0.9506964087486267,TB
mendeley_tb_02127,0.9017295837402344,TB
mendeley_tb_02128,0.6890521198511124,TB
mendeley_tb_02129,0.8833907842636108,TB
mendeley_tb_02130,0.9414795190095901,TB
mendeley_tb_02131,0.9312217384576797,TB
mendeley_tb_02132,0.9588344842195511,TB
mendeley_tb_02133,0.9592669159173965,TB
mendeley_tb_02134,0.9098006635904312,TB
mendeley_tb_02135,0.9256117790937424,TB
mendeley_tb_02136,0.9512100964784622,TB
mendeley_tb_02137,0.9605243504047394,TB
mendeley_tb_02138,0.9317951798439026,TB
mendeley_tb_02139,0.9427228718996048,TB
mendeley_tb_02140,0.9520229399204254,TB
mendeley_tb_02141,0.9263308048248291,TB
mendeley_tb_02142,0.9158172160387039,TB
mendeley_tb_02143,0.9381321221590042,TB
mendeley_tb_02144,0.32607971876859665,Normal
mendeley_tb_02145,0.5862067118287086,TB
mendeley_tb_02146,0.9519713819026947,TB
mendeley_tb_02147,0.9767217338085175,TB
mendeley_tb_02148,0.9505346715450287,TB
mendeley_tb_02149,0.948928713798523,TB
mendeley_tb_02150,0.9486185610294342,TB
mendeley_tb_02151,0.9587510079145432,TB
mendeley_tb_02152,0.8833907842636108,TB
mendeley_tb_02153,0.9526351541280746,TB
mendeley_tb_02154,0.9430469870567322,TB
mendeley_tb_02155,0.962979182600975,TB
mendeley_tb_02156,0.9499728083610535,TB
mendeley_tb_02157,0.9529955685138702,TB
mendeley_tb_02158,0.9506541043519974,TB
mendeley_tb_02159,0.9435263723134995,TB
mendeley_tb_02160,0.9624883532524109,TB
mendeley_tb_02161,0.8247500061988831,TB
mendeley_tb_02162,0.893714427947998,TB
mendeley_tb_02163,0.6997936367988586,TB
mendeley_tb_02164,0.9344196915626526,TB
mendeley_tb_02165,0.9389538615942001,TB
mendeley_tb_02166,0.9576094597578049,TB
mendeley_tb_02167,0.8513293713331223,TB
mendeley_tb_02168,0.9390651136636734,TB
mendeley_tb_02169,0.9207394868135452,TB
mendeley_tb_02170,0.721306599676609,TB
mendeley_tb_02171,0.9221874624490738,TB
mendeley_tb_02172,0.9415806233882904,TB
mendeley_tb_02173,0.7704423666000366,TB
mendeley_tb_02174,0.9226207733154297,TB
mendeley_tb_02175,0.9605199992656708,TB
mendeley_tb_02176,0.9328269809484482,TB
mendeley_tb_02177,0.9013077020645142,TB
mendeley_tb_02178,0.9221874624490738,TB
mendeley_tb_02179,0.8513293713331223,TB
mendeley_tb_02180,0.8981381952762604,TB
mendeley_tb_02181,0.9605199992656708,TB
mendeley_tb_02182,0.7353027611970901,TB
mendeley_tb_02183,0.9199002832174301,TB
mendeley_tb_02184,0.4914650097489357,Normal
mendeley_tb_02185,0.9562808871269226,TB
mendeley_tb_02186,0.8996450901031494,TB
mendeley_tb_02187,0.8981381952762604,TB
mendeley_tb_02188,0.9479345232248306,TB
mendeley_tb_02189,0.8996450901031494,TB
mendeley_tb_02190,0.7288067191839218,TB
mendeley_tb_02191,0.7849170118570328,TB
mendeley_tb_02192,0.963069811463356,TB
mendeley_tb_02193,0.8219916224479675,TB
mendeley_tb_02194,0.9468070566654205,TB
mendeley_tb_02195,0.9149179309606552,TB
mendeley_tb_02196,0.9496853053569794,TB
mendeley_tb_02197,0.8219916224479675,TB
mendeley_tb_02198,0.9416666477918625,TB
mendeley_tb_02199,0.9294452667236328,TB
mendeley_tb_02200,0.948056235909462,TB
mendeley_tb_02201,0.9734070301055908,TB
mendeley_tb_02202,0.9415806233882904,TB
mendeley_tb_02203,0.929219514131546,TB
mendeley_tb_02204,0.721306599676609,TB
mendeley_tb_02205,0.9199002832174301,TB
mendeley_tb_02206,0.8895200937986374,TB
mendeley_tb_02207,0.7353027611970901,TB
mendeley_tb_02208,0.9232446849346161,TB
mendeley_tb_02209,0.9294205904006958,TB
mendeley_tb_02210,0.7288067191839218,TB
mendeley_tb_02211,0.8851851224899292,TB
mendeley_tb_02212,0.9576094597578049,TB
mendeley_tb_02213,0.9690579473972321,TB
mendeley_tb_02214,0.9104693382978439,TB
mendeley_tb_02215,0.9424460381269455,TB
mendeley_tb_02216,0.9494500309228897,TB
mendeley_tb_02217,0.7699687778949738,TB
mendeley_tb_02218,0.9479471445083618,TB
mendeley_tb_02219,0.9261173009872437,TB
mendeley_tb_02220,0.9232446849346161,TB
mendeley_tb_02221,0.9013077020645142,TB
mendeley_tb_02222,0.9390651136636734,TB
mendeley_tb_02223,0.9572337120771408,TB
mendeley_tb_02224,0.936114028096199,TB
mendeley_tb_02225,0.9670176804065704,TB
mendeley_tb_02226,0.9195585995912552,TB
mendeley_tb_02227,0.8691112250089645,TB
mendeley_tb_02228,0.9293660819530487,TB
mendeley_tb_02229,0.9271606057882309,TB
mendeley_tb_02230,0.9043682813644409,TB
mendeley_tb_02231,0.9456015378236771,TB
mendeley_tb_02232,0.9049090296030045,TB
mendeley_tb_02233,0.9464830011129379,TB
mendeley_tb_02234,0.9648886024951935,TB
mendeley_tb_02235,0.9626254737377167,TB
mendeley_tb_02236,0.8117961436510086,TB
mendeley_tb_02237,0.9234326034784317,TB
mendeley_tb_02238,0.7793803811073303,TB
mendeley_tb_02239,0.9353480935096741,TB
mendeley_tb_02240,0.9197508990764618,TB
mendeley_tb_02241,0.9307297915220261,TB
mendeley_tb_02242,0.8172488361597061,TB
mendeley_tb_02243,0.940960094332695,TB
mendeley_tb_02244,0.9276551604270935,TB
mendeley_tb_02245,0.8643319308757782,TB
mendeley_tb_02246,0.9637055099010468,TB
mendeley_tb_02247,0.8181987702846527,TB
mendeley_tb_02248,0.7399140223860741,TB
mendeley_tb_02249,0.9271606057882309,TB
mendeley_tb_02250,0.7648769095540047,TB
mendeley_tb_02251,0.9305083006620407,TB
mendeley_tb_02252,0.9667932689189911,TB
mendeley_tb_02253,0.9706573039293289,TB
mendeley_tb_02254,0.8560755550861359,TB
mendeley_tb_02255,0.9195231348276138,TB
mendeley_tb_02256,0.9250475913286209,TB
mendeley_tb_02257,0.9614351093769073,TB
mendeley_tb_02258,0.9037426114082336,TB
mendeley_tb_02259,0.9392375946044922,TB
mendeley_tb_02260,0.8759968727827072,TB
mendeley_tb_02261,0.9498983919620514,TB
mendeley_tb_02262,0.7793803811073303,TB
mendeley_tb_02263,0.7855097055435181,TB
mendeley_tb_02264,0.5943551659584045,TB
mendeley_tb_02265,0.8356583267450333,TB
mendeley_tb_02266,0.9475382417440414,TB
mendeley_tb_02267,0.9452989399433136,TB
mendeley_tb_02268,0.9536392986774445,TB
mendeley_tb_02269,0.9330983757972717,TB
mendeley_tb_02270,0.9091642796993256,TB
mendeley_tb_02271,0.9375291615724564,TB
mendeley_tb_02272,0.9688635170459747,TB
mendeley_tb_02273,0.9182283282279968,TB
mendeley_tb_02274,0.9180150479078293,TB
mendeley_tb_02275,0.9632351398468018,TB
mendeley_tb_02276,0.9446982592344284,TB
mendeley_tb_02277,0.9116665571928024,TB
mendeley_tb_02278,0.8945779651403427,TB
mendeley_tb_02279,0.9362103790044785,TB
mendeley_tb_02280,0.9511507153511047,TB
mendeley_tb_02281,0.8942122161388397,TB
mendeley_tb_02282,0.9376925230026245,TB
mendeley_tb_02283,0.9379162490367889,TB
mendeley_tb_02284,0.6893039792776108,TB
mendeley_tb_02285,0.8749422281980515,TB
mendeley_tb_02286,0.9501965790987015,TB
mendeley_tb_02287,0.856198862195015,TB
mendeley_tb_02288,0.9486867040395737,TB
mendeley_tb_02289,0.9550277143716812,TB
mendeley_tb_02290,0.9503369182348251,TB
mendeley_tb_02291,0.9650962799787521,TB
mendeley_tb_02292,0.9701415002346039,TB
mendeley_tb_02293,0.9736514687538147,TB
mendeley_tb_02294,0.888383612036705,TB
mendeley_tb_02295,0.9476631730794907,TB
mendeley_tb_02296,0.9528586119413376,TB
mendeley_tb_02297,0.9048679023981094,TB
mendeley_tb_02298,0.6954414993524551,TB
mendeley_tb_02299,0.9478919208049774,TB
mendeley_tb_02300,0.9430398344993591,TB
mendeley_tb_02301,0.9236066937446594,TB
mendeley_tb_02302,0.7566714584827423,TB
mendeley_tb_02303,0.9321342259645462,TB
mendeley_tb_02304,0.9648763537406921,TB
mendeley_tb_02305,0.9308494627475739,TB
mendeley_tb_02306,0.966210663318634,TB
mendeley_tb_02307,0.9301549792289734,TB
mendeley_tb_02308,0.9459743201732635,TB
mendeley_tb_02309,0.9368972033262253,TB
mendeley_tb_02310,0.8162918239831924,TB
mendeley_tb_02311,0.9392352551221848,TB
mendeley_tb_02312,0.9481197893619537,TB
mendeley_tb_02313,0.974173292517662,TB
mendeley_tb_02314,0.9145037531852722,TB
mendeley_tb_02315,0.8522270917892456,TB
mendeley_tb_02316,0.9265255481004715,TB
mendeley_tb_02317,0.9209125488996506,TB
mendeley_tb_02318,0.9329911470413208,TB
mendeley_tb_02319,0.892882913351059,TB
mendeley_tb_02320,0.6815174147486687,TB
mendeley_tb_02321,0.8551413267850876,TB
mendeley_tb_02322,0.9402347654104233,TB
mendeley_tb_02323,0.9642514437437057,TB
mendeley_tb_02324,0.8796455264091492,TB
mendeley_tb_02325,0.835028201341629,TB
mendeley_tb_02326,0.904382660984993,TB
mendeley_tb_02327,0.9293685108423233,TB
mendeley_tb_02328,0.9277638494968414,TB
mendeley_tb_02329,0.9072360247373581,TB
mendeley_tb_02330,0.9214395582675934,TB
mendeley_tb_02331,0.8646794408559799,TB
mendeley_tb_02332,0.7964640557765961,TB
mendeley_tb_02333,0.9649997055530548,TB
mendeley_tb_02334,0.9543962329626083,TB
mendeley_tb_02335,0.949561133980751,TB
mendeley_tb_02336,0.8688036650419235,TB
mendeley_tb_02337,0.9553644210100174,TB
mendeley_tb_02338,0.9675707519054413,TB
mendeley_tb_02339,0.9433656632900238,TB
mendeley_tb_02340,0.921301931142807,TB
mendeley_tb_02341,0.9489414393901825,TB
mendeley_tb_02342,0.9436555355787277,TB
mendeley_tb_02343,0.6664498299360275,TB
mendeley_tb_02344,0.7650460302829742,TB
mendeley_tb_02345,0.9617465734481812,TB
mendeley_tb_02346,0.9576076716184616,TB
mendeley_tb_02347,0.9337417781352997,TB
mendeley_tb_02348,0.9283284991979599,TB
mendeley_tb_02349,0.9510097056627274,TB
mendeley_tb_02350,0.9680619686841965,TB
mendeley_tb_02351,0.8889588266611099,TB
mendeley_tb_02352,0.8921227157115936,TB
mendeley_tb_02353,0.45897654443979263,Normal
mendeley_tb_02354,0.6868961900472641,TB
mendeley_tb_02355,0.69783765822649,TB
mendeley_tb_02356,0.8578221648931503,TB
mendeley_tb_02357,0.9019607156515121,TB
mendeley_tb_02358,0.8928129225969315,TB
mendeley_tb_02359,0.953975647687912,TB
mendeley_tb_02360,0.9449806958436966,TB
mendeley_tb_02361,0.9442978054285049,TB
mendeley_tb_02362,0.9174140095710754,TB
mendeley_tb_02363,0.5955447107553482,TB
mendeley_tb_02364,0.9623406231403351,TB
mendeley_tb_02365,0.8375188857316971,TB
mendeley_tb_02366,0.9622171968221664,TB
mendeley_tb_02367,0.9490267336368561,TB
mendeley_tb_02368,0.846799224615097,TB
mendeley_tb_02369,0.939567044377327,TB
mendeley_tb_02370,0.9457545727491379,TB
mendeley_tb_02371,0.9554000347852707,TB
mendeley_tb_02372,0.9428004324436188,TB
mendeley_tb_02373,0.9690950959920883,TB
mendeley_tb_02374,0.532852828502655,TB
mendeley_tb_02375,0.9444939345121384,TB
mendeley_tb_02376,0.9492702037096024,TB
mendeley_tb_02377,0.9345958828926086,TB
mendeley_tb_02378,0.9421698749065399,TB
mendeley_tb_02379,0.9754507690668106,TB
mendeley_tb_02380,0.962967112660408,TB
mendeley_tb_02381,0.9439473301172256,TB
mendeley_tb_02382,0.9340861737728119,TB
mendeley_tb_02383,0.8669909089803696,TB
mendeley_tb_02384,0.8795716166496277,TB
mendeley_tb_02385,0.9653374403715134,TB
mendeley_tb_02386,0.8531565070152283,TB
mendeley_tb_02387,0.9561630636453629,TB
mendeley_tb_02388,0.9559156596660614,TB
mendeley_tb_02389,0.9142409265041351,TB
mendeley_tb_02390,0.8645469844341278,TB
mendeley_tb_02391,0.9548545628786087,TB
mendeley_tb_02392,0.9497912675142288,TB
mendeley_tb_02393,0.9672038108110428,TB
mendeley_tb_02394,0.941692128777504,TB
mendeley_tb_02395,0.9368729889392853,TB
mendeley_tb_02396,0.8977092653512955,TB
mendeley_tb_02397,0.9648124426603317,TB
mendeley_tb_02398,0.7927482724189758,TB
mendeley_tb_02399,0.9372029900550842,TB
mendeley_tb_02400,0.9564399123191833,TB
mendeley_tb_02401,0.9343918859958649,TB
mendeley_tb_02402,0.886381059885025,TB
mendeley_tb_02403,0.9515477418899536,TB
mendeley_tb_02404,0.9411971271038055,TB
mendeley_tb_02405,0.8227294832468033,TB
mendeley_tb_02406,0.8971911668777466,TB
mendeley_tb_02407,0.9320535212755203,TB
mendeley_tb_02408,0.9209975004196167,TB
mendeley_tb_02409,0.9386643767356873,TB
mendeley_tb_02410,0.9724258035421371,TB
mendeley_tb_02411,0.8600858449935913,TB
mendeley_tb_02412,0.943387508392334,TB
mendeley_tb_02413,0.9016242325305939,TB
mendeley_tb_02414,0.812356099486351,TB
mendeley_tb_02415,0.9597550630569458,TB
mendeley_tb_02416,0.932272806763649,TB
mendeley_tb_02417,0.9544921666383743,TB
mendeley_tb_02418,0.9263523072004318,TB
mendeley_tb_02419,0.92255599796772,TB
mendeley_tb_02420,0.9645004868507385,TB
mendeley_tb_02421,0.9517478793859482,TB
mendeley_tb_02422,0.9026658535003662,TB
mendeley_tb_02423,0.9351968765258789,TB
mendeley_tb_02424,0.9636639058589935,TB
mendeley_tb_02425,0.9348356574773788,TB
mendeley_tb_02426,0.9359491020441055,TB
mendeley_tb_02427,0.8733699917793274,TB
mendeley_tb_02428,0.9234027713537216,TB
mendeley_tb_02429,0.5147898346185684,TB
mendeley_tb_02430,0.8749104142189026,TB
mendeley_tb_02431,0.6642558574676514,TB
mendeley_tb_02432,0.9577639400959015,TB
mendeley_tb_02433,0.9242976307868958,TB
mendeley_tb_02434,0.9421771019697189,TB
mendeley_tb_02435,0.508916974067688,TB
mendeley_tb_02436,0.8761080354452133,TB
mendeley_tb_02437,0.9282149225473404,TB
mendeley_tb_02438,0.8694615364074707,TB
mendeley_tb_02439,0.9705964177846909,TB
mendeley_tb_02440,0.9481025040149689,TB
mendeley_tb_02441,0.9540346711874008,TB
mendeley_tb_02442,0.9598632901906967,TB
mendeley_tb_02443,0.9676744490861893,TB
mendeley_tb_02444,0.7878027558326721,TB
mendeley_tb_02445,0.9496312737464905,TB
mendeley_tb_02446,0.9584632068872452,TB
mendeley_tb_02447,0.930004671216011,TB
mendeley_tb_02448,0.953078031539917,TB
mendeley_tb_02449,0.9511754214763641,TB
mendeley_tb_02450,0.896274670958519,TB
mendeley_tb_02451,0.9056867361068726,TB
mendeley_tb_02452,0.5512995198369026,TB
mendeley_tb_02453,0.9613893777132034,TB
mendeley_tb_02454,0.8169024884700775,TB
mendeley_tb_02455,0.9505245983600616,TB
mendeley_tb_02456,0.9003795832395554,TB
mendeley_tb_02457,0.8997187465429306,TB
mendeley_tb_02458,0.927716076374054,TB
mendeley_tb_02459,0.9452930986881256,TB
mendeley_tb_02460,0.3227517604827881,Normal
mendeley_tb_02461,0.9245334267616272,TB
mendeley_tb_02462,0.9103776812553406,TB
mendeley_tb_02463,0.9409448504447937,TB
mendeley_tb_02464,0.9595624506473541,TB
mendeley_tb_02465,0.9530305862426758,TB
mendeley_tb_02466,0.8101421445608139,TB
mendeley_tb_02467,0.8496391773223877,TB
mendeley_tb_02468,0.9743398427963257,TB
mendeley_tb_02469,0.3984862305223942,Normal
mendeley_tb_02470,0.3952194843441248,Normal
mendeley_tb_02471,0.9528714269399643,TB
mendeley_tb_02472,0.9224587827920914,TB
mendeley_tb_02473,0.662314161658287,TB
mendeley_tb_02474,0.9323613047599792,TB
mendeley_tb_02475,0.9104883521795273,TB
mendeley_tb_02476,0.9627312421798706,TB
mendeley_tb_02477,0.9283474534749985,TB
mendeley_tb_02478,0.9705970734357834,TB
mendeley_tb_02479,0.9586674124002457,TB
mendeley_tb_02480,0.9419308304786682,TB
mendeley_tb_02481,0.9159378856420517,TB
mendeley_tb_02482,0.9345743358135223,TB
mendeley_tb_02483,0.892023965716362,TB
mendeley_tb_02484,0.8120278269052505,TB
mendeley_tb_02485,0.32358400896191597,Normal
mendeley_tb_02486,0.9015843123197556,TB
mendeley_tb_02487,0.9333117306232452,TB
mendeley_tb_02488,0.9628022015094757,TB
mendeley_tb_02489,0.6010689064860344,TB
mendeley_tb_02490,0.9380886405706406,TB
mendeley_tb_02491,0.8761410564184189,TB
mendeley_tb_02492,0.9406097233295441,TB
mendeley_tb_02493,0.7772810012102127,TB
