new_id,prob_tb,pred_TB/Normal
mendeley_normal_00000,0.7999187111854553,TB
mendeley_normal_00001,0.45124686043709517,Normal
mendeley_normal_00002,0.4571540942415595,Normal
mendeley_normal_00003,0.43712346255779266,Normal
mendeley_normal_00004,0.5763744916766882,TB
mendeley_normal_00005,0.8557635843753815,TB
mendeley_normal_00006,0.7299338076263666,TB
mendeley_normal_00007,0.4473337894305587,Normal
mendeley_normal_00008,0.5494017079472542,TB
mendeley_normal_00009,0.9351826757192612,TB
mendeley_normal_00010,0.5427126185968518,TB
mendeley_normal_00011,0.9545947462320328,TB
mendeley_normal_00012,0.9532463401556015,TB
mendeley_normal_00013,0.7631534747779369,TB
mendeley_normal_00014,0.6508871167898178,TB
mendeley_normal_00015,0.7089845798909664,TB
mendeley_normal_00016,0.07408121251501143,Normal
mendeley_normal_00017,0.2988115707412362,Normal
mendeley_normal_00018,0.7946598529815674,TB
mendeley_normal_00019,0.5412891590967774,TB
mendeley_normal_00020,0.2742037959396839,Normal
mendeley_normal_00021,0.42545592319220304,Normal
mendeley_normal_00022,0.39934299793094397,Normal
mendeley_normal_00023,0.7231749966740608,TB
mendeley_normal_00024,0.8592272698879242,TB
mendeley_normal_00025,0.7040023431181908,TB
mendeley_normal_00026,0.72672288864851,TB
mendeley_normal_00027,0.9589498192071915,TB
mendeley_normal_00028,0.7133214548230171,TB
mendeley_normal_00029,0.7527606002986431,TB
mendeley_normal_00030,0.638667531311512,TB
mendeley_normal_00031,0.7003195472061634,TB
mendeley_normal_00032,0.4366295197978616,Normal
mendeley_normal_00033,0.7118484675884247,TB
mendeley_normal_00034,0.725548479706049,TB
mendeley_normal_00035,0.7578625380992889,TB
mendeley_normal_00036,0.7238142900168896,TB
mendeley_normal_00037,0.4944736957550049,Normal
mendeley_normal_00038,0.8690227270126343,TB
mendeley_normal_00039,0.584135701879859,TB
mendeley_normal_00040,0.689922396093607,TB
mendeley_normal_00041,0.6609153728932142,TB
mendeley_normal_00042,0.697946585714817,TB
mendeley_normal_00043,0.7234603790566325,TB
mendeley_normal_00044,0.16142523288726807,Normal
mendeley_normal_00045,0.5484957955777645,TB
mendeley_normal_00046,0.5343552194535732,TB
mendeley_normal_00047,0.7794553339481354,TB
mendeley_normal_00048,0.7310913987457752,TB
mendeley_normal_00049,0.8793752640485764,TB
mendeley_normal_00050,0.9465764462947845,TB
mendeley_normal_00051,0.9766697287559509,TB
mendeley_normal_00052,0.2944944268092513,Normal
mendeley_normal_00053,0.6044731438159943,TB
mendeley_normal_00054,0.26946573331952095,Normal
mendeley_normal_00055,0.6180792897939682,TB
mendeley_normal_00056,0.47777167335152626,Normal
mendeley_normal_00057,0.7994375079870224,TB
mendeley_normal_00058,0.746148593723774,TB
mendeley_normal_00059,0.7517192512750626,TB
mendeley_normal_00060,0.7393677141517401,TB
mendeley_normal_00061,0.7863099947571754,TB
mendeley_normal_00062,0.8992791920900345,TB
mendeley_normal_00063,0.4281871076673269,Normal
mendeley_normal_00064,0.7010462880134583,TB
mendeley_normal_00065,0.6464931927621365,TB
mendeley_normal_00066,0.23452382907271385,Normal
mendeley_normal_00067,0.8961800187826157,TB
mendeley_normal_00068,0.43750932812690735,Normal
mendeley_normal_00069,0.7662378698587418,TB
mendeley_normal_00070,0.8097690641880035,TB
mendeley_normal_00071,0.42084770603105426,Normal
mendeley_normal_00072,0.8889075964689255,TB
mendeley_normal_00073,0.5926796309649944,TB
mendeley_normal_00074,0.9817837327718735,TB
mendeley_normal_00075,0.7868689671158791,TB
mendeley_normal_00076,0.3293506484478712,Normal
mendeley_normal_00077,0.6918281335383654,TB
mendeley_normal_00078,0.7434005327522755,TB
mendeley_normal_00079,0.5110373450443149,TB
mendeley_normal_00080,0.3283538045361638,Normal
mendeley_normal_00081,0.4971970049664378,Normal
mendeley_normal_00082,0.719785712659359,TB
mendeley_normal_00083,0.7670823037624359,TB
mendeley_normal_00084,0.7045927941799164,TB
mendeley_normal_00085,0.6525261849164963,TB
mendeley_normal_00086,0.20017524296417832,Normal
mendeley_normal_00087,0.7082887291908264,TB
mendeley_normal_00088,0.5874238386750221,TB
mendeley_normal_00089,0.9665577858686447,TB
mendeley_normal_00090,0.6877751797437668,TB
mendeley_normal_00091,0.25785604305565357,Normal
mendeley_normal_00092,0.5300278533250093,TB
mendeley_normal_00093,0.7409086674451828,TB
mendeley_normal_00094,0.8851013034582138,TB
mendeley_normal_00095,0.8268692716956139,TB
mendeley_normal_00096,0.5845726691186428,TB
mendeley_normal_00097,0.9567063897848129,TB
mendeley_normal_00098,0.8716365993022919,TB
mendeley_normal_00099,0.3095790660008788,Normal
mendeley_normal_00100,0.8220352530479431,TB
mendeley_normal_00101,0.576194548048079,TB
mendeley_normal_00102,0.23074780218303204,Normal
mendeley_normal_00103,0.9712970703840256,TB
mendeley_normal_00104,0.5775619596242905,TB
mendeley_normal_00105,0.6478659231215715,TB
mendeley_normal_00106,0.7359294518828392,TB
mendeley_normal_00107,0.7163797565735877,TB
mendeley_normal_00108,0.2501217401586473,Normal
mendeley_normal_00109,0.9005995243787766,TB
mendeley_normal_00110,0.6978721916675568,TB
mendeley_normal_00111,0.7038542665541172,TB
mendeley_normal_00112,0.6888963207602501,TB
mendeley_normal_00113,0.7769347652792931,TB
mendeley_normal_00114,0.6940996386110783,TB
mendeley_normal_00115,0.25366786029189825,Normal
mendeley_normal_00116,0.8435556441545486,TB
mendeley_normal_00117,0.9607593715190887,TB
mendeley_normal_00118,0.6990515645593405,TB
mendeley_normal_00119,0.75733432918787,TB
mendeley_normal_00120,0.547142636962235,TB
mendeley_normal_00121,0.9640116095542908,TB
mendeley_normal_00122,0.5821216385811567,TB
mendeley_normal_00123,0.7190088108181953,TB
mendeley_normal_00124,0.7783735990524292,TB
mendeley_normal_00125,0.6518826577812433,TB
mendeley_normal_00126,0.45529171638190746,Normal
mendeley_normal_00127,0.9162465482950211,TB
mendeley_normal_00128,0.6603313982486725,TB
mendeley_normal_00129,0.8613460212945938,TB
mendeley_normal_00130,0.8358070552349091,TB
mendeley_normal_00131,0.5245946608483791,TB
mendeley_normal_00132,0.6521922228857875,TB
mendeley_normal_00133,0.6614703051745892,TB
mendeley_normal_00134,0.8024065494537354,TB
mendeley_normal_00135,0.767280962318182,TB
mendeley_normal_00136,0.08745813649147749,Normal
mendeley_normal_00137,0.7195372581481934,TB
mendeley_normal_00138,0.9401620775461197,TB
mendeley_normal_00139,0.6535412948578596,TB
mendeley_normal_00140,0.5788783580064774,TB
mendeley_normal_00141,0.9732225239276886,TB
mendeley_normal_00142,0.9384041428565979,TB
mendeley_normal_00143,0.7674074694514275,TB
mendeley_normal_00144,0.5289442762732506,TB
mendeley_normal_00145,0.8419017940759659,TB
mendeley_normal_00146,0.7230128273367882,TB
mendeley_normal_00147,0.959542915225029,TB
mendeley_normal_00148,0.5226597543805838,TB
mendeley_normal_00149,0.5561942607164383,TB
mendeley_normal_00150,0.2733248290605843,Normal
mendeley_normal_00151,0.3040921436622739,Normal
mendeley_normal_00152,0.7293961886316538,TB
mendeley_normal_00153,0.0861903594341129,Normal
mendeley_normal_00154,0.7986634820699692,TB
mendeley_normal_00155,0.7243467941880226,TB
mendeley_normal_00156,0.5717495232820511,TB
mendeley_normal_00157,0.5942135769873857,TB
mendeley_normal_00158,0.512984030880034,TB
mendeley_normal_00159,0.9291442930698395,TB
mendeley_normal_00160,0.7426348403096199,TB
mendeley_normal_00161,0.7657379806041718,TB
mendeley_normal_00162,0.37037723511457443,Normal
mendeley_normal_00163,0.5748741668649018,TB
mendeley_normal_00164,0.9287854433059692,TB
mendeley_normal_00165,0.968634158372879,TB
mendeley_normal_00166,0.7139907516539097,TB
mendeley_normal_00167,0.655781552195549,TB
mendeley_normal_00168,0.7520527020096779,TB
mendeley_normal_00169,0.43131120689213276,Normal
mendeley_normal_00170,0.09097262378782034,Normal
mendeley_normal_00171,0.62494732812047,TB
mendeley_normal_00172,0.48472106363624334,Normal
mendeley_normal_00173,0.3026475924998522,Normal
mendeley_normal_00174,0.323224282823503,Normal
mendeley_normal_00175,0.6955208778381348,TB
mendeley_normal_00176,0.8557266741991043,TB
mendeley_normal_00177,0.4937869906425476,Normal
mendeley_normal_00178,0.4677412807941437,Normal
mendeley_normal_00179,0.3780343057587743,Normal
mendeley_normal_00180,0.26193792512640357,Normal
mendeley_normal_00181,0.3346634525805712,Normal
mendeley_normal_00182,0.24577802838757634,Normal
mendeley_normal_00183,0.13474083878099918,Normal
mendeley_normal_00184,0.8300302252173424,TB
mendeley_normal_00185,0.7031672149896622,TB
mendeley_normal_00186,0.6358326748013496,TB
mendeley_normal_00187,0.9351144880056381,TB
mendeley_normal_00188,0.6676911748945713,TB
mendeley_normal_00189,0.9262305349111557,TB
mendeley_normal_00190,0.39126036688685417,Normal
mendeley_normal_00191,0.9055055379867554,TB
mendeley_normal_00192,0.5150527441874146,TB
mendeley_normal_00193,0.9312988817691803,TB
mendeley_normal_00194,0.6189864315092564,TB
mendeley_normal_00195,0.691151948645711,TB
mendeley_normal_00196,0.48455972969532013,Normal
mendeley_normal_00197,0.8959559798240662,TB
mendeley_normal_00198,0.8970887959003448,TB
mendeley_normal_00199,0.0700829450506717,Normal
mendeley_normal_00200,0.05110280145891011,Normal
mendeley_normal_00201,0.8550064265727997,TB
mendeley_normal_00202,0.9638817310333252,TB
mendeley_normal_00203,0.47750869765877724,Normal
mendeley_normal_00204,0.32590245828032494,Normal
mendeley_normal_00205,0.9680733531713486,TB
mendeley_normal_00206,0.7943710833787918,TB
mendeley_normal_00207,0.16516118217259645,Normal
mendeley_normal_00208,0.9372484087944031,TB
mendeley_normal_00209,0.6192418318241835,TB
mendeley_normal_00210,0.19451067503541708,Normal
mendeley_normal_00211,0.9490578323602676,TB
mendeley_normal_00212,0.46376510709524155,Normal
mendeley_normal_00213,0.7213488072156906,TB
mendeley_normal_00214,0.7436796855181456,TB
mendeley_normal_00215,0.5543408282101154,TB
mendeley_normal_00216,0.7421516068279743,TB
mendeley_normal_00217,0.6734861871227622,TB
mendeley_normal_00218,0.6148701952770352,TB
mendeley_normal_00219,0.7100532352924347,TB
mendeley_normal_00220,0.4576057866215706,Normal
mendeley_normal_00221,0.9609181582927704,TB
mendeley_normal_00222,0.6635715644806623,TB
mendeley_normal_00223,0.9610545486211777,TB
mendeley_normal_00224,0.6758380625396967,TB
mendeley_normal_00225,0.7964438647031784,TB
mendeley_normal_00226,0.4291736762970686,Normal
mendeley_normal_00227,0.2492560464888811,Normal
mendeley_normal_00228,0.958586573600769,TB
mendeley_normal_00229,0.7668717056512833,TB
mendeley_normal_00230,0.6657462380826473,TB
mendeley_normal_00231,0.5762718264013529,TB
mendeley_normal_00232,0.35555627942085266,Normal
mendeley_normal_00233,0.378249853849411,Normal
mendeley_normal_00234,0.2189514795318246,Normal
mendeley_normal_00235,0.5202012006193399,TB
mendeley_normal_00236,0.9088858813047409,TB
mendeley_normal_00237,0.973870187997818,TB
mendeley_normal_00238,0.9278309494256973,TB
mendeley_normal_00239,0.9342643022537231,TB
mendeley_normal_00240,0.07323287473991513,Normal
mendeley_normal_00241,0.6484111212193966,TB
mendeley_normal_00242,0.5760447685606778,TB
mendeley_normal_00243,0.6719706170260906,TB
mendeley_normal_00244,0.05844162963330746,Normal
mendeley_normal_00245,0.4717227388173342,Normal
mendeley_normal_00246,0.21971137449145317,Normal
mendeley_normal_00247,0.7205966897308826,TB
mendeley_normal_00248,0.61374431848526,TB
mendeley_normal_00249,0.6473348876461387,TB
mendeley_normal_00250,0.5867777056992054,TB
mendeley_normal_00251,0.8623194992542267,TB
mendeley_normal_00252,0.6306024976074696,TB
mendeley_normal_00253,0.8645618706941605,TB
mendeley_normal_00254,0.9000459313392639,TB
mendeley_normal_00255,0.16198010090738535,Normal
mendeley_normal_00256,0.9179871678352356,TB
mendeley_normal_00257,0.979592576622963,TB
mendeley_normal_00258,0.6824577152729034,TB
mendeley_normal_00259,0.6587017700076103,TB
mendeley_normal_00260,0.6769271064549685,TB
mendeley_normal_00261,0.8823327273130417,TB
mendeley_normal_00262,0.9104383289813995,TB
mendeley_normal_00263,0.2863820707425475,Normal
mendeley_normal_00264,0.9761991053819656,TB
mendeley_normal_00265,0.3804950104095042,Normal
mendeley_normal_00266,0.7198353074491024,TB
mendeley_normal_00267,0.5879604518413544,TB
mendeley_normal_00268,0.5715660499408841,TB
mendeley_normal_00269,0.7745033241808414,TB
mendeley_normal_00270,0.7569180428981781,TB
mendeley_normal_00271,0.4331590663641691,Normal
mendeley_normal_00272,0.6290509682148695,TB
mendeley_normal_00273,0.7120873415842652,TB
mendeley_normal_00274,0.9770479798316956,TB
mendeley_normal_00275,0.6618429869413376,TB
mendeley_normal_00276,0.17123968293890357,Normal
mendeley_normal_00277,0.9666923582553864,TB
mendeley_normal_00278,0.5960135478526354,TB
mendeley_normal_00279,0.7177245374768972,TB
mendeley_normal_00280,0.9574336260557175,TB
mendeley_normal_00281,0.5866104159504175,TB
mendeley_normal_00282,0.6076152483001351,TB
mendeley_normal_00283,0.5707250107079744,TB
mendeley_normal_00284,0.9805888831615448,TB
mendeley_normal_00285,0.20230305846780539,Normal
mendeley_normal_00286,0.5424369219690561,TB
mendeley_normal_00287,0.4276974583044648,Normal
mendeley_normal_00288,0.5606271354481578,TB
mendeley_normal_00289,0.7373853549361229,TB
mendeley_normal_00290,0.32400759775191545,Normal
mendeley_normal_00291,0.6008699517697096,TB
mendeley_normal_00292,0.6511715762317181,TB
mendeley_normal_00293,0.6324586644768715,TB
mendeley_normal_00294,0.6916712485253811,TB
mendeley_normal_00295,0.8173743709921837,TB
mendeley_normal_00296,0.370080822147429,Normal
mendeley_normal_00297,0.8168214783072472,TB
mendeley_normal_00298,0.6361585110425949,TB
mendeley_normal_00299,0.5893608834594488,TB
mendeley_normal_00300,0.95035620033741,TB
mendeley_normal_00301,0.33208947954699397,Normal
mendeley_normal_00302,0.5118503272533417,TB
mendeley_normal_00303,0.020498613826930523,Normal
mendeley_normal_00304,0.6673678606748581,TB
mendeley_normal_00305,0.6493466557003558,TB
mendeley_normal_00306,0.8310876488685608,TB
mendeley_normal_00307,0.694514561444521,TB
mendeley_normal_00308,0.40587204322218895,Normal
mendeley_normal_00309,0.976730465888977,TB
mendeley_normal_00310,0.6521168053150177,TB
mendeley_normal_00311,0.9650608897209167,TB
mendeley_normal_00312,0.6730518862605095,TB
mendeley_normal_00313,0.695692278444767,TB
mendeley_normal_00314,0.7248776890337467,TB
mendeley_normal_00315,0.4652518630027771,Normal
mendeley_normal_00316,0.21641269326210022,Normal
mendeley_normal_00317,0.5593048566952348,TB
mendeley_normal_00318,0.6622535511851311,TB
mendeley_normal_00319,0.5290327239781618,TB
mendeley_normal_00320,0.7067159675061703,TB
mendeley_normal_00321,0.634747214615345,TB
mendeley_normal_00322,0.28413114603608847,Normal
mendeley_normal_00323,0.7690214291214943,TB
mendeley_normal_00324,0.5793633256107569,TB
mendeley_normal_00325,0.7753456607460976,TB
mendeley_normal_00326,0.8801216185092926,TB
mendeley_normal_00327,0.712728101760149,TB
mendeley_normal_00328,0.8454957455396652,TB
mendeley_normal_00329,0.6829657442867756,TB
mendeley_normal_00330,0.03823439194820821,Normal
mendeley_normal_00331,0.5837118029594421,TB
mendeley_normal_00332,0.5525243058800697,TB
mendeley_normal_00333,0.4130366984754801,Normal
mendeley_normal_00334,0.8854755908250809,TB
mendeley_normal_00335,0.30842386931180954,Normal
mendeley_normal_00336,0.8439602181315422,TB
mendeley_normal_00337,0.23994563706219196,Normal
mendeley_normal_00338,0.5757719166576862,TB
mendeley_normal_00339,0.42567932792007923,Normal
mendeley_normal_00340,0.0525384780485183,Normal
mendeley_normal_00341,0.6283006276935339,TB
mendeley_normal_00342,0.6313620153814554,TB
mendeley_normal_00343,0.6046680780127645,TB
mendeley_normal_00344,0.63107287324965,TB
mendeley_normal_00345,0.11951161967590451,Normal
mendeley_normal_00346,0.7825300544500351,TB
mendeley_normal_00347,0.45468556322157383,Normal
mendeley_normal_00348,0.6599660143256187,TB
mendeley_normal_00349,0.5934223998337984,TB
mendeley_normal_00350,0.7592676393687725,TB
mendeley_normal_00351,0.758232619613409,TB
mendeley_normal_00352,0.8346152305603027,TB
mendeley_normal_00353,0.8618275374174118,TB
mendeley_normal_00354,0.46309642400592566,Normal
mendeley_normal_00355,0.6834435500204563,TB
mendeley_normal_00356,0.7263173740357161,TB
mendeley_normal_00357,0.7374953869730234,TB
mendeley_normal_00358,0.7366819307208061,TB
mendeley_normal_00359,0.630007304251194,TB
mendeley_normal_00360,0.6930241324007511,TB
mendeley_normal_00361,0.6146939024329185,TB
mendeley_normal_00362,0.7018368728458881,TB
mendeley_normal_00363,0.6644044816493988,TB
mendeley_normal_00364,0.652226448059082,TB
mendeley_normal_00365,0.7238365020602942,TB
mendeley_normal_00366,0.341926506254822,Normal
mendeley_normal_00367,0.3347321916371584,Normal
mendeley_normal_00368,0.5380345350131392,TB
mendeley_normal_00369,0.5365598089993,TB
mendeley_normal_00370,0.7823548465967178,TB
mendeley_normal_00371,0.6374831739813089,TB
mendeley_normal_00372,0.7080206573009491,TB
mendeley_normal_00373,0.29432683577761054,Normal
mendeley_normal_00374,0.6993217132985592,TB
mendeley_normal_00375,0.6928215622901917,TB
mendeley_normal_00376,0.706184558570385,TB
mendeley_normal_00377,0.6121019721031189,TB
mendeley_normal_00378,0.7103808363899589,TB
mendeley_normal_00379,0.6138308057561517,TB
mendeley_normal_00380,0.24382807267829776,Normal
mendeley_normal_00381,0.7399136573076248,TB
mendeley_normal_00382,0.34426519833505154,Normal
mendeley_normal_00383,0.798271119594574,TB
mendeley_normal_00384,0.9422337263822556,TB
mendeley_normal_00385,0.5531114060431719,TB
mendeley_normal_00386,0.35974739119410515,Normal
mendeley_normal_00387,0.6183088272809982,TB
mendeley_normal_00388,0.9674211889505386,TB
mendeley_normal_00389,0.7320133708417416,TB
mendeley_normal_00390,0.945766270160675,TB
mendeley_normal_00391,0.6491829548031092,TB
mendeley_normal_00392,0.5278195887804031,TB
mendeley_normal_00393,0.5688569098711014,TB
mendeley_normal_00394,0.40620893239974976,Normal
mendeley_normal_00395,0.5814740657806396,TB
mendeley_normal_00396,0.7882860526442528,TB
mendeley_normal_00397,0.21994878514669836,Normal
mendeley_normal_00398,0.9015774130821228,TB
mendeley_normal_00399,0.965815469622612,TB
mendeley_normal_00400,0.5257658362388611,TB
mendeley_normal_00401,0.6775265038013458,TB
mendeley_normal_00402,0.7799256518483162,TB
mendeley_normal_00403,0.16669036401435733,Normal
mendeley_normal_00404,0.20950094517320395,Normal
mendeley_normal_00405,0.8150188773870468,TB
mendeley_normal_00406,0.9301669597625732,TB
mendeley_normal_00407,0.9151440560817719,TB
mendeley_normal_00408,0.30872213654220104,Normal
mendeley_normal_00409,0.8185800462961197,TB
mendeley_normal_00410,0.6091279443353415,TB
mendeley_normal_00411,0.16150261089205742,Normal
mendeley_normal_00412,0.16818708693608642,Normal
mendeley_normal_00413,0.40192308416590095,Normal
mendeley_normal_00414,0.0746095385402441,Normal
mendeley_normal_00415,0.6888070851564407,TB
mendeley_normal_00416,0.06344540417194366,Normal
mendeley_normal_00417,0.5795991159975529,TB
mendeley_normal_00418,0.4189714752137661,Normal
mendeley_normal_00419,0.7630637362599373,TB
mendeley_normal_00420,0.7995532900094986,TB
mendeley_normal_00421,0.7303073778748512,TB
mendeley_normal_00422,0.7201224453747272,TB
mendeley_normal_00423,0.5602117292582989,TB
mendeley_normal_00424,0.27075680159032345,Normal
mendeley_normal_00425,0.6402905583381653,TB
mendeley_normal_00426,0.24312405986711383,Normal
mendeley_normal_00427,0.3591494308784604,Normal
mendeley_normal_00428,0.7189453467726707,TB
mendeley_normal_00429,0.8060990422964096,TB
mendeley_normal_00430,0.715784128755331,TB
mendeley_normal_00431,0.64537363499403,TB
mendeley_normal_00432,0.24250491452403367,Normal
mendeley_normal_00433,0.14746933989226818,Normal
mendeley_normal_00434,0.6992404721677303,TB
mendeley_normal_00435,0.1775880642235279,Normal
mendeley_normal_00436,0.6016055308282375,TB
mendeley_normal_00437,0.7355051636695862,TB
mendeley_normal_00438,0.9525066763162613,TB
mendeley_normal_00439,0.11981597542762756,Normal
mendeley_normal_00440,0.3357759490609169,Normal
mendeley_normal_00441,0.4961971454322338,Normal
mendeley_normal_00442,0.04064310947433114,Normal
mendeley_normal_00443,0.336079397238791,Normal
mendeley_normal_00444,0.9607891142368317,TB
mendeley_normal_00445,0.11579739837907255,Normal
mendeley_normal_00446,0.9484922736883163,TB
mendeley_normal_00447,0.5802195426076651,TB
mendeley_normal_00448,0.6545592211186886,TB
mendeley_normal_00449,0.6632984783500433,TB
mendeley_normal_00450,0.6686676107347012,TB
mendeley_normal_00451,0.46562312450259924,Normal
mendeley_normal_00452,0.2940532248467207,Normal
mendeley_normal_00453,0.4294614642858505,Normal
mendeley_normal_00454,0.0812436006963253,Normal
mendeley_normal_00455,0.8128024414181709,TB
mendeley_normal_00456,0.2020160504616797,Normal
mendeley_normal_00457,0.6355211157351732,TB
mendeley_normal_00458,0.4527253042906523,Normal
mendeley_normal_00459,0.773607462644577,TB
mendeley_normal_00460,0.6733400719240308,TB
mendeley_normal_00461,0.6873336136341095,TB
mendeley_normal_00462,0.06391352321952581,Normal
mendeley_normal_00463,0.446065504103899,Normal
mendeley_normal_00464,0.8180283680558205,TB
mendeley_normal_00465,0.6417154036462307,TB
mendeley_normal_00466,0.5924079064279795,TB
mendeley_normal_00467,0.6140863373875618,TB
mendeley_normal_00468,0.8087209686636925,TB
mendeley_normal_00469,0.4031349760480225,Normal
mendeley_normal_00470,0.9449766874313354,TB
mendeley_normal_00471,0.19804873317480087,Normal
mendeley_normal_00472,0.7485309541225433,TB
mendeley_normal_00473,0.40248725563287735,Normal
mendeley_normal_00474,0.6618312001228333,TB
mendeley_normal_00475,0.6581121142953634,TB
mendeley_normal_00476,0.18570327060297132,Normal
mendeley_normal_00477,0.24758094176650047,Normal
mendeley_normal_00478,0.4833923615515232,Normal
mendeley_normal_00479,0.7824816182255745,TB
mendeley_normal_00480,0.49387805443257093,Normal
mendeley_normal_00481,0.8336581289768219,TB
mendeley_normal_00482,0.33085635490715504,Normal
mendeley_normal_00483,0.9021894931793213,TB
mendeley_normal_00484,0.7802863344550133,TB
mendeley_normal_00485,0.20954120578244328,Normal
mendeley_normal_00486,0.5134581606835127,TB
mendeley_normal_00487,0.0812436006963253,Normal
mendeley_normal_00488,0.2020160504616797,Normal
mendeley_normal_00489,0.6355211157351732,TB
mendeley_normal_00490,0.4527253042906523,Normal
mendeley_normal_00491,0.8101180195808411,TB
mendeley_normal_00492,0.773607462644577,TB
mendeley_normal_00493,0.877497524023056,TB
mendeley_normal_00494,0.5541038289666176,TB
mendeley_normal_00495,0.8196617364883423,TB
mendeley_normal_00496,0.5501747280359268,TB
mendeley_normal_00497,0.12361247790977359,Normal
mendeley_normal_00498,0.5389364920556545,TB
mendeley_normal_00499,0.556605614721775,TB
mendeley_normal_00500,0.74649578332901,TB
mendeley_normal_00501,0.7266358956694603,TB
mendeley_normal_00502,0.6300646383315325,TB
mendeley_normal_00503,0.6548447459936142,TB
mendeley_normal_00504,0.4215905172750354,Normal
mendeley_normal_00505,0.6612820606678724,TB
mendeley_normal_00506,0.7743826806545258,TB
mendeley_normal_00507,0.24041482619941235,Normal
mendeley_normal_00508,0.04411117918789387,Normal
mendeley_normal_00509,0.09367648884654045,Normal
mendeley_normal_00510,0.501739053055644,TB
mendeley_normal_00511,0.5664112968370318,TB
mendeley_normal_00512,0.7647008895874023,TB
mendeley_tb_00000,0.9827717244625092,TB
mendeley_tb_00001,0.9691696316003799,TB
mendeley_tb_00002,0.9537298381328583,TB
mendeley_tb_00003,0.987353652715683,TB
mendeley_tb_00004,0.9765542447566986,TB
mendeley_tb_00005,0.33702484518289566,Normal
mendeley_tb_00006,0.2825938453897834,Normal
mendeley_tb_00007,0.029263074044138193,Normal
mendeley_tb_00008,0.9807102084159851,TB
mendeley_tb_00009,0.9879706501960754,TB
mendeley_tb_00010,0.9478746652603149,TB
mendeley_tb_00011,0.9459429234266281,TB
mendeley_tb_00012,0.9829885363578796,TB
mendeley_tb_00013,0.9743234068155289,TB
mendeley_tb_00014,0.9265577495098114,TB
mendeley_tb_00015,0.9827182590961456,TB
mendeley_tb_00016,0.9588795602321625,TB
mendeley_tb_00017,0.9625401198863983,TB
mendeley_tb_00018,0.9908887147903442,TB
mendeley_tb_00019,0.9716535955667496,TB
mendeley_tb_00020,0.9294732958078384,TB
mendeley_tb_00021,0.980787605047226,TB
mendeley_tb_00022,0.8432089984416962,TB
mendeley_tb_00023,0.9878251552581787,TB
mendeley_tb_00024,0.8958373665809631,TB
mendeley_tb_00025,0.7172579076141119,TB
mendeley_tb_00026,0.4236212885007262,Normal
mendeley_tb_00027,0.9655600488185883,TB
mendeley_tb_00028,0.9555556923151016,TB
mendeley_tb_00029,0.9673959314823151,TB
mendeley_tb_00030,0.5168289970606565,TB
mendeley_tb_00031,0.9529993981122971,TB
mendeley_tb_00032,0.5825979858636856,TB
mendeley_tb_00033,0.9665553420782089,TB
mendeley_tb_00034,0.9835601598024368,TB
mendeley_tb_00035,0.8090876713395119,TB
mendeley_tb_00036,0.983081266283989,TB
mendeley_tb_00037,0.9491579383611679,TB
mendeley_tb_00038,0.9749156385660172,TB
mendeley_tb_00039,0.9367226660251617,TB
mendeley_tb_00040,0.9851385802030563,TB
mendeley_tb_00041,0.9402567893266678,TB
mendeley_tb_00042,0.9410673081874847,TB
mendeley_tb_00043,0.520958699285984,TB
mendeley_tb_00044,0.7622746974229813,TB
mendeley_tb_00045,0.9602942019701004,TB
mendeley_tb_00046,0.8725053519010544,TB
mendeley_tb_00047,0.981698527932167,TB
mendeley_tb_00048,0.9165813475847244,TB
mendeley_tb_00049,0.6743939556181431,TB
mendeley_tb_00050,0.9795456081628799,TB
mendeley_tb_00051,0.8283373191952705,TB
mendeley_tb_00052,0.7182604372501373,TB
mendeley_tb_00053,0.9586576521396637,TB
mendeley_tb_00054,0.6708290278911591,TB
mendeley_tb_00055,0.9763917773962021,TB
mendeley_tb_00056,0.9768514633178711,TB
mendeley_tb_00057,0.9797761738300323,TB
mendeley_tb_00058,0.9817827343940735,TB
mendeley_tb_00059,0.9749045372009277,TB
mendeley_tb_00060,0.8604606837034225,TB
mendeley_tb_00061,0.9722117036581039,TB
mendeley_tb_00062,0.986475020647049,TB
mendeley_tb_00063,0.8194036781787872,TB
mendeley_tb_00064,0.9404747635126114,TB
mendeley_tb_00065,0.5924580451101065,TB
mendeley_tb_00066,0.9246593862771988,TB
mendeley_tb_00067,0.40305510722100735,Normal
mendeley_tb_00068,0.9854142516851425,TB
mendeley_tb_00069,0.8952996879816055,TB
mendeley_tb_00070,0.569864172488451,TB
mendeley_tb_00071,0.8566398918628693,TB
mendeley_tb_00072,0.9141319692134857,TB
mendeley_tb_00073,0.9750339090824127,TB
mendeley_tb_00074,0.9295416176319122,TB
mendeley_tb_00075,0.8828161805868149,TB
mendeley_tb_00076,0.9531388431787491,TB
mendeley_tb_00077,0.9840510785579681,TB
mendeley_tb_00078,0.9805069118738174,TB
mendeley_tb_00079,0.684689350426197,TB
mendeley_tb_00080,0.9435047209262848,TB
mendeley_tb_00081,0.9718527793884277,TB
mendeley_tb_00082,0.9280271381139755,TB
mendeley_tb_00083,0.9830274134874344,TB
mendeley_tb_00084,0.922438234090805,TB
mendeley_tb_00085,0.6377705223858356,TB
mendeley_tb_00086,0.9781850278377533,TB
mendeley_tb_00087,0.9688617587089539,TB
mendeley_tb_00088,0.9777294248342514,TB
mendeley_tb_00089,0.7817628681659698,TB
mendeley_tb_00090,0.7000024784356356,TB
mendeley_tb_00091,0.7901388555765152,TB
mendeley_tb_00092,0.9843482077121735,TB
mendeley_tb_00093,0.9395164549350739,TB
mendeley_tb_00094,0.5781858069822192,TB
mendeley_tb_00095,0.8489658534526825,TB
mendeley_tb_00096,0.5093415938317776,TB
mendeley_tb_00097,0.9897716045379639,TB
mendeley_tb_00098,0.6336449198424816,TB
mendeley_tb_00099,0.977212131023407,TB
mendeley_tb_00100,0.76722676679492,TB
mendeley_tb_00101,0.9763917177915573,TB
mendeley_tb_00102,0.9816359132528305,TB
mendeley_tb_00103,0.5208844617009163,TB
mendeley_tb_00104,0.7820519506931305,TB
mendeley_tb_00105,0.6601747944951057,TB
mendeley_tb_00106,0.5687480568885803,TB
mendeley_tb_00107,0.6549562253057957,TB
mendeley_tb_00108,0.9494577497243881,TB
mendeley_tb_00109,0.818389005959034,TB
mendeley_tb_00110,0.9112468212842941,TB
mendeley_tb_00111,0.9669818580150604,TB
mendeley_tb_00112,0.8043795600533485,TB
mendeley_tb_00113,0.8999183475971222,TB
mendeley_tb_00114,0.9844202250242233,TB
mendeley_tb_00115,0.982413187623024,TB
mendeley_tb_00116,0.9418975114822388,TB
mendeley_tb_00117,0.9849829524755478,TB
mendeley_tb_00118,0.9745582342147827,TB
mendeley_tb_00119,0.9846430122852325,TB
mendeley_tb_00120,0.9814253896474838,TB
mendeley_tb_00121,0.9785120189189911,TB
mendeley_tb_00122,0.8840808272361755,TB
mendeley_tb_00123,0.9926278293132782,TB
mendeley_tb_00124,0.9337881803512573,TB
mendeley_tb_00125,0.907277375459671,TB
mendeley_tb_00126,0.34485639072954655,Normal
mendeley_tb_00127,0.9819396436214447,TB
mendeley_tb_00128,0.4686181824654341,Normal
mendeley_tb_00129,0.5875165611505508,TB
mendeley_tb_00130,0.9360420107841492,TB
mendeley_tb_00131,0.9788517504930496,TB
mendeley_tb_00132,0.9705425798892975,TB
mendeley_tb_00133,0.9633078277111053,TB
mendeley_tb_00134,0.9835929721593857,TB
mendeley_tb_00135,0.9587486386299133,TB
mendeley_tb_00136,0.4368397295475006,Normal
mendeley_tb_00137,0.24772958923131227,Normal
mendeley_tb_00138,0.9842419773340225,TB
mendeley_tb_00139,0.9596372246742249,TB
mendeley_tb_00140,0.9849105328321457,TB
mendeley_tb_00141,0.8866623789072037,TB
mendeley_tb_00142,0.9863737374544144,TB
mendeley_tb_00143,0.976037010550499,TB
mendeley_tb_00144,0.9708376824855804,TB
mendeley_tb_00145,0.9794578403234482,TB
mendeley_tb_00146,0.9695128947496414,TB
mendeley_tb_00147,0.991009309887886,TB
mendeley_tb_00148,0.9677155017852783,TB
mendeley_tb_00149,0.948741152882576,TB
mendeley_tb_00150,0.8910869359970093,TB
mendeley_tb_00151,0.983800932765007,TB
mendeley_tb_00152,0.9730090200901031,TB
mendeley_tb_00153,0.9203668981790543,TB
mendeley_tb_00154,0.9753398299217224,TB
mendeley_tb_00155,0.8818917125463486,TB
mendeley_tb_00156,0.8908624798059464,TB
mendeley_tb_00157,0.9781751036643982,TB
mendeley_tb_00158,0.535230778157711,TB
mendeley_tb_00159,0.6747148893773556,TB
mendeley_tb_00160,0.9891326874494553,TB
mendeley_tb_00161,0.9623378813266754,TB
mendeley_tb_00162,0.9839901626110077,TB
mendeley_tb_00163,0.24795922730118036,Normal
mendeley_tb_00164,0.8841211497783661,TB
mendeley_tb_00165,0.9793766736984253,TB
mendeley_tb_00166,0.658524364233017,TB
mendeley_tb_00167,0.8874436169862747,TB
mendeley_tb_00168,0.9593283385038376,TB
mendeley_tb_00169,0.9263627529144287,TB
mendeley_tb_00170,0.857811838388443,TB
mendeley_tb_00171,0.9697768241167068,TB
mendeley_tb_00172,0.9591563045978546,TB
mendeley_tb_00173,0.9858897179365158,TB
mendeley_tb_00174,0.5421918667852879,TB
mendeley_tb_00175,0.9782785177230835,TB
mendeley_tb_00176,0.33738531917333603,Normal
mendeley_tb_00177,0.981520488858223,TB
mendeley_tb_00178,0.6318546459078789,TB
mendeley_tb_00179,0.9760835319757462,TB
mendeley_tb_00180,0.981192409992218,TB
mendeley_tb_00181,0.8509529381990433,TB
mendeley_tb_00182,0.979691818356514,TB
mendeley_tb_00183,0.9186368584632874,TB
mendeley_tb_00184,0.8470533788204193,TB
mendeley_tb_00185,0.7796692177653313,TB
mendeley_tb_00186,0.9770402610301971,TB
mendeley_tb_00187,0.8237027823925018,TB
mendeley_tb_00188,0.9750857055187225,TB
mendeley_tb_00189,0.9830649048089981,TB
mendeley_tb_00190,0.9915006011724472,TB
mendeley_tb_00191,0.30387716367840767,Normal
mendeley_tb_00192,0.7276969067752361,TB
mendeley_tb_00193,0.9553864896297455,TB
mendeley_tb_00194,0.964781329035759,TB
mendeley_tb_00195,0.9804724305868149,TB
mendeley_tb_00196,0.9876152575016022,TB
mendeley_tb_00197,0.9852629899978638,TB
mendeley_tb_00198,0.7814690247178078,TB
mendeley_tb_00199,0.9803772568702698,TB
mendeley_tb_00200,0.9607482105493546,TB
mendeley_tb_00201,0.7059273198246956,TB
mendeley_tb_00202,0.9799380004405975,TB
mendeley_tb_00203,0.9818396866321564,TB
mendeley_tb_00204,0.9708536565303802,TB
mendeley_tb_00205,0.9632263481616974,TB
mendeley_tb_00206,0.9819326847791672,TB
mendeley_tb_00207,0.9768527150154114,TB
mendeley_tb_00208,0.9698921293020248,TB
mendeley_tb_00209,0.9775807410478592,TB
mendeley_tb_00210,0.8969127535820007,TB
mendeley_tb_00211,0.54174380376935,TB
mendeley_tb_00212,0.9681223928928375,TB
mendeley_tb_00213,0.9651212245225906,TB
mendeley_tb_00214,0.9247688204050064,TB
mendeley_tb_00215,0.9800194650888443,TB
mendeley_tb_00216,0.9559389799833298,TB
mendeley_tb_00217,0.9805786609649658,TB
mendeley_tb_00218,0.6541788466274738,TB
mendeley_tb_00219,0.9171643853187561,TB
mendeley_tb_00220,0.29914738796651363,Normal
mendeley_tb_00221,0.9822968393564224,TB
mendeley_tb_00222,0.848560519516468,TB
mendeley_tb_00223,0.9536845535039902,TB
mendeley_tb_00224,0.7366466298699379,TB
mendeley_tb_00225,0.9103310704231262,TB
mendeley_tb_00226,0.9572299420833588,TB
mendeley_tb_00227,0.21879552118480206,Normal
mendeley_tb_00228,0.9786804616451263,TB
mendeley_tb_00229,0.9213185757398605,TB
mendeley_tb_00230,0.9160201400518417,TB
mendeley_tb_00231,0.9698273986577988,TB
mendeley_tb_00232,0.8976630568504333,TB
mendeley_tb_00233,0.7778395488858223,TB
mendeley_tb_00234,0.9622519165277481,TB
mendeley_tb_00235,0.9802848100662231,TB
mendeley_tb_00236,0.8993750512599945,TB
mendeley_tb_00237,0.8014247044920921,TB
mendeley_tb_00238,0.9623574763536453,TB
mendeley_tb_00239,0.24161385744810104,Normal
mendeley_tb_00240,0.6871047094464302,TB
mendeley_tb_00241,0.9779034554958344,TB
mendeley_tb_00242,0.9803930521011353,TB
mendeley_tb_00243,0.9842999577522278,TB
mendeley_tb_00244,0.9105201810598373,TB
mendeley_tb_00245,0.3502950258553028,Normal
mendeley_tb_00246,0.9093579202890396,TB
mendeley_tb_00247,0.9723528027534485,TB
mendeley_tb_00248,0.797411784529686,TB
mendeley_tb_00249,0.8679374903440475,TB
mendeley_tb_00250,0.6196830235421658,TB
mendeley_tb_00251,0.9731813818216324,TB
mendeley_tb_00252,0.7941474914550781,TB
mendeley_tb_00253,0.9838056117296219,TB
mendeley_tb_00254,0.9646537005901337,TB
mendeley_tb_00255,0.4852927392348647,Normal
mendeley_tb_00256,0.9914207756519318,TB
mendeley_tb_00257,0.9899525195360184,TB
mendeley_tb_00258,0.9186654984951019,TB
mendeley_tb_00259,0.9789358377456665,TB
mendeley_tb_00260,0.9785993248224258,TB
mendeley_tb_00261,0.9863575845956802,TB
mendeley_tb_00262,0.5751796895638108,TB
mendeley_tb_00263,0.9786684960126877,TB
mendeley_tb_00264,0.9802757054567337,TB
mendeley_tb_00265,0.9837836474180222,TB
mendeley_tb_00266,0.9762472212314606,TB
mendeley_tb_00267,0.5819753780961037,TB
mendeley_tb_00268,0.9491862803697586,TB
mendeley_tb_00269,0.9604093283414841,TB
mendeley_tb_00270,0.9763832092285156,TB
mendeley_tb_00271,0.9621017277240753,TB
mendeley_tb_00272,0.9729545563459396,TB
mendeley_tb_00273,0.9896293133497238,TB
mendeley_tb_00274,0.976558193564415,TB
mendeley_tb_00275,0.938675120472908,TB
mendeley_tb_00276,0.9866463392972946,TB
mendeley_tb_00277,0.9817696809768677,TB
mendeley_tb_00278,0.9804788827896118,TB
mendeley_tb_00279,0.9852153658866882,TB
mendeley_tb_00280,0.9377651512622833,TB
mendeley_tb_00281,0.651403296738863,TB
mendeley_tb_00282,0.9773868322372437,TB
mendeley_tb_00283,0.3742909673601389,Normal
mendeley_tb_00284,0.6390276178717613,TB
mendeley_tb_00285,0.9827187061309814,TB
mendeley_tb_00286,0.928132176399231,TB
mendeley_tb_00287,0.9839125275611877,TB
mendeley_tb_00288,0.4735626019537449,Normal
mendeley_tb_00289,0.9746121913194656,TB
mendeley_tb_00290,0.9117790162563324,TB
mendeley_tb_00291,0.9868234694004059,TB
mendeley_tb_00292,0.686616487801075,TB
mendeley_tb_00293,0.8370539993047714,TB
mendeley_tb_00294,0.5684089064598083,TB
mendeley_tb_00295,0.5968950986862183,TB
mendeley_tb_00296,0.9524864703416824,TB
mendeley_tb_00297,0.750186562538147,TB
mendeley_tb_00298,0.35893401969224215,Normal
mendeley_tb_00299,0.9845014065504074,TB
mendeley_tb_00300,0.8965669721364975,TB
mendeley_tb_00301,0.9632745981216431,TB
mendeley_tb_00302,0.8552194386720657,TB
mendeley_tb_00303,0.9264384061098099,TB
mendeley_tb_00304,0.9791451990604401,TB
mendeley_tb_00305,0.9756154119968414,TB
mendeley_tb_00306,0.9802265763282776,TB
mendeley_tb_00307,0.9734304547309875,TB
mendeley_tb_00308,0.9878328442573547,TB
mendeley_tb_00309,0.982594296336174,TB
mendeley_tb_00310,0.9864009469747543,TB
mendeley_tb_00311,0.9731172770261765,TB
mendeley_tb_00312,0.9566968679428101,TB
mendeley_tb_00313,0.8261681720614433,TB
mendeley_tb_00314,0.8614748269319534,TB
mendeley_tb_00315,0.9243214875459671,TB
mendeley_tb_00316,0.9822705835103989,TB
mendeley_tb_00317,0.911989152431488,TB
mendeley_tb_00318,0.9631398171186447,TB
mendeley_tb_00319,0.987720400094986,TB
mendeley_tb_00320,0.9183661341667175,TB
mendeley_tb_00321,0.98396897315979,TB
mendeley_tb_00322,0.9658365994691849,TB
mendeley_tb_00323,0.7750923335552216,TB
mendeley_tb_00324,0.9760621935129166,TB
mendeley_tb_00325,0.8855704516172409,TB
mendeley_tb_00326,0.9826310127973557,TB
mendeley_tb_00327,0.9659164100885391,TB
mendeley_tb_00328,0.9341143071651459,TB
mendeley_tb_00329,0.8747476786375046,TB
mendeley_tb_00330,0.8769270777702332,TB
mendeley_tb_00331,0.9381906986236572,TB
mendeley_tb_00332,0.817195400595665,TB
mendeley_tb_00333,0.9731743782758713,TB
mendeley_tb_00334,0.7947351485490799,TB
mendeley_tb_00335,0.958188608288765,TB
mendeley_tb_00336,0.9416804164648056,TB
mendeley_tb_00337,0.8713388293981552,TB
mendeley_tb_00338,0.9738221019506454,TB
mendeley_tb_00339,0.9700437635183334,TB
mendeley_tb_00340,0.977552130818367,TB
mendeley_tb_00341,0.29535063076764345,Normal
mendeley_tb_00342,0.9734717458486557,TB
mendeley_tb_00343,0.9873978346586227,TB
mendeley_tb_00344,0.9794782847166061,TB
mendeley_tb_00345,0.9862316250801086,TB
mendeley_tb_00346,0.9161428213119507,TB
mendeley_tb_00347,0.83456951379776,TB
mendeley_tb_00348,0.23059563245624304,Normal
mendeley_tb_00349,0.9687331467866898,TB
mendeley_tb_00350,0.9892584830522537,TB
mendeley_tb_00351,0.7350784279406071,TB
mendeley_tb_00352,0.3037515692412853,Normal
mendeley_tb_00353,0.8022312819957733,TB
mendeley_tb_00354,0.5937148556113243,TB
mendeley_tb_00355,0.9710027724504471,TB
mendeley_tb_00356,0.7253286316990852,TB
mendeley_tb_00357,0.985958993434906,TB
mendeley_tb_00358,0.9766731560230255,TB
mendeley_tb_00359,0.8001901060342789,TB
mendeley_tb_00360,0.9031407833099365,TB
mendeley_tb_00361,0.9868093281984329,TB
mendeley_tb_00362,0.92159004509449,TB
mendeley_tb_00363,0.9205976873636246,TB
mendeley_tb_00364,0.5597268864512444,TB
mendeley_tb_00365,0.9860273003578186,TB
mendeley_tb_00366,0.9852344989776611,TB
mendeley_tb_00367,0.9918914586305618,TB
mendeley_tb_00368,0.992113322019577,TB
mendeley_tb_00369,0.9734857529401779,TB
mendeley_tb_00370,0.9563669264316559,TB
mendeley_tb_00371,0.983215719461441,TB
mendeley_tb_00372,0.9216851443052292,TB
mendeley_tb_00373,0.9827243238687515,TB
mendeley_tb_00374,0.9668813198804855,TB
mendeley_tb_00375,0.6083171665668488,TB
mendeley_tb_00376,0.9789092838764191,TB
mendeley_tb_00377,0.985295906662941,TB
mendeley_tb_00378,0.9309262037277222,TB
mendeley_tb_00379,0.4037203937768936,Normal
mendeley_tb_00380,0.9755390137434006,TB
mendeley_tb_00381,0.98047935962677,TB
mendeley_tb_00382,0.9743252247571945,TB
mendeley_tb_00383,0.9624969959259033,TB
mendeley_tb_00384,0.9744107276201248,TB
mendeley_tb_00385,0.7586476281285286,TB
mendeley_tb_00386,0.7804508581757545,TB
mendeley_tb_00387,0.9805594384670258,TB
mendeley_tb_00388,0.9413110315799713,TB
mendeley_tb_00389,0.9427845478057861,TB
mendeley_tb_00390,0.9723730981349945,TB
mendeley_tb_00391,0.9393361657857895,TB
mendeley_tb_00392,0.9811205416917801,TB
mendeley_tb_00393,0.9787051379680634,TB
mendeley_tb_00394,0.9791871458292007,TB
mendeley_tb_00395,0.9888459891080856,TB
mendeley_tb_00396,0.9810022115707397,TB
mendeley_tb_00397,0.7821260839700699,TB
mendeley_tb_00398,0.8346837759017944,TB
mendeley_tb_00399,0.9832683801651001,TB
mendeley_tb_00400,0.5378147382289171,TB
mendeley_tb_00401,0.984199196100235,TB
mendeley_tb_00402,0.9815135598182678,TB
mendeley_tb_00403,0.957345724105835,TB
mendeley_tb_00404,0.9748946279287338,TB
mendeley_tb_00405,0.984964519739151,TB
mendeley_tb_00406,0.4028603620827198,Normal
mendeley_tb_00407,0.984319880604744,TB
mendeley_tb_00408,0.7078469693660736,TB
mendeley_tb_00409,0.9575374275445938,TB
mendeley_tb_00410,0.9837428331375122,TB
mendeley_tb_00411,0.9798887223005295,TB
mendeley_tb_00412,0.8729094713926315,TB
mendeley_tb_00413,0.868702843785286,TB
mendeley_tb_00414,0.896739736199379,TB
mendeley_tb_00415,0.9808458238840103,TB
mendeley_tb_00416,0.9829701632261276,TB
mendeley_tb_00417,0.9807241410017014,TB
mendeley_tb_00418,0.9820554405450821,TB
mendeley_tb_00419,0.968710795044899,TB
mendeley_tb_00420,0.9666087478399277,TB
mendeley_tb_00421,0.975300058722496,TB
mendeley_tb_00422,0.9797499775886536,TB
mendeley_tb_00423,0.901369720697403,TB
mendeley_tb_00424,0.9833275228738785,TB
mendeley_tb_00425,0.9646932184696198,TB
mendeley_tb_00426,0.9633669257164001,TB
mendeley_tb_00427,0.9830881804227829,TB
mendeley_tb_00428,0.9841858297586441,TB
mendeley_tb_00429,0.5464469082653522,TB
mendeley_tb_00430,0.85844886302948,TB
mendeley_tb_00431,0.972128614783287,TB
mendeley_tb_00432,0.9749425500631332,TB
mendeley_tb_00433,0.9598465710878372,TB
mendeley_tb_00434,0.7640826292335987,TB
mendeley_tb_00435,0.9498580247163773,TB
mendeley_tb_00436,0.9791997522115707,TB
mendeley_tb_00437,0.983179047703743,TB
mendeley_tb_00438,0.9856015890836716,TB
mendeley_tb_00439,0.9839561134576797,TB
mendeley_tb_00440,0.9248639941215515,TB
mendeley_tb_00441,0.9901798814535141,TB
mendeley_tb_00442,0.8093297034502029,TB
mendeley_tb_00443,0.9816145300865173,TB
mendeley_tb_00444,0.969033494591713,TB
mendeley_tb_00445,0.9427788108587265,TB
mendeley_tb_00446,0.7826662808656693,TB
mendeley_tb_00447,0.6847219616174698,TB
mendeley_tb_00448,0.7084347158670425,TB
mendeley_tb_00449,0.9479511976242065,TB
mendeley_tb_00450,0.9589318037033081,TB
mendeley_tb_00451,0.980565682053566,TB
mendeley_tb_00452,0.8323222175240517,TB
mendeley_tb_00453,0.9453521221876144,TB
mendeley_tb_00454,0.9620920568704605,TB
mendeley_tb_00455,0.9698362350463867,TB
mendeley_tb_00456,0.9285530894994736,TB
mendeley_tb_00457,0.9832768440246582,TB
mendeley_tb_00458,0.975090354681015,TB
mendeley_tb_00459,0.9826821833848953,TB
mendeley_tb_00460,0.976402759552002,TB
mendeley_tb_00461,0.9739289432764053,TB
mendeley_tb_00462,0.9061750769615173,TB
mendeley_tb_00463,0.950782522559166,TB
mendeley_tb_00464,0.9844163358211517,TB
mendeley_tb_00465,0.9845074862241745,TB
mendeley_tb_00466,0.9848428517580032,TB
mendeley_tb_00467,0.9725336730480194,TB
mendeley_tb_00468,0.9797616899013519,TB
mendeley_tb_00469,0.943683311343193,TB
mendeley_tb_00470,0.9844818413257599,TB
mendeley_tb_00471,0.9806720465421677,TB
mendeley_tb_00472,0.9844176173210144,TB
mendeley_tb_00473,0.9859185218811035,TB
mendeley_tb_00474,0.9731746762990952,TB
mendeley_tb_00475,0.9087505340576172,TB
mendeley_tb_00476,0.9785691648721695,TB
mendeley_tb_00477,0.943634957075119,TB
mendeley_tb_00478,0.9874196201562881,TB
mendeley_tb_00479,0.9107765555381775,TB
mendeley_tb_00480,0.6018208153545856,TB
mendeley_tb_00481,0.98653644323349,TB
mendeley_tb_00482,0.8640433251857758,TB
mendeley_tb_00483,0.9448623061180115,TB
mendeley_tb_00484,0.9468307793140411,TB
mendeley_tb_00485,0.9680412411689758,TB
mendeley_tb_00486,0.9075762182474136,TB
mendeley_tb_00487,0.9645942747592926,TB
mendeley_tb_00488,0.8130979090929031,TB
mendeley_tb_00489,0.9831315279006958,TB
mendeley_tb_00490,0.9807862937450409,TB
mendeley_tb_00491,0.7939562499523163,TB
mendeley_tb_00492,0.9800377041101456,TB
mendeley_tb_00493,0.9787869453430176,TB
mendeley_tb_00494,0.9504378288984299,TB
mendeley_tb_00495,0.9889024198055267,TB
mendeley_tb_00496,0.9801757782697678,TB
mendeley_tb_00497,0.26555106043815613,Normal
mendeley_tb_00498,0.9769141227006912,TB
mendeley_tb_00499,0.9198883473873138,TB
mendeley_tb_00500,0.7683906331658363,TB
mendeley_tb_00501,0.918455958366394,TB
mendeley_tb_00502,0.9443665146827698,TB
mendeley_tb_00503,0.9711079746484756,TB
mendeley_tb_00504,0.9618314057588577,TB
mendeley_tb_00505,0.9318331778049469,TB
mendeley_tb_00506,0.98323954641819,TB
mendeley_tb_00507,0.7895573675632477,TB
mendeley_tb_00508,0.7669285386800766,TB
mendeley_tb_00509,0.982820063829422,TB
mendeley_tb_00510,0.9916819334030151,TB
mendeley_tb_00511,0.9770852327346802,TB
mendeley_tb_00512,0.6305490359663963,TB
mendeley_tb_00513,0.7646803855895996,TB
mendeley_tb_00514,0.598207913339138,TB
mendeley_tb_00515,0.7732610404491425,TB
mendeley_tb_00516,0.9112335294485092,TB
mendeley_tb_00517,0.9830055236816406,TB
mendeley_tb_00518,0.9813615679740906,TB
mendeley_tb_00519,0.9839652478694916,TB
mendeley_tb_00520,0.9824665933847427,TB
mendeley_tb_00521,0.9516323357820511,TB
mendeley_tb_00522,0.9820593446493149,TB
mendeley_tb_00523,0.9616244435310364,TB
mendeley_tb_00524,0.6607489734888077,TB
mendeley_tb_00525,0.524754174053669,TB
mendeley_tb_00526,0.9897004663944244,TB
mendeley_tb_00527,0.9821085035800934,TB
mendeley_tb_00528,0.9644753038883209,TB
mendeley_tb_00529,0.9828378558158875,TB
mendeley_tb_00530,0.9475929737091064,TB
mendeley_tb_00531,0.980304628610611,TB
mendeley_tb_00532,0.7679284736514091,TB
mendeley_tb_00533,0.6669837757945061,TB
mendeley_tb_00534,0.9421110600233078,TB
mendeley_tb_00535,0.9788188189268112,TB
mendeley_tb_00536,0.98337721824646,TB
mendeley_tb_00537,0.8905253559350967,TB
mendeley_tb_00538,0.9752953797578812,TB
mendeley_tb_00539,0.970561757683754,TB
mendeley_tb_00540,0.9718604385852814,TB
mendeley_tb_00541,0.967611089348793,TB
mendeley_tb_00542,0.7577746659517288,TB
mendeley_tb_00543,0.9910068213939667,TB
mendeley_tb_00544,0.9782214164733887,TB
mendeley_tb_00545,0.9753299504518509,TB
mendeley_tb_00546,0.9038108289241791,TB
mendeley_tb_00547,0.9432128220796585,TB
mendeley_tb_00548,0.9700011163949966,TB
mendeley_tb_00549,0.9802530854940414,TB
mendeley_tb_00550,0.9882898926734924,TB
mendeley_tb_00551,0.9781249314546585,TB
mendeley_tb_00552,0.9548562467098236,TB
mendeley_tb_00553,0.9800311475992203,TB
mendeley_tb_00554,0.846178412437439,TB
mendeley_tb_00555,0.7957362458109856,TB
mendeley_tb_00556,0.9595631062984467,TB
mendeley_tb_00557,0.9277921169996262,TB
mendeley_tb_00558,0.7997605204582214,TB
mendeley_tb_00559,0.4197847954928875,Normal
mendeley_tb_00560,0.5473106624558568,TB
mendeley_tb_00561,0.9238656014204025,TB
mendeley_tb_00562,0.9505497813224792,TB
mendeley_tb_00563,0.20757105620577931,Normal
mendeley_tb_00564,0.4162802966311574,Normal
mendeley_tb_00565,0.8850024938583374,TB
mendeley_tb_00566,0.6549807786941528,TB
mendeley_tb_00567,0.5471569187939167,TB
mendeley_tb_00568,0.9770040661096573,TB
mendeley_tb_00569,0.7778150662779808,TB
mendeley_tb_00570,0.9780181497335434,TB
mendeley_tb_00571,0.7337198071181774,TB
mendeley_tb_00572,0.9097207188606262,TB
mendeley_tb_00573,0.7789659947156906,TB
mendeley_tb_00574,0.9797439128160477,TB
mendeley_tb_00575,0.9710435569286346,TB
mendeley_tb_00576,0.9828575998544693,TB
mendeley_tb_00577,0.7235964871942997,TB
mendeley_tb_00578,0.9132297784090042,TB
mendeley_tb_00579,0.9631194174289703,TB
mendeley_tb_00580,0.9572461545467377,TB
mendeley_tb_00581,0.6220524339005351,TB
mendeley_tb_00582,0.2982166660949588,Normal
mendeley_tb_00583,0.5489918123930693,TB
mendeley_tb_00584,0.7206011991947889,TB
mendeley_tb_00585,0.9859668463468552,TB
mendeley_tb_00586,0.947743147611618,TB
mendeley_tb_00587,0.9706990867853165,TB
mendeley_tb_00588,0.9832238256931305,TB
mendeley_tb_00589,0.9514878839254379,TB
mendeley_tb_00590,0.9808798581361771,TB
mendeley_tb_00591,0.588581720367074,TB
mendeley_tb_00592,0.6412365436553955,TB
mendeley_tb_00593,0.9832618683576584,TB
mendeley_tb_00594,0.9836103469133377,TB
mendeley_tb_00595,0.9812948852777481,TB
mendeley_tb_00596,0.7296751216053963,TB
mendeley_tb_00597,0.9171904027462006,TB
mendeley_tb_00598,0.9681310653686523,TB
mendeley_tb_00599,0.9847610890865326,TB
mendeley_tb_00600,0.8473987132310867,TB
mendeley_tb_00601,0.9833322316408157,TB
mendeley_tb_00602,0.9835515767335892,TB
mendeley_tb_00603,0.9583604782819748,TB
mendeley_tb_00604,0.8013078570365906,TB
mendeley_tb_00605,0.981993243098259,TB
mendeley_tb_00606,0.6515040379017591,TB
mendeley_tb_00607,0.5224978383630514,TB
mendeley_tb_00608,0.8163217008113861,TB
mendeley_tb_00609,0.9863678514957428,TB
mendeley_tb_00610,0.9779951125383377,TB
mendeley_tb_00611,0.2911780676804483,Normal
mendeley_tb_00612,0.9875643402338028,TB
mendeley_tb_00613,0.9764250963926315,TB
mendeley_tb_00614,0.9755094349384308,TB
mendeley_tb_00615,0.9586337804794312,TB
mendeley_tb_00616,0.9758851230144501,TB
mendeley_tb_00617,0.9802063852548599,TB
mendeley_tb_00618,0.9809358417987823,TB
mendeley_tb_00619,0.9800122380256653,TB
mendeley_tb_00620,0.9606641381978989,TB
mendeley_tb_00621,0.9855898171663284,TB
mendeley_tb_00622,0.9723685085773468,TB
mendeley_tb_00623,0.9743867218494415,TB
mendeley_tb_00624,0.973017156124115,TB
mendeley_tb_00625,0.9534039497375488,TB
mendeley_tb_00626,0.6020433343946934,TB
mendeley_tb_00627,0.9833444058895111,TB
mendeley_tb_00628,0.9818883389234543,TB
mendeley_tb_00629,0.9212514162063599,TB
mendeley_tb_00630,0.9447383880615234,TB
mendeley_tb_00631,0.9846526235342026,TB
mendeley_tb_00632,0.9371390789747238,TB
mendeley_tb_00633,0.9348144382238388,TB
mendeley_tb_00634,0.9840861707925797,TB
mendeley_tb_00635,0.7066221609711647,TB
mendeley_tb_00636,0.977270245552063,TB
mendeley_tb_00637,0.9702781587839127,TB
mendeley_tb_00638,0.9788724631071091,TB
mendeley_tb_00639,0.9625894874334335,TB
mendeley_tb_00640,0.9566818922758102,TB
mendeley_tb_00641,0.8433685749769211,TB
mendeley_tb_00642,0.9557525515556335,TB
mendeley_tb_00643,0.8806667178869247,TB
mendeley_tb_00644,0.6249528955668211,TB
mendeley_tb_00645,0.9298370778560638,TB
mendeley_tb_00646,0.9682994037866592,TB
mendeley_tb_00647,0.955405667424202,TB
mendeley_tb_00648,0.9597168266773224,TB
mendeley_tb_00649,0.9822622835636139,TB
mendeley_tb_00650,0.7821879684925079,TB
mendeley_tb_00651,0.9696425348520279,TB
mendeley_tb_00652,0.9747529923915863,TB
mendeley_tb_00653,0.6235471665859222,TB
mendeley_tb_00654,0.7678205333650112,TB
mendeley_tb_00655,0.7529286220669746,TB
mendeley_tb_00656,0.7269105687737465,TB
mendeley_tb_00657,0.9769928306341171,TB
mendeley_tb_00658,0.5430150791071355,TB
mendeley_tb_00659,0.9422399252653122,TB
mendeley_tb_00660,0.9815059006214142,TB
mendeley_tb_00661,0.971947431564331,TB
mendeley_tb_00662,0.6436584144830704,TB
mendeley_tb_00663,0.9596013575792313,TB
mendeley_tb_00664,0.9842897802591324,TB
mendeley_tb_00665,0.7794527411460876,TB
mendeley_tb_00666,0.9840779304504395,TB
mendeley_tb_00667,0.965258777141571,TB
mendeley_tb_00668,0.3117647208273411,Normal
mendeley_tb_00669,0.9813535064458847,TB
mendeley_tb_00670,0.8902490735054016,TB
mendeley_tb_00671,0.9814662784337997,TB
mendeley_tb_00672,0.9782969057559967,TB
mendeley_tb_00673,0.9697569459676743,TB
mendeley_tb_00674,0.9838116466999054,TB
mendeley_tb_00675,0.9814527034759521,TB
mendeley_tb_00676,0.9484610706567764,TB
mendeley_tb_00677,0.9771588891744614,TB
mendeley_tb_00678,0.7960740923881531,TB
mendeley_tb_00679,0.9686041176319122,TB
mendeley_tb_00680,0.6776096522808075,TB
mendeley_tb_00681,0.9722166359424591,TB
mendeley_tb_00682,0.9646739065647125,TB
mendeley_tb_00683,0.9883791953325272,TB
mendeley_tb_00684,0.9719318300485611,TB
mendeley_tb_00685,0.9736306667327881,TB
mendeley_tb_00686,0.8187893852591515,TB
mendeley_tb_00687,0.987252876162529,TB
mendeley_tb_00688,0.9812538921833038,TB
mendeley_tb_00689,0.9444535672664642,TB
mendeley_tb_00690,0.9101686924695969,TB
mendeley_tb_00691,0.9289359301328659,TB
mendeley_tb_00692,0.9381595849990845,TB
mendeley_tb_00693,0.5115053169429302,TB
mendeley_tb_00694,0.9570320695638657,TB
mendeley_tb_00695,0.977841317653656,TB
mendeley_tb_00696,0.9546975493431091,TB
mendeley_tb_00697,0.9011303186416626,TB
mendeley_tb_00698,0.955205887556076,TB
mendeley_tb_00699,0.9843234419822693,TB
mendeley_tb_00700,0.9517143368721008,TB
mendeley_tb_00701,0.956090897321701,TB
mendeley_tb_00702,0.7917976528406143,TB
mendeley_tb_00703,0.7871415838599205,TB
mendeley_tb_00704,0.9296690374612808,TB
mendeley_tb_00705,0.7224022001028061,TB
mendeley_tb_00706,0.9229326248168945,TB
mendeley_tb_00707,0.9865238517522812,TB
mendeley_tb_00708,0.8960494846105576,TB
mendeley_tb_00709,0.9701995998620987,TB
mendeley_tb_00710,0.4419628344476223,Normal
mendeley_tb_00711,0.9335643351078033,TB
mendeley_tb_00712,0.844989612698555,TB
mendeley_tb_00713,0.9790634959936142,TB
mendeley_tb_00714,0.9820988923311234,TB
mendeley_tb_00715,0.3852178999222815,Normal
mendeley_tb_00716,0.21682619769126177,Normal
mendeley_tb_00717,0.5330474302172661,TB
mendeley_tb_00718,0.2856445321813226,Normal
mendeley_tb_00719,0.9814034253358841,TB
mendeley_tb_00720,0.9853835701942444,TB
mendeley_tb_00721,0.8973338901996613,TB
mendeley_tb_00722,0.840097576379776,TB
mendeley_tb_00723,0.9868482649326324,TB
mendeley_tb_00724,0.8233772739768028,TB
mendeley_tb_00725,0.9417313486337662,TB
mendeley_tb_00726,0.48403486981987953,Normal
mendeley_tb_00727,0.7845406085252762,TB
mendeley_tb_00728,0.9675200581550598,TB
mendeley_tb_00729,0.9838403910398483,TB
mendeley_tb_00730,0.8416676074266434,TB
mendeley_tb_00731,0.9802044779062271,TB
mendeley_tb_00732,0.7420162186026573,TB
mendeley_tb_00733,0.6229812428355217,TB
mendeley_tb_00734,0.9812542796134949,TB
mendeley_tb_00735,0.7969924360513687,TB
mendeley_tb_00736,0.9762933701276779,TB
mendeley_tb_00737,0.9855531454086304,TB
mendeley_tb_00738,0.9615818858146667,TB
mendeley_tb_00739,0.9768050909042358,TB
mendeley_tb_00740,0.5085175260901451,TB
mendeley_tb_00741,0.9058683514595032,TB
mendeley_tb_00742,0.9571113288402557,TB
mendeley_tb_00743,0.9613351821899414,TB
mendeley_tb_00744,0.9431012868881226,TB
mendeley_tb_00745,0.983148381114006,TB
mendeley_tb_00746,0.14854099391959608,Normal
mendeley_tb_00747,0.9834437519311905,TB
mendeley_tb_00748,0.7564646676182747,TB
mendeley_tb_00749,0.7429587170481682,TB
mendeley_tb_00750,0.9674471914768219,TB
mendeley_tb_00751,0.9783676117658615,TB
mendeley_tb_00752,0.9862346202135086,TB
mendeley_tb_00753,0.9909369945526123,TB
mendeley_tb_00754,0.9590044021606445,TB
mendeley_tb_00755,0.7587853576987982,TB
mendeley_tb_00756,0.9310317933559418,TB
mendeley_tb_00757,0.9785773307085037,TB
mendeley_tb_00758,0.9784181416034698,TB
mendeley_tb_00759,0.9758995175361633,TB
mendeley_tb_00760,0.9804913252592087,TB
mendeley_tb_00761,0.9809825420379639,TB
mendeley_tb_00762,0.9739794433116913,TB
mendeley_tb_00763,0.9715833216905594,TB
mendeley_tb_00764,0.9845215082168579,TB
mendeley_tb_00765,0.9798049479722977,TB
mendeley_tb_00766,0.918766513466835,TB
mendeley_tb_00767,0.8050521463155746,TB
mendeley_tb_00768,0.9815702438354492,TB
mendeley_tb_00769,0.9852386713027954,TB
mendeley_tb_00770,0.9786938279867172,TB
mendeley_tb_00771,0.9699936062097549,TB
mendeley_tb_00772,0.9728969484567642,TB
mendeley_tb_00773,0.9267541915178299,TB
mendeley_tb_00774,0.9578386396169662,TB
mendeley_tb_00775,0.9812847375869751,TB
mendeley_tb_00776,0.9732774645090103,TB
mendeley_tb_00777,0.7059169858694077,TB
mendeley_tb_00778,0.9786788374185562,TB
mendeley_tb_00779,0.9746648222208023,TB
mendeley_tb_00780,0.9805319011211395,TB
mendeley_tb_00781,0.7143419906497002,TB
mendeley_tb_00782,0.9792557954788208,TB
mendeley_tb_00783,0.71131382137537,TB
mendeley_tb_00784,0.9456719160079956,TB
mendeley_tb_00785,0.9808661788702011,TB
mendeley_tb_00786,0.9768181443214417,TB
mendeley_tb_00787,0.9594841152429581,TB
mendeley_tb_00788,0.8572752326726913,TB
mendeley_tb_00789,0.3088171174749732,Normal
mendeley_tb_00790,0.43424888141453266,Normal
mendeley_tb_00791,0.9847447127103806,TB
mendeley_tb_00792,0.9790596812963486,TB
mendeley_tb_00793,0.9873125851154327,TB
mendeley_tb_00794,0.9732600450515747,TB
mendeley_tb_00795,0.7735988944768906,TB
mendeley_tb_00796,0.9827187955379486,TB
mendeley_tb_00797,0.9838084727525711,TB
mendeley_tb_00798,0.9876196682453156,TB
mendeley_tb_00799,0.9909970611333847,TB
mendeley_tb_00800,0.9878999590873718,TB
mendeley_tb_00801,0.9870405942201614,TB
mendeley_tb_00802,0.9702577441930771,TB
mendeley_tb_00803,0.9851317405700684,TB
mendeley_tb_00804,0.9844700992107391,TB
mendeley_tb_00805,0.9829226136207581,TB
mendeley_tb_00806,0.9866910725831985,TB
mendeley_tb_00807,0.7370443344116211,TB
mendeley_tb_00808,0.9629918187856674,TB
mendeley_tb_00809,0.9854801297187805,TB
mendeley_tb_00810,0.9652957767248154,TB
mendeley_tb_00811,0.9585914313793182,TB
mendeley_tb_00812,0.970414400100708,TB
mendeley_tb_00813,0.9777973294258118,TB
mendeley_tb_00814,0.8776035159826279,TB
mendeley_tb_00815,0.8932102173566818,TB
mendeley_tb_00816,0.45889508351683617,Normal
mendeley_tb_00817,0.8049899041652679,TB
mendeley_tb_00818,0.9665936529636383,TB
mendeley_tb_00819,0.4543015491217375,Normal
mendeley_tb_00820,0.5538307800889015,TB
mendeley_tb_00821,0.9509887993335724,TB
mendeley_tb_00822,0.9774297922849655,TB
mendeley_tb_00823,0.6008491739630699,TB
mendeley_tb_00824,0.65211371332407,TB
mendeley_tb_00825,0.8256590068340302,TB
mendeley_tb_00826,0.9837756603956223,TB
mendeley_tb_00827,0.9334287792444229,TB
mendeley_tb_00828,0.9782420843839645,TB
mendeley_tb_00829,0.9568853229284286,TB
mendeley_tb_00830,0.9668774604797363,TB
mendeley_tb_00831,0.8340027406811714,TB
mendeley_tb_00832,0.8796560764312744,TB
mendeley_tb_00833,0.9896654188632965,TB
mendeley_tb_00834,0.9802535623311996,TB
mendeley_tb_00835,0.9724175333976746,TB
mendeley_tb_00836,0.7320019192993641,TB
mendeley_tb_00837,0.9864486753940582,TB
mendeley_tb_00838,0.6472045471891761,TB
mendeley_tb_00839,0.9812407493591309,TB
mendeley_tb_00840,0.7928461730480194,TB
mendeley_tb_00841,0.9731040447950363,TB
mendeley_tb_00842,0.9746709764003754,TB
mendeley_tb_00843,0.9436860233545303,TB
mendeley_tb_00844,0.9726141840219498,TB
mendeley_tb_00845,0.9630098044872284,TB
mendeley_tb_00846,0.9782129228115082,TB
mendeley_tb_00847,0.9695888608694077,TB
mendeley_tb_00848,0.967681810259819,TB
mendeley_tb_00849,0.8713018596172333,TB
mendeley_tb_00850,0.9851166009902954,TB
mendeley_tb_00851,0.7013556249439716,TB
mendeley_tb_00852,0.9757349640130997,TB
mendeley_tb_00853,0.8498423844575882,TB
mendeley_tb_00854,0.9198408722877502,TB
mendeley_tb_00855,0.9759873747825623,TB
mendeley_tb_00856,0.7518814206123352,TB
mendeley_tb_00857,0.9878116548061371,TB
mendeley_tb_00858,0.8437054604291916,TB
mendeley_tb_00859,0.9782510697841644,TB
mendeley_tb_00860,0.9737460017204285,TB
mendeley_tb_00861,0.9292728900909424,TB
mendeley_tb_00862,0.9884638041257858,TB
mendeley_tb_00863,0.9413691610097885,TB
mendeley_tb_00864,0.94573974609375,TB
mendeley_tb_00865,0.9215139895677567,TB
mendeley_tb_00866,0.9736138880252838,TB
mendeley_tb_00867,0.9847865104675293,TB
mendeley_tb_00868,0.9877120554447174,TB
mendeley_tb_00869,0.93240787088871,TB
mendeley_tb_00870,0.9809577614068985,TB
mendeley_tb_00871,0.47112012933939695,Normal
mendeley_tb_00872,0.9791845828294754,TB
mendeley_tb_00873,0.9826877862215042,TB
mendeley_tb_00874,0.9623820185661316,TB
mendeley_tb_00875,0.7955828532576561,TB
mendeley_tb_00876,0.9749802350997925,TB
mendeley_tb_00877,0.6233746651560068,TB
mendeley_tb_00878,0.973329707980156,TB
mendeley_tb_00879,0.7724984213709831,TB
mendeley_tb_00880,0.9681780636310577,TB
mendeley_tb_00881,0.9860347956418991,TB
mendeley_tb_00882,0.979955866932869,TB
mendeley_tb_00883,0.9804979264736176,TB
mendeley_tb_00884,0.8870400041341782,TB
mendeley_tb_00885,0.9677501320838928,TB
mendeley_tb_00886,0.9591195732355118,TB
mendeley_tb_00887,0.9153528362512589,TB
mendeley_tb_00888,0.9880603104829788,TB
mendeley_tb_00889,0.25603285571560264,Normal
mendeley_tb_00890,0.7057750262320042,TB
mendeley_tb_00891,0.9657112509012222,TB
mendeley_tb_00892,0.9700525552034378,TB
mendeley_tb_00893,0.9389269351959229,TB
mendeley_tb_00894,0.9566150456666946,TB
mendeley_tb_00895,0.9806809723377228,TB
mendeley_tb_00896,0.9168546050786972,TB
mendeley_tb_00897,0.9820169061422348,TB
mendeley_tb_00898,0.46834262181073427,Normal
mendeley_tb_00899,0.9559429585933685,TB
mendeley_tb_00900,0.5510580344125628,TB
mendeley_tb_00901,0.8021673858165741,TB
mendeley_tb_00902,0.9870987683534622,TB
mendeley_tb_00903,0.15642002620734274,Normal
mendeley_tb_00904,0.9159306883811951,TB
mendeley_tb_00905,0.8982825726270676,TB
mendeley_tb_00906,0.6682416908442974,TB
mendeley_tb_00907,0.969384104013443,TB
mendeley_tb_00908,0.9560505747795105,TB
mendeley_tb_00909,0.8684844374656677,TB
mendeley_tb_00910,0.8839180916547775,TB
mendeley_tb_00911,0.9380683302879333,TB
mendeley_tb_00912,0.9636043012142181,TB
mendeley_tb_00913,0.9553728550672531,TB
mendeley_tb_00914,0.9911534488201141,TB
mendeley_tb_00915,0.9583603143692017,TB
mendeley_tb_00916,0.9498855471611023,TB
mendeley_tb_00917,0.9578786492347717,TB
mendeley_tb_00918,0.8646817803382874,TB
mendeley_tb_00919,0.9862231910228729,TB
mendeley_tb_00920,0.9671950936317444,TB
mendeley_tb_00921,0.9536865949630737,TB
mendeley_tb_00922,0.7695221453905106,TB
mendeley_tb_00923,0.8700308799743652,TB
mendeley_tb_00924,0.977174311876297,TB
mendeley_tb_00925,0.9851544052362442,TB
mendeley_tb_00926,0.9186321794986725,TB
mendeley_tb_00927,0.9296329468488693,TB
mendeley_tb_00928,0.9703490287065506,TB
mendeley_tb_00929,0.9072802811861038,TB
mendeley_tb_00930,0.9132106155157089,TB
mendeley_tb_00931,0.9098386019468307,TB
mendeley_tb_00932,0.9348835200071335,TB
mendeley_tb_00933,0.9525291323661804,TB
mendeley_tb_00934,0.9517978429794312,TB
mendeley_tb_00935,0.1963055948726833,Normal
mendeley_tb_00936,0.5383404791355133,TB
mendeley_tb_00937,0.9696779996156693,TB
mendeley_tb_00938,0.9563182443380356,TB
mendeley_tb_00939,0.9298595786094666,TB
mendeley_tb_00940,0.9844612926244736,TB
mendeley_tb_00941,0.9866359084844589,TB
mendeley_tb_00942,0.653283067047596,TB
mendeley_tb_00943,0.8911451399326324,TB
mendeley_tb_00944,0.9882111996412277,TB
mendeley_tb_00945,0.9837884604930878,TB
mendeley_tb_00946,0.9846672266721725,TB
mendeley_tb_00947,0.9850852191448212,TB
mendeley_tb_00948,0.9819934666156769,TB
mendeley_tb_00949,0.972609743475914,TB
mendeley_tb_00950,0.9819172769784927,TB
mendeley_tb_00951,0.5701819583773613,TB
mendeley_tb_00952,0.8434541746973991,TB
mendeley_tb_00953,0.8010729029774666,TB
mendeley_tb_00954,0.6349666342139244,TB
mendeley_tb_00955,0.7113457396626472,TB
mendeley_tb_00956,0.820422500371933,TB
mendeley_tb_00957,0.9426528811454773,TB
mendeley_tb_00958,0.9606273174285889,TB
mendeley_tb_00959,0.9835531860589981,TB
mendeley_tb_00960,0.9250168651342392,TB
mendeley_tb_00961,0.9719125777482986,TB
mendeley_tb_00962,0.8960670828819275,TB
mendeley_tb_00963,0.8380521535873413,TB
mendeley_tb_00964,0.902358815073967,TB
mendeley_tb_00965,0.9641162902116776,TB
mendeley_tb_00966,0.9870076477527618,TB
mendeley_tb_00967,0.9269759356975555,TB
mendeley_tb_00968,0.9500453472137451,TB
mendeley_tb_00969,0.9753209203481674,TB
mendeley_tb_00970,0.9782431125640869,TB
mendeley_tb_00971,0.0646700244396925,Normal
mendeley_tb_00972,0.9004691541194916,TB
mendeley_tb_00973,0.7537757232785225,TB
mendeley_tb_00974,0.982633426785469,TB
mendeley_tb_00975,0.9199575334787369,TB
mendeley_tb_00976,0.9741900116205215,TB
mendeley_tb_00977,0.9825474172830582,TB
mendeley_tb_00978,0.9009305238723755,TB
mendeley_tb_00979,0.9607472866773605,TB
mendeley_tb_00980,0.5775300748646259,TB
mendeley_tb_00981,0.9649077504873276,TB
mendeley_tb_00982,0.985567256808281,TB
mendeley_tb_00983,0.7415897287428379,TB
mendeley_tb_00984,0.6791921183466911,TB
mendeley_tb_00985,0.9816843122243881,TB
mendeley_tb_00986,0.6571503058075905,TB
mendeley_tb_00987,0.9741840660572052,TB
mendeley_tb_00988,0.49002471193671227,Normal
mendeley_tb_00989,0.9835149049758911,TB
mendeley_tb_00990,0.7149888426065445,TB
mendeley_tb_00991,0.9828842878341675,TB
mendeley_tb_00992,0.37232706509530544,Normal
mendeley_tb_00993,0.8416454643011093,TB
mendeley_tb_00994,0.7658901661634445,TB
mendeley_tb_00995,0.9738658964633942,TB
mendeley_tb_00996,0.983736515045166,TB
mendeley_tb_00997,0.9000817686319351,TB
mendeley_tb_00998,0.9852699637413025,TB
mendeley_tb_00999,0.9520574510097504,TB
mendeley_tb_01000,0.9743308275938034,TB
mendeley_tb_01001,0.958449974656105,TB
mendeley_tb_01002,0.9807827323675156,TB
mendeley_tb_01003,0.9783589094877243,TB
mendeley_tb_01004,0.9785164892673492,TB
mendeley_tb_01005,0.8473993539810181,TB
mendeley_tb_01006,0.9819764941930771,TB
mendeley_tb_01007,0.977278396487236,TB
mendeley_tb_01008,0.8931590169668198,TB
mendeley_tb_01009,0.6229662746191025,TB
mendeley_tb_01010,0.973594143986702,TB
mendeley_tb_01011,0.9875611513853073,TB
mendeley_tb_01012,0.9785682857036591,TB
mendeley_tb_01013,0.502260775770992,TB
mendeley_tb_01014,0.9872026890516281,TB
mendeley_tb_01015,0.9884818941354752,TB
mendeley_tb_01016,0.9825910031795502,TB
mendeley_tb_01017,0.7928847819566727,TB
mendeley_tb_01018,0.9700118750333786,TB
mendeley_tb_01019,0.9278441965579987,TB
mendeley_tb_01020,0.9349917769432068,TB
mendeley_tb_01021,0.5180392675101757,TB
mendeley_tb_01022,0.935089498758316,TB
mendeley_tb_01023,0.754366971552372,TB
mendeley_tb_01024,0.9807360619306564,TB
mendeley_tb_01025,0.9671811461448669,TB
mendeley_tb_01026,0.9770526438951492,TB
mendeley_tb_01027,0.9624843746423721,TB
mendeley_tb_01028,0.9230081737041473,TB
mendeley_tb_01029,0.41963900346308947,Normal
mendeley_tb_01030,0.9869437664747238,TB
mendeley_tb_01031,0.978619247674942,TB
mendeley_tb_01032,0.8714296221733093,TB
mendeley_tb_01033,0.961442306637764,TB
mendeley_tb_01034,0.978927731513977,TB
mendeley_tb_01035,0.594280581921339,TB
mendeley_tb_01036,0.773546539247036,TB
mendeley_tb_01037,0.9640058130025864,TB
mendeley_tb_01038,0.6665310636162758,TB
mendeley_tb_01039,0.4276016801595688,Normal
mendeley_tb_01040,0.36754958191886544,Normal
mendeley_tb_01041,0.9811306744813919,TB
mendeley_tb_01042,0.9841719418764114,TB
mendeley_tb_01043,0.9873693883419037,TB
mendeley_tb_01044,0.9601199477910995,TB
mendeley_tb_01045,0.7402247712016106,TB
mendeley_tb_01046,0.9763832539319992,TB
mendeley_tb_01047,0.9825604557991028,TB
mendeley_tb_01048,0.9811638444662094,TB
mendeley_tb_01049,0.9784225225448608,TB
mendeley_tb_01050,0.8843220472335815,TB
mendeley_tb_01051,0.9718309044837952,TB
mendeley_tb_01052,0.9638263136148453,TB
mendeley_tb_01053,0.9773880988359451,TB
mendeley_tb_01054,0.967688113451004,TB
mendeley_tb_01055,0.9888571500778198,TB
mendeley_tb_01056,0.9535979330539703,TB
mendeley_tb_01057,0.46061269752681255,Normal
mendeley_tb_01058,0.9880284667015076,TB
mendeley_tb_01059,0.9292910844087601,TB
mendeley_tb_01060,0.9782063663005829,TB
mendeley_tb_01061,0.9716764241456985,TB
mendeley_tb_01062,0.9830760359764099,TB
mendeley_tb_01063,0.9874456524848938,TB
mendeley_tb_01064,0.9828254133462906,TB
mendeley_tb_01065,0.9486361891031265,TB
mendeley_tb_01066,0.9789921343326569,TB
mendeley_tb_01067,0.9685203284025192,TB
mendeley_tb_01068,0.4610277619212866,Normal
mendeley_tb_01069,0.986367404460907,TB
mendeley_tb_01070,0.8875575810670853,TB
mendeley_tb_01071,0.9780961275100708,TB
mendeley_tb_01072,0.9756007790565491,TB
mendeley_tb_01073,0.38277941197156906,Normal
mendeley_tb_01074,0.9701407849788666,TB
mendeley_tb_01075,0.9849814921617508,TB
mendeley_tb_01076,0.9504746347665787,TB
mendeley_tb_01077,0.8120819628238678,TB
mendeley_tb_01078,0.7245500609278679,TB
mendeley_tb_01079,0.9624541699886322,TB
mendeley_tb_01080,0.7207690998911858,TB
mendeley_tb_01081,0.8315560668706894,TB
mendeley_tb_01082,0.9804687649011612,TB
mendeley_tb_01083,0.9449129551649094,TB
mendeley_tb_01084,0.941456139087677,TB
mendeley_tb_01085,0.9682934433221817,TB
mendeley_tb_01086,0.8486621677875519,TB
mendeley_tb_01087,0.9449640810489655,TB
mendeley_tb_01088,0.9809164255857468,TB
mendeley_tb_01089,0.9022993594408035,TB
mendeley_tb_01090,0.814488485455513,TB
mendeley_tb_01091,0.7533470466732979,TB
mendeley_tb_01092,0.9285815507173538,TB
mendeley_tb_01093,0.7559217661619186,TB
mendeley_tb_01094,0.9278349876403809,TB
mendeley_tb_01095,0.9730514138936996,TB
mendeley_tb_01096,0.9833372980356216,TB
mendeley_tb_01097,0.9792521446943283,TB
mendeley_tb_01098,0.27736262883991003,Normal
mendeley_tb_01099,0.9705913662910461,TB
mendeley_tb_01100,0.940333679318428,TB
mendeley_tb_01101,0.9822025150060654,TB
mendeley_tb_01102,0.8767795562744141,TB
mendeley_tb_01103,0.9814540445804596,TB
mendeley_tb_01104,0.9857829958200455,TB
mendeley_tb_01105,0.9649966508150101,TB
mendeley_tb_01106,0.9665115475654602,TB
mendeley_tb_01107,0.9739495664834976,TB
mendeley_tb_01108,0.9913518726825714,TB
mendeley_tb_01109,0.9322249889373779,TB
mendeley_tb_01110,0.9856345802545547,TB
mendeley_tb_01111,0.8864101022481918,TB
mendeley_tb_01112,0.7992126569151878,TB
mendeley_tb_01113,0.9257788062095642,TB
mendeley_tb_01114,0.9769587963819504,TB
mendeley_tb_01115,0.9334010183811188,TB
mendeley_tb_01116,0.979077622294426,TB
mendeley_tb_01117,0.966769739985466,TB
mendeley_tb_01118,0.9627425223588943,TB
mendeley_tb_01119,0.9592947512865067,TB
mendeley_tb_01120,0.9846643209457397,TB
mendeley_tb_01121,0.7322238907217979,TB
mendeley_tb_01122,0.6947281360626221,TB
mendeley_tb_01123,0.6689825430512428,TB
mendeley_tb_01124,0.7169002965092659,TB
mendeley_tb_01125,0.9896753877401352,TB
mendeley_tb_01126,0.9652151614427567,TB
mendeley_tb_01127,0.5263215601444244,TB
mendeley_tb_01128,0.9761265218257904,TB
mendeley_tb_01129,0.7211302369832993,TB
mendeley_tb_01130,0.41226669400930405,Normal
mendeley_tb_01131,0.9807369112968445,TB
mendeley_tb_01132,0.9864303171634674,TB
mendeley_tb_01133,0.9102161824703217,TB
mendeley_tb_01134,0.9825789034366608,TB
mendeley_tb_01135,0.5700893998146057,TB
mendeley_tb_01136,0.9654164612293243,TB
mendeley_tb_01137,0.9105521589517593,TB
mendeley_tb_01138,0.9830119758844376,TB
mendeley_tb_01139,0.6450772322714329,TB
mendeley_tb_01140,0.9801617413759232,TB
mendeley_tb_01141,0.9869113564491272,TB
mendeley_tb_01142,0.974997267127037,TB
mendeley_tb_01143,0.9731881022453308,TB
mendeley_tb_01144,0.8373219966888428,TB
mendeley_tb_01145,0.7325890362262726,TB
mendeley_tb_01146,0.828613817691803,TB
mendeley_tb_01147,0.5663231089711189,TB
mendeley_tb_01148,0.9727257639169693,TB
mendeley_tb_01149,0.9684254676103592,TB
mendeley_tb_01150,0.9688519835472107,TB
mendeley_tb_01151,0.9126632511615753,TB
mendeley_tb_01152,0.7506416663527489,TB
mendeley_tb_01153,0.9239088743925095,TB
mendeley_tb_01154,0.9776538014411926,TB
mendeley_tb_01155,0.9142535626888275,TB
mendeley_tb_01156,0.9852852076292038,TB
mendeley_tb_01157,0.987353652715683,TB
mendeley_tb_01158,0.9667369276285172,TB
mendeley_tb_01159,0.9439385086297989,TB
mendeley_tb_01160,0.57532549649477,TB
mendeley_tb_01161,0.5633773058652878,TB
mendeley_tb_01162,0.9724841415882111,TB
mendeley_tb_01163,0.9800124615430832,TB
mendeley_tb_01164,0.593566507101059,TB
mendeley_tb_01165,0.9650285840034485,TB
mendeley_tb_01166,0.978288859128952,TB
mendeley_tb_01167,0.9561482071876526,TB
mendeley_tb_01168,0.981055960059166,TB
mendeley_tb_01169,0.8438443690538406,TB
mendeley_tb_01170,0.9812300503253937,TB
mendeley_tb_01171,0.9658179134130478,TB
mendeley_tb_01172,0.9296551793813705,TB
mendeley_tb_01173,0.4744042195379734,Normal
mendeley_tb_01174,0.8916089236736298,TB
mendeley_tb_01175,0.9339349120855331,TB
mendeley_tb_01176,0.9446954280138016,TB
mendeley_tb_01177,0.9715775698423386,TB
mendeley_tb_01178,0.975526288151741,TB
mendeley_tb_01179,0.9833473414182663,TB
mendeley_tb_01180,0.9867072999477386,TB
mendeley_tb_01181,0.3347481293603778,Normal
mendeley_tb_01182,0.9847604781389236,TB
mendeley_tb_01183,0.9578133672475815,TB
mendeley_tb_01184,0.5143936481326818,TB
mendeley_tb_01185,0.9763245284557343,TB
mendeley_tb_01186,0.6728213168680668,TB
mendeley_tb_01187,0.8295036852359772,TB
mendeley_tb_01188,0.8773778975009918,TB
mendeley_tb_01189,0.3802043180912733,Normal
mendeley_tb_01190,0.9793710261583328,TB
mendeley_tb_01191,0.8275616243481636,TB
mendeley_tb_01192,0.9691460579633713,TB
mendeley_tb_01193,0.9846690595149994,TB
mendeley_tb_01194,0.49722305312752724,Normal
mendeley_tb_01195,0.49085389263927937,Normal
mendeley_tb_01196,0.899066761136055,TB
mendeley_tb_01197,0.9855016022920609,TB
mendeley_tb_01198,0.9689255952835083,TB
mendeley_tb_01199,0.29401092510670424,Normal
mendeley_tb_01200,0.9824703633785248,TB
mendeley_tb_01201,0.9372380971908569,TB
mendeley_tb_01202,0.8935163617134094,TB
mendeley_tb_01203,0.9247838109731674,TB
mendeley_tb_01204,0.8657760918140411,TB
mendeley_tb_01205,0.9818267524242401,TB
mendeley_tb_01206,0.9739638566970825,TB
mendeley_tb_01207,0.9807569235563278,TB
mendeley_tb_01208,0.9666836112737656,TB
mendeley_tb_01209,0.8971445858478546,TB
mendeley_tb_01210,0.9235678017139435,TB
mendeley_tb_01211,0.8910131901502609,TB
mendeley_tb_01212,0.9178214818239212,TB
mendeley_tb_01213,0.9688760638237,TB
mendeley_tb_01214,0.9322694092988968,TB
mendeley_tb_01215,0.7205714136362076,TB
mendeley_tb_01216,0.7082415036857128,TB
mendeley_tb_01217,0.9700365662574768,TB
mendeley_tb_01218,0.9663344025611877,TB
mendeley_tb_01219,0.97958143055439,TB
mendeley_tb_01220,0.9597126543521881,TB
mendeley_tb_01221,0.9824580550193787,TB
mendeley_tb_01222,0.9917083084583282,TB
mendeley_tb_01223,0.917743980884552,TB
mendeley_tb_01224,0.9360824823379517,TB
mendeley_tb_01225,0.9437389224767685,TB
mendeley_tb_01226,0.9736555218696594,TB
mendeley_tb_01227,0.9700890928506851,TB
mendeley_tb_01228,0.9797806888818741,TB
mendeley_tb_01229,0.9827812761068344,TB
mendeley_tb_01230,0.9637691378593445,TB
mendeley_tb_01231,0.8138136714696884,TB
mendeley_tb_01232,0.955869197845459,TB
mendeley_tb_01233,0.9742502123117447,TB
mendeley_tb_01234,0.9746486246585846,TB
mendeley_tb_01235,0.9615964293479919,TB
mendeley_tb_01236,0.9644205421209335,TB
mendeley_tb_01237,0.9745743870735168,TB
mendeley_tb_01238,0.5813501626253128,TB
mendeley_tb_01239,0.8987255245447159,TB
mendeley_tb_01240,0.9762733429670334,TB
mendeley_tb_01241,0.9711156934499741,TB
mendeley_tb_01242,0.9555288255214691,TB
mendeley_tb_01243,0.7356317639350891,TB
mendeley_tb_01244,0.9344741106033325,TB
mendeley_tb_01245,0.6740873008966446,TB
mendeley_tb_01246,0.9537891000509262,TB
mendeley_tb_01247,0.891604021191597,TB
mendeley_tb_01248,0.38750646635890007,Normal
mendeley_tb_01249,0.9816092103719711,TB
mendeley_tb_01250,0.6576964482665062,TB
mendeley_tb_01251,0.9783571809530258,TB
mendeley_tb_01252,0.9783053398132324,TB
mendeley_tb_01253,0.9260541200637817,TB
mendeley_tb_01254,0.9750589281320572,TB
mendeley_tb_01255,0.516344552859664,TB
mendeley_tb_01256,0.9824715554714203,TB
mendeley_tb_01257,0.9750884920358658,TB
mendeley_tb_01258,0.9848483800888062,TB
mendeley_tb_01259,0.8292863517999649,TB
mendeley_tb_01260,0.8978869467973709,TB
mendeley_tb_01261,0.9833192974328995,TB
mendeley_tb_01262,0.9522195607423782,TB
mendeley_tb_01263,0.6134428475052118,TB
mendeley_tb_01264,0.9610962122678757,TB
mendeley_tb_01265,0.9254969507455826,TB
mendeley_tb_01266,0.9772752225399017,TB
mendeley_tb_01267,0.949944868683815,TB
mendeley_tb_01268,0.9705915749073029,TB
mendeley_tb_01269,0.9765015244483948,TB
mendeley_tb_01270,0.9568790644407272,TB
mendeley_tb_01271,0.9602838158607483,TB
mendeley_tb_01272,0.9494226276874542,TB
mendeley_tb_01273,0.9734013378620148,TB
mendeley_tb_01274,0.9812372028827667,TB
mendeley_tb_01275,0.9712077379226685,TB
mendeley_tb_01276,0.8479991108179092,TB
mendeley_tb_01277,0.7646225951611996,TB
mendeley_tb_01278,0.9656471461057663,TB
mendeley_tb_01279,0.9783594012260437,TB
mendeley_tb_01280,0.8309429809451103,TB
mendeley_tb_01281,0.876630574464798,TB
mendeley_tb_01282,0.968969851732254,TB
mendeley_tb_01283,0.8908533751964569,TB
mendeley_tb_01284,0.442205844912678,Normal
mendeley_tb_01285,0.662019744515419,TB
mendeley_tb_01286,0.9764658659696579,TB
mendeley_tb_01287,0.8558661043643951,TB
mendeley_tb_01288,0.967101439833641,TB
mendeley_tb_01289,0.9496294409036636,TB
mendeley_tb_01290,0.9752530306577682,TB
mendeley_tb_01291,0.9851657301187515,TB
mendeley_tb_01292,0.7199388816952705,TB
mendeley_tb_01293,0.30743915028870106,Normal
mendeley_tb_01294,0.6461261715739965,TB
mendeley_tb_01295,0.36227656062692404,Normal
mendeley_tb_01296,0.9474283903837204,TB
mendeley_tb_01297,0.9608719646930695,TB
mendeley_tb_01298,0.981613889336586,TB
mendeley_tb_01299,0.711664461530745,TB
mendeley_tb_01300,0.9834046214818954,TB
mendeley_tb_01301,0.9771033376455307,TB
mendeley_tb_01302,0.4481918662786484,Normal
mendeley_tb_01303,0.9698858261108398,TB
mendeley_tb_01304,0.9632627367973328,TB
mendeley_tb_01305,0.9851213693618774,TB
mendeley_tb_01306,0.9734391570091248,TB
mendeley_tb_01307,0.6385545246303082,TB
mendeley_tb_01308,0.9532646834850311,TB
mendeley_tb_01309,0.9608969241380692,TB
mendeley_tb_01310,0.9579174667596817,TB
mendeley_tb_01311,0.950210228562355,TB
mendeley_tb_01312,0.9897933304309845,TB
mendeley_tb_01313,0.9905811250209808,TB
mendeley_tb_01314,0.9780212193727493,TB
mendeley_tb_01315,0.9606255739927292,TB
mendeley_tb_01316,0.9072499722242355,TB
mendeley_tb_01317,0.924595057964325,TB
mendeley_tb_01318,0.9730111658573151,TB
mendeley_tb_01319,0.9513068795204163,TB
mendeley_tb_01320,0.9841080009937286,TB
mendeley_tb_01321,0.9675222337245941,TB
mendeley_tb_01322,0.8536480218172073,TB
mendeley_tb_01323,0.9922490417957306,TB
mendeley_tb_01324,0.9865791648626328,TB
mendeley_tb_01325,0.8980368971824646,TB
mendeley_tb_01326,0.9588001221418381,TB
mendeley_tb_01327,0.9536678344011307,TB
mendeley_tb_01328,0.9454952776432037,TB
mendeley_tb_01329,0.8809228390455246,TB
mendeley_tb_01330,0.9500120133161545,TB
mendeley_tb_01331,0.9812498837709427,TB
mendeley_tb_01332,0.9259783774614334,TB
mendeley_tb_01333,0.9492587596178055,TB
mendeley_tb_01334,0.9186276495456696,TB
mendeley_tb_01335,0.8984461724758148,TB
mendeley_tb_01336,0.9745551496744156,TB
mendeley_tb_01337,0.9810824543237686,TB
mendeley_tb_01338,0.9739651381969452,TB
mendeley_tb_01339,0.9518897533416748,TB
mendeley_tb_01340,0.9814756065607071,TB
mendeley_tb_01341,0.8754518330097198,TB
mendeley_tb_01342,0.9675112962722778,TB
mendeley_tb_01343,0.9102664142847061,TB
mendeley_tb_01344,0.9780519157648087,TB
mendeley_tb_01345,0.9663005024194717,TB
mendeley_tb_01346,0.9316404014825821,TB
mendeley_tb_01347,0.9764676094055176,TB
mendeley_tb_01348,0.9579786360263824,TB
mendeley_tb_01349,0.9094620048999786,TB
mendeley_tb_01350,0.9569479376077652,TB
mendeley_tb_01351,0.9817144572734833,TB
mendeley_tb_01352,0.5655650105327368,TB
mendeley_tb_01353,0.9311523586511612,TB
mendeley_tb_01354,0.8880325257778168,TB
mendeley_tb_01355,0.978837326169014,TB
mendeley_tb_01356,0.9622140675783157,TB
mendeley_tb_01357,0.7789143621921539,TB
mendeley_tb_01358,0.9651399254798889,TB
mendeley_tb_01359,0.9246705323457718,TB
mendeley_tb_01360,0.9713041037321091,TB
mendeley_tb_01361,0.9844104796648026,TB
mendeley_tb_01362,0.9833014905452728,TB
mendeley_tb_01363,0.6757496930658817,TB
mendeley_tb_01364,0.9859134703874588,TB
mendeley_tb_01365,0.9810205101966858,TB
mendeley_tb_01366,0.969650611281395,TB
mendeley_tb_01367,0.8894992619752884,TB
mendeley_tb_01368,0.9757208824157715,TB
mendeley_tb_01369,0.9856616854667664,TB
mendeley_tb_01370,0.5169893503189087,TB
mendeley_tb_01371,0.7352089434862137,TB
mendeley_tb_01372,0.7741421312093735,TB
mendeley_tb_01373,0.9594459384679794,TB
mendeley_tb_01374,0.9851880669593811,TB
mendeley_tb_01375,0.9822650849819183,TB
mendeley_tb_01376,0.9568520486354828,TB
mendeley_tb_01377,0.9795288741588593,TB
mendeley_tb_01378,0.9539586454629898,TB
mendeley_tb_01379,0.7665641605854034,TB
mendeley_tb_01380,0.76268120855093,TB
mendeley_tb_01381,0.890108272433281,TB
mendeley_tb_01382,0.9747227728366852,TB
mendeley_tb_01383,0.9112904667854309,TB
mendeley_tb_01384,0.688889853656292,TB
mendeley_tb_01385,0.972174197435379,TB
mendeley_tb_01386,0.9756565243005753,TB
mendeley_tb_01387,0.9830126464366913,TB
mendeley_tb_01388,0.9854261130094528,TB
mendeley_tb_01389,0.8455965667963028,TB
mendeley_tb_01390,0.6503551863133907,TB
mendeley_tb_01391,0.6161002963781357,TB
mendeley_tb_01392,0.9205019474029541,TB
mendeley_tb_01393,0.9526192098855972,TB
mendeley_tb_01394,0.9118743240833282,TB
mendeley_tb_01395,0.9839246571063995,TB
mendeley_tb_01396,0.7938455641269684,TB
mendeley_tb_01397,0.9839039146900177,TB
mendeley_tb_01398,0.9664274305105209,TB
mendeley_tb_01399,0.7213500365614891,TB
mendeley_tb_01400,0.9578233361244202,TB
mendeley_tb_01401,0.9112558215856552,TB
mendeley_tb_01402,0.9631961435079575,TB
mendeley_tb_01403,0.960520476102829,TB
mendeley_tb_01404,0.6027199346572161,TB
mendeley_tb_01405,0.9861608892679214,TB
mendeley_tb_01406,0.9119071215391159,TB
mendeley_tb_01407,0.8653723895549774,TB
mendeley_tb_01408,0.9408679455518723,TB
mendeley_tb_01409,0.5370536893606186,TB
mendeley_tb_01410,0.9277098327875137,TB
mendeley_tb_01411,0.8953133970499039,TB
mendeley_tb_01412,0.871753990650177,TB
mendeley_tb_01413,0.6377985468134284,TB
mendeley_tb_01414,0.9876754134893417,TB
mendeley_tb_01415,0.7280855160206556,TB
mendeley_tb_01416,0.9810743629932404,TB
mendeley_tb_01417,0.9509058892726898,TB
mendeley_tb_01418,0.4933853382244706,Normal
mendeley_tb_01419,0.5662568807601929,TB
mendeley_tb_01420,0.4499824130907655,Normal
mendeley_tb_01421,0.933101698756218,TB
mendeley_tb_01422,0.9778202325105667,TB
mendeley_tb_01423,0.9800677597522736,TB
mendeley_tb_01424,0.9640521854162216,TB
mendeley_tb_01425,0.9842205345630646,TB
mendeley_tb_01426,0.9889279752969742,TB
mendeley_tb_01427,0.9798795878887177,TB
mendeley_tb_01428,0.6489742025732994,TB
mendeley_tb_01429,0.9015851318836212,TB
mendeley_tb_01430,0.5640003327280283,TB
mendeley_tb_01431,0.96497742831707,TB
mendeley_tb_01432,0.9749706387519836,TB
mendeley_tb_01433,0.9264165610074997,TB
mendeley_tb_01434,0.9841904789209366,TB
mendeley_tb_01435,0.7555092573165894,TB
mendeley_tb_01436,0.9825705140829086,TB
mendeley_tb_01437,0.9847623705863953,TB
mendeley_tb_01438,0.8246690481901169,TB
mendeley_tb_01439,0.9683559685945511,TB
mendeley_tb_01440,0.9629918783903122,TB
mendeley_tb_01441,0.9669591188430786,TB
mendeley_tb_01442,0.9816368073225021,TB
mendeley_tb_01443,0.9691460579633713,TB
mendeley_tb_01444,0.978433758020401,TB
mendeley_tb_01445,0.9311114698648453,TB
mendeley_tb_01446,0.9654611796140671,TB
mendeley_tb_01447,0.5070042116567492,TB
mendeley_tb_01448,0.9887160360813141,TB
mendeley_tb_01449,0.9802649170160294,TB
mendeley_tb_01450,0.9207029640674591,TB
mendeley_tb_01451,0.9538959413766861,TB
mendeley_tb_01452,0.9826454669237137,TB
mendeley_tb_01453,0.4884478924795985,Normal
mendeley_tb_01454,0.863091766834259,TB
mendeley_tb_01455,0.974974662065506,TB
mendeley_tb_01456,0.8620792329311371,TB
mendeley_tb_01457,0.9847347736358643,TB
mendeley_tb_01458,0.9552138298749924,TB
mendeley_tb_01459,0.9880958497524261,TB
mendeley_tb_01460,0.9510721862316132,TB
mendeley_tb_01461,0.6425307020545006,TB
mendeley_tb_01462,0.8835183531045914,TB
mendeley_tb_01463,0.9788859337568283,TB
mendeley_tb_01464,0.9513512402772903,TB
mendeley_tb_01465,0.9817937314510345,TB
mendeley_tb_01466,0.8440326452255249,TB
mendeley_tb_01467,0.9724494516849518,TB
mendeley_tb_01468,0.7830647826194763,TB
mendeley_tb_01469,0.852738082408905,TB
mendeley_tb_01470,0.964564859867096,TB
mendeley_tb_01471,0.9836275726556778,TB
mendeley_tb_01472,0.9361962229013443,TB
mendeley_tb_01473,0.9645642042160034,TB
mendeley_tb_01474,0.9724089205265045,TB
mendeley_tb_01475,0.9912068396806717,TB
mendeley_tb_01476,0.9883403331041336,TB
mendeley_tb_01477,0.9643513560295105,TB
mendeley_tb_01478,0.840507984161377,TB
mendeley_tb_01479,0.9426894783973694,TB
mendeley_tb_01480,0.9833006113767624,TB
mendeley_tb_01481,0.776494175195694,TB
mendeley_tb_01482,0.7045890465378761,TB
mendeley_tb_01483,0.9543748199939728,TB
mendeley_tb_01484,0.9185107499361038,TB
mendeley_tb_01485,0.975035235285759,TB
mendeley_tb_01486,0.6800413429737091,TB
mendeley_tb_01487,0.9139269143342972,TB
mendeley_tb_01488,0.9599280804395676,TB
mendeley_tb_01489,0.9550447016954422,TB
mendeley_tb_01490,0.5057270899415016,TB
mendeley_tb_01491,0.4252097047865391,Normal
mendeley_tb_01492,0.5826486647129059,TB
mendeley_tb_01493,0.9713809341192245,TB
mendeley_tb_01494,0.9874849170446396,TB
mendeley_tb_01495,0.5219293334521353,TB
mendeley_tb_01496,0.9539769291877747,TB
mendeley_tb_01497,0.9476593732833862,TB
mendeley_tb_01498,0.19167406810447574,Normal
mendeley_tb_01499,0.2858677050098777,Normal
mendeley_tb_01500,0.9791389554738998,TB
mendeley_tb_01501,0.9717326909303665,TB
mendeley_tb_01502,0.9571317881345749,TB
mendeley_tb_01503,0.8488441109657288,TB
mendeley_tb_01504,0.9775785654783249,TB
mendeley_tb_01505,0.9755494445562363,TB
mendeley_tb_01506,0.9843450337648392,TB
mendeley_tb_01507,0.8689846247434616,TB
mendeley_tb_01508,0.9617520868778229,TB
mendeley_tb_01509,0.9842203706502914,TB
mendeley_tb_01510,0.9872683137655258,TB
mendeley_tb_01511,0.5096695171669126,TB
mendeley_tb_01512,0.9797833263874054,TB
mendeley_tb_01513,0.9549649208784103,TB
mendeley_tb_01514,0.6333275195211172,TB
mendeley_tb_01515,0.7148817181587219,TB
mendeley_tb_01516,0.974115252494812,TB
mendeley_tb_01517,0.9809621274471283,TB
mendeley_tb_01518,0.8458995223045349,TB
mendeley_tb_01519,0.9875981360673904,TB
mendeley_tb_01520,0.583914281334728,TB
mendeley_tb_01521,0.9904816746711731,TB
mendeley_tb_01522,0.9850213378667831,TB
mendeley_tb_01523,0.9798670262098312,TB
mendeley_tb_01524,0.9788042455911636,TB
mendeley_tb_01525,0.8220280930399895,TB
mendeley_tb_01526,0.9883779585361481,TB
mendeley_tb_01527,0.978600949048996,TB
mendeley_tb_01528,0.9822507947683334,TB
mendeley_tb_01529,0.7666578218340874,TB
mendeley_tb_01530,0.960343137383461,TB
mendeley_tb_01531,0.979563757777214,TB
mendeley_tb_01532,0.7667994983494282,TB
mendeley_tb_01533,0.9559883773326874,TB
mendeley_tb_01534,0.9657343178987503,TB
mendeley_tb_01535,0.9432265907526016,TB
mendeley_tb_01536,0.2375101917423308,Normal
mendeley_tb_01537,0.5751164220273495,TB
mendeley_tb_01538,0.9571912437677383,TB
mendeley_tb_01539,0.9810937196016312,TB
mendeley_tb_01540,0.9861392080783844,TB
mendeley_tb_01541,0.5942597053945065,TB
mendeley_tb_01542,0.6624248325824738,TB
mendeley_tb_01543,0.9602592140436172,TB
mendeley_tb_01544,0.9616823643445969,TB
mendeley_tb_01545,0.5654262080788612,TB
mendeley_tb_01546,0.9783117324113846,TB
mendeley_tb_01547,0.6521384716033936,TB
mendeley_tb_01548,0.5174743831157684,TB
mendeley_tb_01549,0.7281348705291748,TB
mendeley_tb_01550,0.7020305469632149,TB
mendeley_tb_01551,0.9516904503107071,TB
mendeley_tb_01552,0.9805621653795242,TB
mendeley_tb_01553,0.39286539889872074,Normal
mendeley_tb_01554,0.9706516563892365,TB
mendeley_tb_01555,0.9864572137594223,TB
mendeley_tb_01556,0.9494427293539047,TB
mendeley_tb_01557,0.9083289057016373,TB
mendeley_tb_01558,0.9466173648834229,TB
mendeley_tb_01559,0.9813096225261688,TB
mendeley_tb_01560,0.23531014192849398,Normal
mendeley_tb_01561,0.7863637879490852,TB
mendeley_tb_01562,0.8936575800180435,TB
mendeley_tb_01563,0.979194164276123,TB
mendeley_tb_01564,0.9862336367368698,TB
mendeley_tb_01565,0.9453000724315643,TB
mendeley_tb_01566,0.5019373875111341,TB
mendeley_tb_01567,0.9649284929037094,TB
mendeley_tb_01568,0.5764801166951656,TB
mendeley_tb_01569,0.9593453407287598,TB
mendeley_tb_01570,0.7890370935201645,TB
mendeley_tb_01571,0.9859790951013565,TB
mendeley_tb_01572,0.883330225944519,TB
mendeley_tb_01573,0.5400181524455547,TB
mendeley_tb_01574,0.9420386105775833,TB
mendeley_tb_01575,0.9900092035531998,TB
mendeley_tb_01576,0.6112914830446243,TB
mendeley_tb_01577,0.9864194989204407,TB
mendeley_tb_01578,0.9099771529436111,TB
mendeley_tb_01579,0.1840118309482932,Normal
mendeley_tb_01580,0.8282766714692116,TB
mendeley_tb_01581,0.49928355030715466,Normal
mendeley_tb_01582,0.9721908569335938,TB
mendeley_tb_01583,0.9605739861726761,TB
mendeley_tb_01584,0.9452635198831558,TB
mendeley_tb_01585,0.6033147424459457,TB
mendeley_tb_01586,0.3993450440466404,Normal
mendeley_tb_01587,0.9812329262495041,TB
mendeley_tb_01588,0.9850698113441467,TB
mendeley_tb_01589,0.9826270341873169,TB
mendeley_tb_01590,0.5984730683267117,TB
mendeley_tb_01591,0.488906710408628,Normal
mendeley_tb_01592,0.7956208735704422,TB
mendeley_tb_01593,0.922648623585701,TB
mendeley_tb_01594,0.9650187790393829,TB
mendeley_tb_01595,0.9425972402095795,TB
mendeley_tb_01596,0.9875279366970062,TB
mendeley_tb_01597,0.38305634818971157,Normal
mendeley_tb_01598,0.7367450557649136,TB
mendeley_tb_01599,0.541656143963337,TB
mendeley_tb_01600,0.9844076782464981,TB
mendeley_tb_01601,0.9797378331422806,TB
mendeley_tb_01602,0.9441323727369308,TB
mendeley_tb_01603,0.9667041152715683,TB
mendeley_tb_01604,0.9801702946424484,TB
mendeley_tb_01605,0.6353492699563503,TB
mendeley_tb_01606,0.94771409034729,TB
mendeley_tb_01607,0.9438075870275497,TB
mendeley_tb_01608,0.9833007305860519,TB
mendeley_tb_01609,0.7702222466468811,TB
mendeley_tb_01610,0.8781459629535675,TB
mendeley_tb_01611,0.9640625417232513,TB
mendeley_tb_01612,0.5980936847627163,TB
mendeley_tb_01613,0.956135168671608,TB
mendeley_tb_01614,0.7697133496403694,TB
mendeley_tb_01615,0.8445186614990234,TB
mendeley_tb_01616,0.9830352067947388,TB
mendeley_tb_01617,0.988176628947258,TB
mendeley_tb_01618,0.9135279357433319,TB
mendeley_tb_01619,0.7912467569112778,TB
mendeley_tb_01620,0.7565814927220345,TB
mendeley_tb_01621,0.9710380584001541,TB
mendeley_tb_01622,0.7559748515486717,TB
mendeley_tb_01623,0.9808362275362015,TB
mendeley_tb_01624,0.7131427526473999,TB
mendeley_tb_01625,0.886327475309372,TB
mendeley_tb_01626,0.950336828827858,TB
mendeley_tb_01627,0.950825959444046,TB
mendeley_tb_01628,0.9137262254953384,TB
mendeley_tb_01629,0.6780797429382801,TB
mendeley_tb_01630,0.9744002223014832,TB
mendeley_tb_01631,0.8245377838611603,TB
mendeley_tb_01632,0.5283250287175179,TB
mendeley_tb_01633,0.9673773348331451,TB
mendeley_tb_01634,0.9304023087024689,TB
mendeley_tb_01635,0.9523667097091675,TB
mendeley_tb_01636,0.850600890815258,TB
mendeley_tb_01637,0.9661042243242264,TB
mendeley_tb_01638,0.8832997828722,TB
mendeley_tb_01639,0.7760204486548901,TB
mendeley_tb_01640,0.9839735925197601,TB
mendeley_tb_01641,0.5106495507061481,TB
mendeley_tb_01642,0.9821266829967499,TB
mendeley_tb_01643,0.9856395721435547,TB
mendeley_tb_01644,0.9731075167655945,TB
mendeley_tb_01645,0.9670965224504471,TB
mendeley_tb_01646,0.9790066480636597,TB
mendeley_tb_01647,0.7355967573821545,TB
mendeley_tb_01648,0.9664770513772964,TB
mendeley_tb_01649,0.868646115064621,TB
mendeley_tb_01650,0.9838827103376389,TB
mendeley_tb_01651,0.9860770553350449,TB
mendeley_tb_01652,0.9513911753892899,TB
mendeley_tb_01653,0.6402276158332825,TB
mendeley_tb_01654,0.6983746364712715,TB
mendeley_tb_01655,0.986846074461937,TB
mendeley_tb_01656,0.6570801064372063,TB
mendeley_tb_01657,0.9524452835321426,TB
mendeley_tb_01658,0.516061807051301,TB
mendeley_tb_01659,0.9862051606178284,TB
mendeley_tb_01660,0.9070069491863251,TB
mendeley_tb_01661,0.9766000360250473,TB
mendeley_tb_01662,0.8490771353244781,TB
mendeley_tb_01663,0.8698883801698685,TB
mendeley_tb_01664,0.9124115854501724,TB
mendeley_tb_01665,0.8637197315692902,TB
mendeley_tb_01666,0.9827022701501846,TB
mendeley_tb_01667,0.9415397495031357,TB
mendeley_tb_01668,0.8175976648926735,TB
mendeley_tb_01669,0.5169860012829304,TB
mendeley_tb_01670,0.8700450658798218,TB
mendeley_tb_01671,0.15425513917580247,Normal
mendeley_tb_01672,0.5597599912434816,TB
mendeley_tb_01673,0.9683766663074493,TB
mendeley_tb_01674,0.8833531439304352,TB
mendeley_tb_01675,0.9887919872999191,TB
mendeley_tb_01676,0.4045075587928295,Normal
mendeley_tb_01677,0.8330907598137856,TB
mendeley_tb_01678,0.7489353138953447,TB
mendeley_tb_01679,0.710497485473752,TB
mendeley_tb_01680,0.8910658806562424,TB
mendeley_tb_01681,0.8899532556533813,TB
mendeley_tb_01682,0.9249094724655151,TB
mendeley_tb_01683,0.9780309051275253,TB
mendeley_tb_01684,0.9746114164590836,TB
mendeley_tb_01685,0.9736055880784988,TB
mendeley_tb_01686,0.931659534573555,TB
mendeley_tb_01687,0.9749210029840469,TB
mendeley_tb_01688,0.9838992655277252,TB
mendeley_tb_01689,0.979323998093605,TB
mendeley_tb_01690,0.9758056104183197,TB
mendeley_tb_01691,0.9795553982257843,TB
mendeley_tb_01692,0.9298437833786011,TB
mendeley_tb_01693,0.9553762972354889,TB
mendeley_tb_01694,0.9710450619459152,TB
mendeley_tb_01695,0.9771238416433334,TB
mendeley_tb_01696,0.9756049066781998,TB
mendeley_tb_01697,0.9790399819612503,TB
mendeley_tb_01698,0.647868774831295,TB
mendeley_tb_01699,0.9774153083562851,TB
mendeley_tb_01700,0.750738114118576,TB
mendeley_tb_01701,0.8806510865688324,TB
mendeley_tb_01702,0.967327281832695,TB
mendeley_tb_01703,0.5457350350916386,TB
mendeley_tb_01704,0.7717314809560776,TB
mendeley_tb_01705,0.9593365639448166,TB
mendeley_tb_01706,0.7334939688444138,TB
mendeley_tb_01707,0.9292577356100082,TB
mendeley_tb_01708,0.9743880927562714,TB
mendeley_tb_01709,0.9545193463563919,TB
mendeley_tb_01710,0.9740237593650818,TB
mendeley_tb_01711,0.6255328021943569,TB
mendeley_tb_01712,0.9825524985790253,TB
mendeley_tb_01713,0.9899574965238571,TB
mendeley_tb_01714,0.982751652598381,TB
mendeley_tb_01715,0.8889879584312439,TB
mendeley_tb_01716,0.8726311773061752,TB
mendeley_tb_01717,0.9699341058731079,TB
mendeley_tb_01718,0.5245875529944897,TB
mendeley_tb_01719,0.6545637100934982,TB
mendeley_tb_01720,0.4834296889603138,Normal
mendeley_tb_01721,0.9606901854276657,TB
mendeley_tb_01722,0.9841170012950897,TB
mendeley_tb_01723,0.9523383677005768,TB
mendeley_tb_01724,0.988534227013588,TB
mendeley_tb_01725,0.9837563335895538,TB
mendeley_tb_01726,0.9453625679016113,TB
mendeley_tb_01727,0.9688214063644409,TB
mendeley_tb_01728,0.8432231098413467,TB
mendeley_tb_01729,0.9831140339374542,TB
mendeley_tb_01730,0.9674436748027802,TB
mendeley_tb_01731,0.9769880920648575,TB
mendeley_tb_01732,0.4541928209364414,Normal
mendeley_tb_01733,0.851953387260437,TB
mendeley_tb_01734,0.9648426026105881,TB
mendeley_tb_01735,0.9872385859489441,TB
mendeley_tb_01736,0.9795418530702591,TB
mendeley_tb_01737,0.9456224143505096,TB
mendeley_tb_01738,0.9073047786951065,TB
mendeley_tb_01739,0.9812725633382797,TB
mendeley_tb_01740,0.981153666973114,TB
mendeley_tb_01741,0.9864332228899002,TB
mendeley_tb_01742,0.9782589673995972,TB
mendeley_tb_01743,0.950215607881546,TB
mendeley_tb_01744,0.9748316556215286,TB
mendeley_tb_01745,0.41890983656048775,Normal
mendeley_tb_01746,0.7824545949697495,TB
mendeley_tb_01747,0.8849277943372726,TB
mendeley_tb_01748,0.971200168132782,TB
mendeley_tb_01749,0.9092045873403549,TB
mendeley_tb_01750,0.4191984161734581,Normal
mendeley_tb_01751,0.9729143530130386,TB
mendeley_tb_01752,0.9815782159566879,TB
mendeley_tb_01753,0.8158558383584023,TB
mendeley_tb_01754,0.9616629332304001,TB
mendeley_tb_01755,0.9433643966913223,TB
mendeley_tb_01756,0.982903391122818,TB
mendeley_tb_01757,0.9835678935050964,TB
mendeley_tb_01758,0.9606652557849884,TB
mendeley_tb_01759,0.748345710337162,TB
mendeley_tb_01760,0.6811163611710072,TB
mendeley_tb_01761,0.982676699757576,TB
mendeley_tb_01762,0.8688984811306,TB
mendeley_tb_01763,0.9386786371469498,TB
mendeley_tb_01764,0.7715203315019608,TB
mendeley_tb_01765,0.17766187200322747,Normal
mendeley_tb_01766,0.9858470112085342,TB
mendeley_tb_01767,0.6463833833113313,TB
mendeley_tb_01768,0.9692692905664444,TB
mendeley_tb_01769,0.9557843208312988,TB
mendeley_tb_01770,0.6907298788428307,TB
mendeley_tb_01771,0.9872459173202515,TB
mendeley_tb_01772,0.9459252953529358,TB
mendeley_tb_01773,0.7876311168074608,TB
mendeley_tb_01774,0.9439517557621002,TB
mendeley_tb_01775,0.5552173405885696,TB
mendeley_tb_01776,0.9752087593078613,TB
mendeley_tb_01777,0.9743646085262299,TB
mendeley_tb_01778,0.9730192571878433,TB
mendeley_tb_01779,0.9822960495948792,TB
mendeley_tb_01780,0.8464938551187515,TB
mendeley_tb_01781,0.9862860143184662,TB
mendeley_tb_01782,0.9876014143228531,TB
mendeley_tb_01783,0.9824364930391312,TB
mendeley_tb_01784,0.26110019627958536,Normal
mendeley_tb_01785,0.9829031825065613,TB
mendeley_tb_01786,0.6903760507702827,TB
mendeley_tb_01787,0.7740923538804054,TB
mendeley_tb_01788,0.9820031821727753,TB
mendeley_tb_01789,0.9878006130456924,TB
mendeley_tb_01790,0.96352618932724,TB
mendeley_tb_01791,0.9733923375606537,TB
mendeley_tb_01792,0.9782762378454208,TB
mendeley_tb_01793,0.9022471457719803,TB
mendeley_tb_01794,0.9712565243244171,TB
mendeley_tb_01795,0.8268517330288887,TB
mendeley_tb_01796,0.9840158969163895,TB
mendeley_tb_01797,0.9486056715250015,TB
mendeley_tb_01798,0.9496360570192337,TB
mendeley_tb_01799,0.850149005651474,TB
mendeley_tb_01800,0.9631195068359375,TB
mendeley_tb_01801,0.9010925590991974,TB
mendeley_tb_01802,0.9874011725187302,TB
mendeley_tb_01803,0.9247341006994247,TB
mendeley_tb_01804,0.967597633600235,TB
mendeley_tb_01805,0.7304841130971909,TB
mendeley_tb_01806,0.9424299597740173,TB
mendeley_tb_01807,0.4259391389787197,Normal
mendeley_tb_01808,0.941913291811943,TB
mendeley_tb_01809,0.9806461334228516,TB
mendeley_tb_01810,0.9200147539377213,TB
mendeley_tb_01811,0.9843791574239731,TB
mendeley_tb_01812,0.9635895788669586,TB
mendeley_tb_01813,0.9872993379831314,TB
mendeley_tb_01814,0.9764875918626785,TB
mendeley_tb_01815,0.9718272536993027,TB
mendeley_tb_01816,0.9798008948564529,TB
mendeley_tb_01817,0.981566309928894,TB
mendeley_tb_01818,0.9778369814157486,TB
mendeley_tb_01819,0.4223705939948559,Normal
mendeley_tb_01820,0.9640702456235886,TB
mendeley_tb_01821,0.8073322251439095,TB
mendeley_tb_01822,0.9772286415100098,TB
mendeley_tb_01823,0.8745398074388504,TB
mendeley_tb_01824,0.5893544070422649,TB
mendeley_tb_01825,0.9847539663314819,TB
mendeley_tb_01826,0.9779192358255386,TB
mendeley_tb_01827,0.7139761038124561,TB
mendeley_tb_01828,0.7017241790890694,TB
mendeley_tb_01829,0.6343840658664703,TB
mendeley_tb_01830,0.8937985152006149,TB
mendeley_tb_01831,0.9623905718326569,TB
mendeley_tb_01832,0.9753327965736389,TB
mendeley_tb_01833,0.7237830683588982,TB
mendeley_tb_01834,0.9701913595199585,TB
mendeley_tb_01835,0.7925806045532227,TB
mendeley_tb_01836,0.8320299759507179,TB
mendeley_tb_01837,0.9799728393554688,TB
mendeley_tb_01838,0.9824396520853043,TB
mendeley_tb_01839,0.967535212635994,TB
mendeley_tb_01840,0.9798568487167358,TB
mendeley_tb_01841,0.7968180701136589,TB
mendeley_tb_01842,0.9855815023183823,TB
mendeley_tb_01843,0.9880232363939285,TB
mendeley_tb_01844,0.9739850610494614,TB
mendeley_tb_01845,0.9899785071611404,TB
mendeley_tb_01846,0.9387079030275345,TB
mendeley_tb_01847,0.9661369025707245,TB
mendeley_tb_01848,0.9817374497652054,TB
mendeley_tb_01849,0.9721872955560684,TB
mendeley_tb_01850,0.9008176028728485,TB
mendeley_tb_01851,0.5723833218216896,TB
mendeley_tb_01852,0.9890325963497162,TB
mendeley_tb_01853,0.2572400849312544,Normal
mendeley_tb_01854,0.9857016801834106,TB
mendeley_tb_01855,0.9899464994668961,TB
mendeley_tb_01856,0.9897951483726501,TB
mendeley_tb_01857,0.9596278816461563,TB
mendeley_tb_01858,0.9360517263412476,TB
mendeley_tb_01859,0.9654078781604767,TB
mendeley_tb_01860,0.8539876490831375,TB
mendeley_tb_01861,0.9153170138597488,TB
mendeley_tb_01862,0.9696120470762253,TB
mendeley_tb_01863,0.6777766272425652,TB
mendeley_tb_01864,0.9787431359291077,TB
mendeley_tb_01865,0.966682031750679,TB
mendeley_tb_01866,0.9858579933643341,TB
mendeley_tb_01867,0.8343417346477509,TB
mendeley_tb_01868,0.98533995449543,TB
mendeley_tb_01869,0.903543159365654,TB
mendeley_tb_01870,0.8401240855455399,TB
mendeley_tb_01871,0.4735039435327053,Normal
mendeley_tb_01872,0.9443172961473465,TB
mendeley_tb_01873,0.7976166009902954,TB
mendeley_tb_01874,0.9826646745204926,TB
mendeley_tb_01875,0.9813321977853775,TB
mendeley_tb_01876,0.7252940759062767,TB
mendeley_tb_01877,0.9810267388820648,TB
mendeley_tb_01878,0.9481977671384811,TB
mendeley_tb_01879,0.9815628081560135,TB
mendeley_tb_01880,0.9784436821937561,TB
mendeley_tb_01881,0.9516685754060745,TB
mendeley_tb_01882,0.9861019402742386,TB
mendeley_tb_01883,0.9042631536722183,TB
mendeley_tb_01884,0.9820883721113205,TB
mendeley_tb_01885,0.9732467383146286,TB
mendeley_tb_01886,0.7557288892567158,TB
mendeley_tb_01887,0.577299140393734,TB
mendeley_tb_01888,0.978751614689827,TB
mendeley_tb_01889,0.9761781841516495,TB
mendeley_tb_01890,0.937690794467926,TB
mendeley_tb_01891,0.9248353987932205,TB
mendeley_tb_01892,0.9915669560432434,TB
mendeley_tb_01893,0.983702152967453,TB
mendeley_tb_01894,0.9866223484277725,TB
mendeley_tb_01895,0.7477258890867233,TB
mendeley_tb_01896,0.9819435626268387,TB
mendeley_tb_01897,0.9784989058971405,TB
mendeley_tb_01898,0.9801029711961746,TB
mendeley_tb_01899,0.9571584910154343,TB
mendeley_tb_01900,0.9746945351362228,TB
mendeley_tb_01901,0.952656477689743,TB
mendeley_tb_01902,0.8449406027793884,TB
mendeley_tb_01903,0.9679280519485474,TB
mendeley_tb_01904,0.9198360443115234,TB
mendeley_tb_01905,0.9762650579214096,TB
mendeley_tb_01906,0.9872822314500809,TB
mendeley_tb_01907,0.8872583955526352,TB
mendeley_tb_01908,0.9722955822944641,TB
mendeley_tb_01909,0.9813734889030457,TB
mendeley_tb_01910,0.9709731787443161,TB
mendeley_tb_01911,0.9681634604930878,TB
mendeley_tb_01912,0.9812401980161667,TB
mendeley_tb_01913,0.36642971634864807,Normal
mendeley_tb_01914,0.9473177790641785,TB
mendeley_tb_01915,0.9844395965337753,TB
mendeley_tb_01916,0.9761741608381271,TB
mendeley_tb_01917,0.9216125458478928,TB
mendeley_tb_01918,0.8315578699111938,TB
mendeley_tb_01919,0.9142244309186935,TB
mendeley_tb_01920,0.7511894851922989,TB
mendeley_tb_01921,0.950993001461029,TB
mendeley_tb_01922,0.9856052994728088,TB
mendeley_tb_01923,0.8328033611178398,TB
mendeley_tb_01924,0.9813380390405655,TB
mendeley_tb_01925,0.9453836232423782,TB
mendeley_tb_01926,0.9393669962882996,TB
mendeley_tb_01927,0.9750196188688278,TB
mendeley_tb_01928,0.986173540353775,TB
mendeley_tb_01929,0.7239595130085945,TB
mendeley_tb_01930,0.7814974933862686,TB
mendeley_tb_01931,0.9828401356935501,TB
mendeley_tb_01932,0.9613773375749588,TB
mendeley_tb_01933,0.9594465792179108,TB
mendeley_tb_01934,0.9695444852113724,TB
mendeley_tb_01935,0.9643490761518478,TB
mendeley_tb_01936,0.8464314267039299,TB
mendeley_tb_01937,0.7673005610704422,TB
mendeley_tb_01938,0.9767752885818481,TB
mendeley_tb_01939,0.9236317276954651,TB
mendeley_tb_01940,0.3531720880419016,Normal
mendeley_tb_01941,0.9500737190246582,TB
mendeley_tb_01942,0.8696214258670807,TB
mendeley_tb_01943,0.9774132072925568,TB
mendeley_tb_01944,0.7892867475748062,TB
mendeley_tb_01945,0.9858676195144653,TB
mendeley_tb_01946,0.9892335385084152,TB
mendeley_tb_01947,0.749596755951643,TB
mendeley_tb_01948,0.9876567870378494,TB
mendeley_tb_01949,0.9874114245176315,TB
mendeley_tb_01950,0.6916059702634811,TB
mendeley_tb_01951,0.9828222990036011,TB
mendeley_tb_01952,0.9899005144834518,TB
mendeley_tb_01953,0.8388034775853157,TB
mendeley_tb_01954,0.9869995266199112,TB
mendeley_tb_01955,0.7412331961095333,TB
mendeley_tb_01956,0.9152816981077194,TB
mendeley_tb_01957,0.9771413505077362,TB
mendeley_tb_01958,0.9457918107509613,TB
mendeley_tb_01959,0.938557356595993,TB
mendeley_tb_01960,0.9745039343833923,TB
mendeley_tb_01961,0.8881478309631348,TB
mendeley_tb_01962,0.9626406878232956,TB
mendeley_tb_01963,0.9815966337919235,TB
mendeley_tb_01964,0.969366267323494,TB
mendeley_tb_01965,0.9393079429864883,TB
mendeley_tb_01966,0.9797670692205429,TB
mendeley_tb_01967,0.9899419397115707,TB
mendeley_tb_01968,0.7928715944290161,TB
mendeley_tb_01969,0.9871625751256943,TB
mendeley_tb_01970,0.9884630739688873,TB
mendeley_tb_01971,0.9756904542446136,TB
mendeley_tb_01972,0.9889514297246933,TB
mendeley_tb_01973,0.6773910596966743,TB
mendeley_tb_01974,0.605744045227766,TB
mendeley_tb_01975,0.8438364863395691,TB
mendeley_tb_01976,0.9839237034320831,TB
mendeley_tb_01977,0.9886774271726608,TB
mendeley_tb_01978,0.9011093080043793,TB
mendeley_tb_01979,0.9261490553617477,TB
mendeley_tb_01980,0.9930538535118103,TB
mendeley_tb_01981,0.9758815616369247,TB
mendeley_tb_01982,0.990081399679184,TB
mendeley_tb_01983,0.9810301959514618,TB
mendeley_tb_01984,0.9866919070482254,TB
mendeley_tb_01985,0.9896969050168991,TB
mendeley_tb_01986,0.9865891337394714,TB
mendeley_tb_01987,0.9917306303977966,TB
mendeley_tb_01988,0.978886678814888,TB
mendeley_tb_01989,0.9875608682632446,TB
mendeley_tb_01990,0.9898581802845001,TB
mendeley_tb_01991,0.9832768887281418,TB
mendeley_tb_01992,0.983799546957016,TB
mendeley_tb_01993,0.974539577960968,TB
mendeley_tb_01994,0.95040662586689,TB
mendeley_tb_01995,0.9817632734775543,TB
mendeley_tb_01996,0.9866824895143509,TB
mendeley_tb_01997,0.9844627529382706,TB
mendeley_tb_01998,0.9841171354055405,TB
mendeley_tb_01999,0.9747531861066818,TB
mendeley_tb_02000,0.9811111986637115,TB
mendeley_tb_02001,0.8982920795679092,TB
mendeley_tb_02002,0.9805752038955688,TB
mendeley_tb_02003,0.9845654219388962,TB
mendeley_tb_02004,0.991633802652359,TB
mendeley_tb_02005,0.988778829574585,TB
mendeley_tb_02006,0.25752053782343864,Normal
mendeley_tb_02007,0.9901430606842041,TB
mendeley_tb_02008,0.9822423458099365,TB
mendeley_tb_02009,0.9916055053472519,TB
mendeley_tb_02010,0.9858846962451935,TB
mendeley_tb_02011,0.993434801697731,TB
mendeley_tb_02012,0.9876633584499359,TB
mendeley_tb_02013,0.9885978251695633,TB
mendeley_tb_02014,0.9723575264215469,TB
mendeley_tb_02015,0.9803193807601929,TB
mendeley_tb_02016,0.9691561311483383,TB
mendeley_tb_02017,0.9602009952068329,TB
mendeley_tb_02018,0.988762691617012,TB
mendeley_tb_02019,0.9706997275352478,TB
mendeley_tb_02020,0.8752898722887039,TB
mendeley_tb_02021,0.9826985448598862,TB
mendeley_tb_02022,0.8433519005775452,TB
mendeley_tb_02023,0.9883169233798981,TB
mendeley_tb_02024,0.9761870950460434,TB
mendeley_tb_02025,0.9687902182340622,TB
mendeley_tb_02026,0.982778400182724,TB
mendeley_tb_02027,0.9850182682275772,TB
mendeley_tb_02028,0.9328102022409439,TB
mendeley_tb_02029,0.941004604101181,TB
mendeley_tb_02030,0.9897061437368393,TB
mendeley_tb_02031,0.9835658818483353,TB
mendeley_tb_02032,0.9623241424560547,TB
mendeley_tb_02033,0.6099887061864138,TB
mendeley_tb_02034,0.986858919262886,TB
mendeley_tb_02035,0.9887305796146393,TB
mendeley_tb_02036,0.9875161647796631,TB
mendeley_tb_02037,0.9871314316987991,TB
mendeley_tb_02038,0.9836084544658661,TB
mendeley_tb_02039,0.7355614081025124,TB
mendeley_tb_02040,0.9638794809579849,TB
mendeley_tb_02041,0.9153039455413818,TB
mendeley_tb_02042,0.9103627055883408,TB
mendeley_tb_02043,0.9847714751958847,TB
mendeley_tb_02044,0.9793264120817184,TB
mendeley_tb_02045,0.9737283736467361,TB
mendeley_tb_02046,0.9914469718933105,TB
mendeley_tb_02047,0.9756764024496078,TB
mendeley_tb_02048,0.9860733151435852,TB
mendeley_tb_02049,0.9897028505802155,TB
mendeley_tb_02050,0.7756782993674278,TB
mendeley_tb_02051,0.9806255847215652,TB
mendeley_tb_02052,0.9886067807674408,TB
mendeley_tb_02053,0.992049515247345,TB
mendeley_tb_02054,0.9805814623832703,TB
mendeley_tb_02055,0.9916069358587265,TB
mendeley_tb_02056,0.9905321598052979,TB
mendeley_tb_02057,0.9857636839151382,TB
mendeley_tb_02058,0.8735861629247665,TB
mendeley_tb_02059,0.9867283254861832,TB
mendeley_tb_02060,0.9482247233390808,TB
mendeley_tb_02061,0.9894586652517319,TB
mendeley_tb_02062,0.8560798168182373,TB
mendeley_tb_02063,0.9849659651517868,TB
mendeley_tb_02064,0.9695738554000854,TB
mendeley_tb_02065,0.9899488985538483,TB
mendeley_tb_02066,0.9926084578037262,TB
mendeley_tb_02067,0.9830035418272018,TB
mendeley_tb_02068,0.967881515622139,TB
mendeley_tb_02069,0.9833365827798843,TB
mendeley_tb_02070,0.9296887516975403,TB
mendeley_tb_02071,0.9332848489284515,TB
mendeley_tb_02072,0.981241911649704,TB
mendeley_tb_02073,0.9835676699876785,TB
mendeley_tb_02074,0.9899112433195114,TB
mendeley_tb_02075,0.7125143632292747,TB
mendeley_tb_02076,0.9845018535852432,TB
mendeley_tb_02077,0.9665527045726776,TB
mendeley_tb_02078,0.9846974909305573,TB
mendeley_tb_02079,0.8854702860116959,TB
mendeley_tb_02080,0.9829374849796295,TB
mendeley_tb_02081,0.9817338287830353,TB
mendeley_tb_02082,0.9811927974224091,TB
mendeley_tb_02083,0.9676222950220108,TB
mendeley_tb_02084,0.5206497106701136,TB
mendeley_tb_02085,0.9900148063898087,TB
mendeley_tb_02086,0.9903504401445389,TB
mendeley_tb_02087,0.9791413098573685,TB
mendeley_tb_02088,0.9747722893953323,TB
mendeley_tb_02089,0.9901090264320374,TB
mendeley_tb_02090,0.9824847877025604,TB
mendeley_tb_02091,0.9831832647323608,TB
mendeley_tb_02092,0.9888169914484024,TB
mendeley_tb_02093,0.9449703097343445,TB
mendeley_tb_02094,0.9830571711063385,TB
mendeley_tb_02095,0.23622088693082333,Normal
mendeley_tb_02096,0.612080343067646,TB
mendeley_tb_02097,0.9891368597745895,TB
mendeley_tb_02098,0.9688772410154343,TB
mendeley_tb_02099,0.9749105125665665,TB
mendeley_tb_02100,0.6038608774542809,TB
mendeley_tb_02101,0.9875807464122772,TB
mendeley_tb_02102,0.982954815030098,TB
mendeley_tb_02103,0.9692490100860596,TB
mendeley_tb_02104,0.9467622637748718,TB
mendeley_tb_02105,0.9368835389614105,TB
mendeley_tb_02106,0.9835854023694992,TB
mendeley_tb_02107,0.9907096475362778,TB
mendeley_tb_02108,0.8409165292978287,TB
mendeley_tb_02109,0.983862966299057,TB
mendeley_tb_02110,0.9868250340223312,TB
mendeley_tb_02111,0.9855076223611832,TB
mendeley_tb_02112,0.9784100949764252,TB
mendeley_tb_02113,0.9375331401824951,TB
mendeley_tb_02114,0.899517685174942,TB
mendeley_tb_02115,0.9186418652534485,TB
mendeley_tb_02116,0.9372524619102478,TB
mendeley_tb_02117,0.9625257104635239,TB
mendeley_tb_02118,0.9917794615030289,TB
mendeley_tb_02119,0.97905233502388,TB
mendeley_tb_02120,0.9854369163513184,TB
mendeley_tb_02121,0.9825108051300049,TB
mendeley_tb_02122,0.9851902723312378,TB
mendeley_tb_02123,0.9842341393232346,TB
mendeley_tb_02124,0.9853947013616562,TB
mendeley_tb_02125,0.9296374022960663,TB
mendeley_tb_02126,0.9896914660930634,TB
mendeley_tb_02127,0.9815231561660767,TB
mendeley_tb_02128,0.775626003742218,TB
mendeley_tb_02129,0.9706641435623169,TB
mendeley_tb_02130,0.9862042516469955,TB
mendeley_tb_02131,0.9372524619102478,TB
mendeley_tb_02132,0.9855999201536179,TB
mendeley_tb_02133,0.9878145903348923,TB
mendeley_tb_02134,0.961553156375885,TB
mendeley_tb_02135,0.9535808712244034,TB
mendeley_tb_02136,0.9605055898427963,TB
mendeley_tb_02137,0.9909213930368423,TB
mendeley_tb_02138,0.9792779237031937,TB
mendeley_tb_02139,0.9848550856113434,TB
mendeley_tb_02140,0.9574977308511734,TB
mendeley_tb_02141,0.9929741621017456,TB
mendeley_tb_02142,0.9882959872484207,TB
mendeley_tb_02143,0.9882388710975647,TB
mendeley_tb_02144,0.2664507762528956,Normal
mendeley_tb_02145,0.9477340579032898,TB
mendeley_tb_02146,0.97905233502388,TB
mendeley_tb_02147,0.9892945736646652,TB
mendeley_tb_02148,0.9914375394582748,TB
mendeley_tb_02149,0.9903944879770279,TB
mendeley_tb_02150,0.9335844665765762,TB
mendeley_tb_02151,0.9428440034389496,TB
mendeley_tb_02152,0.9706641435623169,TB
mendeley_tb_02153,0.9883037358522415,TB
mendeley_tb_02154,0.9878363460302353,TB
mendeley_tb_02155,0.9830270856618881,TB
mendeley_tb_02156,0.9789919555187225,TB
mendeley_tb_02157,0.9785467684268951,TB
mendeley_tb_02158,0.9881860613822937,TB
mendeley_tb_02159,0.989404708147049,TB
mendeley_tb_02160,0.989871934056282,TB
mendeley_tb_02161,0.6948094591498375,TB
mendeley_tb_02162,0.979229137301445,TB
mendeley_tb_02163,0.9654119610786438,TB
mendeley_tb_02164,0.9909590184688568,TB
mendeley_tb_02165,0.9875206351280212,TB
mendeley_tb_02166,0.991763100028038,TB
mendeley_tb_02167,0.920437216758728,TB
mendeley_tb_02168,0.9895911067724228,TB
mendeley_tb_02169,0.9716516882181168,TB
mendeley_tb_02170,0.7226064279675484,TB
mendeley_tb_02171,0.9844273775815964,TB
mendeley_tb_02172,0.9844217300415039,TB
mendeley_tb_02173,0.7159057259559631,TB
mendeley_tb_02174,0.9335208684206009,TB
mendeley_tb_02175,0.9807428270578384,TB
mendeley_tb_02176,0.9614450186491013,TB
mendeley_tb_02177,0.980948343873024,TB
mendeley_tb_02178,0.9844273775815964,TB
mendeley_tb_02179,0.920437216758728,TB
mendeley_tb_02180,0.9565307050943375,TB
mendeley_tb_02181,0.9807428270578384,TB
mendeley_tb_02182,0.7614044025540352,TB
mendeley_tb_02183,0.9810173660516739,TB
mendeley_tb_02184,0.20526696741580963,Normal
mendeley_tb_02185,0.9846339821815491,TB
mendeley_tb_02186,0.9641746580600739,TB
mendeley_tb_02187,0.9565307050943375,TB
mendeley_tb_02188,0.9832814484834671,TB
mendeley_tb_02189,0.9641746580600739,TB
mendeley_tb_02190,0.7168247476220131,TB
mendeley_tb_02191,0.9358958750963211,TB
mendeley_tb_02192,0.9781022369861603,TB
mendeley_tb_02193,0.8855711370706558,TB
mendeley_tb_02194,0.9732218235731125,TB
mendeley_tb_02195,0.9713190346956253,TB
mendeley_tb_02196,0.939330592751503,TB
mendeley_tb_02197,0.8855711370706558,TB
mendeley_tb_02198,0.969727948307991,TB
mendeley_tb_02199,0.9768233150243759,TB
mendeley_tb_02200,0.9918434321880341,TB
mendeley_tb_02201,0.9802260100841522,TB
mendeley_tb_02202,0.9844217300415039,TB
mendeley_tb_02203,0.9823199212551117,TB
mendeley_tb_02204,0.7226064279675484,TB
mendeley_tb_02205,0.9810173660516739,TB
mendeley_tb_02206,0.9540711343288422,TB
mendeley_tb_02207,0.7614044025540352,TB
mendeley_tb_02208,0.9887612015008926,TB
mendeley_tb_02209,0.9866506159305573,TB
mendeley_tb_02210,0.7168247476220131,TB
mendeley_tb_02211,0.9744335561990738,TB
mendeley_tb_02212,0.991763100028038,TB
mendeley_tb_02213,0.9928797632455826,TB
mendeley_tb_02214,0.9838653951883316,TB
mendeley_tb_02215,0.9821684509515762,TB
mendeley_tb_02216,0.9882327169179916,TB
mendeley_tb_02217,0.6356382146477699,TB
mendeley_tb_02218,0.9790929704904556,TB
mendeley_tb_02219,0.9895619451999664,TB
mendeley_tb_02220,0.9887612015008926,TB
mendeley_tb_02221,0.980948343873024,TB
mendeley_tb_02222,0.9895911067724228,TB
mendeley_tb_02223,0.9846382141113281,TB
mendeley_tb_02224,0.9741953164339066,TB
mendeley_tb_02225,0.9740825295448303,TB
mendeley_tb_02226,0.9202786535024643,TB
mendeley_tb_02227,0.8250489681959152,TB
mendeley_tb_02228,0.9725505858659744,TB
mendeley_tb_02229,0.9392533600330353,TB
mendeley_tb_02230,0.9736674576997757,TB
mendeley_tb_02231,0.9789262115955353,TB
mendeley_tb_02232,0.9762981832027435,TB
mendeley_tb_02233,0.9728978276252747,TB
mendeley_tb_02234,0.9833464622497559,TB
mendeley_tb_02235,0.99146568775177,TB
mendeley_tb_02236,0.5697938278317451,TB
mendeley_tb_02237,0.9606181234121323,TB
mendeley_tb_02238,0.8518315553665161,TB
mendeley_tb_02239,0.9823368489742279,TB
mendeley_tb_02240,0.9511539191007614,TB
mendeley_tb_02241,0.9707670658826828,TB
mendeley_tb_02242,0.8037058785557747,TB
mendeley_tb_02243,0.9713357388973236,TB
mendeley_tb_02244,0.9784671366214752,TB
mendeley_tb_02245,0.9506015479564667,TB
mendeley_tb_02246,0.9656835943460464,TB
mendeley_tb_02247,0.9243274182081223,TB
mendeley_tb_02248,0.866286888718605,TB
mendeley_tb_02249,0.9392533600330353,TB
mendeley_tb_02250,0.8142940104007721,TB
mendeley_tb_02251,0.9117612391710281,TB
mendeley_tb_02252,0.9895735085010529,TB
mendeley_tb_02253,0.9861941188573837,TB
mendeley_tb_02254,0.9743733108043671,TB
mendeley_tb_02255,0.8520980030298233,TB
mendeley_tb_02256,0.9322232902050018,TB
mendeley_tb_02257,0.981290802359581,TB
mendeley_tb_02258,0.9615835696458817,TB
mendeley_tb_02259,0.8834642320871353,TB
mendeley_tb_02260,0.8567360937595367,TB
mendeley_tb_02261,0.9622764140367508,TB
mendeley_tb_02262,0.8518315553665161,TB
mendeley_tb_02263,0.8504010364413261,TB
mendeley_tb_02264,0.2928572278469801,Normal
mendeley_tb_02265,0.734505720436573,TB
mendeley_tb_02266,0.96779465675354,TB
mendeley_tb_02267,0.9672248810529709,TB
mendeley_tb_02268,0.987839549779892,TB
mendeley_tb_02269,0.9888343214988708,TB
mendeley_tb_02270,0.962073415517807,TB
mendeley_tb_02271,0.9797028005123138,TB
mendeley_tb_02272,0.9771139323711395,TB
mendeley_tb_02273,0.9748577028512955,TB
mendeley_tb_02274,0.9456640034914017,TB
mendeley_tb_02275,0.9826289564371109,TB
mendeley_tb_02276,0.9797348082065582,TB
mendeley_tb_02277,0.9725868850946426,TB
mendeley_tb_02278,0.9813731610774994,TB
mendeley_tb_02279,0.9869436174631119,TB
mendeley_tb_02280,0.9776884168386459,TB
mendeley_tb_02281,0.8694612681865692,TB
mendeley_tb_02282,0.9794538617134094,TB
mendeley_tb_02283,0.9019444435834885,TB
mendeley_tb_02284,0.768498420715332,TB
mendeley_tb_02285,0.9709914326667786,TB
mendeley_tb_02286,0.9851585626602173,TB
mendeley_tb_02287,0.8788763284683228,TB
mendeley_tb_02288,0.9860096871852875,TB
mendeley_tb_02289,0.9450401812791824,TB
mendeley_tb_02290,0.980980709195137,TB
mendeley_tb_02291,0.9619472920894623,TB
mendeley_tb_02292,0.9452033787965775,TB
mendeley_tb_02293,0.9766421169042587,TB
mendeley_tb_02294,0.9739566296339035,TB
mendeley_tb_02295,0.9642272442579269,TB
mendeley_tb_02296,0.982322484254837,TB
mendeley_tb_02297,0.9640442132949829,TB
mendeley_tb_02298,0.5477762781083584,TB
mendeley_tb_02299,0.9813829958438873,TB
mendeley_tb_02300,0.9774929583072662,TB
mendeley_tb_02301,0.9808203876018524,TB
mendeley_tb_02302,0.6559591218829155,TB
mendeley_tb_02303,0.9851086586713791,TB
mendeley_tb_02304,0.979841873049736,TB
mendeley_tb_02305,0.9702455848455429,TB
mendeley_tb_02306,0.9875787794589996,TB
mendeley_tb_02307,0.9597653597593307,TB
mendeley_tb_02308,0.9797962009906769,TB
mendeley_tb_02309,0.9792041629552841,TB
mendeley_tb_02310,0.9723261147737503,TB
mendeley_tb_02311,0.9653517305850983,TB
mendeley_tb_02312,0.9827302545309067,TB
mendeley_tb_02313,0.9773934185504913,TB
mendeley_tb_02314,0.9163329154253006,TB
mendeley_tb_02315,0.9598209708929062,TB
mendeley_tb_02316,0.9511412531137466,TB
mendeley_tb_02317,0.7994872778654099,TB
mendeley_tb_02318,0.9779007881879807,TB
mendeley_tb_02319,0.8721464723348618,TB
mendeley_tb_02320,0.8362582623958588,TB
mendeley_tb_02321,0.58774059638381,TB
mendeley_tb_02322,0.9829261898994446,TB
mendeley_tb_02323,0.9861055016517639,TB
mendeley_tb_02324,0.9843899011611938,TB
mendeley_tb_02325,0.9596574455499649,TB
mendeley_tb_02326,0.8415152207016945,TB
mendeley_tb_02327,0.9744585752487183,TB
mendeley_tb_02328,0.9354495108127594,TB
mendeley_tb_02329,0.965167835354805,TB
mendeley_tb_02330,0.987582802772522,TB
mendeley_tb_02331,0.7245899960398674,TB
mendeley_tb_02332,0.862184576690197,TB
mendeley_tb_02333,0.9716759026050568,TB
mendeley_tb_02334,0.9845504313707352,TB
mendeley_tb_02335,0.9750151932239532,TB
mendeley_tb_02336,0.9325305074453354,TB
mendeley_tb_02337,0.9745553433895111,TB
mendeley_tb_02338,0.9888365715742111,TB
mendeley_tb_02339,0.9675520956516266,TB
mendeley_tb_02340,0.9776369780302048,TB
mendeley_tb_02341,0.9880467057228088,TB
mendeley_tb_02342,0.9820016622543335,TB
mendeley_tb_02343,0.8246156126260757,TB
mendeley_tb_02344,0.7449828013777733,TB
mendeley_tb_02345,0.9843130111694336,TB
mendeley_tb_02346,0.9895259588956833,TB
mendeley_tb_02347,0.9812095910310745,TB
mendeley_tb_02348,0.9805199950933456,TB
mendeley_tb_02349,0.9832873493432999,TB
mendeley_tb_02350,0.9895951300859451,TB
mendeley_tb_02351,0.9799256175756454,TB
mendeley_tb_02352,0.9479523152112961,TB
mendeley_tb_02353,0.7120908200740814,TB
mendeley_tb_02354,0.9366755336523056,TB
mendeley_tb_02355,0.8500685542821884,TB
mendeley_tb_02356,0.8192824944853783,TB
mendeley_tb_02357,0.982792928814888,TB
mendeley_tb_02358,0.9675965309143066,TB
mendeley_tb_02359,0.9832695126533508,TB
mendeley_tb_02360,0.9799666553735733,TB
mendeley_tb_02361,0.940205916762352,TB
mendeley_tb_02362,0.9373047053813934,TB
mendeley_tb_02363,0.6781015321612358,TB
mendeley_tb_02364,0.982812374830246,TB
mendeley_tb_02365,0.8426923006772995,TB
mendeley_tb_02366,0.9881396740674973,TB
mendeley_tb_02367,0.9854091107845306,TB
mendeley_tb_02368,0.7866856083273888,TB
mendeley_tb_02369,0.9542184919118881,TB
mendeley_tb_02370,0.9748523235321045,TB
mendeley_tb_02371,0.9740046560764313,TB
mendeley_tb_02372,0.9645346850156784,TB
mendeley_tb_02373,0.9907105565071106,TB
mendeley_tb_02374,0.503436922095716,TB
mendeley_tb_02375,0.9914300739765167,TB
mendeley_tb_02376,0.9819256961345673,TB
mendeley_tb_02377,0.985392615199089,TB
mendeley_tb_02378,0.9595624059438705,TB
mendeley_tb_02379,0.9848286956548691,TB
mendeley_tb_02380,0.9722701013088226,TB
mendeley_tb_02381,0.9875536561012268,TB
mendeley_tb_02382,0.9817560464143753,TB
mendeley_tb_02383,0.729157380759716,TB
mendeley_tb_02384,0.7942424640059471,TB
mendeley_tb_02385,0.9826948940753937,TB
mendeley_tb_02386,0.8845551460981369,TB
mendeley_tb_02387,0.925043523311615,TB
mendeley_tb_02388,0.9882242530584335,TB
mendeley_tb_02389,0.9418543875217438,TB
mendeley_tb_02390,0.9731367230415344,TB
mendeley_tb_02391,0.989958867430687,TB
mendeley_tb_02392,0.9894445389509201,TB
mendeley_tb_02393,0.9884867370128632,TB
mendeley_tb_02394,0.9852809906005859,TB
mendeley_tb_02395,0.9686298966407776,TB
mendeley_tb_02396,0.8313702493906021,TB
mendeley_tb_02397,0.9864942133426666,TB
mendeley_tb_02398,0.8002739995718002,TB
mendeley_tb_02399,0.9829620718955994,TB
mendeley_tb_02400,0.9845470786094666,TB
mendeley_tb_02401,0.9843667298555374,TB
mendeley_tb_02402,0.9761218577623367,TB
mendeley_tb_02403,0.9489850252866745,TB
mendeley_tb_02404,0.9710703641176224,TB
mendeley_tb_02405,0.8129832670092583,TB
mendeley_tb_02406,0.9812347888946533,TB
mendeley_tb_02407,0.9232491105794907,TB
mendeley_tb_02408,0.8106743842363358,TB
mendeley_tb_02409,0.8875593394041061,TB
mendeley_tb_02410,0.9867231547832489,TB
mendeley_tb_02411,0.721282385289669,TB
mendeley_tb_02412,0.9815461933612823,TB
mendeley_tb_02413,0.9466052502393723,TB
mendeley_tb_02414,0.9184951037168503,TB
mendeley_tb_02415,0.965256080031395,TB
mendeley_tb_02416,0.9747377336025238,TB
mendeley_tb_02417,0.9883203953504562,TB
mendeley_tb_02418,0.9721940904855728,TB
mendeley_tb_02419,0.9771464169025421,TB
mendeley_tb_02420,0.9715188294649124,TB
mendeley_tb_02421,0.9810832887887955,TB
mendeley_tb_02422,0.9601790606975555,TB
mendeley_tb_02423,0.9224256277084351,TB
mendeley_tb_02424,0.9768610149621964,TB
mendeley_tb_02425,0.9804960489273071,TB
mendeley_tb_02426,0.8115476071834564,TB
mendeley_tb_02427,0.7870303392410278,TB
mendeley_tb_02428,0.9309543371200562,TB
mendeley_tb_02429,0.6749867368489504,TB
mendeley_tb_02430,0.8839337527751923,TB
mendeley_tb_02431,0.5736284665763378,TB
mendeley_tb_02432,0.9826870709657669,TB
mendeley_tb_02433,0.8407919406890869,TB
mendeley_tb_02434,0.9640907049179077,TB
mendeley_tb_02435,0.5158448684960604,TB
mendeley_tb_02436,0.9069597870111465,TB
mendeley_tb_02437,0.9495805650949478,TB
mendeley_tb_02438,0.8345723375678062,TB
mendeley_tb_02439,0.9717335850000381,TB
mendeley_tb_02440,0.978473886847496,TB
mendeley_tb_02441,0.9655043929815292,TB
mendeley_tb_02442,0.9882936030626297,TB
mendeley_tb_02443,0.9856110960245132,TB
mendeley_tb_02444,0.6666702777147293,TB
mendeley_tb_02445,0.9813254475593567,TB
mendeley_tb_02446,0.980201855301857,TB
mendeley_tb_02447,0.9824826121330261,TB
mendeley_tb_02448,0.9673916101455688,TB
mendeley_tb_02449,0.9864545315504074,TB
mendeley_tb_02450,0.8858685791492462,TB
mendeley_tb_02451,0.7742952182888985,TB
mendeley_tb_02452,0.6940539395436645,TB
mendeley_tb_02453,0.9692315608263016,TB
mendeley_tb_02454,0.7541716359555721,TB
mendeley_tb_02455,0.9782763421535492,TB
mendeley_tb_02456,0.9780014157295227,TB
mendeley_tb_02457,0.7381593286991119,TB
mendeley_tb_02458,0.8991917073726654,TB
mendeley_tb_02459,0.9848244041204453,TB
mendeley_tb_02460,0.2011012164875865,Normal
mendeley_tb_02461,0.9202662706375122,TB
mendeley_tb_02462,0.947047084569931,TB
mendeley_tb_02463,0.9827875047922134,TB
mendeley_tb_02464,0.981799378991127,TB
mendeley_tb_02465,0.9873874932527542,TB
mendeley_tb_02466,0.549695611000061,TB
mendeley_tb_02467,0.8176499903202057,TB
mendeley_tb_02468,0.9866219460964203,TB
mendeley_tb_02469,0.4562739161774516,Normal
mendeley_tb_02470,0.28278657561168075,Normal
mendeley_tb_02471,0.9842750281095505,TB
mendeley_tb_02472,0.9415494054555893,TB
mendeley_tb_02473,0.6289566233754158,TB
mendeley_tb_02474,0.9836270213127136,TB
mendeley_tb_02475,0.8834197074174881,TB
mendeley_tb_02476,0.9810030162334442,TB
mendeley_tb_02477,0.9761736989021301,TB
mendeley_tb_02478,0.9908186495304108,TB
mendeley_tb_02479,0.9820448756217957,TB
mendeley_tb_02480,0.9767400920391083,TB
mendeley_tb_02481,0.9472257792949677,TB
mendeley_tb_02482,0.9691756963729858,TB
mendeley_tb_02483,0.9208956509828568,TB
mendeley_tb_02484,0.846759632229805,TB
mendeley_tb_02485,0.30763526260852814,Normal
mendeley_tb_02486,0.9605068266391754,TB
mendeley_tb_02487,0.9880694001913071,TB
mendeley_tb_02488,0.9833204448223114,TB
mendeley_tb_02489,0.525871675927192,TB
mendeley_tb_02490,0.9796349108219147,TB
mendeley_tb_02491,0.9385651648044586,TB
mendeley_tb_02492,0.9869967401027679,TB
mendeley_tb_02493,0.6231716722249985,TB
