new_id,prob_tb,pred_TB/Normal
mendeley_normal_00000,0.8947293758392334,TB
mendeley_normal_00001,0.6454562097787857,TB
mendeley_normal_00002,0.7841938585042953,TB
mendeley_normal_00003,0.7623988091945648,TB
mendeley_normal_00004,0.45927657932043076,Normal
mendeley_normal_00005,0.8386938720941544,TB
mendeley_normal_00006,0.9121460765600204,TB
mendeley_normal_00007,0.48372679203748703,Normal
mendeley_normal_00008,0.5985710471868515,TB
mendeley_normal_00009,0.7426151186227798,TB
mendeley_normal_00010,0.5308274105191231,TB
mendeley_normal_00011,0.8927679657936096,TB
mendeley_normal_00012,0.8790012001991272,TB
mendeley_normal_00013,0.9080402255058289,TB
mendeley_normal_00014,0.631365641951561,TB
mendeley_normal_00015,0.8353629410266876,TB
mendeley_normal_00016,0.10602339915931225,Normal
mendeley_normal_00017,0.5694936364889145,TB
mendeley_normal_00018,0.8055829107761383,TB
mendeley_normal_00019,0.670589342713356,TB
mendeley_normal_00020,0.32942910213023424,Normal
mendeley_normal_00021,0.4423712342977524,Normal
mendeley_normal_00022,0.30214810371398926,Normal
mendeley_normal_00023,0.786069393157959,TB
mendeley_normal_00024,0.9129913151264191,TB
mendeley_normal_00025,0.7048119604587555,TB
mendeley_normal_00026,0.8724673688411713,TB
mendeley_normal_00027,0.8604661226272583,TB
mendeley_normal_00028,0.8163845241069794,TB
mendeley_normal_00029,0.7560876905918121,TB
mendeley_normal_00030,0.7017231732606888,TB
mendeley_normal_00031,0.8742178529500961,TB
mendeley_normal_00032,0.3782164305448532,Normal
mendeley_normal_00033,0.8112355470657349,TB
mendeley_normal_00034,0.7550150156021118,TB
mendeley_normal_00035,0.8079516440629959,TB
mendeley_normal_00036,0.7544620037078857,TB
mendeley_normal_00037,0.7102769017219543,TB
mendeley_normal_00038,0.7157229036092758,TB
mendeley_normal_00039,0.3910515233874321,Normal
mendeley_normal_00040,0.7689784169197083,TB
mendeley_normal_00041,0.7928307056427002,TB
mendeley_normal_00042,0.8115682750940323,TB
mendeley_normal_00043,0.7997418940067291,TB
mendeley_normal_00044,0.28311203233897686,Normal
mendeley_normal_00045,0.7443751245737076,TB
mendeley_normal_00046,0.5686206817626953,TB
mendeley_normal_00047,0.9047053903341293,TB
mendeley_normal_00048,0.8740566819906235,TB
mendeley_normal_00049,0.7223798781633377,TB
mendeley_normal_00050,0.9208949208259583,TB
mendeley_normal_00051,0.8831240832805634,TB
mendeley_normal_00052,0.6222000420093536,TB
mendeley_normal_00053,0.5800055339932442,TB
mendeley_normal_00054,0.42387276887893677,Normal
mendeley_normal_00055,0.5365522801876068,TB
mendeley_normal_00056,0.7250501066446304,TB
mendeley_normal_00057,0.7319558337330818,TB
mendeley_normal_00058,0.8518695831298828,TB
mendeley_normal_00059,0.5737935900688171,TB
mendeley_normal_00060,0.8021468222141266,TB
mendeley_normal_00061,0.8177395164966583,TB
mendeley_normal_00062,0.8869595974683762,TB
mendeley_normal_00063,0.4671829082071781,Normal
mendeley_normal_00064,0.8750015646219254,TB
mendeley_normal_00065,0.5669402629137039,TB
mendeley_normal_00066,0.5385567992925644,TB
mendeley_normal_00067,0.8799664676189423,TB
mendeley_normal_00068,0.7008556053042412,TB
mendeley_normal_00069,0.7721307873725891,TB
mendeley_normal_00070,0.8333540260791779,TB
mendeley_normal_00071,0.7407646775245667,TB
mendeley_normal_00072,0.8650148510932922,TB
mendeley_normal_00073,0.7757481187582016,TB
mendeley_normal_00074,0.959897369146347,TB
mendeley_normal_00075,0.7141727358102798,TB
mendeley_normal_00076,0.5986246019601822,TB
mendeley_normal_00077,0.832538515329361,TB
mendeley_normal_00078,0.8230530172586441,TB
mendeley_normal_00079,0.5671749860048294,TB
mendeley_normal_00080,0.5254133343696594,TB
mendeley_normal_00081,0.6558929532766342,TB
mendeley_normal_00082,0.7674777209758759,TB
mendeley_normal_00083,0.7721444517374039,TB
mendeley_normal_00084,0.8016011118888855,TB
mendeley_normal_00085,0.5145598948001862,TB
mendeley_normal_00086,0.42290501296520233,Normal
mendeley_normal_00087,0.8722817748785019,TB
mendeley_normal_00088,0.5809386782348156,TB
mendeley_normal_00089,0.9067589342594147,TB
mendeley_normal_00090,0.8384687602519989,TB
mendeley_normal_00091,0.44906116276979446,Normal
mendeley_normal_00092,0.3684786856174469,Normal
mendeley_normal_00093,0.9163197576999664,TB
mendeley_normal_00094,0.9196699410676956,TB
mendeley_normal_00095,0.9165198802947998,TB
mendeley_normal_00096,0.8249206691980362,TB
mendeley_normal_00097,0.9344069063663483,TB
mendeley_normal_00098,0.7224356085062027,TB
mendeley_normal_00099,0.334471357986331,Normal
mendeley_normal_00100,0.9123134315013885,TB
mendeley_normal_00101,0.7253011018037796,TB
mendeley_normal_00102,0.21353855356574059,Normal
mendeley_normal_00103,0.8603973984718323,TB
mendeley_normal_00104,0.703522115945816,TB
mendeley_normal_00105,0.7356681972742081,TB
mendeley_normal_00106,0.8615506589412689,TB
mendeley_normal_00107,0.8758040368556976,TB
mendeley_normal_00108,0.2836011312901974,Normal
mendeley_normal_00109,0.8736914396286011,TB
mendeley_normal_00110,0.756220206618309,TB
mendeley_normal_00111,0.8230214864015579,TB
mendeley_normal_00112,0.7863658368587494,TB
mendeley_normal_00113,0.7786700651049614,TB
mendeley_normal_00114,0.8395721167325974,TB
mendeley_normal_00115,0.5497426111251116,TB
mendeley_normal_00116,0.9204044938087463,TB
mendeley_normal_00117,0.9087009876966476,TB
mendeley_normal_00118,0.8187359571456909,TB
mendeley_normal_00119,0.8167490512132645,TB
mendeley_normal_00120,0.40815602988004684,Normal
mendeley_normal_00121,0.911451131105423,TB
mendeley_normal_00122,0.6835710480809212,TB
mendeley_normal_00123,0.6084782555699348,TB
mendeley_normal_00124,0.8594148904085159,TB
mendeley_normal_00125,0.9061676859855652,TB
mendeley_normal_00126,0.43521937541663647,Normal
mendeley_normal_00127,0.8965112715959549,TB
mendeley_normal_00128,0.8315951526165009,TB
mendeley_normal_00129,0.8353685885667801,TB
mendeley_normal_00130,0.8353481292724609,TB
mendeley_normal_00131,0.3921325281262398,Normal
mendeley_normal_00132,0.8238677382469177,TB
mendeley_normal_00133,0.6482829004526138,TB
mendeley_normal_00134,0.9009200632572174,TB
mendeley_normal_00135,0.7762091606855392,TB
mendeley_normal_00136,0.27988991513848305,Normal
mendeley_normal_00137,0.7127080038189888,TB
mendeley_normal_00138,0.9469106495380402,TB
mendeley_normal_00139,0.7783473432064056,TB
mendeley_normal_00140,0.7603934109210968,TB
mendeley_normal_00141,0.9202142208814621,TB
mendeley_normal_00142,0.8633563816547394,TB
mendeley_normal_00143,0.89063760638237,TB
mendeley_normal_00144,0.43035362660884857,Normal
mendeley_normal_00145,0.7858204245567322,TB
mendeley_normal_00146,0.7919954359531403,TB
mendeley_normal_00147,0.9060100615024567,TB
mendeley_normal_00148,0.6810405924916267,TB
mendeley_normal_00149,0.7274271547794342,TB
mendeley_normal_00150,0.5260432995855808,TB
mendeley_normal_00151,0.47110021114349365,Normal
mendeley_normal_00152,0.7737002521753311,TB
mendeley_normal_00153,0.200098711065948,Normal
mendeley_normal_00154,0.8881406784057617,TB
mendeley_normal_00155,0.8897346407175064,TB
mendeley_normal_00156,0.5590836107730865,TB
mendeley_normal_00157,0.7062283605337143,TB
mendeley_normal_00158,0.6982340812683105,TB
mendeley_normal_00159,0.6973046138882637,TB
mendeley_normal_00160,0.6825609058141708,TB
mendeley_normal_00161,0.8690112680196762,TB
mendeley_normal_00162,0.5429238229990005,TB
mendeley_normal_00163,0.598385151475668,TB
mendeley_normal_00164,0.8652646094560623,TB
mendeley_normal_00165,0.8891979902982712,TB
mendeley_normal_00166,0.443770095705986,Normal
mendeley_normal_00167,0.7750466167926788,TB
mendeley_normal_00168,0.838510274887085,TB
mendeley_normal_00169,0.6734755337238312,TB
mendeley_normal_00170,0.3775940202176571,Normal
mendeley_normal_00171,0.7912170439958572,TB
mendeley_normal_00172,0.4554087147116661,Normal
mendeley_normal_00173,0.49703411012887955,Normal
mendeley_normal_00174,0.4438755139708519,Normal
mendeley_normal_00175,0.843596562743187,TB
mendeley_normal_00176,0.8963026106357574,TB
mendeley_normal_00177,0.6319925151765347,TB
mendeley_normal_00178,0.6309210918843746,TB
mendeley_normal_00179,0.4367966651916504,Normal
mendeley_normal_00180,0.4898973610252142,Normal
mendeley_normal_00181,0.501474890857935,TB
mendeley_normal_00182,0.5744364485144615,TB
mendeley_normal_00183,0.2695460207760334,Normal
mendeley_normal_00184,0.8146886974573135,TB
mendeley_normal_00185,0.8222243785858154,TB
mendeley_normal_00186,0.792495846748352,TB
mendeley_normal_00187,0.8999805599451065,TB
mendeley_normal_00188,0.786948174238205,TB
mendeley_normal_00189,0.8727388083934784,TB
mendeley_normal_00190,0.4758242182433605,Normal
mendeley_normal_00191,0.8954606056213379,TB
mendeley_normal_00192,0.6995206996798515,TB
mendeley_normal_00193,0.9084073007106781,TB
mendeley_normal_00194,0.7634304538369179,TB
mendeley_normal_00195,0.6681965887546539,TB
mendeley_normal_00196,0.6149660497903824,TB
mendeley_normal_00197,0.8060187697410583,TB
mendeley_normal_00198,0.8250280022621155,TB
mendeley_normal_00199,0.461041871458292,Normal
mendeley_normal_00200,0.09953106427565217,Normal
mendeley_normal_00201,0.9156403243541718,TB
mendeley_normal_00202,0.9385456442832947,TB
mendeley_normal_00203,0.3780926950275898,Normal
mendeley_normal_00204,0.5334839336574078,TB
mendeley_normal_00205,0.9254690408706665,TB
mendeley_normal_00206,0.8846140801906586,TB
mendeley_normal_00207,0.3040449544787407,Normal
mendeley_normal_00208,0.8564350754022598,TB
mendeley_normal_00209,0.8330215811729431,TB
mendeley_normal_00210,0.3285121377557516,Normal
mendeley_normal_00211,0.8692631423473358,TB
mendeley_normal_00212,0.8579221963882446,TB
mendeley_normal_00213,0.8491161167621613,TB
mendeley_normal_00214,0.8794264942407608,TB
mendeley_normal_00215,0.6944896131753922,TB
mendeley_normal_00216,0.629570908844471,TB
mendeley_normal_00217,0.7834178358316422,TB
mendeley_normal_00218,0.7641225904226303,TB
mendeley_normal_00219,0.7907306998968124,TB
mendeley_normal_00220,0.7063434347510338,TB
mendeley_normal_00221,0.9236466288566589,TB
mendeley_normal_00222,0.6678505688905716,TB
mendeley_normal_00223,0.9469970464706421,TB
mendeley_normal_00224,0.7378115803003311,TB
mendeley_normal_00225,0.7751201242208481,TB
mendeley_normal_00226,0.3966638781130314,Normal
mendeley_normal_00227,0.4164992570877075,Normal
mendeley_normal_00228,0.843971386551857,TB
mendeley_normal_00229,0.8056724220514297,TB
mendeley_normal_00230,0.6903248876333237,TB
mendeley_normal_00231,0.4908292107284069,Normal
mendeley_normal_00232,0.5181317664682865,TB
mendeley_normal_00233,0.36329154297709465,Normal
mendeley_normal_00234,0.5646385028958321,TB
mendeley_normal_00235,0.8252391666173935,TB
mendeley_normal_00236,0.7669985592365265,TB
mendeley_normal_00237,0.8850741386413574,TB
mendeley_normal_00238,0.855629175901413,TB
mendeley_normal_00239,0.876787930727005,TB
mendeley_normal_00240,0.3531483970582485,Normal
mendeley_normal_00241,0.7370476424694061,TB
mendeley_normal_00242,0.7732608169317245,TB
mendeley_normal_00243,0.8844005763530731,TB
mendeley_normal_00244,0.08027673233300447,Normal
mendeley_normal_00245,0.6828375458717346,TB
mendeley_normal_00246,0.540000282227993,TB
mendeley_normal_00247,0.7866853624582291,TB
mendeley_normal_00248,0.8511545658111572,TB
mendeley_normal_00249,0.7791991829872131,TB
mendeley_normal_00250,0.6316040605306625,TB
mendeley_normal_00251,0.7042374759912491,TB
mendeley_normal_00252,0.683250829577446,TB
mendeley_normal_00253,0.7493861466646194,TB
mendeley_normal_00254,0.8254084587097168,TB
mendeley_normal_00255,0.32292140275239944,Normal
mendeley_normal_00256,0.912094920873642,TB
mendeley_normal_00257,0.9349106997251511,TB
mendeley_normal_00258,0.5319687873125076,TB
mendeley_normal_00259,0.8618513345718384,TB
mendeley_normal_00260,0.8522857129573822,TB
mendeley_normal_00261,0.8361065089702606,TB
mendeley_normal_00262,0.9116769284009933,TB
mendeley_normal_00263,0.4672987386584282,Normal
mendeley_normal_00264,0.904309406876564,TB
mendeley_normal_00265,0.5742454901337624,TB
mendeley_normal_00266,0.7388675361871719,TB
mendeley_normal_00267,0.6369361132383347,TB
mendeley_normal_00268,0.5045643635094166,TB
mendeley_normal_00269,0.7439097464084625,TB
mendeley_normal_00270,0.7567295432090759,TB
mendeley_normal_00271,0.6424944996833801,TB
mendeley_normal_00272,0.7232246249914169,TB
mendeley_normal_00273,0.777506098151207,TB
mendeley_normal_00274,0.9003386348485947,TB
mendeley_normal_00275,0.8266623765230179,TB
mendeley_normal_00276,0.3735416978597641,Normal
mendeley_normal_00277,0.9433702379465103,TB
mendeley_normal_00278,0.5552683025598526,TB
mendeley_normal_00279,0.8182809054851532,TB
mendeley_normal_00280,0.9427769631147385,TB
mendeley_normal_00281,0.7211518883705139,TB
mendeley_normal_00282,0.7604980915784836,TB
mendeley_normal_00283,0.5619539618492126,TB
mendeley_normal_00284,0.9207057952880859,TB
mendeley_normal_00285,0.45338109135627747,Normal
mendeley_normal_00286,0.8206161707639694,TB
mendeley_normal_00287,0.3182666637003422,Normal
mendeley_normal_00288,0.6935716047883034,TB
mendeley_normal_00289,0.8447059690952301,TB
mendeley_normal_00290,0.4944158121943474,Normal
mendeley_normal_00291,0.5235569030046463,TB
mendeley_normal_00292,0.8028220683336258,TB
mendeley_normal_00293,0.7964307367801666,TB
mendeley_normal_00294,0.8861395716667175,TB
mendeley_normal_00295,0.8321389704942703,TB
mendeley_normal_00296,0.4621751010417938,Normal
mendeley_normal_00297,0.8527674973011017,TB
mendeley_normal_00298,0.8976409286260605,TB
mendeley_normal_00299,0.6623000651597977,TB
mendeley_normal_00300,0.9159460514783859,TB
mendeley_normal_00301,0.26560981199145317,Normal
mendeley_normal_00302,0.6873728930950165,TB
mendeley_normal_00303,0.2619966119527817,Normal
mendeley_normal_00304,0.8056605756282806,TB
mendeley_normal_00305,0.8312546610832214,TB
mendeley_normal_00306,0.877448782324791,TB
mendeley_normal_00307,0.7996091693639755,TB
mendeley_normal_00308,0.4099605046212673,Normal
mendeley_normal_00309,0.9476390779018402,TB
mendeley_normal_00310,0.8464516699314117,TB
mendeley_normal_00311,0.8642119020223618,TB
mendeley_normal_00312,0.8180524706840515,TB
mendeley_normal_00313,0.7528154253959656,TB
mendeley_normal_00314,0.8483836203813553,TB
mendeley_normal_00315,0.5700554773211479,TB
mendeley_normal_00316,0.3624521419405937,Normal
mendeley_normal_00317,0.6112508922815323,TB
mendeley_normal_00318,0.7361343801021576,TB
mendeley_normal_00319,0.5531405061483383,TB
mendeley_normal_00320,0.8133531808853149,TB
mendeley_normal_00321,0.8410429805517197,TB
mendeley_normal_00322,0.28989818692207336,Normal
mendeley_normal_00323,0.8197534382343292,TB
mendeley_normal_00324,0.5503694638609886,TB
mendeley_normal_00325,0.9239189922809601,TB
mendeley_normal_00326,0.8646773248910904,TB
mendeley_normal_00327,0.6179544776678085,TB
mendeley_normal_00328,0.8577519804239273,TB
mendeley_normal_00329,0.747664101421833,TB
mendeley_normal_00330,0.2226499207317829,Normal
mendeley_normal_00331,0.7400941699743271,TB
mendeley_normal_00332,0.6027329154312611,TB
mendeley_normal_00333,0.2938993629068136,Normal
mendeley_normal_00334,0.7880857139825821,TB
mendeley_normal_00335,0.4734122082591057,Normal
mendeley_normal_00336,0.8539418429136276,TB
mendeley_normal_00337,0.5089401081204414,TB
mendeley_normal_00338,0.7668644785881042,TB
mendeley_normal_00339,0.6205708310008049,TB
mendeley_normal_00340,0.17046145908534527,Normal
mendeley_normal_00341,0.7486319690942764,TB
mendeley_normal_00342,0.7251714318990707,TB
mendeley_normal_00343,0.5911825001239777,TB
mendeley_normal_00344,0.6042454540729523,TB
mendeley_normal_00345,0.24579773657023907,Normal
mendeley_normal_00346,0.8712482750415802,TB
mendeley_normal_00347,0.5451831929385662,TB
mendeley_normal_00348,0.692582793533802,TB
mendeley_normal_00349,0.7201359868049622,TB
mendeley_normal_00350,0.7949053943157196,TB
mendeley_normal_00351,0.9296575039625168,TB
mendeley_normal_00352,0.7155838757753372,TB
mendeley_normal_00353,0.9298329800367355,TB
mendeley_normal_00354,0.6277186423540115,TB
mendeley_normal_00355,0.7852809131145477,TB
mendeley_normal_00356,0.7163636982440948,TB
mendeley_normal_00357,0.7741768211126328,TB
mendeley_normal_00358,0.8113850504159927,TB
mendeley_normal_00359,0.7572580873966217,TB
mendeley_normal_00360,0.8980536013841629,TB
mendeley_normal_00361,0.7553839385509491,TB
mendeley_normal_00362,0.857561931014061,TB
mendeley_normal_00363,0.8107290863990784,TB
mendeley_normal_00364,0.841942086815834,TB
mendeley_normal_00365,0.8187056183815002,TB
mendeley_normal_00366,0.29642461240291595,Normal
mendeley_normal_00367,0.5560607314109802,TB
mendeley_normal_00368,0.33274662867188454,Normal
mendeley_normal_00369,0.6147638112306595,TB
mendeley_normal_00370,0.8052036762237549,TB
mendeley_normal_00371,0.8304714113473892,TB
mendeley_normal_00372,0.7119338735938072,TB
mendeley_normal_00373,0.7116729021072388,TB
mendeley_normal_00374,0.9167923778295517,TB
mendeley_normal_00375,0.5356669165194035,TB
mendeley_normal_00376,0.8326362669467926,TB
mendeley_normal_00377,0.4851360023021698,Normal
mendeley_normal_00378,0.8479118943214417,TB
mendeley_normal_00379,0.8552888929843903,TB
mendeley_normal_00380,0.5352254621684551,TB
mendeley_normal_00381,0.9108242243528366,TB
mendeley_normal_00382,0.5310588739812374,TB
mendeley_normal_00383,0.7689355164766312,TB
mendeley_normal_00384,0.9411143213510513,TB
mendeley_normal_00385,0.5140879228711128,TB
mendeley_normal_00386,0.7368336319923401,TB
mendeley_normal_00387,0.6385649740695953,TB
mendeley_normal_00388,0.8587382286787033,TB
mendeley_normal_00389,0.8853874802589417,TB
mendeley_normal_00390,0.8651004284620285,TB
mendeley_normal_00391,0.6789737194776535,TB
mendeley_normal_00392,0.5999453067779541,TB
mendeley_normal_00393,0.7828565686941147,TB
mendeley_normal_00394,0.7140933275222778,TB
mendeley_normal_00395,0.8124202638864517,TB
mendeley_normal_00396,0.8685663491487503,TB
mendeley_normal_00397,0.30258646234869957,Normal
mendeley_normal_00398,0.904914140701294,TB
mendeley_normal_00399,0.8540993928909302,TB
mendeley_normal_00400,0.6483671739697456,TB
mendeley_normal_00401,0.5806603580713272,TB
mendeley_normal_00402,0.7626443952322006,TB
mendeley_normal_00403,0.18975608330219984,Normal
mendeley_normal_00404,0.34988776594400406,Normal
mendeley_normal_00405,0.7889670431613922,TB
mendeley_normal_00406,0.9144590049982071,TB
mendeley_normal_00407,0.9134803414344788,TB
mendeley_normal_00408,0.5672558918595314,TB
mendeley_normal_00409,0.8694148361682892,TB
mendeley_normal_00410,0.725290834903717,TB
mendeley_normal_00411,0.4132578447461128,Normal
mendeley_normal_00412,0.6722536087036133,TB
mendeley_normal_00413,0.531397134065628,TB
mendeley_normal_00414,0.2915178593248129,Normal
mendeley_normal_00415,0.8191717863082886,TB
mendeley_normal_00416,0.32671811059117317,Normal
mendeley_normal_00417,0.7574072629213333,TB
mendeley_normal_00418,0.597384862601757,TB
mendeley_normal_00419,0.8931274265050888,TB
mendeley_normal_00420,0.8608299940824509,TB
mendeley_normal_00421,0.690764918923378,TB
mendeley_normal_00422,0.9317040294408798,TB
mendeley_normal_00423,0.7151054590940475,TB
mendeley_normal_00424,0.32331888750195503,Normal
mendeley_normal_00425,0.4883875586092472,Normal
mendeley_normal_00426,0.5814561322331429,TB
mendeley_normal_00427,0.5490761771798134,TB
mendeley_normal_00428,0.6491752117872238,TB
mendeley_normal_00429,0.9118830114603043,TB
mendeley_normal_00430,0.7024834454059601,TB
mendeley_normal_00431,0.8207257091999054,TB
mendeley_normal_00432,0.3588896794244647,Normal
mendeley_normal_00433,0.3746079206466675,Normal
mendeley_normal_00434,0.8609756976366043,TB
mendeley_normal_00435,0.4179619401693344,Normal
mendeley_normal_00436,0.6268054842948914,TB
mendeley_normal_00437,0.7223531156778336,TB
mendeley_normal_00438,0.8260456174612045,TB
mendeley_normal_00439,0.2690482474863529,Normal
mendeley_normal_00440,0.4214140325784683,Normal
mendeley_normal_00441,0.4613933190703392,Normal
mendeley_normal_00442,0.327597439289093,Normal
mendeley_normal_00443,0.5999726057052612,TB
mendeley_normal_00444,0.8819773346185684,TB
mendeley_normal_00445,0.24235724657773972,Normal
mendeley_normal_00446,0.8639833927154541,TB
mendeley_normal_00447,0.6335900723934174,TB
mendeley_normal_00448,0.7779081165790558,TB
mendeley_normal_00449,0.9297666996717453,TB
mendeley_normal_00450,0.7317270711064339,TB
mendeley_normal_00451,0.5429224446415901,TB
mendeley_normal_00452,0.3883548937737942,Normal
mendeley_normal_00453,0.4185595493763685,Normal
mendeley_normal_00454,0.24986955896019936,Normal
mendeley_normal_00455,0.8608193546533585,TB
mendeley_normal_00456,0.2312632082030177,Normal
mendeley_normal_00457,0.7874989658594131,TB
mendeley_normal_00458,0.3637121804058552,Normal
mendeley_normal_00459,0.9260974675416946,TB
mendeley_normal_00460,0.7602069675922394,TB
mendeley_normal_00461,0.6817687749862671,TB
mendeley_normal_00462,0.13691769447177649,Normal
mendeley_normal_00463,0.6187760084867477,TB
mendeley_normal_00464,0.5841482579708099,TB
mendeley_normal_00465,0.6135798245668411,TB
mendeley_normal_00466,0.5657360553741455,TB
mendeley_normal_00467,0.8163125962018967,TB
mendeley_normal_00468,0.8986509442329407,TB
mendeley_normal_00469,0.5782102420926094,TB
mendeley_normal_00470,0.9122259467840195,TB
mendeley_normal_00471,0.30934481509029865,Normal
mendeley_normal_00472,0.6104966923594475,TB
mendeley_normal_00473,0.5229645147919655,TB
mendeley_normal_00474,0.7097165808081627,TB
mendeley_normal_00475,0.49887266010046005,Normal
mendeley_normal_00476,0.17703963816165924,Normal
mendeley_normal_00477,0.23595605790615082,Normal
mendeley_normal_00478,0.41683200746774673,Normal
mendeley_normal_00479,0.7758878916501999,TB
mendeley_normal_00480,0.632304385304451,TB
mendeley_normal_00481,0.893503949046135,TB
mendeley_normal_00482,0.47482217103242874,Normal
mendeley_normal_00483,0.9221413284540176,TB
mendeley_normal_00484,0.7741674110293388,TB
mendeley_normal_00485,0.3919638656079769,Normal
mendeley_normal_00486,0.5598995871841908,TB
mendeley_normal_00487,0.24986955896019936,Normal
mendeley_normal_00488,0.2312632082030177,Normal
mendeley_normal_00489,0.7874989658594131,TB
mendeley_normal_00490,0.3637121804058552,Normal
mendeley_normal_00491,0.8473315387964249,TB
mendeley_normal_00492,0.9260974675416946,TB
mendeley_normal_00493,0.803554892539978,TB
mendeley_normal_00494,0.5337429940700531,TB
mendeley_normal_00495,0.8882256597280502,TB
mendeley_normal_00496,0.6636546328663826,TB
mendeley_normal_00497,0.21505948528647423,Normal
mendeley_normal_00498,0.7563182711601257,TB
mendeley_normal_00499,0.6132037937641144,TB
mendeley_normal_00500,0.8799024969339371,TB
mendeley_normal_00501,0.7414202690124512,TB
mendeley_normal_00502,0.5636982396245003,TB
mendeley_normal_00503,0.8251215517520905,TB
mendeley_normal_00504,0.4137126337736845,Normal
mendeley_normal_00505,0.6091452091932297,TB
mendeley_normal_00506,0.5646603144705296,TB
mendeley_normal_00507,0.5569553859531879,TB
mendeley_normal_00508,0.09971393272280693,Normal
mendeley_normal_00509,0.37561631202697754,Normal
mendeley_normal_00510,0.47679322957992554,Normal
mendeley_normal_00511,0.6020815521478653,TB
mendeley_normal_00512,0.923476368188858,TB
mendeley_tb_00000,0.9487845599651337,TB
mendeley_tb_00001,0.9272109419107437,TB
mendeley_tb_00002,0.7777310907840729,TB
mendeley_tb_00003,0.9696635156869888,TB
mendeley_tb_00004,0.9441389590501785,TB
mendeley_tb_00005,0.6593803092837334,TB
mendeley_tb_00006,0.6635181605815887,TB
mendeley_tb_00007,0.1665007146075368,Normal
mendeley_tb_00008,0.9672354012727737,TB
mendeley_tb_00009,0.9352531135082245,TB
mendeley_tb_00010,0.9311591535806656,TB
mendeley_tb_00011,0.9380474537611008,TB
mendeley_tb_00012,0.9433517307043076,TB
mendeley_tb_00013,0.9676631987094879,TB
mendeley_tb_00014,0.8710934221744537,TB
mendeley_tb_00015,0.9728017896413803,TB
mendeley_tb_00016,0.9406626969575882,TB
mendeley_tb_00017,0.9593426585197449,TB
mendeley_tb_00018,0.96574367582798,TB
mendeley_tb_00019,0.9203177839517593,TB
mendeley_tb_00020,0.9310839623212814,TB
mendeley_tb_00021,0.9792140573263168,TB
mendeley_tb_00022,0.8144345134496689,TB
mendeley_tb_00023,0.9472295790910721,TB
mendeley_tb_00024,0.9157681912183762,TB
mendeley_tb_00025,0.9100187569856644,TB
mendeley_tb_00026,0.6489164531230927,TB
mendeley_tb_00027,0.9522781670093536,TB
mendeley_tb_00028,0.8964027464389801,TB
mendeley_tb_00029,0.9359670877456665,TB
mendeley_tb_00030,0.8498837798833847,TB
mendeley_tb_00031,0.9534965455532074,TB
mendeley_tb_00032,0.8856556117534637,TB
mendeley_tb_00033,0.9549046009778976,TB
mendeley_tb_00034,0.950510561466217,TB
mendeley_tb_00035,0.7945438325405121,TB
mendeley_tb_00036,0.9414413571357727,TB
mendeley_tb_00037,0.9666586220264435,TB
mendeley_tb_00038,0.9289566278457642,TB
mendeley_tb_00039,0.8913538157939911,TB
mendeley_tb_00040,0.9712225049734116,TB
mendeley_tb_00041,0.9589352309703827,TB
mendeley_tb_00042,0.9214110225439072,TB
mendeley_tb_00043,0.8098770380020142,TB
mendeley_tb_00044,0.8791821300983429,TB
mendeley_tb_00045,0.954242154955864,TB
mendeley_tb_00046,0.8816072344779968,TB
mendeley_tb_00047,0.9596860706806183,TB
mendeley_tb_00048,0.7641207128763199,TB
mendeley_tb_00049,0.8526307046413422,TB
mendeley_tb_00050,0.8567004948854446,TB
mendeley_tb_00051,0.9185304641723633,TB
mendeley_tb_00052,0.8322354555130005,TB
mendeley_tb_00053,0.903716966509819,TB
mendeley_tb_00054,0.5675277523696423,TB
mendeley_tb_00055,0.9565157443284988,TB
mendeley_tb_00056,0.9369617402553558,TB
mendeley_tb_00057,0.9271261394023895,TB
mendeley_tb_00058,0.9500557631254196,TB
mendeley_tb_00059,0.9358004480600357,TB
mendeley_tb_00060,0.8917625844478607,TB
mendeley_tb_00061,0.9581793993711472,TB
mendeley_tb_00062,0.9572006165981293,TB
mendeley_tb_00063,0.9368725121021271,TB
mendeley_tb_00064,0.9175702333450317,TB
mendeley_tb_00065,0.8283439874649048,TB
mendeley_tb_00066,0.9471771717071533,TB
mendeley_tb_00067,0.6375630423426628,TB
mendeley_tb_00068,0.9440403282642365,TB
mendeley_tb_00069,0.9205799400806427,TB
mendeley_tb_00070,0.7782532423734665,TB
mendeley_tb_00071,0.9203141629695892,TB
mendeley_tb_00072,0.9310459494590759,TB
mendeley_tb_00073,0.936084970831871,TB
mendeley_tb_00074,0.9116486012935638,TB
mendeley_tb_00075,0.9227820485830307,TB
mendeley_tb_00076,0.949808731675148,TB
mendeley_tb_00077,0.9588647931814194,TB
mendeley_tb_00078,0.9308923333883286,TB
mendeley_tb_00079,0.8360224068164825,TB
mendeley_tb_00080,0.9257996827363968,TB
mendeley_tb_00081,0.8857401609420776,TB
mendeley_tb_00082,0.8438964039087296,TB
mendeley_tb_00083,0.9423736780881882,TB
mendeley_tb_00084,0.9129456132650375,TB
mendeley_tb_00085,0.8392467051744461,TB
mendeley_tb_00086,0.9433382004499435,TB
mendeley_tb_00087,0.9756990969181061,TB
mendeley_tb_00088,0.9470797032117844,TB
mendeley_tb_00089,0.8354445695877075,TB
mendeley_tb_00090,0.7955347299575806,TB
mendeley_tb_00091,0.8343865722417831,TB
mendeley_tb_00092,0.9690783023834229,TB
mendeley_tb_00093,0.9360413700342178,TB
mendeley_tb_00094,0.8804967552423477,TB
mendeley_tb_00095,0.8583530485630035,TB
mendeley_tb_00096,0.6372937560081482,TB
mendeley_tb_00097,0.9448488652706146,TB
mendeley_tb_00098,0.8554020524024963,TB
mendeley_tb_00099,0.9437457919120789,TB
mendeley_tb_00100,0.9216986745595932,TB
mendeley_tb_00101,0.9516443610191345,TB
mendeley_tb_00102,0.9487936645746231,TB
mendeley_tb_00103,0.7262012660503387,TB
mendeley_tb_00104,0.926261842250824,TB
mendeley_tb_00105,0.742207296192646,TB
mendeley_tb_00106,0.8430512845516205,TB
mendeley_tb_00107,0.8636272996664047,TB
mendeley_tb_00108,0.9626341164112091,TB
mendeley_tb_00109,0.943803146481514,TB
mendeley_tb_00110,0.9524866491556168,TB
mendeley_tb_00111,0.9531882852315903,TB
mendeley_tb_00112,0.5809809044003487,TB
mendeley_tb_00113,0.8160241097211838,TB
mendeley_tb_00114,0.9451600015163422,TB
mendeley_tb_00115,0.9758895486593246,TB
mendeley_tb_00116,0.9266341030597687,TB
mendeley_tb_00117,0.93485426902771,TB
mendeley_tb_00118,0.9535544067621231,TB
mendeley_tb_00119,0.9705577790737152,TB
mendeley_tb_00120,0.951935350894928,TB
mendeley_tb_00121,0.9737037420272827,TB
mendeley_tb_00122,0.9400715231895447,TB
mendeley_tb_00123,0.94258713722229,TB
mendeley_tb_00124,0.8769971281290054,TB
mendeley_tb_00125,0.8956090062856674,TB
mendeley_tb_00126,0.6775713562965393,TB
mendeley_tb_00127,0.9331456124782562,TB
mendeley_tb_00128,0.6853364706039429,TB
mendeley_tb_00129,0.6939012631773949,TB
mendeley_tb_00130,0.9616262912750244,TB
mendeley_tb_00131,0.9427963644266129,TB
mendeley_tb_00132,0.9563782215118408,TB
mendeley_tb_00133,0.9615322202444077,TB
mendeley_tb_00134,0.8023987486958504,TB
mendeley_tb_00135,0.8857492953538895,TB
mendeley_tb_00136,0.5959480814635754,TB
mendeley_tb_00137,0.47029954567551613,Normal
mendeley_tb_00138,0.9712554216384888,TB
mendeley_tb_00139,0.9681571274995804,TB
mendeley_tb_00140,0.9203761667013168,TB
mendeley_tb_00141,0.9461521208286285,TB
mendeley_tb_00142,0.9681477397680283,TB
mendeley_tb_00143,0.9642530530691147,TB
mendeley_tb_00144,0.9460911601781845,TB
mendeley_tb_00145,0.9424387216567993,TB
mendeley_tb_00146,0.9038508236408234,TB
mendeley_tb_00147,0.9442651867866516,TB
mendeley_tb_00148,0.9357231110334396,TB
mendeley_tb_00149,0.9130629152059555,TB
mendeley_tb_00150,0.9219342768192291,TB
mendeley_tb_00151,0.9679061472415924,TB
mendeley_tb_00152,0.9592169374227524,TB
mendeley_tb_00153,0.9153823852539062,TB
mendeley_tb_00154,0.9210641980171204,TB
mendeley_tb_00155,0.8530244380235672,TB
mendeley_tb_00156,0.8959048837423325,TB
mendeley_tb_00157,0.975148469209671,TB
mendeley_tb_00158,0.8971428722143173,TB
mendeley_tb_00159,0.8195868283510208,TB
mendeley_tb_00160,0.9509799927473068,TB
mendeley_tb_00161,0.9425608813762665,TB
mendeley_tb_00162,0.9521004557609558,TB
mendeley_tb_00163,0.6750112771987915,TB
mendeley_tb_00164,0.9556622207164764,TB
mendeley_tb_00165,0.9535367488861084,TB
mendeley_tb_00166,0.8270306289196014,TB
mendeley_tb_00167,0.9115312844514847,TB
mendeley_tb_00168,0.900433748960495,TB
mendeley_tb_00169,0.8319460451602936,TB
mendeley_tb_00170,0.8498356342315674,TB
mendeley_tb_00171,0.9556191116571426,TB
mendeley_tb_00172,0.9441051036119461,TB
mendeley_tb_00173,0.9566245079040527,TB
mendeley_tb_00174,0.7812322825193405,TB
mendeley_tb_00175,0.7962704747915268,TB
mendeley_tb_00176,0.5625157505273819,TB
mendeley_tb_00177,0.9601838439702988,TB
mendeley_tb_00178,0.7871129512786865,TB
mendeley_tb_00179,0.9510613977909088,TB
mendeley_tb_00180,0.9758123457431793,TB
mendeley_tb_00181,0.9023976176977158,TB
mendeley_tb_00182,0.9399498552083969,TB
mendeley_tb_00183,0.9224866628646851,TB
mendeley_tb_00184,0.7969346195459366,TB
mendeley_tb_00185,0.8699722737073898,TB
mendeley_tb_00186,0.9636467546224594,TB
mendeley_tb_00187,0.8116109818220139,TB
mendeley_tb_00188,0.944744884967804,TB
mendeley_tb_00189,0.9541898518800735,TB
mendeley_tb_00190,0.9294183999300003,TB
mendeley_tb_00191,0.8087522685527802,TB
mendeley_tb_00192,0.8352440595626831,TB
mendeley_tb_00193,0.9380343556404114,TB
mendeley_tb_00194,0.9583561420440674,TB
mendeley_tb_00195,0.9347283691167831,TB
mendeley_tb_00196,0.9738318771123886,TB
mendeley_tb_00197,0.9732498377561569,TB
mendeley_tb_00198,0.9085282534360886,TB
mendeley_tb_00199,0.96871317923069,TB
mendeley_tb_00200,0.9443303793668747,TB
mendeley_tb_00201,0.8489867448806763,TB
mendeley_tb_00202,0.9659241735935211,TB
mendeley_tb_00203,0.9585822224617004,TB
mendeley_tb_00204,0.9156945943832397,TB
mendeley_tb_00205,0.8651439845561981,TB
mendeley_tb_00206,0.9638615101575851,TB
mendeley_tb_00207,0.9130827933549881,TB
mendeley_tb_00208,0.8742619454860687,TB
mendeley_tb_00209,0.9006482809782028,TB
mendeley_tb_00210,0.9361868500709534,TB
mendeley_tb_00211,0.660706952214241,TB
mendeley_tb_00212,0.9495067894458771,TB
mendeley_tb_00213,0.9582950919866562,TB
mendeley_tb_00214,0.9324785768985748,TB
mendeley_tb_00215,0.950565442442894,TB
mendeley_tb_00216,0.9627300947904587,TB
mendeley_tb_00217,0.9615455567836761,TB
mendeley_tb_00218,0.6864942237734795,TB
mendeley_tb_00219,0.9425212442874908,TB
mendeley_tb_00220,0.8488335907459259,TB
mendeley_tb_00221,0.9383864551782608,TB
mendeley_tb_00222,0.8354471921920776,TB
mendeley_tb_00223,0.9152613282203674,TB
mendeley_tb_00224,0.8304142653942108,TB
mendeley_tb_00225,0.8914504051208496,TB
mendeley_tb_00226,0.9021614193916321,TB
mendeley_tb_00227,0.5406044665724039,TB
mendeley_tb_00228,0.9475816190242767,TB
mendeley_tb_00229,0.9177399426698685,TB
mendeley_tb_00230,0.9542385786771774,TB
mendeley_tb_00231,0.9265584945678711,TB
mendeley_tb_00232,0.9148095846176147,TB
mendeley_tb_00233,0.7540118545293808,TB
mendeley_tb_00234,0.9188163131475449,TB
mendeley_tb_00235,0.9730373173952103,TB
mendeley_tb_00236,0.8386509716510773,TB
mendeley_tb_00237,0.8740208595991135,TB
mendeley_tb_00238,0.9550372064113617,TB
mendeley_tb_00239,0.4881115108728409,Normal
mendeley_tb_00240,0.7060740068554878,TB
mendeley_tb_00241,0.9666362851858139,TB
mendeley_tb_00242,0.9317365884780884,TB
mendeley_tb_00243,0.9567551016807556,TB
mendeley_tb_00244,0.9031860381364822,TB
mendeley_tb_00245,0.6656328737735748,TB
mendeley_tb_00246,0.8188415616750717,TB
mendeley_tb_00247,0.9406909644603729,TB
mendeley_tb_00248,0.946317195892334,TB
mendeley_tb_00249,0.9112882018089294,TB
mendeley_tb_00250,0.8473747670650482,TB
mendeley_tb_00251,0.9341703653335571,TB
mendeley_tb_00252,0.8833199441432953,TB
mendeley_tb_00253,0.9341701120138168,TB
mendeley_tb_00254,0.9598322510719299,TB
mendeley_tb_00255,0.6882019340991974,TB
mendeley_tb_00256,0.9735563695430756,TB
mendeley_tb_00257,0.8974085450172424,TB
mendeley_tb_00258,0.9045470505952835,TB
mendeley_tb_00259,0.9027108997106552,TB
mendeley_tb_00260,0.9653230011463165,TB
mendeley_tb_00261,0.9700512737035751,TB
mendeley_tb_00262,0.7542072758078575,TB
mendeley_tb_00263,0.9504120200872421,TB
mendeley_tb_00264,0.9672278016805649,TB
mendeley_tb_00265,0.9566233605146408,TB
mendeley_tb_00266,0.9651460647583008,TB
mendeley_tb_00267,0.8119450211524963,TB
mendeley_tb_00268,0.8799717873334885,TB
mendeley_tb_00269,0.9446541666984558,TB
mendeley_tb_00270,0.9521651864051819,TB
mendeley_tb_00271,0.9332660287618637,TB
mendeley_tb_00272,0.9626027047634125,TB
mendeley_tb_00273,0.9559126496315002,TB
mendeley_tb_00274,0.9528609365224838,TB
mendeley_tb_00275,0.9276917278766632,TB
mendeley_tb_00276,0.9645262658596039,TB
mendeley_tb_00277,0.9674479067325592,TB
mendeley_tb_00278,0.936017781496048,TB
mendeley_tb_00279,0.905326247215271,TB
mendeley_tb_00280,0.8820938318967819,TB
mendeley_tb_00281,0.7926824688911438,TB
mendeley_tb_00282,0.9599144905805588,TB
mendeley_tb_00283,0.7328894138336182,TB
mendeley_tb_00284,0.8364479541778564,TB
mendeley_tb_00285,0.9712933748960495,TB
mendeley_tb_00286,0.9397850930690765,TB
mendeley_tb_00287,0.9673991054296494,TB
mendeley_tb_00288,0.637536995112896,TB
mendeley_tb_00289,0.8631647974252701,TB
mendeley_tb_00290,0.7539314404129982,TB
mendeley_tb_00291,0.9689066261053085,TB
mendeley_tb_00292,0.9212021678686142,TB
mendeley_tb_00293,0.8926248699426651,TB
mendeley_tb_00294,0.6203281581401825,TB
mendeley_tb_00295,0.7952937632799149,TB
mendeley_tb_00296,0.91824771463871,TB
mendeley_tb_00297,0.8736157715320587,TB
mendeley_tb_00298,0.6039609350264072,TB
mendeley_tb_00299,0.9390981048345566,TB
mendeley_tb_00300,0.9300139248371124,TB
mendeley_tb_00301,0.9498711824417114,TB
mendeley_tb_00302,0.9274488389492035,TB
mendeley_tb_00303,0.880697637796402,TB
mendeley_tb_00304,0.9588578343391418,TB
mendeley_tb_00305,0.9179643392562866,TB
mendeley_tb_00306,0.9359798282384872,TB
mendeley_tb_00307,0.9429941475391388,TB
mendeley_tb_00308,0.9556360691785812,TB
mendeley_tb_00309,0.9536650776863098,TB
mendeley_tb_00310,0.9408658146858215,TB
mendeley_tb_00311,0.9445466846227646,TB
mendeley_tb_00312,0.9544408321380615,TB
mendeley_tb_00313,0.8787032961845398,TB
mendeley_tb_00314,0.9317711591720581,TB
mendeley_tb_00315,0.8737928420305252,TB
mendeley_tb_00316,0.9674298614263535,TB
mendeley_tb_00317,0.9060175865888596,TB
mendeley_tb_00318,0.934457927942276,TB
mendeley_tb_00319,0.979532465338707,TB
mendeley_tb_00320,0.9623504430055618,TB
mendeley_tb_00321,0.9620981961488724,TB
mendeley_tb_00322,0.9201918542385101,TB
mendeley_tb_00323,0.8980570286512375,TB
mendeley_tb_00324,0.9358504414558411,TB
mendeley_tb_00325,0.8130706250667572,TB
mendeley_tb_00326,0.9106591939926147,TB
mendeley_tb_00327,0.9558428823947906,TB
mendeley_tb_00328,0.8801141530275345,TB
mendeley_tb_00329,0.8903582245111465,TB
mendeley_tb_00330,0.7852184474468231,TB
mendeley_tb_00331,0.8609897792339325,TB
mendeley_tb_00332,0.6804100386798382,TB
mendeley_tb_00333,0.9504938274621964,TB
mendeley_tb_00334,0.8465177714824677,TB
mendeley_tb_00335,0.9147274643182755,TB
mendeley_tb_00336,0.944786325097084,TB
mendeley_tb_00337,0.8888372480869293,TB
mendeley_tb_00338,0.9335057735443115,TB
mendeley_tb_00339,0.939817488193512,TB
mendeley_tb_00340,0.9646782130002975,TB
mendeley_tb_00341,0.6833405271172523,TB
mendeley_tb_00342,0.9280452281236649,TB
mendeley_tb_00343,0.9567466378211975,TB
mendeley_tb_00344,0.961396649479866,TB
mendeley_tb_00345,0.9422136396169662,TB
mendeley_tb_00346,0.887313187122345,TB
mendeley_tb_00347,0.8652659803628922,TB
mendeley_tb_00348,0.6790262907743454,TB
mendeley_tb_00349,0.941479042172432,TB
mendeley_tb_00350,0.9790779948234558,TB
mendeley_tb_00351,0.8800002932548523,TB
mendeley_tb_00352,0.7432883158326149,TB
mendeley_tb_00353,0.9044904559850693,TB
mendeley_tb_00354,0.8011364787817001,TB
mendeley_tb_00355,0.942825049161911,TB
mendeley_tb_00356,0.8788940757513046,TB
mendeley_tb_00357,0.9752142578363419,TB
mendeley_tb_00358,0.9457453787326813,TB
mendeley_tb_00359,0.9071476012468338,TB
mendeley_tb_00360,0.8809156864881516,TB
mendeley_tb_00361,0.9441739171743393,TB
mendeley_tb_00362,0.9545058012008667,TB
mendeley_tb_00363,0.9091303050518036,TB
mendeley_tb_00364,0.8162945657968521,TB
mendeley_tb_00365,0.9366304725408554,TB
mendeley_tb_00366,0.9579668939113617,TB
mendeley_tb_00367,0.960322305560112,TB
mendeley_tb_00368,0.9247779250144958,TB
mendeley_tb_00369,0.9546914100646973,TB
mendeley_tb_00370,0.9375910460948944,TB
mendeley_tb_00371,0.955941691994667,TB
mendeley_tb_00372,0.8921420276165009,TB
mendeley_tb_00373,0.952855721116066,TB
mendeley_tb_00374,0.956125795841217,TB
mendeley_tb_00375,0.6440150812268257,TB
mendeley_tb_00376,0.9526461511850357,TB
mendeley_tb_00377,0.9129029810428619,TB
mendeley_tb_00378,0.867447018623352,TB
mendeley_tb_00379,0.6654235869646072,TB
mendeley_tb_00380,0.9573270827531815,TB
mendeley_tb_00381,0.9752635657787323,TB
mendeley_tb_00382,0.9546781480312347,TB
mendeley_tb_00383,0.8790463805198669,TB
mendeley_tb_00384,0.8389286249876022,TB
mendeley_tb_00385,0.8147631585597992,TB
mendeley_tb_00386,0.8844277113676071,TB
mendeley_tb_00387,0.9172132015228271,TB
mendeley_tb_00388,0.9119179844856262,TB
mendeley_tb_00389,0.9071240723133087,TB
mendeley_tb_00390,0.9147867858409882,TB
mendeley_tb_00391,0.9268397390842438,TB
mendeley_tb_00392,0.9607483595609665,TB
mendeley_tb_00393,0.9461673349142075,TB
mendeley_tb_00394,0.9390688091516495,TB
mendeley_tb_00395,0.9287387579679489,TB
mendeley_tb_00396,0.9720501899719238,TB
mendeley_tb_00397,0.9503386318683624,TB
mendeley_tb_00398,0.8997500985860825,TB
mendeley_tb_00399,0.9427545815706253,TB
mendeley_tb_00400,0.5212434083223343,TB
mendeley_tb_00401,0.9593808501958847,TB
mendeley_tb_00402,0.9640980064868927,TB
mendeley_tb_00403,0.9707401990890503,TB
mendeley_tb_00404,0.963929682970047,TB
mendeley_tb_00405,0.9727408438920975,TB
mendeley_tb_00406,0.6806927621364594,TB
mendeley_tb_00407,0.9728261828422546,TB
mendeley_tb_00408,0.9219744354486465,TB
mendeley_tb_00409,0.9713503122329712,TB
mendeley_tb_00410,0.9663987308740616,TB
mendeley_tb_00411,0.9145274013280869,TB
mendeley_tb_00412,0.9012696444988251,TB
mendeley_tb_00413,0.9212095439434052,TB
mendeley_tb_00414,0.9145446121692657,TB
mendeley_tb_00415,0.9529581218957901,TB
mendeley_tb_00416,0.9635932892560959,TB
mendeley_tb_00417,0.9389728307723999,TB
mendeley_tb_00418,0.9523367285728455,TB
mendeley_tb_00419,0.9315052181482315,TB
mendeley_tb_00420,0.968182310461998,TB
mendeley_tb_00421,0.9579796195030212,TB
mendeley_tb_00422,0.9436856061220169,TB
mendeley_tb_00423,0.8691410422325134,TB
mendeley_tb_00424,0.9315687865018845,TB
mendeley_tb_00425,0.9567339569330215,TB
mendeley_tb_00426,0.9331255555152893,TB
mendeley_tb_00427,0.9636517018079758,TB
mendeley_tb_00428,0.9671275615692139,TB
mendeley_tb_00429,0.675780363380909,TB
mendeley_tb_00430,0.9237607270479202,TB
mendeley_tb_00431,0.9151130616664886,TB
mendeley_tb_00432,0.9296117126941681,TB
mendeley_tb_00433,0.967664822936058,TB
mendeley_tb_00434,0.8425499498844147,TB
mendeley_tb_00435,0.9514484256505966,TB
mendeley_tb_00436,0.9441396147012711,TB
mendeley_tb_00437,0.9339014291763306,TB
mendeley_tb_00438,0.9521410465240479,TB
mendeley_tb_00439,0.9699192345142365,TB
mendeley_tb_00440,0.6490090414881706,TB
mendeley_tb_00441,0.9643413424491882,TB
mendeley_tb_00442,0.9170873314142227,TB
mendeley_tb_00443,0.9755959510803223,TB
mendeley_tb_00444,0.954619511961937,TB
mendeley_tb_00445,0.9580649584531784,TB
mendeley_tb_00446,0.8625800758600235,TB
mendeley_tb_00447,0.8626884967088699,TB
mendeley_tb_00448,0.8020783364772797,TB
mendeley_tb_00449,0.9558285772800446,TB
mendeley_tb_00450,0.9495852440595627,TB
mendeley_tb_00451,0.9683970659971237,TB
mendeley_tb_00452,0.9213333874940872,TB
mendeley_tb_00453,0.8702781349420547,TB
mendeley_tb_00454,0.9318459779024124,TB
mendeley_tb_00455,0.9586090445518494,TB
mendeley_tb_00456,0.8549246191978455,TB
mendeley_tb_00457,0.9713841676712036,TB
mendeley_tb_00458,0.9738616943359375,TB
mendeley_tb_00459,0.9784373641014099,TB
mendeley_tb_00460,0.9706475883722305,TB
mendeley_tb_00461,0.7650506570935249,TB
mendeley_tb_00462,0.9383138716220856,TB
mendeley_tb_00463,0.9382786005735397,TB
mendeley_tb_00464,0.9663912802934647,TB
mendeley_tb_00465,0.9734300822019577,TB
mendeley_tb_00466,0.9707659333944321,TB
mendeley_tb_00467,0.8598159104585648,TB
mendeley_tb_00468,0.9709793478250504,TB
mendeley_tb_00469,0.94332055747509,TB
mendeley_tb_00470,0.9743703007698059,TB
mendeley_tb_00471,0.9665967971086502,TB
mendeley_tb_00472,0.9303973466157913,TB
mendeley_tb_00473,0.9413546174764633,TB
mendeley_tb_00474,0.9521486461162567,TB
mendeley_tb_00475,0.9132561236619949,TB
mendeley_tb_00476,0.9545718431472778,TB
mendeley_tb_00477,0.9665601551532745,TB
mendeley_tb_00478,0.9411009103059769,TB
mendeley_tb_00479,0.926162376999855,TB
mendeley_tb_00480,0.8001421988010406,TB
mendeley_tb_00481,0.967906579375267,TB
mendeley_tb_00482,0.8415759950876236,TB
mendeley_tb_00483,0.8711540400981903,TB
mendeley_tb_00484,0.9283794015645981,TB
mendeley_tb_00485,0.9588014781475067,TB
mendeley_tb_00486,0.9501276612281799,TB
mendeley_tb_00487,0.9640654027462006,TB
mendeley_tb_00488,0.8106989711523056,TB
mendeley_tb_00489,0.9501165151596069,TB
mendeley_tb_00490,0.9393788129091263,TB
mendeley_tb_00491,0.7501211613416672,TB
mendeley_tb_00492,0.9591321647167206,TB
mendeley_tb_00493,0.9038821458816528,TB
mendeley_tb_00494,0.9537166953086853,TB
mendeley_tb_00495,0.9697168469429016,TB
mendeley_tb_00496,0.9511958658695221,TB
mendeley_tb_00497,0.7247963324189186,TB
mendeley_tb_00498,0.9566446095705032,TB
mendeley_tb_00499,0.9376179426908493,TB
mendeley_tb_00500,0.8914653956890106,TB
mendeley_tb_00501,0.903647854924202,TB
mendeley_tb_00502,0.9238783121109009,TB
mendeley_tb_00503,0.9017764180898666,TB
mendeley_tb_00504,0.9288230389356613,TB
mendeley_tb_00505,0.9095257818698883,TB
mendeley_tb_00506,0.9421172142028809,TB
mendeley_tb_00507,0.8441531956195831,TB
mendeley_tb_00508,0.7169569656252861,TB
mendeley_tb_00509,0.9416398406028748,TB
mendeley_tb_00510,0.9264821261167526,TB
mendeley_tb_00511,0.9473792910575867,TB
mendeley_tb_00512,0.7964284867048264,TB
mendeley_tb_00513,0.8524624854326248,TB
mendeley_tb_00514,0.8083825707435608,TB
mendeley_tb_00515,0.9174250066280365,TB
mendeley_tb_00516,0.9061132818460464,TB
mendeley_tb_00517,0.9454265683889389,TB
mendeley_tb_00518,0.96192766726017,TB
mendeley_tb_00519,0.9350035935640335,TB
mendeley_tb_00520,0.8798851370811462,TB
mendeley_tb_00521,0.9566243886947632,TB
mendeley_tb_00522,0.9695920199155807,TB
mendeley_tb_00523,0.9621430784463882,TB
mendeley_tb_00524,0.7981435060501099,TB
mendeley_tb_00525,0.8659999668598175,TB
mendeley_tb_00526,0.9127220064401627,TB
mendeley_tb_00527,0.9576950818300247,TB
mendeley_tb_00528,0.9527260512113571,TB
mendeley_tb_00529,0.954157680273056,TB
mendeley_tb_00530,0.9015320986509323,TB
mendeley_tb_00531,0.9692071229219437,TB
mendeley_tb_00532,0.7904367744922638,TB
mendeley_tb_00533,0.8854104727506638,TB
mendeley_tb_00534,0.9202012568712234,TB
mendeley_tb_00535,0.9553947001695633,TB
mendeley_tb_00536,0.9614672213792801,TB
mendeley_tb_00537,0.9346495270729065,TB
mendeley_tb_00538,0.9486673772335052,TB
mendeley_tb_00539,0.9221692234277725,TB
mendeley_tb_00540,0.9575986713171005,TB
mendeley_tb_00541,0.9835744947195053,TB
mendeley_tb_00542,0.9174605756998062,TB
mendeley_tb_00543,0.9749577194452286,TB
mendeley_tb_00544,0.9612362086772919,TB
mendeley_tb_00545,0.9429406374692917,TB
mendeley_tb_00546,0.8458418995141983,TB
mendeley_tb_00547,0.9086211770772934,TB
mendeley_tb_00548,0.9440932720899582,TB
mendeley_tb_00549,0.9298379868268967,TB
mendeley_tb_00550,0.9753173738718033,TB
mendeley_tb_00551,0.9608001857995987,TB
mendeley_tb_00552,0.9437395185232162,TB
mendeley_tb_00553,0.9703815281391144,TB
mendeley_tb_00554,0.8241697251796722,TB
mendeley_tb_00555,0.9084717482328415,TB
mendeley_tb_00556,0.9448477029800415,TB
mendeley_tb_00557,0.9532659351825714,TB
mendeley_tb_00558,0.8912148773670197,TB
mendeley_tb_00559,0.5324303135275841,TB
mendeley_tb_00560,0.8562134057283401,TB
mendeley_tb_00561,0.8872088640928268,TB
mendeley_tb_00562,0.9612151086330414,TB
mendeley_tb_00563,0.5362791493535042,TB
mendeley_tb_00564,0.5095440596342087,TB
mendeley_tb_00565,0.870178297162056,TB
mendeley_tb_00566,0.7772868573665619,TB
mendeley_tb_00567,0.7435731142759323,TB
mendeley_tb_00568,0.9710835516452789,TB
mendeley_tb_00569,0.8933835178613663,TB
mendeley_tb_00570,0.9504678845405579,TB
mendeley_tb_00571,0.847381517291069,TB
mendeley_tb_00572,0.9345861375331879,TB
mendeley_tb_00573,0.8337561339139938,TB
mendeley_tb_00574,0.9414832144975662,TB
mendeley_tb_00575,0.9539565742015839,TB
mendeley_tb_00576,0.9427894651889801,TB
mendeley_tb_00577,0.9016627222299576,TB
mendeley_tb_00578,0.9127978831529617,TB
mendeley_tb_00579,0.893855944275856,TB
mendeley_tb_00580,0.8729528039693832,TB
mendeley_tb_00581,0.7619092464447021,TB
mendeley_tb_00582,0.5059693194925785,TB
mendeley_tb_00583,0.7305659055709839,TB
mendeley_tb_00584,0.8914661109447479,TB
mendeley_tb_00585,0.960133746266365,TB
mendeley_tb_00586,0.9613419622182846,TB
mendeley_tb_00587,0.9357324093580246,TB
mendeley_tb_00588,0.968892902135849,TB
mendeley_tb_00589,0.7598954066634178,TB
mendeley_tb_00590,0.9164375960826874,TB
mendeley_tb_00591,0.8238599747419357,TB
mendeley_tb_00592,0.7485134154558182,TB
mendeley_tb_00593,0.9513588398694992,TB
mendeley_tb_00594,0.9299925863742828,TB
mendeley_tb_00595,0.9550158232450485,TB
mendeley_tb_00596,0.8083904385566711,TB
mendeley_tb_00597,0.9571371674537659,TB
mendeley_tb_00598,0.9649594128131866,TB
mendeley_tb_00599,0.9547336101531982,TB
mendeley_tb_00600,0.8970304429531097,TB
mendeley_tb_00601,0.9153046160936356,TB
mendeley_tb_00602,0.9752734303474426,TB
mendeley_tb_00603,0.8560490012168884,TB
mendeley_tb_00604,0.935518279671669,TB
mendeley_tb_00605,0.9699200093746185,TB
mendeley_tb_00606,0.5639166533946991,TB
mendeley_tb_00607,0.7553344815969467,TB
mendeley_tb_00608,0.9512547850608826,TB
mendeley_tb_00609,0.9575034826993942,TB
mendeley_tb_00610,0.9355524778366089,TB
mendeley_tb_00611,0.4671100862324238,Normal
mendeley_tb_00612,0.9755239486694336,TB
mendeley_tb_00613,0.9604660421609879,TB
mendeley_tb_00614,0.9249415844678879,TB
mendeley_tb_00615,0.9391018599271774,TB
mendeley_tb_00616,0.9550558775663376,TB
mendeley_tb_00617,0.947973296046257,TB
mendeley_tb_00618,0.9638613015413284,TB
mendeley_tb_00619,0.9602167159318924,TB
mendeley_tb_00620,0.9453475028276443,TB
mendeley_tb_00621,0.9768261909484863,TB
mendeley_tb_00622,0.9475325793027878,TB
mendeley_tb_00623,0.9398830533027649,TB
mendeley_tb_00624,0.972373828291893,TB
mendeley_tb_00625,0.9308003038167953,TB
mendeley_tb_00626,0.7786589562892914,TB
mendeley_tb_00627,0.9676179587841034,TB
mendeley_tb_00628,0.9676484018564224,TB
mendeley_tb_00629,0.9508733302354813,TB
mendeley_tb_00630,0.9250717759132385,TB
mendeley_tb_00631,0.9408190995454788,TB
mendeley_tb_00632,0.9293662458658218,TB
mendeley_tb_00633,0.8559621125459671,TB
mendeley_tb_00634,0.9723919928073883,TB
mendeley_tb_00635,0.8835602402687073,TB
mendeley_tb_00636,0.9516023397445679,TB
mendeley_tb_00637,0.9633260071277618,TB
mendeley_tb_00638,0.9763225764036179,TB
mendeley_tb_00639,0.9744254648685455,TB
mendeley_tb_00640,0.9391932040452957,TB
mendeley_tb_00641,0.8571225106716156,TB
mendeley_tb_00642,0.9396566152572632,TB
mendeley_tb_00643,0.8938300907611847,TB
mendeley_tb_00644,0.8981353938579559,TB
mendeley_tb_00645,0.9465093314647675,TB
mendeley_tb_00646,0.9601860046386719,TB
mendeley_tb_00647,0.9028563052415848,TB
mendeley_tb_00648,0.9197501242160797,TB
mendeley_tb_00649,0.9597960263490677,TB
mendeley_tb_00650,0.9314508736133575,TB
mendeley_tb_00651,0.9539596438407898,TB
mendeley_tb_00652,0.8696255087852478,TB
mendeley_tb_00653,0.6237727180123329,TB
mendeley_tb_00654,0.763399675488472,TB
mendeley_tb_00655,0.8857274502515793,TB
mendeley_tb_00656,0.8133410513401031,TB
mendeley_tb_00657,0.9507220983505249,TB
mendeley_tb_00658,0.7226289361715317,TB
mendeley_tb_00659,0.9416750073432922,TB
mendeley_tb_00660,0.9500634968280792,TB
mendeley_tb_00661,0.9657454937696457,TB
mendeley_tb_00662,0.837895542383194,TB
mendeley_tb_00663,0.9529450535774231,TB
mendeley_tb_00664,0.9580715745687485,TB
mendeley_tb_00665,0.7695433348417282,TB
mendeley_tb_00666,0.9673234820365906,TB
mendeley_tb_00667,0.9620717912912369,TB
mendeley_tb_00668,0.6938468962907791,TB
mendeley_tb_00669,0.9329173564910889,TB
mendeley_tb_00670,0.8492058664560318,TB
mendeley_tb_00671,0.9466782659292221,TB
mendeley_tb_00672,0.9509751498699188,TB
mendeley_tb_00673,0.9711908102035522,TB
mendeley_tb_00674,0.9459966272115707,TB
mendeley_tb_00675,0.951406940817833,TB
mendeley_tb_00676,0.9177495390176773,TB
mendeley_tb_00677,0.9080481231212616,TB
mendeley_tb_00678,0.7411110401153564,TB
mendeley_tb_00679,0.9552331566810608,TB
mendeley_tb_00680,0.9097307920455933,TB
mendeley_tb_00681,0.956106424331665,TB
mendeley_tb_00682,0.8535340875387192,TB
mendeley_tb_00683,0.9267802387475967,TB
mendeley_tb_00684,0.9497707784175873,TB
mendeley_tb_00685,0.9689504057168961,TB
mendeley_tb_00686,0.8751181960105896,TB
mendeley_tb_00687,0.9686902463436127,TB
mendeley_tb_00688,0.9647518247365952,TB
mendeley_tb_00689,0.9425500482320786,TB
mendeley_tb_00690,0.9062145799398422,TB
mendeley_tb_00691,0.7834333777427673,TB
mendeley_tb_00692,0.8829049468040466,TB
mendeley_tb_00693,0.7251309528946877,TB
mendeley_tb_00694,0.9055566191673279,TB
mendeley_tb_00695,0.9650758355855942,TB
mendeley_tb_00696,0.877275750041008,TB
mendeley_tb_00697,0.9105324298143387,TB
mendeley_tb_00698,0.9264794588088989,TB
mendeley_tb_00699,0.9622874706983566,TB
mendeley_tb_00700,0.8017947524785995,TB
mendeley_tb_00701,0.9446481019258499,TB
mendeley_tb_00702,0.8721647262573242,TB
mendeley_tb_00703,0.90788134932518,TB
mendeley_tb_00704,0.8972529619932175,TB
mendeley_tb_00705,0.8333470523357391,TB
mendeley_tb_00706,0.9525240510702133,TB
mendeley_tb_00707,0.954851970076561,TB
mendeley_tb_00708,0.9188205748796463,TB
mendeley_tb_00709,0.9088224917650223,TB
mendeley_tb_00710,0.6574753671884537,TB
mendeley_tb_00711,0.8821733891963959,TB
mendeley_tb_00712,0.8901684582233429,TB
mendeley_tb_00713,0.9201266318559647,TB
mendeley_tb_00714,0.9669603109359741,TB
mendeley_tb_00715,0.7027359306812286,TB
mendeley_tb_00716,0.5192946679890156,TB
mendeley_tb_00717,0.7643969878554344,TB
mendeley_tb_00718,0.5861864499747753,TB
mendeley_tb_00719,0.9596680551767349,TB
mendeley_tb_00720,0.967101514339447,TB
mendeley_tb_00721,0.9139591157436371,TB
mendeley_tb_00722,0.7969145625829697,TB
mendeley_tb_00723,0.9729940444231033,TB
mendeley_tb_00724,0.7545774355530739,TB
mendeley_tb_00725,0.9281531572341919,TB
mendeley_tb_00726,0.6902020424604416,TB
mendeley_tb_00727,0.9226563423871994,TB
mendeley_tb_00728,0.9393309950828552,TB
mendeley_tb_00729,0.9466799944639206,TB
mendeley_tb_00730,0.8963254392147064,TB
mendeley_tb_00731,0.9703795164823532,TB
mendeley_tb_00732,0.6676661372184753,TB
mendeley_tb_00733,0.7497464418411255,TB
mendeley_tb_00734,0.9527892768383026,TB
mendeley_tb_00735,0.7808507308363914,TB
mendeley_tb_00736,0.9614763557910919,TB
mendeley_tb_00737,0.9751516729593277,TB
mendeley_tb_00738,0.959363654255867,TB
mendeley_tb_00739,0.9656334072351456,TB
mendeley_tb_00740,0.8065730482339859,TB
mendeley_tb_00741,0.9607330709695816,TB
mendeley_tb_00742,0.9443286210298538,TB
mendeley_tb_00743,0.9100416153669357,TB
mendeley_tb_00744,0.8410595208406448,TB
mendeley_tb_00745,0.9688526690006256,TB
mendeley_tb_00746,0.5283372774720192,TB
mendeley_tb_00747,0.9401765316724777,TB
mendeley_tb_00748,0.9235729873180389,TB
mendeley_tb_00749,0.9255311042070389,TB
mendeley_tb_00750,0.94796422123909,TB
mendeley_tb_00751,0.9567793756723404,TB
mendeley_tb_00752,0.9589431136846542,TB
mendeley_tb_00753,0.9612887799739838,TB
mendeley_tb_00754,0.9104100912809372,TB
mendeley_tb_00755,0.7813508287072182,TB
mendeley_tb_00756,0.9321799576282501,TB
mendeley_tb_00757,0.9237832576036453,TB
mendeley_tb_00758,0.9677301794290543,TB
mendeley_tb_00759,0.9541193097829819,TB
mendeley_tb_00760,0.9650806337594986,TB
mendeley_tb_00761,0.965500608086586,TB
mendeley_tb_00762,0.947056770324707,TB
mendeley_tb_00763,0.9522865116596222,TB
mendeley_tb_00764,0.9685560017824173,TB
mendeley_tb_00765,0.9577957838773727,TB
mendeley_tb_00766,0.9448579102754593,TB
mendeley_tb_00767,0.8850763291120529,TB
mendeley_tb_00768,0.9644597917795181,TB
mendeley_tb_00769,0.9618581086397171,TB
mendeley_tb_00770,0.9638589471578598,TB
mendeley_tb_00771,0.9533660560846329,TB
mendeley_tb_00772,0.9539626389741898,TB
mendeley_tb_00773,0.9191053658723831,TB
mendeley_tb_00774,0.9463010728359222,TB
mendeley_tb_00775,0.9557615965604782,TB
mendeley_tb_00776,0.9567421525716782,TB
mendeley_tb_00777,0.7787289023399353,TB
mendeley_tb_00778,0.9381789863109589,TB
mendeley_tb_00779,0.9253674447536469,TB
mendeley_tb_00780,0.975551187992096,TB
mendeley_tb_00781,0.8974519670009613,TB
mendeley_tb_00782,0.9600574523210526,TB
mendeley_tb_00783,0.8302370011806488,TB
mendeley_tb_00784,0.7683081328868866,TB
mendeley_tb_00785,0.9598233252763748,TB
mendeley_tb_00786,0.9682159423828125,TB
mendeley_tb_00787,0.8795983195304871,TB
mendeley_tb_00788,0.9073371887207031,TB
mendeley_tb_00789,0.5990028642117977,TB
mendeley_tb_00790,0.8003264218568802,TB
mendeley_tb_00791,0.9689580649137497,TB
mendeley_tb_00792,0.9556653946638107,TB
mendeley_tb_00793,0.9284048676490784,TB
mendeley_tb_00794,0.9166163206100464,TB
mendeley_tb_00795,0.9231848567724228,TB
mendeley_tb_00796,0.9652561396360397,TB
mendeley_tb_00797,0.9575612545013428,TB
mendeley_tb_00798,0.9584037065505981,TB
mendeley_tb_00799,0.955732524394989,TB
mendeley_tb_00800,0.9711377918720245,TB
mendeley_tb_00801,0.9592346251010895,TB
mendeley_tb_00802,0.945001870393753,TB
mendeley_tb_00803,0.97213414311409,TB
mendeley_tb_00804,0.9674349874258041,TB
mendeley_tb_00805,0.9613472372293472,TB
mendeley_tb_00806,0.9675901979207993,TB
mendeley_tb_00807,0.8184365034103394,TB
mendeley_tb_00808,0.8976629972457886,TB
mendeley_tb_00809,0.9702374488115311,TB
mendeley_tb_00810,0.9463408142328262,TB
mendeley_tb_00811,0.9074164777994156,TB
mendeley_tb_00812,0.9691944867372513,TB
mendeley_tb_00813,0.9666733294725418,TB
mendeley_tb_00814,0.8237031698226929,TB
mendeley_tb_00815,0.9258464723825455,TB
mendeley_tb_00816,0.5886995419859886,TB
mendeley_tb_00817,0.8979958742856979,TB
mendeley_tb_00818,0.9644991010427475,TB
mendeley_tb_00819,0.753697082400322,TB
mendeley_tb_00820,0.8329262137413025,TB
mendeley_tb_00821,0.6866773962974548,TB
mendeley_tb_00822,0.9524382799863815,TB
mendeley_tb_00823,0.7500395625829697,TB
mendeley_tb_00824,0.7878732904791832,TB
mendeley_tb_00825,0.7964523881673813,TB
mendeley_tb_00826,0.9510788172483444,TB
mendeley_tb_00827,0.9541953653097153,TB
mendeley_tb_00828,0.9514462351799011,TB
mendeley_tb_00829,0.9029099494218826,TB
mendeley_tb_00830,0.967294454574585,TB
mendeley_tb_00831,0.895680770277977,TB
mendeley_tb_00832,0.9102741926908493,TB
mendeley_tb_00833,0.9768905639648438,TB
mendeley_tb_00834,0.8826142400503159,TB
mendeley_tb_00835,0.9494999647140503,TB
mendeley_tb_00836,0.9086902588605881,TB
mendeley_tb_00837,0.9519532769918442,TB
mendeley_tb_00838,0.8294102251529694,TB
mendeley_tb_00839,0.9147952944040298,TB
mendeley_tb_00840,0.8489682227373123,TB
mendeley_tb_00841,0.9501724392175674,TB
mendeley_tb_00842,0.9539925754070282,TB
mendeley_tb_00843,0.8208888173103333,TB
mendeley_tb_00844,0.9338585734367371,TB
mendeley_tb_00845,0.8887415677309036,TB
mendeley_tb_00846,0.8292617350816727,TB
mendeley_tb_00847,0.9196741729974747,TB
mendeley_tb_00848,0.9457958191633224,TB
mendeley_tb_00849,0.8544725477695465,TB
mendeley_tb_00850,0.9289354234933853,TB
mendeley_tb_00851,0.9301548004150391,TB
mendeley_tb_00852,0.8910573720932007,TB
mendeley_tb_00853,0.7984098196029663,TB
mendeley_tb_00854,0.8644795268774033,TB
mendeley_tb_00855,0.9572033137083054,TB
mendeley_tb_00856,0.9426083415746689,TB
mendeley_tb_00857,0.9549025297164917,TB
mendeley_tb_00858,0.9173541963100433,TB
mendeley_tb_00859,0.9013613015413284,TB
mendeley_tb_00860,0.9677488952875137,TB
mendeley_tb_00861,0.9183673709630966,TB
mendeley_tb_00862,0.9606239646673203,TB
mendeley_tb_00863,0.9223989248275757,TB
mendeley_tb_00864,0.9103430658578873,TB
mendeley_tb_00865,0.8364012390375137,TB
mendeley_tb_00866,0.8722279667854309,TB
mendeley_tb_00867,0.9420094341039658,TB
mendeley_tb_00868,0.9452911913394928,TB
mendeley_tb_00869,0.8567320257425308,TB
mendeley_tb_00870,0.9568315893411636,TB
mendeley_tb_00871,0.6096452474594116,TB
mendeley_tb_00872,0.9661533534526825,TB
mendeley_tb_00873,0.9617206156253815,TB
mendeley_tb_00874,0.9206797033548355,TB
mendeley_tb_00875,0.8454674184322357,TB
mendeley_tb_00876,0.9555713385343552,TB
mendeley_tb_00877,0.6825130805373192,TB
mendeley_tb_00878,0.9506084024906158,TB
mendeley_tb_00879,0.7844747304916382,TB
mendeley_tb_00880,0.9222962558269501,TB
mendeley_tb_00881,0.9351983964443207,TB
mendeley_tb_00882,0.9589793831110001,TB
mendeley_tb_00883,0.9059577733278275,TB
mendeley_tb_00884,0.9038230627775192,TB
mendeley_tb_00885,0.9507917761802673,TB
mendeley_tb_00886,0.8731759339570999,TB
mendeley_tb_00887,0.842929944396019,TB
mendeley_tb_00888,0.9160481691360474,TB
mendeley_tb_00889,0.6099075227975845,TB
mendeley_tb_00890,0.7860392332077026,TB
mendeley_tb_00891,0.8794244080781937,TB
mendeley_tb_00892,0.9659620225429535,TB
mendeley_tb_00893,0.9179135710000992,TB
mendeley_tb_00894,0.9549232721328735,TB
mendeley_tb_00895,0.9657981097698212,TB
mendeley_tb_00896,0.9303341954946518,TB
mendeley_tb_00897,0.9762367159128189,TB
mendeley_tb_00898,0.7656759470701218,TB
mendeley_tb_00899,0.8859102576971054,TB
mendeley_tb_00900,0.42356353998184204,Normal
mendeley_tb_00901,0.7536424398422241,TB
mendeley_tb_00902,0.9589471220970154,TB
mendeley_tb_00903,0.2680813381448388,Normal
mendeley_tb_00904,0.8497149348258972,TB
mendeley_tb_00905,0.889274999499321,TB
mendeley_tb_00906,0.6319799721240997,TB
mendeley_tb_00907,0.8680870980024338,TB
mendeley_tb_00908,0.8993108570575714,TB
mendeley_tb_00909,0.8327953368425369,TB
mendeley_tb_00910,0.9154585301876068,TB
mendeley_tb_00911,0.909247100353241,TB
mendeley_tb_00912,0.9089779406785965,TB
mendeley_tb_00913,0.8512158244848251,TB
mendeley_tb_00914,0.968024805188179,TB
mendeley_tb_00915,0.9052613079547882,TB
mendeley_tb_00916,0.9227496534585953,TB
mendeley_tb_00917,0.9397143423557281,TB
mendeley_tb_00918,0.8319578766822815,TB
mendeley_tb_00919,0.9410320818424225,TB
mendeley_tb_00920,0.9294546097517014,TB
mendeley_tb_00921,0.9606776088476181,TB
mendeley_tb_00922,0.8742077499628067,TB
mendeley_tb_00923,0.8958799093961716,TB
mendeley_tb_00924,0.9538557827472687,TB
mendeley_tb_00925,0.9690192490816116,TB
mendeley_tb_00926,0.9375622868537903,TB
mendeley_tb_00927,0.9256883710622787,TB
mendeley_tb_00928,0.9642533510923386,TB
mendeley_tb_00929,0.9226041287183762,TB
mendeley_tb_00930,0.8672304749488831,TB
mendeley_tb_00931,0.9219046384096146,TB
mendeley_tb_00932,0.8398010283708572,TB
mendeley_tb_00933,0.8932281583547592,TB
mendeley_tb_00934,0.918020710349083,TB
mendeley_tb_00935,0.2125989943742752,Normal
mendeley_tb_00936,0.8826640099287033,TB
mendeley_tb_00937,0.8544925004243851,TB
mendeley_tb_00938,0.9243466109037399,TB
mendeley_tb_00939,0.9576939344406128,TB
mendeley_tb_00940,0.9635447412729263,TB
mendeley_tb_00941,0.9193757027387619,TB
mendeley_tb_00942,0.8453357368707657,TB
mendeley_tb_00943,0.9297035038471222,TB
mendeley_tb_00944,0.9302443414926529,TB
mendeley_tb_00945,0.8664707392454147,TB
mendeley_tb_00946,0.9754164963960648,TB
mendeley_tb_00947,0.9362113028764725,TB
mendeley_tb_00948,0.8739310503005981,TB
mendeley_tb_00949,0.9509462267160416,TB
mendeley_tb_00950,0.9522059112787247,TB
mendeley_tb_00951,0.7721258848905563,TB
mendeley_tb_00952,0.9168764352798462,TB
mendeley_tb_00953,0.822737917304039,TB
mendeley_tb_00954,0.7367630451917648,TB
mendeley_tb_00955,0.589419536292553,TB
mendeley_tb_00956,0.8269299864768982,TB
mendeley_tb_00957,0.9181829243898392,TB
mendeley_tb_00958,0.93061563372612,TB
mendeley_tb_00959,0.9624894559383392,TB
mendeley_tb_00960,0.9335117638111115,TB
mendeley_tb_00961,0.8838856369256973,TB
mendeley_tb_00962,0.8639432489871979,TB
mendeley_tb_00963,0.8371737152338028,TB
mendeley_tb_00964,0.8771268576383591,TB
mendeley_tb_00965,0.9574778228998184,TB
mendeley_tb_00966,0.9542949348688126,TB
mendeley_tb_00967,0.9511555433273315,TB
mendeley_tb_00968,0.9030430465936661,TB
mendeley_tb_00969,0.9370893388986588,TB
mendeley_tb_00970,0.945830300450325,TB
mendeley_tb_00971,0.5171671733260155,TB
mendeley_tb_00972,0.8937056958675385,TB
mendeley_tb_00973,0.6491985395550728,TB
mendeley_tb_00974,0.9576746225357056,TB
mendeley_tb_00975,0.9483271241188049,TB
mendeley_tb_00976,0.9140364527702332,TB
mendeley_tb_00977,0.959329143166542,TB
mendeley_tb_00978,0.9533901959657669,TB
mendeley_tb_00979,0.9338704496622086,TB
mendeley_tb_00980,0.7417114153504372,TB
mendeley_tb_00981,0.900859534740448,TB
mendeley_tb_00982,0.9793047308921814,TB
mendeley_tb_00983,0.7069193124771118,TB
mendeley_tb_00984,0.8884247690439224,TB
mendeley_tb_00985,0.9623922109603882,TB
mendeley_tb_00986,0.9169888943433762,TB
mendeley_tb_00987,0.9264259189367294,TB
mendeley_tb_00988,0.7863179817795753,TB
mendeley_tb_00989,0.9705811887979507,TB
mendeley_tb_00990,0.7670618295669556,TB
mendeley_tb_00991,0.9346211105585098,TB
mendeley_tb_00992,0.660795159637928,TB
mendeley_tb_00993,0.9085097461938858,TB
mendeley_tb_00994,0.7976877838373184,TB
mendeley_tb_00995,0.9372519105672836,TB
mendeley_tb_00996,0.9636967331171036,TB
mendeley_tb_00997,0.9421480000019073,TB
mendeley_tb_00998,0.9665066748857498,TB
mendeley_tb_00999,0.8270871490240097,TB
mendeley_tb_01000,0.8440333902835846,TB
mendeley_tb_01001,0.868645191192627,TB
mendeley_tb_01002,0.9665156006813049,TB
mendeley_tb_01003,0.915864884853363,TB
mendeley_tb_01004,0.9535360187292099,TB
mendeley_tb_01005,0.7815242409706116,TB
mendeley_tb_01006,0.9344644993543625,TB
mendeley_tb_01007,0.9453611373901367,TB
mendeley_tb_01008,0.949279710650444,TB
mendeley_tb_01009,0.8102036714553833,TB
mendeley_tb_01010,0.9461086839437485,TB
mendeley_tb_01011,0.9581892192363739,TB
mendeley_tb_01012,0.9337140768766403,TB
mendeley_tb_01013,0.7055431753396988,TB
mendeley_tb_01014,0.9463442116975784,TB
mendeley_tb_01015,0.9702783674001694,TB
mendeley_tb_01016,0.8338401019573212,TB
mendeley_tb_01017,0.9044760316610336,TB
mendeley_tb_01018,0.9530543237924576,TB
mendeley_tb_01019,0.9263418614864349,TB
mendeley_tb_01020,0.8960933834314346,TB
mendeley_tb_01021,0.8717344701290131,TB
mendeley_tb_01022,0.9210372567176819,TB
mendeley_tb_01023,0.8723718971014023,TB
mendeley_tb_01024,0.9508277028799057,TB
mendeley_tb_01025,0.8870484828948975,TB
mendeley_tb_01026,0.9253463894128799,TB
mendeley_tb_01027,0.8441804796457291,TB
mendeley_tb_01028,0.7214446365833282,TB
mendeley_tb_01029,0.9103459268808365,TB
mendeley_tb_01030,0.9693945050239563,TB
mendeley_tb_01031,0.9684234410524368,TB
mendeley_tb_01032,0.8156962543725967,TB
mendeley_tb_01033,0.9363774955272675,TB
mendeley_tb_01034,0.9571651518344879,TB
mendeley_tb_01035,0.8440098017454147,TB
mendeley_tb_01036,0.7472524717450142,TB
mendeley_tb_01037,0.8235327824950218,TB
mendeley_tb_01038,0.6870276629924774,TB
mendeley_tb_01039,0.6123628094792366,TB
mendeley_tb_01040,0.6923603415489197,TB
mendeley_tb_01041,0.958160787820816,TB
mendeley_tb_01042,0.9508485347032547,TB
mendeley_tb_01043,0.8997554033994675,TB
mendeley_tb_01044,0.9271218478679657,TB
mendeley_tb_01045,0.7579276412725449,TB
mendeley_tb_01046,0.8841736763715744,TB
mendeley_tb_01047,0.9428288340568542,TB
mendeley_tb_01048,0.9203010350465775,TB
mendeley_tb_01049,0.9301726222038269,TB
mendeley_tb_01050,0.8112027198076248,TB
mendeley_tb_01051,0.9483728408813477,TB
mendeley_tb_01052,0.9323219656944275,TB
mendeley_tb_01053,0.959815725684166,TB
mendeley_tb_01054,0.893970251083374,TB
mendeley_tb_01055,0.9536895751953125,TB
mendeley_tb_01056,0.9423998445272446,TB
mendeley_tb_01057,0.6518739610910416,TB
mendeley_tb_01058,0.9603260010480881,TB
mendeley_tb_01059,0.9406058937311172,TB
mendeley_tb_01060,0.9159603267908096,TB
mendeley_tb_01061,0.9279000461101532,TB
mendeley_tb_01062,0.9424595236778259,TB
mendeley_tb_01063,0.963939443230629,TB
mendeley_tb_01064,0.9749903529882431,TB
mendeley_tb_01065,0.8944318294525146,TB
mendeley_tb_01066,0.959130123257637,TB
mendeley_tb_01067,0.9485945552587509,TB
mendeley_tb_01068,0.7485072612762451,TB
mendeley_tb_01069,0.9678408354520798,TB
mendeley_tb_01070,0.9022539258003235,TB
mendeley_tb_01071,0.9321763664484024,TB
mendeley_tb_01072,0.9232483059167862,TB
mendeley_tb_01073,0.6066096499562263,TB
mendeley_tb_01074,0.9424581676721573,TB
mendeley_tb_01075,0.963494747877121,TB
mendeley_tb_01076,0.8746443390846252,TB
mendeley_tb_01077,0.910400778055191,TB
mendeley_tb_01078,0.9261665791273117,TB
mendeley_tb_01079,0.9474973082542419,TB
mendeley_tb_01080,0.8636990338563919,TB
mendeley_tb_01081,0.8321191817522049,TB
mendeley_tb_01082,0.9709810167551041,TB
mendeley_tb_01083,0.9364493489265442,TB
mendeley_tb_01084,0.9548362493515015,TB
mendeley_tb_01085,0.9437227845191956,TB
mendeley_tb_01086,0.9167573153972626,TB
mendeley_tb_01087,0.9310748875141144,TB
mendeley_tb_01088,0.9545850902795792,TB
mendeley_tb_01089,0.9410383850336075,TB
mendeley_tb_01090,0.9512576311826706,TB
mendeley_tb_01091,0.7225541472434998,TB
mendeley_tb_01092,0.7496495693922043,TB
mendeley_tb_01093,0.8796017616987228,TB
mendeley_tb_01094,0.8054052740335464,TB
mendeley_tb_01095,0.9292697012424469,TB
mendeley_tb_01096,0.9388579875230789,TB
mendeley_tb_01097,0.9380515068769455,TB
mendeley_tb_01098,0.6470296010375023,TB
mendeley_tb_01099,0.9121355563402176,TB
mendeley_tb_01100,0.932109147310257,TB
mendeley_tb_01101,0.9452927857637405,TB
mendeley_tb_01102,0.6538897901773453,TB
mendeley_tb_01103,0.9526136964559555,TB
mendeley_tb_01104,0.9543416649103165,TB
mendeley_tb_01105,0.9164137691259384,TB
mendeley_tb_01106,0.7955572307109833,TB
mendeley_tb_01107,0.9634166955947876,TB
mendeley_tb_01108,0.9781123399734497,TB
mendeley_tb_01109,0.9233479052782059,TB
mendeley_tb_01110,0.9776549339294434,TB
mendeley_tb_01111,0.896395355463028,TB
mendeley_tb_01112,0.877769261598587,TB
mendeley_tb_01113,0.9375166147947311,TB
mendeley_tb_01114,0.9677368998527527,TB
mendeley_tb_01115,0.9530437290668488,TB
mendeley_tb_01116,0.9513997584581375,TB
mendeley_tb_01117,0.8904101103544235,TB
mendeley_tb_01118,0.926241859793663,TB
mendeley_tb_01119,0.944721058011055,TB
mendeley_tb_01120,0.9233951717615128,TB
mendeley_tb_01121,0.8811437040567398,TB
mendeley_tb_01122,0.7088336646556854,TB
mendeley_tb_01123,0.7403746023774147,TB
mendeley_tb_01124,0.8471671491861343,TB
mendeley_tb_01125,0.9689407199621201,TB
mendeley_tb_01126,0.9169490933418274,TB
mendeley_tb_01127,0.7723303735256195,TB
mendeley_tb_01128,0.9713281095027924,TB
mendeley_tb_01129,0.8089173585176468,TB
mendeley_tb_01130,0.9159851670265198,TB
mendeley_tb_01131,0.9497051239013672,TB
mendeley_tb_01132,0.9745206534862518,TB
mendeley_tb_01133,0.9218775182962418,TB
mendeley_tb_01134,0.9409526437520981,TB
mendeley_tb_01135,0.6266502365469933,TB
mendeley_tb_01136,0.9121563136577606,TB
mendeley_tb_01137,0.923285648226738,TB
mendeley_tb_01138,0.9565390944480896,TB
mendeley_tb_01139,0.833705261349678,TB
mendeley_tb_01140,0.9690700769424438,TB
mendeley_tb_01141,0.9691835045814514,TB
mendeley_tb_01142,0.9385546445846558,TB
mendeley_tb_01143,0.9584147781133652,TB
mendeley_tb_01144,0.883625864982605,TB
mendeley_tb_01145,0.8591518402099609,TB
mendeley_tb_01146,0.9137399941682816,TB
mendeley_tb_01147,0.8257904946804047,TB
mendeley_tb_01148,0.90434430539608,TB
mendeley_tb_01149,0.9614397436380386,TB
mendeley_tb_01150,0.9418933689594269,TB
mendeley_tb_01151,0.9345279484987259,TB
mendeley_tb_01152,0.8792959004640579,TB
mendeley_tb_01153,0.7332649230957031,TB
mendeley_tb_01154,0.957895889878273,TB
mendeley_tb_01155,0.850430428981781,TB
mendeley_tb_01156,0.9648565500974655,TB
mendeley_tb_01157,0.9696635156869888,TB
mendeley_tb_01158,0.9488034099340439,TB
mendeley_tb_01159,0.8996812403202057,TB
mendeley_tb_01160,0.8002210408449173,TB
mendeley_tb_01161,0.6912129670381546,TB
mendeley_tb_01162,0.9655987471342087,TB
mendeley_tb_01163,0.9602851122617722,TB
mendeley_tb_01164,0.8985734730958939,TB
mendeley_tb_01165,0.9556971341371536,TB
mendeley_tb_01166,0.9569732546806335,TB
mendeley_tb_01167,0.9039523750543594,TB
mendeley_tb_01168,0.8990912884473801,TB
mendeley_tb_01169,0.8530086725950241,TB
mendeley_tb_01170,0.9511089771986008,TB
mendeley_tb_01171,0.9408941268920898,TB
mendeley_tb_01172,0.8915555328130722,TB
mendeley_tb_01173,0.6926353052258492,TB
mendeley_tb_01174,0.9070650786161423,TB
mendeley_tb_01175,0.9611705541610718,TB
mendeley_tb_01176,0.956483468413353,TB
mendeley_tb_01177,0.8891524821519852,TB
mendeley_tb_01178,0.9378334283828735,TB
mendeley_tb_01179,0.9618302434682846,TB
mendeley_tb_01180,0.9405985176563263,TB
mendeley_tb_01181,0.6679469794034958,TB
mendeley_tb_01182,0.9454237371683121,TB
mendeley_tb_01183,0.9304634928703308,TB
mendeley_tb_01184,0.7489782422780991,TB
mendeley_tb_01185,0.9811647087335587,TB
mendeley_tb_01186,0.8431522995233536,TB
mendeley_tb_01187,0.8360872864723206,TB
mendeley_tb_01188,0.8647288531064987,TB
mendeley_tb_01189,0.5519675463438034,TB
mendeley_tb_01190,0.9206844419240952,TB
mendeley_tb_01191,0.9257963001728058,TB
mendeley_tb_01192,0.9414283633232117,TB
mendeley_tb_01193,0.9309768229722977,TB
mendeley_tb_01194,0.4973575174808502,Normal
mendeley_tb_01195,0.549444667994976,TB
mendeley_tb_01196,0.9117260277271271,TB
mendeley_tb_01197,0.9639465063810349,TB
mendeley_tb_01198,0.9494261741638184,TB
mendeley_tb_01199,0.4495359882712364,Normal
mendeley_tb_01200,0.9501892328262329,TB
mendeley_tb_01201,0.8947215676307678,TB
mendeley_tb_01202,0.8829061537981033,TB
mendeley_tb_01203,0.7867288291454315,TB
mendeley_tb_01204,0.9569601267576218,TB
mendeley_tb_01205,0.9470430314540863,TB
mendeley_tb_01206,0.9705500900745392,TB
mendeley_tb_01207,0.9515344649553299,TB
mendeley_tb_01208,0.9468617886304855,TB
mendeley_tb_01209,0.8451130539178848,TB
mendeley_tb_01210,0.8675789088010788,TB
mendeley_tb_01211,0.8843675404787064,TB
mendeley_tb_01212,0.8761206865310669,TB
mendeley_tb_01213,0.9292840957641602,TB
mendeley_tb_01214,0.9126771241426468,TB
mendeley_tb_01215,0.8493520617485046,TB
mendeley_tb_01216,0.894167885184288,TB
mendeley_tb_01217,0.8725744783878326,TB
mendeley_tb_01218,0.9291020035743713,TB
mendeley_tb_01219,0.9577930271625519,TB
mendeley_tb_01220,0.9465452581644058,TB
mendeley_tb_01221,0.931996539235115,TB
mendeley_tb_01222,0.9727151840925217,TB
mendeley_tb_01223,0.7995427697896957,TB
mendeley_tb_01224,0.9154435694217682,TB
mendeley_tb_01225,0.9484925121068954,TB
mendeley_tb_01226,0.9123571366071701,TB
mendeley_tb_01227,0.9196658134460449,TB
mendeley_tb_01228,0.9307302087545395,TB
mendeley_tb_01229,0.9246556162834167,TB
mendeley_tb_01230,0.9732286185026169,TB
mendeley_tb_01231,0.8124368786811829,TB
mendeley_tb_01232,0.8556430786848068,TB
mendeley_tb_01233,0.8911063820123672,TB
mendeley_tb_01234,0.944298267364502,TB
mendeley_tb_01235,0.9208079874515533,TB
mendeley_tb_01236,0.7655407339334488,TB
mendeley_tb_01237,0.9680601060390472,TB
mendeley_tb_01238,0.6914465874433517,TB
mendeley_tb_01239,0.938922107219696,TB
mendeley_tb_01240,0.9590255618095398,TB
mendeley_tb_01241,0.9733321815729141,TB
mendeley_tb_01242,0.9336599409580231,TB
mendeley_tb_01243,0.7446000576019287,TB
mendeley_tb_01244,0.9098515808582306,TB
mendeley_tb_01245,0.9035046398639679,TB
mendeley_tb_01246,0.9229482114315033,TB
mendeley_tb_01247,0.9588906466960907,TB
mendeley_tb_01248,0.4895069934427738,Normal
mendeley_tb_01249,0.9416531920433044,TB
mendeley_tb_01250,0.8909324258565903,TB
mendeley_tb_01251,0.9672812223434448,TB
mendeley_tb_01252,0.9801119267940521,TB
mendeley_tb_01253,0.9131709337234497,TB
mendeley_tb_01254,0.9598151296377182,TB
mendeley_tb_01255,0.7128582000732422,TB
mendeley_tb_01256,0.9634287506341934,TB
mendeley_tb_01257,0.9241211861371994,TB
mendeley_tb_01258,0.9442967623472214,TB
mendeley_tb_01259,0.9189580976963043,TB
mendeley_tb_01260,0.7938767075538635,TB
mendeley_tb_01261,0.9483765065670013,TB
mendeley_tb_01262,0.961245596408844,TB
mendeley_tb_01263,0.8283423632383347,TB
mendeley_tb_01264,0.9330228567123413,TB
mendeley_tb_01265,0.888150542974472,TB
mendeley_tb_01266,0.9448741376399994,TB
mendeley_tb_01267,0.8526064604520798,TB
mendeley_tb_01268,0.9688881486654282,TB
mendeley_tb_01269,0.9671827107667923,TB
mendeley_tb_01270,0.9492135494947433,TB
mendeley_tb_01271,0.9190375953912735,TB
mendeley_tb_01272,0.9476386457681656,TB
mendeley_tb_01273,0.9545712471008301,TB
mendeley_tb_01274,0.9281156957149506,TB
mendeley_tb_01275,0.9254915863275528,TB
mendeley_tb_01276,0.8285458981990814,TB
mendeley_tb_01277,0.924556091427803,TB
mendeley_tb_01278,0.8678051829338074,TB
mendeley_tb_01279,0.9567454606294632,TB
mendeley_tb_01280,0.8608249425888062,TB
mendeley_tb_01281,0.8795157968997955,TB
mendeley_tb_01282,0.9389121383428574,TB
mendeley_tb_01283,0.8565733730792999,TB
mendeley_tb_01284,0.8886536955833435,TB
mendeley_tb_01285,0.8419295251369476,TB
mendeley_tb_01286,0.9509595781564713,TB
mendeley_tb_01287,0.8471454679965973,TB
mendeley_tb_01288,0.8560004532337189,TB
mendeley_tb_01289,0.8559895306825638,TB
mendeley_tb_01290,0.9561973065137863,TB
mendeley_tb_01291,0.9430269300937653,TB
mendeley_tb_01292,0.5794041752815247,TB
mendeley_tb_01293,0.688375324010849,TB
mendeley_tb_01294,0.6396870911121368,TB
mendeley_tb_01295,0.5002535171806812,TB
mendeley_tb_01296,0.9417306482791901,TB
mendeley_tb_01297,0.9471097886562347,TB
mendeley_tb_01298,0.9667022526264191,TB
mendeley_tb_01299,0.7403216511011124,TB
mendeley_tb_01300,0.9425885379314423,TB
mendeley_tb_01301,0.939684271812439,TB
mendeley_tb_01302,0.6665747500956059,TB
mendeley_tb_01303,0.8816782385110855,TB
mendeley_tb_01304,0.9429617822170258,TB
mendeley_tb_01305,0.9529720693826675,TB
mendeley_tb_01306,0.9057819694280624,TB
mendeley_tb_01307,0.7983691096305847,TB
mendeley_tb_01308,0.8270602822303772,TB
mendeley_tb_01309,0.9518077820539474,TB
mendeley_tb_01310,0.9190423786640167,TB
mendeley_tb_01311,0.8869522660970688,TB
mendeley_tb_01312,0.9723697453737259,TB
mendeley_tb_01313,0.9593387395143509,TB
mendeley_tb_01314,0.9695778787136078,TB
mendeley_tb_01315,0.9622819721698761,TB
mendeley_tb_01316,0.8763149380683899,TB
mendeley_tb_01317,0.8569674342870712,TB
mendeley_tb_01318,0.9007748067378998,TB
mendeley_tb_01319,0.9562164843082428,TB
mendeley_tb_01320,0.9622975289821625,TB
mendeley_tb_01321,0.9571602046489716,TB
mendeley_tb_01322,0.9147409647703171,TB
mendeley_tb_01323,0.9055813103914261,TB
mendeley_tb_01324,0.9698785096406937,TB
mendeley_tb_01325,0.8593885451555252,TB
mendeley_tb_01326,0.9177119135856628,TB
mendeley_tb_01327,0.9460849165916443,TB
mendeley_tb_01328,0.8689882159233093,TB
mendeley_tb_01329,0.8759946823120117,TB
mendeley_tb_01330,0.9335666298866272,TB
mendeley_tb_01331,0.9396243393421173,TB
mendeley_tb_01332,0.923782080411911,TB
mendeley_tb_01333,0.685759112238884,TB
mendeley_tb_01334,0.9344556778669357,TB
mendeley_tb_01335,0.9104529768228531,TB
mendeley_tb_01336,0.9245377033948898,TB
mendeley_tb_01337,0.9637961834669113,TB
mendeley_tb_01338,0.9361434280872345,TB
mendeley_tb_01339,0.9342350661754608,TB
mendeley_tb_01340,0.9656411409378052,TB
mendeley_tb_01341,0.9394565373659134,TB
mendeley_tb_01342,0.9637086242437363,TB
mendeley_tb_01343,0.9072458744049072,TB
mendeley_tb_01344,0.960084393620491,TB
mendeley_tb_01345,0.9289384484291077,TB
mendeley_tb_01346,0.9597631990909576,TB
mendeley_tb_01347,0.947921872138977,TB
mendeley_tb_01348,0.9521206617355347,TB
mendeley_tb_01349,0.8580829799175262,TB
mendeley_tb_01350,0.8553376793861389,TB
mendeley_tb_01351,0.9732873886823654,TB
mendeley_tb_01352,0.7043315693736076,TB
mendeley_tb_01353,0.9471436440944672,TB
mendeley_tb_01354,0.9244280010461807,TB
mendeley_tb_01355,0.9661756306886673,TB
mendeley_tb_01356,0.923290804028511,TB
mendeley_tb_01357,0.913876011967659,TB
mendeley_tb_01358,0.9516237825155258,TB
mendeley_tb_01359,0.8131561577320099,TB
mendeley_tb_01360,0.8371637165546417,TB
mendeley_tb_01361,0.9616109430789948,TB
mendeley_tb_01362,0.9397466629743576,TB
mendeley_tb_01363,0.8661356568336487,TB
mendeley_tb_01364,0.9652100652456284,TB
mendeley_tb_01365,0.952072262763977,TB
mendeley_tb_01366,0.9607117474079132,TB
mendeley_tb_01367,0.8955415189266205,TB
mendeley_tb_01368,0.9502599984407425,TB
mendeley_tb_01369,0.9730328917503357,TB
mendeley_tb_01370,0.7416890114545822,TB
mendeley_tb_01371,0.8718803375959396,TB
mendeley_tb_01372,0.8966173976659775,TB
mendeley_tb_01373,0.9538207054138184,TB
mendeley_tb_01374,0.9672487676143646,TB
mendeley_tb_01375,0.9432353079319,TB
mendeley_tb_01376,0.9485771656036377,TB
mendeley_tb_01377,0.9370805472135544,TB
mendeley_tb_01378,0.9445297718048096,TB
mendeley_tb_01379,0.6621334701776505,TB
mendeley_tb_01380,0.8628811836242676,TB
mendeley_tb_01381,0.9035657197237015,TB
mendeley_tb_01382,0.9569308012723923,TB
mendeley_tb_01383,0.8154545426368713,TB
mendeley_tb_01384,0.7855502218008041,TB
mendeley_tb_01385,0.9260913282632828,TB
mendeley_tb_01386,0.9653216749429703,TB
mendeley_tb_01387,0.9414211511611938,TB
mendeley_tb_01388,0.9086425453424454,TB
mendeley_tb_01389,0.9053847342729568,TB
mendeley_tb_01390,0.8458394706249237,TB
mendeley_tb_01391,0.8027262091636658,TB
mendeley_tb_01392,0.9397359043359756,TB
mendeley_tb_01393,0.9487365931272507,TB
mendeley_tb_01394,0.9456833153963089,TB
mendeley_tb_01395,0.9166951775550842,TB
mendeley_tb_01396,0.8439599871635437,TB
mendeley_tb_01397,0.9688902050256729,TB
mendeley_tb_01398,0.8896072655916214,TB
mendeley_tb_01399,0.8910259008407593,TB
mendeley_tb_01400,0.9328593462705612,TB
mendeley_tb_01401,0.9059225916862488,TB
mendeley_tb_01402,0.9152894765138626,TB
mendeley_tb_01403,0.8893561810255051,TB
mendeley_tb_01404,0.8233102709054947,TB
mendeley_tb_01405,0.9248184263706207,TB
mendeley_tb_01406,0.917811393737793,TB
mendeley_tb_01407,0.8161568641662598,TB
mendeley_tb_01408,0.9211450666189194,TB
mendeley_tb_01409,0.649847999215126,TB
mendeley_tb_01410,0.8555663228034973,TB
mendeley_tb_01411,0.9151781499385834,TB
mendeley_tb_01412,0.8530865162611008,TB
mendeley_tb_01413,0.7826408296823502,TB
mendeley_tb_01414,0.9663522094488144,TB
mendeley_tb_01415,0.8777875751256943,TB
mendeley_tb_01416,0.9809185713529587,TB
mendeley_tb_01417,0.8834266513586044,TB
mendeley_tb_01418,0.8421512395143509,TB
mendeley_tb_01419,0.7809684723615646,TB
mendeley_tb_01420,0.7674031853675842,TB
mendeley_tb_01421,0.9234513193368912,TB
mendeley_tb_01422,0.9598733186721802,TB
mendeley_tb_01423,0.9373397827148438,TB
mendeley_tb_01424,0.9692990630865097,TB
mendeley_tb_01425,0.9576859772205353,TB
mendeley_tb_01426,0.9632017016410828,TB
mendeley_tb_01427,0.9631667137145996,TB
mendeley_tb_01428,0.9286841601133347,TB
mendeley_tb_01429,0.8237127661705017,TB
mendeley_tb_01430,0.8495915532112122,TB
mendeley_tb_01431,0.9280663728713989,TB
mendeley_tb_01432,0.9584542810916901,TB
mendeley_tb_01433,0.9587811976671219,TB
mendeley_tb_01434,0.9639161080121994,TB
mendeley_tb_01435,0.9111604988574982,TB
mendeley_tb_01436,0.953437477350235,TB
mendeley_tb_01437,0.962227076292038,TB
mendeley_tb_01438,0.9078793674707413,TB
mendeley_tb_01439,0.9270714819431305,TB
mendeley_tb_01440,0.9622492045164108,TB
mendeley_tb_01441,0.9243857711553574,TB
mendeley_tb_01442,0.9586771875619888,TB
mendeley_tb_01443,0.9698174595832825,TB
mendeley_tb_01444,0.9620541632175446,TB
mendeley_tb_01445,0.9084504991769791,TB
mendeley_tb_01446,0.9703068882226944,TB
mendeley_tb_01447,0.8195523917675018,TB
mendeley_tb_01448,0.9628424644470215,TB
mendeley_tb_01449,0.9670570343732834,TB
mendeley_tb_01450,0.956164225935936,TB
mendeley_tb_01451,0.8691329956054688,TB
mendeley_tb_01452,0.9535115957260132,TB
mendeley_tb_01453,0.8452711254358292,TB
mendeley_tb_01454,0.9483974128961563,TB
mendeley_tb_01455,0.9664972573518753,TB
mendeley_tb_01456,0.9045120179653168,TB
mendeley_tb_01457,0.9417775571346283,TB
mendeley_tb_01458,0.9142510145902634,TB
mendeley_tb_01459,0.944378599524498,TB
mendeley_tb_01460,0.9263011962175369,TB
mendeley_tb_01461,0.77061827480793,TB
mendeley_tb_01462,0.8008020520210266,TB
mendeley_tb_01463,0.9507137835025787,TB
mendeley_tb_01464,0.9401021301746368,TB
mendeley_tb_01465,0.9467208087444305,TB
mendeley_tb_01466,0.8830065131187439,TB
mendeley_tb_01467,0.9618971943855286,TB
mendeley_tb_01468,0.7998572289943695,TB
mendeley_tb_01469,0.946133941411972,TB
mendeley_tb_01470,0.930555447936058,TB
mendeley_tb_01471,0.9786093533039093,TB
mendeley_tb_01472,0.9043456465005875,TB
mendeley_tb_01473,0.9453571438789368,TB
mendeley_tb_01474,0.9392148852348328,TB
mendeley_tb_01475,0.9721679240465164,TB
mendeley_tb_01476,0.9157273173332214,TB
mendeley_tb_01477,0.9155378639698029,TB
mendeley_tb_01478,0.8370667397975922,TB
mendeley_tb_01479,0.8871955573558807,TB
mendeley_tb_01480,0.9583367258310318,TB
mendeley_tb_01481,0.6422205790877342,TB
mendeley_tb_01482,0.86843441426754,TB
mendeley_tb_01483,0.9569049626588821,TB
mendeley_tb_01484,0.8972301036119461,TB
mendeley_tb_01485,0.9409363567829132,TB
mendeley_tb_01486,0.8556012362241745,TB
mendeley_tb_01487,0.8698755502700806,TB
mendeley_tb_01488,0.9021511226892471,TB
mendeley_tb_01489,0.9246506989002228,TB
mendeley_tb_01490,0.8132946640253067,TB
mendeley_tb_01491,0.6771639212965965,TB
mendeley_tb_01492,0.8875366300344467,TB
mendeley_tb_01493,0.9565563201904297,TB
mendeley_tb_01494,0.9143418371677399,TB
mendeley_tb_01495,0.6865923851728439,TB
mendeley_tb_01496,0.9399401247501373,TB
mendeley_tb_01497,0.950707346200943,TB
mendeley_tb_01498,0.4966235440224409,Normal
mendeley_tb_01499,0.6156663000583649,TB
mendeley_tb_01500,0.9257854521274567,TB
mendeley_tb_01501,0.9357539415359497,TB
mendeley_tb_01502,0.9240562915802002,TB
mendeley_tb_01503,0.8676432073116302,TB
mendeley_tb_01504,0.9767795652151108,TB
mendeley_tb_01505,0.9508466571569443,TB
mendeley_tb_01506,0.9570999294519424,TB
mendeley_tb_01507,0.931276798248291,TB
mendeley_tb_01508,0.9437633901834488,TB
mendeley_tb_01509,0.971828892827034,TB
mendeley_tb_01510,0.9143133014440536,TB
mendeley_tb_01511,0.8521553575992584,TB
mendeley_tb_01512,0.973601758480072,TB
mendeley_tb_01513,0.9162799417972565,TB
mendeley_tb_01514,0.7908820509910583,TB
mendeley_tb_01515,0.8561296910047531,TB
mendeley_tb_01516,0.9361075013875961,TB
mendeley_tb_01517,0.9682334214448929,TB
mendeley_tb_01518,0.9491341859102249,TB
mendeley_tb_01519,0.9627993106842041,TB
mendeley_tb_01520,0.7605177313089371,TB
mendeley_tb_01521,0.9803793132305145,TB
mendeley_tb_01522,0.8893338292837143,TB
mendeley_tb_01523,0.9323620051145554,TB
mendeley_tb_01524,0.9452267587184906,TB
mendeley_tb_01525,0.8622881174087524,TB
mendeley_tb_01526,0.9729546159505844,TB
mendeley_tb_01527,0.95053930580616,TB
mendeley_tb_01528,0.9508585929870605,TB
mendeley_tb_01529,0.8854418843984604,TB
mendeley_tb_01530,0.8917186111211777,TB
mendeley_tb_01531,0.9642591774463654,TB
mendeley_tb_01532,0.8332824409008026,TB
mendeley_tb_01533,0.9365380704402924,TB
mendeley_tb_01534,0.9308176934719086,TB
mendeley_tb_01535,0.9137817472219467,TB
mendeley_tb_01536,0.4253806434571743,Normal
mendeley_tb_01537,0.7591985315084457,TB
mendeley_tb_01538,0.9533457905054092,TB
mendeley_tb_01539,0.9461761862039566,TB
mendeley_tb_01540,0.9662961214780807,TB
mendeley_tb_01541,0.8990448266267776,TB
mendeley_tb_01542,0.7905426770448685,TB
mendeley_tb_01543,0.8611732423305511,TB
mendeley_tb_01544,0.914637491106987,TB
mendeley_tb_01545,0.5939605608582497,TB
mendeley_tb_01546,0.941133975982666,TB
mendeley_tb_01547,0.8813148438930511,TB
mendeley_tb_01548,0.7590772360563278,TB
mendeley_tb_01549,0.7697836384177208,TB
mendeley_tb_01550,0.8829157054424286,TB
mendeley_tb_01551,0.9459911584854126,TB
mendeley_tb_01552,0.9664603471755981,TB
mendeley_tb_01553,0.8294840902090073,TB
mendeley_tb_01554,0.9648078083992004,TB
mendeley_tb_01555,0.9719800055027008,TB
mendeley_tb_01556,0.9320778697729111,TB
mendeley_tb_01557,0.931318998336792,TB
mendeley_tb_01558,0.9662037491798401,TB
mendeley_tb_01559,0.9693206697702408,TB
mendeley_tb_01560,0.5940764900296926,TB
mendeley_tb_01561,0.9058906733989716,TB
mendeley_tb_01562,0.8778579235076904,TB
mendeley_tb_01563,0.9672444313764572,TB
mendeley_tb_01564,0.9709827750921249,TB
mendeley_tb_01565,0.9528132230043411,TB
mendeley_tb_01566,0.8152506202459335,TB
mendeley_tb_01567,0.877368226647377,TB
mendeley_tb_01568,0.8042891770601273,TB
mendeley_tb_01569,0.9301014095544815,TB
mendeley_tb_01570,0.8355255722999573,TB
mendeley_tb_01571,0.9718745201826096,TB
mendeley_tb_01572,0.8289846777915955,TB
mendeley_tb_01573,0.7989839166402817,TB
mendeley_tb_01574,0.8442444652318954,TB
mendeley_tb_01575,0.9585390239953995,TB
mendeley_tb_01576,0.714003175497055,TB
mendeley_tb_01577,0.9590039551258087,TB
mendeley_tb_01578,0.8950693160295486,TB
mendeley_tb_01579,0.4451605100184679,Normal
mendeley_tb_01580,0.854046180844307,TB
mendeley_tb_01581,0.5902895778417587,TB
mendeley_tb_01582,0.8615633249282837,TB
mendeley_tb_01583,0.813474640250206,TB
mendeley_tb_01584,0.9331827163696289,TB
mendeley_tb_01585,0.8743147253990173,TB
mendeley_tb_01586,0.6997352093458176,TB
mendeley_tb_01587,0.8729132860898972,TB
mendeley_tb_01588,0.9595670104026794,TB
mendeley_tb_01589,0.9660847634077072,TB
mendeley_tb_01590,0.776931956410408,TB
mendeley_tb_01591,0.7535517066717148,TB
mendeley_tb_01592,0.8738601058721542,TB
mendeley_tb_01593,0.9056732505559921,TB
mendeley_tb_01594,0.8590688109397888,TB
mendeley_tb_01595,0.8537459671497345,TB
mendeley_tb_01596,0.9726505130529404,TB
mendeley_tb_01597,0.7557943612337112,TB
mendeley_tb_01598,0.7962083220481873,TB
mendeley_tb_01599,0.8470763564109802,TB
mendeley_tb_01600,0.8960848897695541,TB
mendeley_tb_01601,0.9533125162124634,TB
mendeley_tb_01602,0.8907146602869034,TB
mendeley_tb_01603,0.9318345487117767,TB
mendeley_tb_01604,0.9678437858819962,TB
mendeley_tb_01605,0.8788214325904846,TB
mendeley_tb_01606,0.9605947881937027,TB
mendeley_tb_01607,0.8769236356019974,TB
mendeley_tb_01608,0.9429659098386765,TB
mendeley_tb_01609,0.8806213140487671,TB
mendeley_tb_01610,0.8543154895305634,TB
mendeley_tb_01611,0.9332589209079742,TB
mendeley_tb_01612,0.707715317606926,TB
mendeley_tb_01613,0.8518261164426804,TB
mendeley_tb_01614,0.6973636150360107,TB
mendeley_tb_01615,0.8996139764785767,TB
mendeley_tb_01616,0.9284462034702301,TB
mendeley_tb_01617,0.9418011605739594,TB
mendeley_tb_01618,0.9371694773435593,TB
mendeley_tb_01619,0.7852231115102768,TB
mendeley_tb_01620,0.8190493434667587,TB
mendeley_tb_01621,0.877432718873024,TB
mendeley_tb_01622,0.7399094998836517,TB
mendeley_tb_01623,0.946883037686348,TB
mendeley_tb_01624,0.8441160619258881,TB
mendeley_tb_01625,0.8759842962026596,TB
mendeley_tb_01626,0.9329273551702499,TB
mendeley_tb_01627,0.950019508600235,TB
mendeley_tb_01628,0.9634601920843124,TB
mendeley_tb_01629,0.7977059781551361,TB
mendeley_tb_01630,0.8921444416046143,TB
mendeley_tb_01631,0.9365435689687729,TB
mendeley_tb_01632,0.8563951849937439,TB
mendeley_tb_01633,0.951512798666954,TB
mendeley_tb_01634,0.896331325173378,TB
mendeley_tb_01635,0.9661055654287338,TB
mendeley_tb_01636,0.7989900857210159,TB
mendeley_tb_01637,0.9382898807525635,TB
mendeley_tb_01638,0.647661842405796,TB
mendeley_tb_01639,0.8417039811611176,TB
mendeley_tb_01640,0.951593205332756,TB
mendeley_tb_01641,0.8231773674488068,TB
mendeley_tb_01642,0.9483622312545776,TB
mendeley_tb_01643,0.9649785757064819,TB
mendeley_tb_01644,0.9589365422725677,TB
mendeley_tb_01645,0.7196440696716309,TB
mendeley_tb_01646,0.9542016983032227,TB
mendeley_tb_01647,0.7829158008098602,TB
mendeley_tb_01648,0.8727344125509262,TB
mendeley_tb_01649,0.7221526950597763,TB
mendeley_tb_01650,0.9631194621324539,TB
mendeley_tb_01651,0.9289223849773407,TB
mendeley_tb_01652,0.9207526445388794,TB
mendeley_tb_01653,0.9126568287611008,TB
mendeley_tb_01654,0.7258476763963699,TB
mendeley_tb_01655,0.9674239903688431,TB
mendeley_tb_01656,0.8187093436717987,TB
mendeley_tb_01657,0.8271064981818199,TB
mendeley_tb_01658,0.864233523607254,TB
mendeley_tb_01659,0.9539775848388672,TB
mendeley_tb_01660,0.9212102144956589,TB
mendeley_tb_01661,0.9676662385463715,TB
mendeley_tb_01662,0.9070385545492172,TB
mendeley_tb_01663,0.9376059472560883,TB
mendeley_tb_01664,0.7373804152011871,TB
mendeley_tb_01665,0.860106036067009,TB
mendeley_tb_01666,0.933126226067543,TB
mendeley_tb_01667,0.9091134518384933,TB
mendeley_tb_01668,0.8034154176712036,TB
mendeley_tb_01669,0.6917015910148621,TB
mendeley_tb_01670,0.8377625346183777,TB
mendeley_tb_01671,0.5228510871529579,TB
mendeley_tb_01672,0.7325268536806107,TB
mendeley_tb_01673,0.9317518323659897,TB
mendeley_tb_01674,0.8015806972980499,TB
mendeley_tb_01675,0.9102988690137863,TB
mendeley_tb_01676,0.5716619566082954,TB
mendeley_tb_01677,0.903241366147995,TB
mendeley_tb_01678,0.8195315450429916,TB
mendeley_tb_01679,0.9219464063644409,TB
mendeley_tb_01680,0.8960070163011551,TB
mendeley_tb_01681,0.8616807907819748,TB
mendeley_tb_01682,0.8863555341959,TB
mendeley_tb_01683,0.9632295370101929,TB
mendeley_tb_01684,0.9567403644323349,TB
mendeley_tb_01685,0.9267808794975281,TB
mendeley_tb_01686,0.9383757412433624,TB
mendeley_tb_01687,0.925757423043251,TB
mendeley_tb_01688,0.9032611399888992,TB
mendeley_tb_01689,0.9769348800182343,TB
mendeley_tb_01690,0.9341743290424347,TB
mendeley_tb_01691,0.8307314515113831,TB
mendeley_tb_01692,0.8823734521865845,TB
mendeley_tb_01693,0.8091812208294868,TB
mendeley_tb_01694,0.92759208381176,TB
mendeley_tb_01695,0.9121607542037964,TB
mendeley_tb_01696,0.9001826494932175,TB
mendeley_tb_01697,0.9596823751926422,TB
mendeley_tb_01698,0.6523580551147461,TB
mendeley_tb_01699,0.9677738100290298,TB
mendeley_tb_01700,0.837082251906395,TB
mendeley_tb_01701,0.9571636915206909,TB
mendeley_tb_01702,0.9628334939479828,TB
mendeley_tb_01703,0.5866342484951019,TB
mendeley_tb_01704,0.8721923381090164,TB
mendeley_tb_01705,0.9394878894090652,TB
mendeley_tb_01706,0.8862361311912537,TB
mendeley_tb_01707,0.9475352764129639,TB
mendeley_tb_01708,0.9509289562702179,TB
mendeley_tb_01709,0.89988973736763,TB
mendeley_tb_01710,0.917682483792305,TB
mendeley_tb_01711,0.7956446707248688,TB
mendeley_tb_01712,0.9566293209791183,TB
mendeley_tb_01713,0.9553225487470627,TB
mendeley_tb_01714,0.9236537665128708,TB
mendeley_tb_01715,0.8464573472738266,TB
mendeley_tb_01716,0.9076410084962845,TB
mendeley_tb_01717,0.956093966960907,TB
mendeley_tb_01718,0.8817965686321259,TB
mendeley_tb_01719,0.7240561991930008,TB
mendeley_tb_01720,0.5339199490845203,TB
mendeley_tb_01721,0.9553506970405579,TB
mendeley_tb_01722,0.9542899280786514,TB
mendeley_tb_01723,0.9430475533008575,TB
mendeley_tb_01724,0.9263046532869339,TB
mendeley_tb_01725,0.957133874297142,TB
mendeley_tb_01726,0.9623183161020279,TB
mendeley_tb_01727,0.9081016182899475,TB
mendeley_tb_01728,0.901868537068367,TB
mendeley_tb_01729,0.9541683495044708,TB
mendeley_tb_01730,0.9628765881061554,TB
mendeley_tb_01731,0.9478746652603149,TB
mendeley_tb_01732,0.7103601433336735,TB
mendeley_tb_01733,0.9228696078062057,TB
mendeley_tb_01734,0.8724376857280731,TB
mendeley_tb_01735,0.970035582780838,TB
mendeley_tb_01736,0.9551941007375717,TB
mendeley_tb_01737,0.9343170523643494,TB
mendeley_tb_01738,0.9377650320529938,TB
mendeley_tb_01739,0.941581130027771,TB
mendeley_tb_01740,0.9689081311225891,TB
mendeley_tb_01741,0.9616315215826035,TB
mendeley_tb_01742,0.948842391371727,TB
mendeley_tb_01743,0.9123769104480743,TB
mendeley_tb_01744,0.9639001190662384,TB
mendeley_tb_01745,0.6036655828356743,TB
mendeley_tb_01746,0.9092809706926346,TB
mendeley_tb_01747,0.8782207369804382,TB
mendeley_tb_01748,0.946382999420166,TB
mendeley_tb_01749,0.9104869216680527,TB
mendeley_tb_01750,0.6244679987430573,TB
mendeley_tb_01751,0.9422801285982132,TB
mendeley_tb_01752,0.960787445306778,TB
mendeley_tb_01753,0.8368999809026718,TB
mendeley_tb_01754,0.9233039319515228,TB
mendeley_tb_01755,0.9594188034534454,TB
mendeley_tb_01756,0.9556424170732498,TB
mendeley_tb_01757,0.9322123229503632,TB
mendeley_tb_01758,0.9297419339418411,TB
mendeley_tb_01759,0.9071962386369705,TB
mendeley_tb_01760,0.8290733247995377,TB
mendeley_tb_01761,0.9449190050363541,TB
mendeley_tb_01762,0.8913455903530121,TB
mendeley_tb_01763,0.9074292331933975,TB
mendeley_tb_01764,0.8835311383008957,TB
mendeley_tb_01765,0.5124258995056152,TB
mendeley_tb_01766,0.9432133734226227,TB
mendeley_tb_01767,0.8618315607309341,TB
mendeley_tb_01768,0.9598167240619659,TB
mendeley_tb_01769,0.9661950320005417,TB
mendeley_tb_01770,0.8894971460103989,TB
mendeley_tb_01771,0.9700293987989426,TB
mendeley_tb_01772,0.9707480818033218,TB
mendeley_tb_01773,0.8531358391046524,TB
mendeley_tb_01774,0.9371224492788315,TB
mendeley_tb_01775,0.8291986137628555,TB
mendeley_tb_01776,0.9532230943441391,TB
mendeley_tb_01777,0.9664054661989212,TB
mendeley_tb_01778,0.951829269528389,TB
mendeley_tb_01779,0.9549642503261566,TB
mendeley_tb_01780,0.8633396178483963,TB
mendeley_tb_01781,0.9647055417299271,TB
mendeley_tb_01782,0.9713568687438965,TB
mendeley_tb_01783,0.9755281358957291,TB
mendeley_tb_01784,0.37040446139872074,Normal
mendeley_tb_01785,0.9192961305379868,TB
mendeley_tb_01786,0.8731492161750793,TB
mendeley_tb_01787,0.7907643169164658,TB
mendeley_tb_01788,0.9686899334192276,TB
mendeley_tb_01789,0.9235821664333344,TB
mendeley_tb_01790,0.9556285589933395,TB
mendeley_tb_01791,0.8978611379861832,TB
mendeley_tb_01792,0.9566098898649216,TB
mendeley_tb_01793,0.9157557189464569,TB
mendeley_tb_01794,0.9645480662584305,TB
mendeley_tb_01795,0.8233710527420044,TB
mendeley_tb_01796,0.8798719346523285,TB
mendeley_tb_01797,0.7633444964885712,TB
mendeley_tb_01798,0.9437223672866821,TB
mendeley_tb_01799,0.9186071306467056,TB
mendeley_tb_01800,0.9132577627897263,TB
mendeley_tb_01801,0.9015017151832581,TB
mendeley_tb_01802,0.9212194979190826,TB
mendeley_tb_01803,0.9365211427211761,TB
mendeley_tb_01804,0.9224225431680679,TB
mendeley_tb_01805,0.8881874680519104,TB
mendeley_tb_01806,0.9329007863998413,TB
mendeley_tb_01807,0.7469766736030579,TB
mendeley_tb_01808,0.8361178934574127,TB
mendeley_tb_01809,0.9408937990665436,TB
mendeley_tb_01810,0.934309333562851,TB
mendeley_tb_01811,0.9518279880285263,TB
mendeley_tb_01812,0.9013132601976395,TB
mendeley_tb_01813,0.9663672298192978,TB
mendeley_tb_01814,0.9359195679426193,TB
mendeley_tb_01815,0.9248656332492828,TB
mendeley_tb_01816,0.9205475002527237,TB
mendeley_tb_01817,0.9665723145008087,TB
mendeley_tb_01818,0.9250195771455765,TB
mendeley_tb_01819,0.6899558715522289,TB
mendeley_tb_01820,0.9447191059589386,TB
mendeley_tb_01821,0.9518487006425858,TB
mendeley_tb_01822,0.9446223974227905,TB
mendeley_tb_01823,0.9570116400718689,TB
mendeley_tb_01824,0.8544132709503174,TB
mendeley_tb_01825,0.9579358249902725,TB
mendeley_tb_01826,0.96274134516716,TB
mendeley_tb_01827,0.827337846159935,TB
mendeley_tb_01828,0.8049127757549286,TB
mendeley_tb_01829,0.7679067850112915,TB
mendeley_tb_01830,0.9155764430761337,TB
mendeley_tb_01831,0.955257385969162,TB
mendeley_tb_01832,0.9675451219081879,TB
mendeley_tb_01833,0.5958562046289444,TB
mendeley_tb_01834,0.9600203931331635,TB
mendeley_tb_01835,0.8779905140399933,TB
mendeley_tb_01836,0.9251790791749954,TB
mendeley_tb_01837,0.950585350394249,TB
mendeley_tb_01838,0.9422347694635391,TB
mendeley_tb_01839,0.9415226727724075,TB
mendeley_tb_01840,0.9351945668458939,TB
mendeley_tb_01841,0.9455803632736206,TB
mendeley_tb_01842,0.970772385597229,TB
mendeley_tb_01843,0.979233592748642,TB
mendeley_tb_01844,0.9441855400800705,TB
mendeley_tb_01845,0.9740319103002548,TB
mendeley_tb_01846,0.7873523086309433,TB
mendeley_tb_01847,0.9467659592628479,TB
mendeley_tb_01848,0.9692602306604385,TB
mendeley_tb_01849,0.9527380615472794,TB
mendeley_tb_01850,0.928397610783577,TB
mendeley_tb_01851,0.7590107619762421,TB
mendeley_tb_01852,0.9199040830135345,TB
mendeley_tb_01853,0.6172441709786654,TB
mendeley_tb_01854,0.9426802843809128,TB
mendeley_tb_01855,0.9479363113641739,TB
mendeley_tb_01856,0.9615074992179871,TB
mendeley_tb_01857,0.9223926067352295,TB
mendeley_tb_01858,0.8860593885183334,TB
mendeley_tb_01859,0.8823286145925522,TB
mendeley_tb_01860,0.7748012244701385,TB
mendeley_tb_01861,0.9072020649909973,TB
mendeley_tb_01862,0.960743173956871,TB
mendeley_tb_01863,0.7094898223876953,TB
mendeley_tb_01864,0.9569732844829559,TB
mendeley_tb_01865,0.9246586263179779,TB
mendeley_tb_01866,0.9385956674814224,TB
mendeley_tb_01867,0.9351086765527725,TB
mendeley_tb_01868,0.958833858370781,TB
mendeley_tb_01869,0.8819212317466736,TB
mendeley_tb_01870,0.912594735622406,TB
mendeley_tb_01871,0.5913846269249916,TB
mendeley_tb_01872,0.9395080208778381,TB
mendeley_tb_01873,0.8490190356969833,TB
mendeley_tb_01874,0.9703317731618881,TB
mendeley_tb_01875,0.8996121734380722,TB
mendeley_tb_01876,0.7867693305015564,TB
mendeley_tb_01877,0.957873672246933,TB
mendeley_tb_01878,0.8711293786764145,TB
mendeley_tb_01879,0.9623338878154755,TB
mendeley_tb_01880,0.8878516107797623,TB
mendeley_tb_01881,0.9518488943576813,TB
mendeley_tb_01882,0.9723613858222961,TB
mendeley_tb_01883,0.913984939455986,TB
mendeley_tb_01884,0.9761208295822144,TB
mendeley_tb_01885,0.9660856425762177,TB
mendeley_tb_01886,0.9144274890422821,TB
mendeley_tb_01887,0.6532975807785988,TB
mendeley_tb_01888,0.9809346199035645,TB
mendeley_tb_01889,0.9621073752641678,TB
mendeley_tb_01890,0.9412142336368561,TB
mendeley_tb_01891,0.9166846126317978,TB
mendeley_tb_01892,0.9622916132211685,TB
mendeley_tb_01893,0.9687646627426147,TB
mendeley_tb_01894,0.9414511770009995,TB
mendeley_tb_01895,0.935667023062706,TB
mendeley_tb_01896,0.9066372960805893,TB
mendeley_tb_01897,0.9195188581943512,TB
mendeley_tb_01898,0.9778980761766434,TB
mendeley_tb_01899,0.8790634572505951,TB
mendeley_tb_01900,0.9432651996612549,TB
mendeley_tb_01901,0.9026747345924377,TB
mendeley_tb_01902,0.7232922911643982,TB
mendeley_tb_01903,0.947455957531929,TB
mendeley_tb_01904,0.9278764724731445,TB
mendeley_tb_01905,0.940235435962677,TB
mendeley_tb_01906,0.911774143576622,TB
mendeley_tb_01907,0.9245501309633255,TB
mendeley_tb_01908,0.9614171087741852,TB
mendeley_tb_01909,0.9681260585784912,TB
mendeley_tb_01910,0.8808591663837433,TB
mendeley_tb_01911,0.9688464552164078,TB
mendeley_tb_01912,0.9008683115243912,TB
mendeley_tb_01913,0.6817482970654964,TB
mendeley_tb_01914,0.9223343729972839,TB
mendeley_tb_01915,0.968237042427063,TB
mendeley_tb_01916,0.9687450528144836,TB
mendeley_tb_01917,0.9173688888549805,TB
mendeley_tb_01918,0.7844926565885544,TB
mendeley_tb_01919,0.8562854826450348,TB
mendeley_tb_01920,0.855049803853035,TB
mendeley_tb_01921,0.8797272890806198,TB
mendeley_tb_01922,0.9615495800971985,TB
mendeley_tb_01923,0.8091255873441696,TB
mendeley_tb_01924,0.9538650363683701,TB
mendeley_tb_01925,0.8968612551689148,TB
mendeley_tb_01926,0.934336319565773,TB
mendeley_tb_01927,0.9122567623853683,TB
mendeley_tb_01928,0.9334691166877747,TB
mendeley_tb_01929,0.7742035239934921,TB
mendeley_tb_01930,0.868845745921135,TB
mendeley_tb_01931,0.9727418124675751,TB
mendeley_tb_01932,0.941785991191864,TB
mendeley_tb_01933,0.9459230154752731,TB
mendeley_tb_01934,0.9135346710681915,TB
mendeley_tb_01935,0.8865978270769119,TB
mendeley_tb_01936,0.8640032559633255,TB
mendeley_tb_01937,0.856568455696106,TB
mendeley_tb_01938,0.9531782120466232,TB
mendeley_tb_01939,0.7729556113481522,TB
mendeley_tb_01940,0.7251369208097458,TB
mendeley_tb_01941,0.9241114258766174,TB
mendeley_tb_01942,0.9322029203176498,TB
mendeley_tb_01943,0.8870399445295334,TB
mendeley_tb_01944,0.6658620834350586,TB
mendeley_tb_01945,0.9486585706472397,TB
mendeley_tb_01946,0.9617299437522888,TB
mendeley_tb_01947,0.8960199654102325,TB
mendeley_tb_01948,0.9597874879837036,TB
mendeley_tb_01949,0.9709555953741074,TB
mendeley_tb_01950,0.4947330579161644,Normal
mendeley_tb_01951,0.9697582125663757,TB
mendeley_tb_01952,0.9777735471725464,TB
mendeley_tb_01953,0.9341996163129807,TB
mendeley_tb_01954,0.91532102227211,TB
mendeley_tb_01955,0.5317901596426964,TB
mendeley_tb_01956,0.8674998432397842,TB
mendeley_tb_01957,0.9321974664926529,TB
mendeley_tb_01958,0.9058773219585419,TB
mendeley_tb_01959,0.9065975993871689,TB
mendeley_tb_01960,0.9634729623794556,TB
mendeley_tb_01961,0.858643040060997,TB
mendeley_tb_01962,0.9223914742469788,TB
mendeley_tb_01963,0.924364760518074,TB
mendeley_tb_01964,0.9283722937107086,TB
mendeley_tb_01965,0.6881895661354065,TB
mendeley_tb_01966,0.916089728474617,TB
mendeley_tb_01967,0.960457980632782,TB
mendeley_tb_01968,0.8367221653461456,TB
mendeley_tb_01969,0.9512320756912231,TB
mendeley_tb_01970,0.8868183046579361,TB
mendeley_tb_01971,0.8981886357069016,TB
mendeley_tb_01972,0.9582162201404572,TB
mendeley_tb_01973,0.7666267603635788,TB
mendeley_tb_01974,0.8429777920246124,TB
mendeley_tb_01975,0.624209463596344,TB
mendeley_tb_01976,0.9448189735412598,TB
mendeley_tb_01977,0.9575878828763962,TB
mendeley_tb_01978,0.9476878494024277,TB
mendeley_tb_01979,0.8897362947463989,TB
mendeley_tb_01980,0.9780681133270264,TB
mendeley_tb_01981,0.9679883271455765,TB
mendeley_tb_01982,0.9382758140563965,TB
mendeley_tb_01983,0.9285889267921448,TB
mendeley_tb_01984,0.9560692608356476,TB
mendeley_tb_01985,0.9758076518774033,TB
mendeley_tb_01986,0.9489575922489166,TB
mendeley_tb_01987,0.9794272184371948,TB
mendeley_tb_01988,0.9774830341339111,TB
mendeley_tb_01989,0.9611257016658783,TB
mendeley_tb_01990,0.9729225337505341,TB
mendeley_tb_01991,0.951921284198761,TB
mendeley_tb_01992,0.9439661353826523,TB
mendeley_tb_01993,0.9566669315099716,TB
mendeley_tb_01994,0.8715318292379379,TB
mendeley_tb_01995,0.9691161066293716,TB
mendeley_tb_01996,0.9478162378072739,TB
mendeley_tb_01997,0.9496622532606125,TB
mendeley_tb_01998,0.9319667369127274,TB
mendeley_tb_01999,0.9259022176265717,TB
mendeley_tb_02000,0.9488253593444824,TB
mendeley_tb_02001,0.9639702290296555,TB
mendeley_tb_02002,0.9545718133449554,TB
mendeley_tb_02003,0.9347108900547028,TB
mendeley_tb_02004,0.9609139710664749,TB
mendeley_tb_02005,0.9686408936977386,TB
mendeley_tb_02006,0.5023772940039635,TB
mendeley_tb_02007,0.9452878832817078,TB
mendeley_tb_02008,0.939667746424675,TB
mendeley_tb_02009,0.9395870715379715,TB
mendeley_tb_02010,0.9218221604824066,TB
mendeley_tb_02011,0.9329926073551178,TB
mendeley_tb_02012,0.9725972563028336,TB
mendeley_tb_02013,0.9667210131883621,TB
mendeley_tb_02014,0.9149321019649506,TB
mendeley_tb_02015,0.9708560258150101,TB
mendeley_tb_02016,0.867653414607048,TB
mendeley_tb_02017,0.8502735197544098,TB
mendeley_tb_02018,0.9063127487897873,TB
mendeley_tb_02019,0.8418678045272827,TB
mendeley_tb_02020,0.9645319581031799,TB
mendeley_tb_02021,0.9363008886575699,TB
mendeley_tb_02022,0.9629056602716446,TB
mendeley_tb_02023,0.9419403970241547,TB
mendeley_tb_02024,0.9547435492277145,TB
mendeley_tb_02025,0.8696001321077347,TB
mendeley_tb_02026,0.9539405554533005,TB
mendeley_tb_02027,0.9377480745315552,TB
mendeley_tb_02028,0.9424241185188293,TB
mendeley_tb_02029,0.9768831878900528,TB
mendeley_tb_02030,0.9341939985752106,TB
mendeley_tb_02031,0.9656661152839661,TB
mendeley_tb_02032,0.9593161195516586,TB
mendeley_tb_02033,0.7625098824501038,TB
mendeley_tb_02034,0.9626970440149307,TB
mendeley_tb_02035,0.9480747729539871,TB
mendeley_tb_02036,0.9633486866950989,TB
mendeley_tb_02037,0.9671303033828735,TB
mendeley_tb_02038,0.9703515768051147,TB
mendeley_tb_02039,0.7391497418284416,TB
mendeley_tb_02040,0.9485728591680527,TB
mendeley_tb_02041,0.9504050761461258,TB
mendeley_tb_02042,0.9251549690961838,TB
mendeley_tb_02043,0.9497223347425461,TB
mendeley_tb_02044,0.9602158516645432,TB
mendeley_tb_02045,0.9607484042644501,TB
mendeley_tb_02046,0.962236151099205,TB
mendeley_tb_02047,0.9645368605852127,TB
mendeley_tb_02048,0.9557352662086487,TB
mendeley_tb_02049,0.9784966260194778,TB
mendeley_tb_02050,0.8813200742006302,TB
mendeley_tb_02051,0.9481776803731918,TB
mendeley_tb_02052,0.9559465050697327,TB
mendeley_tb_02053,0.9161076843738556,TB
mendeley_tb_02054,0.8774403035640717,TB
mendeley_tb_02055,0.9700815975666046,TB
mendeley_tb_02056,0.9503653943538666,TB
mendeley_tb_02057,0.9784998148679733,TB
mendeley_tb_02058,0.7918688356876373,TB
mendeley_tb_02059,0.9483364820480347,TB
mendeley_tb_02060,0.9547904878854752,TB
mendeley_tb_02061,0.9644127935171127,TB
mendeley_tb_02062,0.8952230513095856,TB
mendeley_tb_02063,0.9710586667060852,TB
mendeley_tb_02064,0.9308648407459259,TB
mendeley_tb_02065,0.9759852141141891,TB
mendeley_tb_02066,0.96495720744133,TB
mendeley_tb_02067,0.9650437235832214,TB
mendeley_tb_02068,0.8271240293979645,TB
mendeley_tb_02069,0.9010211080312729,TB
mendeley_tb_02070,0.7476955950260162,TB
mendeley_tb_02071,0.9039038270711899,TB
mendeley_tb_02072,0.9252981543540955,TB
mendeley_tb_02073,0.9508782476186752,TB
mendeley_tb_02074,0.9480486065149307,TB
mendeley_tb_02075,0.8455750197172165,TB
mendeley_tb_02076,0.9699848741292953,TB
mendeley_tb_02077,0.8485164642333984,TB
mendeley_tb_02078,0.954014778137207,TB
mendeley_tb_02079,0.8288272023200989,TB
mendeley_tb_02080,0.9553509801626205,TB
mendeley_tb_02081,0.9306706488132477,TB
mendeley_tb_02082,0.9516298323869705,TB
mendeley_tb_02083,0.9338143020868301,TB
mendeley_tb_02084,0.7016204223036766,TB
mendeley_tb_02085,0.9565778076648712,TB
mendeley_tb_02086,0.9704302698373795,TB
mendeley_tb_02087,0.9585088640451431,TB
mendeley_tb_02088,0.9655232727527618,TB
mendeley_tb_02089,0.9781316369771957,TB
mendeley_tb_02090,0.9716086983680725,TB
mendeley_tb_02091,0.9697076976299286,TB
mendeley_tb_02092,0.9614767730236053,TB
mendeley_tb_02093,0.9296769946813583,TB
mendeley_tb_02094,0.9811532199382782,TB
mendeley_tb_02095,0.7401078641414642,TB
mendeley_tb_02096,0.7675537019968033,TB
mendeley_tb_02097,0.9758589565753937,TB
mendeley_tb_02098,0.9597263038158417,TB
mendeley_tb_02099,0.9327237606048584,TB
mendeley_tb_02100,0.6949367895722389,TB
mendeley_tb_02101,0.9394017904996872,TB
mendeley_tb_02102,0.9541894346475601,TB
mendeley_tb_02103,0.9305588752031326,TB
mendeley_tb_02104,0.9321335405111313,TB
mendeley_tb_02105,0.9584053605794907,TB
mendeley_tb_02106,0.9733904898166656,TB
mendeley_tb_02107,0.9784806966781616,TB
mendeley_tb_02108,0.9060502350330353,TB
mendeley_tb_02109,0.9757545590400696,TB
mendeley_tb_02110,0.9225617498159409,TB
mendeley_tb_02111,0.9620085656642914,TB
mendeley_tb_02112,0.9750010967254639,TB
mendeley_tb_02113,0.8914669156074524,TB
mendeley_tb_02114,0.9505893737077713,TB
mendeley_tb_02115,0.922262117266655,TB
mendeley_tb_02116,0.9393503069877625,TB
mendeley_tb_02117,0.9272571206092834,TB
mendeley_tb_02118,0.9706539213657379,TB
mendeley_tb_02119,0.9540807157754898,TB
mendeley_tb_02120,0.9663457572460175,TB
mendeley_tb_02121,0.9232781827449799,TB
mendeley_tb_02122,0.9595237672328949,TB
mendeley_tb_02123,0.939734548330307,TB
mendeley_tb_02124,0.9215245842933655,TB
mendeley_tb_02125,0.9286612570285797,TB
mendeley_tb_02126,0.9613393247127533,TB
mendeley_tb_02127,0.9197070151567459,TB
mendeley_tb_02128,0.8361035138368607,TB
mendeley_tb_02129,0.9481421560049057,TB
mendeley_tb_02130,0.9671140611171722,TB
mendeley_tb_02131,0.9393503069877625,TB
mendeley_tb_02132,0.9429027438163757,TB
mendeley_tb_02133,0.9189097285270691,TB
mendeley_tb_02134,0.9519928842782974,TB
mendeley_tb_02135,0.9129749685525894,TB
mendeley_tb_02136,0.9583969265222549,TB
mendeley_tb_02137,0.9777175486087799,TB
mendeley_tb_02138,0.9506277441978455,TB
mendeley_tb_02139,0.9360158741474152,TB
mendeley_tb_02140,0.9440467208623886,TB
mendeley_tb_02141,0.9564871937036514,TB
mendeley_tb_02142,0.9715684503316879,TB
mendeley_tb_02143,0.9719422608613968,TB
mendeley_tb_02144,0.652240514755249,TB
mendeley_tb_02145,0.8024431616067886,TB
mendeley_tb_02146,0.9540807157754898,TB
mendeley_tb_02147,0.9776614606380463,TB
mendeley_tb_02148,0.9707891196012497,TB
mendeley_tb_02149,0.9727485924959183,TB
mendeley_tb_02150,0.9619241058826447,TB
mendeley_tb_02151,0.9654351025819778,TB
mendeley_tb_02152,0.9481421560049057,TB
mendeley_tb_02153,0.9598630517721176,TB
mendeley_tb_02154,0.9497560411691666,TB
mendeley_tb_02155,0.9755252152681351,TB
mendeley_tb_02156,0.8889161646366119,TB
mendeley_tb_02157,0.9828980416059494,TB
mendeley_tb_02158,0.9503481388092041,TB
mendeley_tb_02159,0.9737836718559265,TB
mendeley_tb_02160,0.9499116241931915,TB
mendeley_tb_02161,0.718938522040844,TB
mendeley_tb_02162,0.9512934684753418,TB
mendeley_tb_02163,0.9335795938968658,TB
mendeley_tb_02164,0.935608521103859,TB
mendeley_tb_02165,0.966767206788063,TB
mendeley_tb_02166,0.954065665602684,TB
mendeley_tb_02167,0.8832011371850967,TB
mendeley_tb_02168,0.9785574376583099,TB
mendeley_tb_02169,0.8839238435029984,TB
mendeley_tb_02170,0.6718863323330879,TB
mendeley_tb_02171,0.9528668373823166,TB
mendeley_tb_02172,0.9647273570299149,TB
mendeley_tb_02173,0.8553258627653122,TB
mendeley_tb_02174,0.9146139174699783,TB
mendeley_tb_02175,0.962607130408287,TB
mendeley_tb_02176,0.8878434151411057,TB
mendeley_tb_02177,0.9570531398057938,TB
mendeley_tb_02178,0.9528668373823166,TB
mendeley_tb_02179,0.8832011371850967,TB
mendeley_tb_02180,0.9498748779296875,TB
mendeley_tb_02181,0.962607130408287,TB
mendeley_tb_02182,0.8619725853204727,TB
mendeley_tb_02183,0.9504974633455276,TB
mendeley_tb_02184,0.4756492134183645,Normal
mendeley_tb_02185,0.9767245799303055,TB
mendeley_tb_02186,0.9435145109891891,TB
mendeley_tb_02187,0.9498748779296875,TB
mendeley_tb_02188,0.9724908471107483,TB
mendeley_tb_02189,0.9435145109891891,TB
mendeley_tb_02190,0.7791788280010223,TB
mendeley_tb_02191,0.9036722332239151,TB
mendeley_tb_02192,0.9718900769948959,TB
mendeley_tb_02193,0.8595775216817856,TB
mendeley_tb_02194,0.9117289036512375,TB
mendeley_tb_02195,0.8980986177921295,TB
mendeley_tb_02196,0.9351096749305725,TB
mendeley_tb_02197,0.8595775216817856,TB
mendeley_tb_02198,0.9432074427604675,TB
mendeley_tb_02199,0.9318934679031372,TB
mendeley_tb_02200,0.933341383934021,TB
mendeley_tb_02201,0.9735683798789978,TB
mendeley_tb_02202,0.9647273570299149,TB
mendeley_tb_02203,0.9675097614526749,TB
mendeley_tb_02204,0.6718863323330879,TB
mendeley_tb_02205,0.9504974633455276,TB
mendeley_tb_02206,0.9287885576486588,TB
mendeley_tb_02207,0.8619725853204727,TB
mendeley_tb_02208,0.9695961475372314,TB
mendeley_tb_02209,0.9696920812129974,TB
mendeley_tb_02210,0.7791788280010223,TB
mendeley_tb_02211,0.9396616071462631,TB
mendeley_tb_02212,0.954065665602684,TB
mendeley_tb_02213,0.9686260521411896,TB
mendeley_tb_02214,0.9742787778377533,TB
mendeley_tb_02215,0.9547922760248184,TB
mendeley_tb_02216,0.9671218991279602,TB
mendeley_tb_02217,0.7957727909088135,TB
mendeley_tb_02218,0.9565909951925278,TB
mendeley_tb_02219,0.957230344414711,TB
mendeley_tb_02220,0.9695961475372314,TB
mendeley_tb_02221,0.9570531398057938,TB
mendeley_tb_02222,0.9785574376583099,TB
mendeley_tb_02223,0.9631007313728333,TB
mendeley_tb_02224,0.9461122155189514,TB
mendeley_tb_02225,0.96048504114151,TB
mendeley_tb_02226,0.9051711410284042,TB
mendeley_tb_02227,0.9252779632806778,TB
mendeley_tb_02228,0.8877993673086166,TB
mendeley_tb_02229,0.9682927280664444,TB
mendeley_tb_02230,0.9206044971942902,TB
mendeley_tb_02231,0.948111280798912,TB
mendeley_tb_02232,0.9362691640853882,TB
mendeley_tb_02233,0.9610028862953186,TB
mendeley_tb_02234,0.9750604182481766,TB
mendeley_tb_02235,0.9664290696382523,TB
mendeley_tb_02236,0.8954159170389175,TB
mendeley_tb_02237,0.9047428220510483,TB
mendeley_tb_02238,0.8909934759140015,TB
mendeley_tb_02239,0.9550042897462845,TB
mendeley_tb_02240,0.9487001895904541,TB
mendeley_tb_02241,0.8750625252723694,TB
mendeley_tb_02242,0.8982330113649368,TB
mendeley_tb_02243,0.959617093205452,TB
mendeley_tb_02244,0.9471560567617416,TB
mendeley_tb_02245,0.9396256059408188,TB
mendeley_tb_02246,0.9265327155590057,TB
mendeley_tb_02247,0.8623358011245728,TB
mendeley_tb_02248,0.7902560383081436,TB
mendeley_tb_02249,0.9682927280664444,TB
mendeley_tb_02250,0.8191232681274414,TB
mendeley_tb_02251,0.8108755946159363,TB
mendeley_tb_02252,0.9623765796422958,TB
mendeley_tb_02253,0.9638005048036575,TB
mendeley_tb_02254,0.8876697421073914,TB
mendeley_tb_02255,0.8851531594991684,TB
mendeley_tb_02256,0.9092899262905121,TB
mendeley_tb_02257,0.9498275518417358,TB
mendeley_tb_02258,0.8732564300298691,TB
mendeley_tb_02259,0.9149260371923447,TB
mendeley_tb_02260,0.934760570526123,TB
mendeley_tb_02261,0.9723767042160034,TB
mendeley_tb_02262,0.8909934759140015,TB
mendeley_tb_02263,0.8788085877895355,TB
mendeley_tb_02264,0.7878156900405884,TB
mendeley_tb_02265,0.8780504465103149,TB
mendeley_tb_02266,0.9646857380867004,TB
mendeley_tb_02267,0.9621123820543289,TB
mendeley_tb_02268,0.9693405777215958,TB
mendeley_tb_02269,0.965715616941452,TB
mendeley_tb_02270,0.9096815437078476,TB
mendeley_tb_02271,0.9676836133003235,TB
mendeley_tb_02272,0.9428167045116425,TB
mendeley_tb_02273,0.9247021526098251,TB
mendeley_tb_02274,0.9148959070444107,TB
mendeley_tb_02275,0.9629926532506943,TB
mendeley_tb_02276,0.934858500957489,TB
mendeley_tb_02277,0.937887892127037,TB
mendeley_tb_02278,0.9014420062303543,TB
mendeley_tb_02279,0.975856825709343,TB
mendeley_tb_02280,0.9393254369497299,TB
mendeley_tb_02281,0.9204860478639603,TB
mendeley_tb_02282,0.9529893696308136,TB
mendeley_tb_02283,0.9343653172254562,TB
mendeley_tb_02284,0.784071296453476,TB
mendeley_tb_02285,0.8566879630088806,TB
mendeley_tb_02286,0.9800148159265518,TB
mendeley_tb_02287,0.8740869462490082,TB
mendeley_tb_02288,0.9732966125011444,TB
mendeley_tb_02289,0.9435998797416687,TB
mendeley_tb_02290,0.9607350826263428,TB
mendeley_tb_02291,0.9535070508718491,TB
mendeley_tb_02292,0.9299119710922241,TB
mendeley_tb_02293,0.9577146768569946,TB
mendeley_tb_02294,0.9018283635377884,TB
mendeley_tb_02295,0.9157824963331223,TB
mendeley_tb_02296,0.9651438295841217,TB
mendeley_tb_02297,0.947791799902916,TB
mendeley_tb_02298,0.7204089164733887,TB
mendeley_tb_02299,0.9693699181079865,TB
mendeley_tb_02300,0.9426692426204681,TB
mendeley_tb_02301,0.9569913297891617,TB
mendeley_tb_02302,0.8342938870191574,TB
mendeley_tb_02303,0.9663423746824265,TB
mendeley_tb_02304,0.9540839344263077,TB
mendeley_tb_02305,0.942917138338089,TB
mendeley_tb_02306,0.9675289988517761,TB
mendeley_tb_02307,0.9559449255466461,TB
mendeley_tb_02308,0.9745716750621796,TB
mendeley_tb_02309,0.9544227123260498,TB
mendeley_tb_02310,0.9099809378385544,TB
mendeley_tb_02311,0.9431788623332977,TB
mendeley_tb_02312,0.9447514563798904,TB
mendeley_tb_02313,0.9742512404918671,TB
mendeley_tb_02314,0.9389350265264511,TB
mendeley_tb_02315,0.8770042061805725,TB
mendeley_tb_02316,0.9361161291599274,TB
mendeley_tb_02317,0.9211132228374481,TB
mendeley_tb_02318,0.9642703086137772,TB
mendeley_tb_02319,0.9281460046768188,TB
mendeley_tb_02320,0.8186012208461761,TB
mendeley_tb_02321,0.8859821408987045,TB
mendeley_tb_02322,0.9509619176387787,TB
mendeley_tb_02323,0.9742202162742615,TB
mendeley_tb_02324,0.9222772121429443,TB
mendeley_tb_02325,0.9175751209259033,TB
mendeley_tb_02326,0.9273047149181366,TB
mendeley_tb_02327,0.9636631309986115,TB
mendeley_tb_02328,0.9164891093969345,TB
mendeley_tb_02329,0.8407315760850906,TB
mendeley_tb_02330,0.9463261216878891,TB
mendeley_tb_02331,0.8653161227703094,TB
mendeley_tb_02332,0.8003358393907547,TB
mendeley_tb_02333,0.9478484243154526,TB
mendeley_tb_02334,0.9692708849906921,TB
mendeley_tb_02335,0.9442801177501678,TB
mendeley_tb_02336,0.9363314807415009,TB
mendeley_tb_02337,0.9589633494615555,TB
mendeley_tb_02338,0.9625577479600906,TB
mendeley_tb_02339,0.9560669809579849,TB
mendeley_tb_02340,0.9585684686899185,TB
mendeley_tb_02341,0.950421541929245,TB
mendeley_tb_02342,0.9705120623111725,TB
mendeley_tb_02343,0.5631322450935841,TB
mendeley_tb_02344,0.8440811187028885,TB
mendeley_tb_02345,0.9717951416969299,TB
mendeley_tb_02346,0.964411661028862,TB
mendeley_tb_02347,0.9067972600460052,TB
mendeley_tb_02348,0.960013672709465,TB
mendeley_tb_02349,0.9679204523563385,TB
mendeley_tb_02350,0.9613623172044754,TB
mendeley_tb_02351,0.9473174661397934,TB
mendeley_tb_02352,0.9475073367357254,TB
mendeley_tb_02353,0.6628345772624016,TB
mendeley_tb_02354,0.8887251019477844,TB
mendeley_tb_02355,0.7860694378614426,TB
mendeley_tb_02356,0.899900421500206,TB
mendeley_tb_02357,0.8000846207141876,TB
mendeley_tb_02358,0.9159105271100998,TB
mendeley_tb_02359,0.9618014693260193,TB
mendeley_tb_02360,0.9667998254299164,TB
mendeley_tb_02361,0.9244626611471176,TB
mendeley_tb_02362,0.9398271441459656,TB
mendeley_tb_02363,0.6770445704460144,TB
mendeley_tb_02364,0.9719534367322922,TB
mendeley_tb_02365,0.9071772694587708,TB
mendeley_tb_02366,0.9695699661970139,TB
mendeley_tb_02367,0.9672291278839111,TB
mendeley_tb_02368,0.8520147204399109,TB
mendeley_tb_02369,0.928635761141777,TB
mendeley_tb_02370,0.9384424388408661,TB
mendeley_tb_02371,0.9339564442634583,TB
mendeley_tb_02372,0.9697921872138977,TB
mendeley_tb_02373,0.9528590589761734,TB
mendeley_tb_02374,0.6360975466668606,TB
mendeley_tb_02375,0.9597605168819427,TB
mendeley_tb_02376,0.8959329128265381,TB
mendeley_tb_02377,0.9364510476589203,TB
mendeley_tb_02378,0.9389395117759705,TB
mendeley_tb_02379,0.9609029740095139,TB
mendeley_tb_02380,0.9540504813194275,TB
mendeley_tb_02381,0.9687105417251587,TB
mendeley_tb_02382,0.9431756138801575,TB
mendeley_tb_02383,0.8756066709756851,TB
mendeley_tb_02384,0.9485795050859451,TB
mendeley_tb_02385,0.9508127570152283,TB
mendeley_tb_02386,0.8988116383552551,TB
mendeley_tb_02387,0.9431654959917068,TB
mendeley_tb_02388,0.967675119638443,TB
mendeley_tb_02389,0.9442227482795715,TB
mendeley_tb_02390,0.8623725771903992,TB
mendeley_tb_02391,0.962192565202713,TB
mendeley_tb_02392,0.9695351123809814,TB
mendeley_tb_02393,0.9628977328538895,TB
mendeley_tb_02394,0.9720652252435684,TB
mendeley_tb_02395,0.954937607049942,TB
mendeley_tb_02396,0.8795630931854248,TB
mendeley_tb_02397,0.9606582671403885,TB
mendeley_tb_02398,0.8978341072797775,TB
mendeley_tb_02399,0.9532227516174316,TB
mendeley_tb_02400,0.9234396517276764,TB
mendeley_tb_02401,0.9457568824291229,TB
mendeley_tb_02402,0.9459664076566696,TB
mendeley_tb_02403,0.9218685030937195,TB
mendeley_tb_02404,0.9394047558307648,TB
mendeley_tb_02405,0.7805199325084686,TB
mendeley_tb_02406,0.8792198002338409,TB
mendeley_tb_02407,0.9561903029680252,TB
mendeley_tb_02408,0.8711840659379959,TB
mendeley_tb_02409,0.9487988352775574,TB
mendeley_tb_02410,0.967083141207695,TB
mendeley_tb_02411,0.8650961369276047,TB
mendeley_tb_02412,0.947768822312355,TB
mendeley_tb_02413,0.9327278286218643,TB
mendeley_tb_02414,0.8495364934206009,TB
mendeley_tb_02415,0.9587054699659348,TB
mendeley_tb_02416,0.935749351978302,TB
mendeley_tb_02417,0.9600376486778259,TB
mendeley_tb_02418,0.9576445072889328,TB
mendeley_tb_02419,0.9275045096874237,TB
mendeley_tb_02420,0.9311646819114685,TB
mendeley_tb_02421,0.954864427447319,TB
mendeley_tb_02422,0.948961153626442,TB
mendeley_tb_02423,0.935044676065445,TB
mendeley_tb_02424,0.9821969121694565,TB
mendeley_tb_02425,0.9299454838037491,TB
mendeley_tb_02426,0.9272446036338806,TB
mendeley_tb_02427,0.8086440414190292,TB
mendeley_tb_02428,0.9035284221172333,TB
mendeley_tb_02429,0.7531327307224274,TB
mendeley_tb_02430,0.8891000896692276,TB
mendeley_tb_02431,0.8813799321651459,TB
mendeley_tb_02432,0.9453666359186172,TB
mendeley_tb_02433,0.953465536236763,TB
mendeley_tb_02434,0.9731715023517609,TB
mendeley_tb_02435,0.4641229137778282,Normal
mendeley_tb_02436,0.935255154967308,TB
mendeley_tb_02437,0.9688490480184555,TB
mendeley_tb_02438,0.8561366200447083,TB
mendeley_tb_02439,0.96248759329319,TB
mendeley_tb_02440,0.9670315235853195,TB
mendeley_tb_02441,0.9541947692632675,TB
mendeley_tb_02442,0.9657652676105499,TB
mendeley_tb_02443,0.9656028151512146,TB
mendeley_tb_02444,0.8040800616145134,TB
mendeley_tb_02445,0.9259578883647919,TB
mendeley_tb_02446,0.9691823720932007,TB
mendeley_tb_02447,0.9658164232969284,TB
mendeley_tb_02448,0.9778618365526199,TB
mendeley_tb_02449,0.9706434011459351,TB
mendeley_tb_02450,0.9473078101873398,TB
mendeley_tb_02451,0.9109034687280655,TB
mendeley_tb_02452,0.7268747612833977,TB
mendeley_tb_02453,0.9564454406499863,TB
mendeley_tb_02454,0.8929974734783173,TB
mendeley_tb_02455,0.9567932337522507,TB
mendeley_tb_02456,0.8374890834093094,TB
mendeley_tb_02457,0.9006446599960327,TB
mendeley_tb_02458,0.9308852702379227,TB
mendeley_tb_02459,0.9379336684942245,TB
mendeley_tb_02460,0.30261316150426865,Normal
mendeley_tb_02461,0.8852477818727493,TB
mendeley_tb_02462,0.9355371296405792,TB
mendeley_tb_02463,0.9424742460250854,TB
mendeley_tb_02464,0.9630497097969055,TB
mendeley_tb_02465,0.9504630714654922,TB
mendeley_tb_02466,0.7805247083306313,TB
mendeley_tb_02467,0.8423062562942505,TB
mendeley_tb_02468,0.9623206257820129,TB
mendeley_tb_02469,0.48225644789636135,Normal
mendeley_tb_02470,0.6834431663155556,TB
mendeley_tb_02471,0.9259229451417923,TB
mendeley_tb_02472,0.9625686407089233,TB
mendeley_tb_02473,0.6917241960763931,TB
mendeley_tb_02474,0.9558991342782974,TB
mendeley_tb_02475,0.9102490097284317,TB
mendeley_tb_02476,0.9724774807691574,TB
mendeley_tb_02477,0.9356928914785385,TB
mendeley_tb_02478,0.9573830813169479,TB
mendeley_tb_02479,0.9769602864980698,TB
mendeley_tb_02480,0.9710695743560791,TB
mendeley_tb_02481,0.9365981072187424,TB
mendeley_tb_02482,0.9327114075422287,TB
mendeley_tb_02483,0.8810002356767654,TB
mendeley_tb_02484,0.8344243317842484,TB
mendeley_tb_02485,0.5339585579931736,TB
mendeley_tb_02486,0.9635137617588043,TB
mendeley_tb_02487,0.9808049499988556,TB
mendeley_tb_02488,0.9674810171127319,TB
mendeley_tb_02489,0.8490530997514725,TB
mendeley_tb_02490,0.9545862823724747,TB
mendeley_tb_02491,0.8864831328392029,TB
mendeley_tb_02492,0.9521759301424026,TB
mendeley_tb_02493,0.8668870031833649,TB
