new_id,prob_tb,pred_TB/Normal
mendeley_normal_00000,0.9874523133039474,TB
mendeley_normal_00001,0.9000618308782578,TB
mendeley_normal_00002,0.9560430645942688,TB
mendeley_normal_00003,0.7489837557077408,TB
mendeley_normal_00004,0.8646832853555679,TB
mendeley_normal_00005,0.9657027721405029,TB
mendeley_normal_00006,0.9653578251600266,TB
mendeley_normal_00007,0.7712324261665344,TB
mendeley_normal_00008,0.99698506295681,TB
mendeley_normal_00009,0.9600779414176941,TB
mendeley_normal_00010,0.9206312000751495,TB
mendeley_normal_00011,0.9868213981389999,TB
mendeley_normal_00012,0.9294663220643997,TB
mendeley_normal_00013,0.9411029815673828,TB
mendeley_normal_00014,0.864275649189949,TB
mendeley_normal_00015,0.820942297577858,TB
mendeley_normal_00016,0.3091874308884144,Normal
mendeley_normal_00017,0.9061863869428635,TB
mendeley_normal_00018,0.9454495459794998,TB
mendeley_normal_00019,0.8764361292123795,TB
mendeley_normal_00020,0.7559561282396317,TB
mendeley_normal_00021,0.7888421937823296,TB
mendeley_normal_00022,0.45169249922037125,Normal
mendeley_normal_00023,0.7270497679710388,TB
mendeley_normal_00024,0.9404056370258331,TB
mendeley_normal_00025,0.9869637936353683,TB
mendeley_normal_00026,0.8830695897340775,TB
mendeley_normal_00027,0.9758488535881042,TB
mendeley_normal_00028,0.8874576985836029,TB
mendeley_normal_00029,0.8997800201177597,TB
mendeley_normal_00030,0.9056098163127899,TB
mendeley_normal_00031,0.8966893255710602,TB
mendeley_normal_00032,0.7744710966944695,TB
mendeley_normal_00033,0.9479318410158157,TB
mendeley_normal_00034,0.728154718875885,TB
mendeley_normal_00035,0.8636562377214432,TB
mendeley_normal_00036,0.9725741147994995,TB
mendeley_normal_00037,0.9031955599784851,TB
mendeley_normal_00038,0.8791825473308563,TB
mendeley_normal_00039,0.8779508024454117,TB
mendeley_normal_00040,0.8768724650144577,TB
mendeley_normal_00041,0.960401251912117,TB
mendeley_normal_00042,0.9664829224348068,TB
mendeley_normal_00043,0.9528340101242065,TB
mendeley_normal_00044,0.2878336198627949,Normal
mendeley_normal_00045,0.9390652030706406,TB
mendeley_normal_00046,0.8184323608875275,TB
mendeley_normal_00047,0.9687236398458481,TB
mendeley_normal_00048,0.8974805921316147,TB
mendeley_normal_00049,0.9600620269775391,TB
mendeley_normal_00050,0.9597909152507782,TB
mendeley_normal_00051,0.9265306144952774,TB
mendeley_normal_00052,0.7751893699169159,TB
mendeley_normal_00053,0.7620828226208687,TB
mendeley_normal_00054,0.8416629657149315,TB
mendeley_normal_00055,0.8587286472320557,TB
mendeley_normal_00056,0.6600112095475197,TB
mendeley_normal_00057,0.3900076560676098,Normal
mendeley_normal_00058,0.9692975878715515,TB
mendeley_normal_00059,0.9677337408065796,TB
mendeley_normal_00060,0.9335354864597321,TB
mendeley_normal_00061,0.9878910481929779,TB
mendeley_normal_00062,0.9176113158464432,TB
mendeley_normal_00063,0.789361834526062,TB
mendeley_normal_00064,0.9189995527267456,TB
mendeley_normal_00065,0.7205556556582451,TB
mendeley_normal_00066,0.8230679109692574,TB
mendeley_normal_00067,0.8039816841483116,TB
mendeley_normal_00068,0.6782002225518227,TB
mendeley_normal_00069,0.9107788503170013,TB
mendeley_normal_00070,0.9708307832479477,TB
mendeley_normal_00071,0.8197099566459656,TB
mendeley_normal_00072,0.9879756569862366,TB
mendeley_normal_00073,0.8657044023275375,TB
mendeley_normal_00074,0.9622368067502975,TB
mendeley_normal_00075,0.9880881011486053,TB
mendeley_normal_00076,0.6387692242860794,TB
mendeley_normal_00077,0.9296918511390686,TB
mendeley_normal_00078,0.9248216301202774,TB
mendeley_normal_00079,0.703175276517868,TB
mendeley_normal_00080,0.9265083819627762,TB
mendeley_normal_00081,0.9374861270189285,TB
mendeley_normal_00082,0.9199593365192413,TB
mendeley_normal_00083,0.9258606880903244,TB
mendeley_normal_00084,0.8659648299217224,TB
mendeley_normal_00085,0.9049174040555954,TB
mendeley_normal_00086,0.33396225422620773,Normal
mendeley_normal_00087,0.945629671216011,TB
mendeley_normal_00088,0.8173268362879753,TB
mendeley_normal_00089,0.860625833272934,TB
mendeley_normal_00090,0.7775854766368866,TB
mendeley_normal_00091,0.6296710781753063,TB
mendeley_normal_00092,0.7070773914456367,TB
mendeley_normal_00093,0.8925485014915466,TB
mendeley_normal_00094,0.9770709276199341,TB
mendeley_normal_00095,0.9779303222894669,TB
mendeley_normal_00096,0.9271459877490997,TB
mendeley_normal_00097,0.8935730308294296,TB
mendeley_normal_00098,0.9475324153900146,TB
mendeley_normal_00099,0.6793271377682686,TB
mendeley_normal_00100,0.9881904125213623,TB
mendeley_normal_00101,0.9787145555019379,TB
mendeley_normal_00102,0.6560457721352577,TB
mendeley_normal_00103,0.9536675214767456,TB
mendeley_normal_00104,0.9046217799186707,TB
mendeley_normal_00105,0.8656028211116791,TB
mendeley_normal_00106,0.8918510228395462,TB
mendeley_normal_00107,0.8404574990272522,TB
mendeley_normal_00108,0.043699642177671194,Normal
mendeley_normal_00109,0.9514940232038498,TB
mendeley_normal_00110,0.9325069040060043,TB
mendeley_normal_00111,0.951815128326416,TB
mendeley_normal_00112,0.8896981775760651,TB
mendeley_normal_00113,0.9304596781730652,TB
mendeley_normal_00114,0.8339848667383194,TB
mendeley_normal_00115,0.775345116853714,TB
mendeley_normal_00116,0.8508889228105545,TB
mendeley_normal_00117,0.9538636803627014,TB
mendeley_normal_00118,0.9095015674829483,TB
mendeley_normal_00119,0.9473566263914108,TB
mendeley_normal_00120,0.9525074660778046,TB
mendeley_normal_00121,0.9372834712266922,TB
mendeley_normal_00122,0.8377906233072281,TB
mendeley_normal_00123,0.9780976921319962,TB
mendeley_normal_00124,0.9060063660144806,TB
mendeley_normal_00125,0.946883887052536,TB
mendeley_normal_00126,0.7870900183916092,TB
mendeley_normal_00127,0.9343626350164413,TB
mendeley_normal_00128,0.9074819833040237,TB
mendeley_normal_00129,0.9825869798660278,TB
mendeley_normal_00130,0.9540307223796844,TB
mendeley_normal_00131,0.7666702419519424,TB
mendeley_normal_00132,0.8227461725473404,TB
mendeley_normal_00133,0.9811321198940277,TB
mendeley_normal_00134,0.9631359130144119,TB
mendeley_normal_00135,0.9692937433719635,TB
mendeley_normal_00136,0.4940435253083706,Normal
mendeley_normal_00137,0.8050612956285477,TB
mendeley_normal_00138,0.970549926161766,TB
mendeley_normal_00139,0.982111856341362,TB
mendeley_normal_00140,0.9878689050674438,TB
mendeley_normal_00141,0.980463445186615,TB
mendeley_normal_00142,0.9012435972690582,TB
mendeley_normal_00143,0.8339993804693222,TB
mendeley_normal_00144,0.5458998307585716,TB
mendeley_normal_00145,0.9498472511768341,TB
mendeley_normal_00146,0.92805215716362,TB
mendeley_normal_00147,0.9791007339954376,TB
mendeley_normal_00148,0.8454793095588684,TB
mendeley_normal_00149,0.8568062782287598,TB
mendeley_normal_00150,0.834300696849823,TB
mendeley_normal_00151,0.7815545797348022,TB
mendeley_normal_00152,0.9628321826457977,TB
mendeley_normal_00153,0.7939371690154076,TB
mendeley_normal_00154,0.9422032684087753,TB
mendeley_normal_00155,0.9473995268344879,TB
mendeley_normal_00156,0.7547184005379677,TB
mendeley_normal_00157,0.8848181813955307,TB
mendeley_normal_00158,0.9009918868541718,TB
mendeley_normal_00159,0.9221279472112656,TB
mendeley_normal_00160,0.9614075124263763,TB
mendeley_normal_00161,0.8363568931818008,TB
mendeley_normal_00162,0.7292724326252937,TB
mendeley_normal_00163,0.7770728915929794,TB
mendeley_normal_00164,0.9653631448745728,TB
mendeley_normal_00165,0.9310125559568405,TB
mendeley_normal_00166,0.8411652892827988,TB
mendeley_normal_00167,0.9848987311124802,TB
mendeley_normal_00168,0.9571726322174072,TB
mendeley_normal_00169,0.7073865979909897,TB
mendeley_normal_00170,0.12224367633461952,Normal
mendeley_normal_00171,0.8919821977615356,TB
mendeley_normal_00172,0.9140049517154694,TB
mendeley_normal_00173,0.936072513461113,TB
mendeley_normal_00174,0.7015262693166733,TB
mendeley_normal_00175,0.9538905918598175,TB
mendeley_normal_00176,0.8272151798009872,TB
mendeley_normal_00177,0.8717430233955383,TB
mendeley_normal_00178,0.4944450519979,Normal
mendeley_normal_00179,0.8629008233547211,TB
mendeley_normal_00180,0.9448952078819275,TB
mendeley_normal_00181,0.8895893096923828,TB
mendeley_normal_00182,0.8959393203258514,TB
mendeley_normal_00183,0.5472061857581139,TB
mendeley_normal_00184,0.8723325580358505,TB
mendeley_normal_00185,0.9397308230400085,TB
mendeley_normal_00186,0.7915054187178612,TB
mendeley_normal_00187,0.8690774440765381,TB
mendeley_normal_00188,0.9384245872497559,TB
mendeley_normal_00189,0.8673056215047836,TB
mendeley_normal_00190,0.9493909329175949,TB
mendeley_normal_00191,0.9467108249664307,TB
mendeley_normal_00192,0.9156558960676193,TB
mendeley_normal_00193,0.9527124464511871,TB
mendeley_normal_00194,0.914856031537056,TB
mendeley_normal_00195,0.8388839215040207,TB
mendeley_normal_00196,0.8388389348983765,TB
mendeley_normal_00197,0.9370867311954498,TB
mendeley_normal_00198,0.9378785192966461,TB
mendeley_normal_00199,0.270215205848217,Normal
mendeley_normal_00200,0.40027468651533127,Normal
mendeley_normal_00201,0.9540189057588577,TB
mendeley_normal_00202,0.959112137556076,TB
mendeley_normal_00203,0.8818887323141098,TB
mendeley_normal_00204,0.960573598742485,TB
mendeley_normal_00205,0.9462260454893112,TB
mendeley_normal_00206,0.9701089859008789,TB
mendeley_normal_00207,0.8769529014825821,TB
mendeley_normal_00208,0.949032723903656,TB
mendeley_normal_00209,0.8922918140888214,TB
mendeley_normal_00210,0.39261960983276367,Normal
mendeley_normal_00211,0.8249270915985107,TB
mendeley_normal_00212,0.7401255667209625,TB
mendeley_normal_00213,0.921072393655777,TB
mendeley_normal_00214,0.895468145608902,TB
mendeley_normal_00215,0.8232904374599457,TB
mendeley_normal_00216,0.7217095419764519,TB
mendeley_normal_00217,0.8345729261636734,TB
mendeley_normal_00218,0.951057642698288,TB
mendeley_normal_00219,0.874828115105629,TB
mendeley_normal_00220,0.8807873427867889,TB
mendeley_normal_00221,0.9840522259473801,TB
mendeley_normal_00222,0.910210058093071,TB
mendeley_normal_00223,0.9919606447219849,TB
mendeley_normal_00224,0.9371818900108337,TB
mendeley_normal_00225,0.9089431911706924,TB
mendeley_normal_00226,0.8223806917667389,TB
mendeley_normal_00227,0.37907649762928486,Normal
mendeley_normal_00228,0.9798038899898529,TB
mendeley_normal_00229,0.9557106494903564,TB
mendeley_normal_00230,0.8932763785123825,TB
mendeley_normal_00231,0.7541947290301323,TB
mendeley_normal_00232,0.8472796529531479,TB
mendeley_normal_00233,0.8127913773059845,TB
mendeley_normal_00234,0.5298385843634605,TB
mendeley_normal_00235,0.8679464310407639,TB
mendeley_normal_00236,0.9492500126361847,TB
mendeley_normal_00237,0.987052708864212,TB
mendeley_normal_00238,0.9363848865032196,TB
mendeley_normal_00239,0.7112048417329788,TB
mendeley_normal_00240,0.8882948756217957,TB
mendeley_normal_00241,0.9184492826461792,TB
mendeley_normal_00242,0.8386974632740021,TB
mendeley_normal_00243,0.9126936793327332,TB
mendeley_normal_00244,0.35493897274136543,Normal
mendeley_normal_00245,0.708601601421833,TB
mendeley_normal_00246,0.638210516422987,TB
mendeley_normal_00247,0.8210243582725525,TB
mendeley_normal_00248,0.9558917135000229,TB
mendeley_normal_00249,0.9409841895103455,TB
mendeley_normal_00250,0.7676860317587852,TB
mendeley_normal_00251,0.7080356851220131,TB
mendeley_normal_00252,0.9179521203041077,TB
mendeley_normal_00253,0.9334939271211624,TB
mendeley_normal_00254,0.8997547030448914,TB
mendeley_normal_00255,0.4199875518679619,Normal
mendeley_normal_00256,0.9304106682538986,TB
mendeley_normal_00257,0.8589188605546951,TB
mendeley_normal_00258,0.9693241119384766,TB
mendeley_normal_00259,0.9715797454118729,TB
mendeley_normal_00260,0.8759361952543259,TB
mendeley_normal_00261,0.9627323597669601,TB
mendeley_normal_00262,0.9090897291898727,TB
mendeley_normal_00263,0.5057306066155434,TB
mendeley_normal_00264,0.9951865375041962,TB
mendeley_normal_00265,0.5308500453829765,TB
mendeley_normal_00266,0.766319528222084,TB
mendeley_normal_00267,0.9256756752729416,TB
mendeley_normal_00268,0.9432758986949921,TB
mendeley_normal_00269,0.9730075895786285,TB
mendeley_normal_00270,0.950831338763237,TB
mendeley_normal_00271,0.9367656856775284,TB
mendeley_normal_00272,0.8890181332826614,TB
mendeley_normal_00273,0.853146567940712,TB
mendeley_normal_00274,0.9688996076583862,TB
mendeley_normal_00275,0.8565235733985901,TB
mendeley_normal_00276,0.5187745206058025,TB
mendeley_normal_00277,0.9812453389167786,TB
mendeley_normal_00278,0.8184414207935333,TB
mendeley_normal_00279,0.9269364029169083,TB
mendeley_normal_00280,0.9786142855882645,TB
mendeley_normal_00281,0.8326241970062256,TB
mendeley_normal_00282,0.871140867471695,TB
mendeley_normal_00283,0.8336804956197739,TB
mendeley_normal_00284,0.8894445896148682,TB
mendeley_normal_00285,0.6109317019581795,TB
mendeley_normal_00286,0.8636687099933624,TB
mendeley_normal_00287,0.5568731650710106,TB
mendeley_normal_00288,0.8789853751659393,TB
mendeley_normal_00289,0.9645330160856247,TB
mendeley_normal_00290,0.4871050454676151,Normal
mendeley_normal_00291,0.6786387786269188,TB
mendeley_normal_00292,0.86606864631176,TB
mendeley_normal_00293,0.9518828839063644,TB
mendeley_normal_00294,0.9532427787780762,TB
mendeley_normal_00295,0.823365181684494,TB
mendeley_normal_00296,0.6853914111852646,TB
mendeley_normal_00297,0.9673282951116562,TB
mendeley_normal_00298,0.9504275172948837,TB
mendeley_normal_00299,0.8925541192293167,TB
mendeley_normal_00300,0.9730032682418823,TB
mendeley_normal_00301,0.9698131084442139,TB
mendeley_normal_00302,0.7816710472106934,TB
mendeley_normal_00303,0.4337919168174267,Normal
mendeley_normal_00304,0.8797384798526764,TB
mendeley_normal_00305,0.8489139676094055,TB
mendeley_normal_00306,0.9500488638877869,TB
mendeley_normal_00307,0.9338736981153488,TB
mendeley_normal_00308,0.9562069773674011,TB
mendeley_normal_00309,0.9819192290306091,TB
mendeley_normal_00310,0.9813203066587448,TB
mendeley_normal_00311,0.9417590945959091,TB
mendeley_normal_00312,0.9249554723501205,TB
mendeley_normal_00313,0.9907488226890564,TB
mendeley_normal_00314,0.9413890838623047,TB
mendeley_normal_00315,0.7736223414540291,TB
mendeley_normal_00316,0.7036669850349426,TB
mendeley_normal_00317,0.6868104413151741,TB
mendeley_normal_00318,0.9011200368404388,TB
mendeley_normal_00319,0.8559821546077728,TB
mendeley_normal_00320,0.9699964225292206,TB
mendeley_normal_00321,0.9426687955856323,TB
mendeley_normal_00322,0.7309278175234795,TB
mendeley_normal_00323,0.9279158115386963,TB
mendeley_normal_00324,0.966491162776947,TB
mendeley_normal_00325,0.8797451704740524,TB
mendeley_normal_00326,0.8579753190279007,TB
mendeley_normal_00327,0.9098361730575562,TB
mendeley_normal_00328,0.9606721699237823,TB
mendeley_normal_00329,0.6961841434240341,TB
mendeley_normal_00330,0.5687159635126591,TB
mendeley_normal_00331,0.7843177914619446,TB
mendeley_normal_00332,0.8981878608465195,TB
mendeley_normal_00333,0.6995650827884674,TB
mendeley_normal_00334,0.9214680790901184,TB
mendeley_normal_00335,0.4986681789159775,Normal
mendeley_normal_00336,0.9478427171707153,TB
mendeley_normal_00337,0.9118685126304626,TB
mendeley_normal_00338,0.9590507298707962,TB
mendeley_normal_00339,0.517862118780613,TB
mendeley_normal_00340,0.7036112770438194,TB
mendeley_normal_00341,0.888222336769104,TB
mendeley_normal_00342,0.878956750035286,TB
mendeley_normal_00343,0.9352245032787323,TB
mendeley_normal_00344,0.8699817508459091,TB
mendeley_normal_00345,0.6592468544840813,TB
mendeley_normal_00346,0.9507230818271637,TB
mendeley_normal_00347,0.5520678125321865,TB
mendeley_normal_00348,0.8096325099468231,TB
mendeley_normal_00349,0.8879541456699371,TB
mendeley_normal_00350,0.9648146629333496,TB
mendeley_normal_00351,0.8427395224571228,TB
mendeley_normal_00352,0.9415539354085922,TB
mendeley_normal_00353,0.9843462407588959,TB
mendeley_normal_00354,0.9101264774799347,TB
mendeley_normal_00355,0.922582134604454,TB
mendeley_normal_00356,0.8911165744066238,TB
mendeley_normal_00357,0.8772861510515213,TB
mendeley_normal_00358,0.9379952549934387,TB
mendeley_normal_00359,0.8873947411775589,TB
mendeley_normal_00360,0.9033047407865524,TB
mendeley_normal_00361,0.8198930770158768,TB
mendeley_normal_00362,0.9299483150243759,TB
mendeley_normal_00363,0.915887713432312,TB
mendeley_normal_00364,0.8940189033746719,TB
mendeley_normal_00365,0.7942156940698624,TB
mendeley_normal_00366,0.9755504578351974,TB
mendeley_normal_00367,0.7229034304618835,TB
mendeley_normal_00368,0.771770790219307,TB
mendeley_normal_00369,0.8932195156812668,TB
mendeley_normal_00370,0.8070044666528702,TB
mendeley_normal_00371,0.9768028110265732,TB
mendeley_normal_00372,0.9422829896211624,TB
mendeley_normal_00373,0.8915107548236847,TB
mendeley_normal_00374,0.7917958423495293,TB
mendeley_normal_00375,0.9658993184566498,TB
mendeley_normal_00376,0.9182877987623215,TB
mendeley_normal_00377,0.986472949385643,TB
mendeley_normal_00378,0.9579655230045319,TB
mendeley_normal_00379,0.8543914556503296,TB
mendeley_normal_00380,0.5936431586742401,TB
mendeley_normal_00381,0.9306347966194153,TB
mendeley_normal_00382,0.6972682178020477,TB
mendeley_normal_00383,0.9001792222261429,TB
mendeley_normal_00384,0.91090527176857,TB
mendeley_normal_00385,0.8345280438661575,TB
mendeley_normal_00386,0.6011016964912415,TB
mendeley_normal_00387,0.8592066168785095,TB
mendeley_normal_00388,0.969779759645462,TB
mendeley_normal_00389,0.9071740061044693,TB
mendeley_normal_00390,0.9897090345621109,TB
mendeley_normal_00391,0.9710693508386612,TB
mendeley_normal_00392,0.8916709125041962,TB
mendeley_normal_00393,0.9410585761070251,TB
mendeley_normal_00394,0.9623889327049255,TB
mendeley_normal_00395,0.8921893239021301,TB
mendeley_normal_00396,0.9727075845003128,TB
mendeley_normal_00397,0.6739325225353241,TB
mendeley_normal_00398,0.9564495086669922,TB
mendeley_normal_00399,0.9333805739879608,TB
mendeley_normal_00400,0.8440267741680145,TB
mendeley_normal_00401,0.7772422134876251,TB
mendeley_normal_00402,0.9748603105545044,TB
mendeley_normal_00403,0.9354654103517532,TB
mendeley_normal_00404,0.7843713611364365,TB
mendeley_normal_00405,0.9673802852630615,TB
mendeley_normal_00406,0.8993367552757263,TB
mendeley_normal_00407,0.9286890029907227,TB
mendeley_normal_00408,0.8422884792089462,TB
mendeley_normal_00409,0.9358905106782913,TB
mendeley_normal_00410,0.9843222200870514,TB
mendeley_normal_00411,0.7947792932391167,TB
mendeley_normal_00412,0.40454102121293545,Normal
mendeley_normal_00413,0.5066170431673527,TB
mendeley_normal_00414,0.7680916488170624,TB
mendeley_normal_00415,0.9083970189094543,TB
mendeley_normal_00416,0.5505167245864868,TB
mendeley_normal_00417,0.6024272479116917,TB
mendeley_normal_00418,0.6019304022192955,TB
mendeley_normal_00419,0.8679735362529755,TB
mendeley_normal_00420,0.969925731420517,TB
mendeley_normal_00421,0.8818550258874893,TB
mendeley_normal_00422,0.9628896415233612,TB
mendeley_normal_00423,0.38785822317004204,Normal
mendeley_normal_00424,0.384214635938406,Normal
mendeley_normal_00425,0.9039828330278397,TB
mendeley_normal_00426,0.6893785670399666,TB
mendeley_normal_00427,0.8884795159101486,TB
mendeley_normal_00428,0.9095066636800766,TB
mendeley_normal_00429,0.9584283828735352,TB
mendeley_normal_00430,0.7628736644983292,TB
mendeley_normal_00431,0.926154837012291,TB
mendeley_normal_00432,0.9452808052301407,TB
mendeley_normal_00433,0.7829934358596802,TB
mendeley_normal_00434,0.8258449286222458,TB
mendeley_normal_00435,0.8570449203252792,TB
mendeley_normal_00436,0.9082178771495819,TB
mendeley_normal_00437,0.9062489718198776,TB
mendeley_normal_00438,0.9921932816505432,TB
mendeley_normal_00439,0.5599157065153122,TB
mendeley_normal_00440,0.8889632821083069,TB
mendeley_normal_00441,0.8674865961074829,TB
mendeley_normal_00442,0.7015549689531326,TB
mendeley_normal_00443,0.6655833572149277,TB
mendeley_normal_00444,0.9836027771234512,TB
mendeley_normal_00445,0.5908262506127357,TB
mendeley_normal_00446,0.8638084381818771,TB
mendeley_normal_00447,0.9624822288751602,TB
mendeley_normal_00448,0.9093505889177322,TB
mendeley_normal_00449,0.8107464909553528,TB
mendeley_normal_00450,0.9459782838821411,TB
mendeley_normal_00451,0.9728803783655167,TB
mendeley_normal_00452,0.9781455546617508,TB
mendeley_normal_00453,0.9741251766681671,TB
mendeley_normal_00454,0.4298396408557892,Normal
mendeley_normal_00455,0.9718567430973053,TB
mendeley_normal_00456,0.43660260550677776,Normal
mendeley_normal_00457,0.8564634025096893,TB
mendeley_normal_00458,0.8495793342590332,TB
mendeley_normal_00459,0.9361106008291245,TB
mendeley_normal_00460,0.9353497922420502,TB
mendeley_normal_00461,0.958522692322731,TB
mendeley_normal_00462,0.6495479941368103,TB
mendeley_normal_00463,0.9664153158664703,TB
mendeley_normal_00464,0.9742082506418228,TB
mendeley_normal_00465,0.8085562810301781,TB
mendeley_normal_00466,0.8649727255105972,TB
mendeley_normal_00467,0.9723245203495026,TB
mendeley_normal_00468,0.954074963927269,TB
mendeley_normal_00469,0.6958972737193108,TB
mendeley_normal_00470,0.9944752156734467,TB
mendeley_normal_00471,0.48009402863681316,Normal
mendeley_normal_00472,0.960730567574501,TB
mendeley_normal_00473,0.9771752208471298,TB
mendeley_normal_00474,0.9290871173143387,TB
mendeley_normal_00475,0.5907287374138832,TB
mendeley_normal_00476,0.6170127764344215,TB
mendeley_normal_00477,0.6051379591226578,TB
mendeley_normal_00478,0.9268978834152222,TB
mendeley_normal_00479,0.9866033494472504,TB
mendeley_normal_00480,0.8972363919019699,TB
mendeley_normal_00481,0.9567068666219711,TB
mendeley_normal_00482,0.9814583361148834,TB
mendeley_normal_00483,0.9515057355165482,TB
mendeley_normal_00484,0.9238819032907486,TB
mendeley_normal_00485,0.6967078372836113,TB
mendeley_normal_00486,0.4454269167035818,Normal
mendeley_normal_00487,0.4298396408557892,Normal
mendeley_normal_00488,0.43660260550677776,Normal
mendeley_normal_00489,0.8564634025096893,TB
mendeley_normal_00490,0.8495793342590332,TB
mendeley_normal_00491,0.969511017203331,TB
mendeley_normal_00492,0.9361106008291245,TB
mendeley_normal_00493,0.9775419980287552,TB
mendeley_normal_00494,0.8827990144491196,TB
mendeley_normal_00495,0.9847740679979324,TB
mendeley_normal_00496,0.9350951910018921,TB
mendeley_normal_00497,0.8908123075962067,TB
mendeley_normal_00498,0.8691864460706711,TB
mendeley_normal_00499,0.876399353146553,TB
mendeley_normal_00500,0.9352343380451202,TB
mendeley_normal_00501,0.8916988670825958,TB
mendeley_normal_00502,0.9697761833667755,TB
mendeley_normal_00503,0.9779861569404602,TB
mendeley_normal_00504,0.9248931258916855,TB
mendeley_normal_00505,0.8725868761539459,TB
mendeley_normal_00506,0.9783224165439606,TB
mendeley_normal_00507,0.7910015806555748,TB
mendeley_normal_00508,0.08616835437715054,Normal
mendeley_normal_00509,0.18732652626931667,Normal
mendeley_normal_00510,0.7296765074133873,TB
mendeley_normal_00511,0.9600095897912979,TB
mendeley_normal_00512,0.9116697013378143,TB
mendeley_tb_00000,0.9997619688510895,TB
mendeley_tb_00001,0.999785378575325,TB
mendeley_tb_00002,0.9964347630739212,TB
mendeley_tb_00003,0.9997411668300629,TB
mendeley_tb_00004,0.9989871233701706,TB
mendeley_tb_00005,0.9912458807229996,TB
mendeley_tb_00006,0.9511042833328247,TB
mendeley_tb_00007,0.8422486037015915,TB
mendeley_tb_00008,0.9995077550411224,TB
mendeley_tb_00009,0.9998319000005722,TB
mendeley_tb_00010,0.998198539018631,TB
mendeley_tb_00011,0.9996383935213089,TB
mendeley_tb_00012,0.9914156496524811,TB
mendeley_tb_00013,0.999864250421524,TB
mendeley_tb_00014,0.9938014000654221,TB
mendeley_tb_00015,0.9997301250696182,TB
mendeley_tb_00016,0.9996860176324844,TB
mendeley_tb_00017,0.9997408539056778,TB
mendeley_tb_00018,0.9996967762708664,TB
mendeley_tb_00019,0.9992952346801758,TB
mendeley_tb_00020,0.99969881772995,TB
mendeley_tb_00021,0.9989973306655884,TB
mendeley_tb_00022,0.9994468837976456,TB
mendeley_tb_00023,0.9998282045125961,TB
mendeley_tb_00024,0.9997448176145554,TB
mendeley_tb_00025,0.9988435953855515,TB
mendeley_tb_00026,0.9982460737228394,TB
mendeley_tb_00027,0.9989906400442123,TB
mendeley_tb_00028,0.9994028061628342,TB
mendeley_tb_00029,0.9979990720748901,TB
mendeley_tb_00030,0.8862187564373016,TB
mendeley_tb_00031,0.9998092502355576,TB
mendeley_tb_00032,0.9983576685190201,TB
mendeley_tb_00033,0.9997936338186264,TB
mendeley_tb_00034,0.999827578663826,TB
mendeley_tb_00035,0.9939040541648865,TB
mendeley_tb_00036,0.99704509973526,TB
mendeley_tb_00037,0.9996384531259537,TB
mendeley_tb_00038,0.9997527748346329,TB
mendeley_tb_00039,0.9994418025016785,TB
mendeley_tb_00040,0.9997163116931915,TB
mendeley_tb_00041,0.9995087683200836,TB
mendeley_tb_00042,0.999594584107399,TB
mendeley_tb_00043,0.9953211694955826,TB
mendeley_tb_00044,0.997993141412735,TB
mendeley_tb_00045,0.9990232139825821,TB
mendeley_tb_00046,0.9982783198356628,TB
mendeley_tb_00047,0.9997554570436478,TB
mendeley_tb_00048,0.9914591759443283,TB
mendeley_tb_00049,0.9433262497186661,TB
mendeley_tb_00050,0.9947757422924042,TB
mendeley_tb_00051,0.9989972859621048,TB
mendeley_tb_00052,0.9971891939640045,TB
mendeley_tb_00053,0.998724952340126,TB
mendeley_tb_00054,0.9925332367420197,TB
mendeley_tb_00055,0.9995879828929901,TB
mendeley_tb_00056,0.9998203814029694,TB
mendeley_tb_00057,0.9993894696235657,TB
mendeley_tb_00058,0.9994992166757584,TB
mendeley_tb_00059,0.9996538013219833,TB
mendeley_tb_00060,0.9984406381845474,TB
mendeley_tb_00061,0.9996864348649979,TB
mendeley_tb_00062,0.9997309446334839,TB
mendeley_tb_00063,0.998746708035469,TB
mendeley_tb_00064,0.9997722208499908,TB
mendeley_tb_00065,0.9966814517974854,TB
mendeley_tb_00066,0.9995627850294113,TB
mendeley_tb_00067,0.9166341722011566,TB
mendeley_tb_00068,0.9996904879808426,TB
mendeley_tb_00069,0.9993452280759811,TB
mendeley_tb_00070,0.9754641205072403,TB
mendeley_tb_00071,0.999334529042244,TB
mendeley_tb_00072,0.9997190088033676,TB
mendeley_tb_00073,0.9994396865367889,TB
mendeley_tb_00074,0.9959273040294647,TB
mendeley_tb_00075,0.9994063973426819,TB
mendeley_tb_00076,0.9992571622133255,TB
mendeley_tb_00077,0.9997368007898331,TB
mendeley_tb_00078,0.9976911395788193,TB
mendeley_tb_00079,0.9858381152153015,TB
mendeley_tb_00080,0.9936061948537827,TB
mendeley_tb_00081,0.9981455653905869,TB
mendeley_tb_00082,0.9716192781925201,TB
mendeley_tb_00083,0.9965701252222061,TB
mendeley_tb_00084,0.9941939413547516,TB
mendeley_tb_00085,0.9988029152154922,TB
mendeley_tb_00086,0.999677836894989,TB
mendeley_tb_00087,0.9996584206819534,TB
mendeley_tb_00088,0.9988798350095749,TB
mendeley_tb_00089,0.9987977296113968,TB
mendeley_tb_00090,0.9705657511949539,TB
mendeley_tb_00091,0.9985097944736481,TB
mendeley_tb_00092,0.9991788417100906,TB
mendeley_tb_00093,0.999011680483818,TB
mendeley_tb_00094,0.9386980086565018,TB
mendeley_tb_00095,0.9913326054811478,TB
mendeley_tb_00096,0.9518966227769852,TB
mendeley_tb_00097,0.9981018155813217,TB
mendeley_tb_00098,0.9989416301250458,TB
mendeley_tb_00099,0.9969451874494553,TB
mendeley_tb_00100,0.9996936619281769,TB
mendeley_tb_00101,0.9998559653759003,TB
mendeley_tb_00102,0.9996682554483414,TB
mendeley_tb_00103,0.9882712215185165,TB
mendeley_tb_00104,0.996721625328064,TB
mendeley_tb_00105,0.995585635304451,TB
mendeley_tb_00106,0.9366431683301926,TB
mendeley_tb_00107,0.9990706741809845,TB
mendeley_tb_00108,0.9992328733205795,TB
mendeley_tb_00109,0.9991224557161331,TB
mendeley_tb_00110,0.9969422668218613,TB
mendeley_tb_00111,0.9996919184923172,TB
mendeley_tb_00112,0.9954749494791031,TB
mendeley_tb_00113,0.9988349378108978,TB
mendeley_tb_00114,0.999543309211731,TB
mendeley_tb_00115,0.9996866881847382,TB
mendeley_tb_00116,0.9989810585975647,TB
mendeley_tb_00117,0.9993378967046738,TB
mendeley_tb_00118,0.9997746348381042,TB
mendeley_tb_00119,0.9995778650045395,TB
mendeley_tb_00120,0.9994860589504242,TB
mendeley_tb_00121,0.9997498691082001,TB
mendeley_tb_00122,0.9702064394950867,TB
mendeley_tb_00123,0.9996562600135803,TB
mendeley_tb_00124,0.9988593608140945,TB
mendeley_tb_00125,0.9958443194627762,TB
mendeley_tb_00126,0.9911410063505173,TB
mendeley_tb_00127,0.998506098985672,TB
mendeley_tb_00128,0.9486400038003922,TB
mendeley_tb_00129,0.9967247396707535,TB
mendeley_tb_00130,0.999165415763855,TB
mendeley_tb_00131,0.9997242242097855,TB
mendeley_tb_00132,0.99968421459198,TB
mendeley_tb_00133,0.9997671842575073,TB
mendeley_tb_00134,0.9988295882940292,TB
mendeley_tb_00135,0.9926752597093582,TB
mendeley_tb_00136,0.9892787337303162,TB
mendeley_tb_00137,0.9103150516748428,TB
mendeley_tb_00138,0.9997475147247314,TB
mendeley_tb_00139,0.99983049929142,TB
mendeley_tb_00140,0.9998558014631271,TB
mendeley_tb_00141,0.9995774775743484,TB
mendeley_tb_00142,0.9995936006307602,TB
mendeley_tb_00143,0.9996145814657211,TB
mendeley_tb_00144,0.9958162754774094,TB
mendeley_tb_00145,0.9996803849935532,TB
mendeley_tb_00146,0.9911509454250336,TB
mendeley_tb_00147,0.9993482828140259,TB
mendeley_tb_00148,0.9991156756877899,TB
mendeley_tb_00149,0.9987510442733765,TB
mendeley_tb_00150,0.9998126178979874,TB
mendeley_tb_00151,0.9997002482414246,TB
mendeley_tb_00152,0.9955904930830002,TB
mendeley_tb_00153,0.9997267723083496,TB
mendeley_tb_00154,0.9994209855794907,TB
mendeley_tb_00155,0.9996259361505508,TB
mendeley_tb_00156,0.9994976371526718,TB
mendeley_tb_00157,0.9997648149728775,TB
mendeley_tb_00158,0.9941426366567612,TB
mendeley_tb_00159,0.998226523399353,TB
mendeley_tb_00160,0.9998461753129959,TB
mendeley_tb_00161,0.999723806977272,TB
mendeley_tb_00162,0.9986705929040909,TB
mendeley_tb_00163,0.9162960797548294,TB
mendeley_tb_00164,0.9991593211889267,TB
mendeley_tb_00165,0.9993533939123154,TB
mendeley_tb_00166,0.9923985451459885,TB
mendeley_tb_00167,0.9983136802911758,TB
mendeley_tb_00168,0.9987545609474182,TB
mendeley_tb_00169,0.9986939430236816,TB
mendeley_tb_00170,0.9989902228116989,TB
mendeley_tb_00171,0.9996765851974487,TB
mendeley_tb_00172,0.9986211657524109,TB
mendeley_tb_00173,0.9984580427408218,TB
mendeley_tb_00174,0.9907009601593018,TB
mendeley_tb_00175,0.9964783191680908,TB
mendeley_tb_00176,0.9836454391479492,TB
mendeley_tb_00177,0.9998790770769119,TB
mendeley_tb_00178,0.9949930310249329,TB
mendeley_tb_00179,0.9985635131597519,TB
mendeley_tb_00180,0.999503567814827,TB
mendeley_tb_00181,0.9994944185018539,TB
mendeley_tb_00182,0.995487704873085,TB
mendeley_tb_00183,0.9991937279701233,TB
mendeley_tb_00184,0.9963683784008026,TB
mendeley_tb_00185,0.9981451630592346,TB
mendeley_tb_00186,0.9997928887605667,TB
mendeley_tb_00187,0.9994959384202957,TB
mendeley_tb_00188,0.9989717900753021,TB
mendeley_tb_00189,0.999849796295166,TB
mendeley_tb_00190,0.9975438416004181,TB
mendeley_tb_00191,0.9933772087097168,TB
mendeley_tb_00192,0.9942075312137604,TB
mendeley_tb_00193,0.999727189540863,TB
mendeley_tb_00194,0.9997436851263046,TB
mendeley_tb_00195,0.999669149518013,TB
mendeley_tb_00196,0.9998027682304382,TB
mendeley_tb_00197,0.9998561441898346,TB
mendeley_tb_00198,0.9982249140739441,TB
mendeley_tb_00199,0.9999067336320877,TB
mendeley_tb_00200,0.9996551871299744,TB
mendeley_tb_00201,0.9990360140800476,TB
mendeley_tb_00202,0.9993973076343536,TB
mendeley_tb_00203,0.9989825040102005,TB
mendeley_tb_00204,0.9944247305393219,TB
mendeley_tb_00205,0.999619260430336,TB
mendeley_tb_00206,0.9994316846132278,TB
mendeley_tb_00207,0.9974749237298965,TB
mendeley_tb_00208,0.999298945069313,TB
mendeley_tb_00209,0.9994238615036011,TB
mendeley_tb_00210,0.9981587827205658,TB
mendeley_tb_00211,0.7967407554388046,TB
mendeley_tb_00212,0.9996996819972992,TB
mendeley_tb_00213,0.9983407109975815,TB
mendeley_tb_00214,0.9988795220851898,TB
mendeley_tb_00215,0.9988114684820175,TB
mendeley_tb_00216,0.9993413239717484,TB
mendeley_tb_00217,0.9995462149381638,TB
mendeley_tb_00218,0.9941976815462112,TB
mendeley_tb_00219,0.9997684508562088,TB
mendeley_tb_00220,0.9809117764234543,TB
mendeley_tb_00221,0.9997567534446716,TB
mendeley_tb_00222,0.9960062205791473,TB
mendeley_tb_00223,0.9924239814281464,TB
mendeley_tb_00224,0.995633453130722,TB
mendeley_tb_00225,0.9978690892457962,TB
mendeley_tb_00226,0.9981553107500076,TB
mendeley_tb_00227,0.4688227456063032,Normal
mendeley_tb_00228,0.9593346416950226,TB
mendeley_tb_00229,0.9984515756368637,TB
mendeley_tb_00230,0.999245747923851,TB
mendeley_tb_00231,0.9993040412664413,TB
mendeley_tb_00232,0.9997735321521759,TB
mendeley_tb_00233,0.8541013449430466,TB
mendeley_tb_00234,0.9997805655002594,TB
mendeley_tb_00235,0.9982690364122391,TB
mendeley_tb_00236,0.9977372735738754,TB
mendeley_tb_00237,0.9979652315378189,TB
mendeley_tb_00238,0.9997960180044174,TB
mendeley_tb_00239,0.8482716381549835,TB
mendeley_tb_00240,0.9758870005607605,TB
mendeley_tb_00241,0.9994600564241409,TB
mendeley_tb_00242,0.9997553527355194,TB
mendeley_tb_00243,0.9991237968206406,TB
mendeley_tb_00244,0.9846293479204178,TB
mendeley_tb_00245,0.9927331358194351,TB
mendeley_tb_00246,0.9973278492689133,TB
mendeley_tb_00247,0.9992182850837708,TB
mendeley_tb_00248,0.9770346432924271,TB
mendeley_tb_00249,0.9831382632255554,TB
mendeley_tb_00250,0.9862927198410034,TB
mendeley_tb_00251,0.9995253682136536,TB
mendeley_tb_00252,0.9967267960309982,TB
mendeley_tb_00253,0.9990155845880508,TB
mendeley_tb_00254,0.9997075945138931,TB
mendeley_tb_00255,0.9688993990421295,TB
mendeley_tb_00256,0.9991844594478607,TB
mendeley_tb_00257,0.9992702603340149,TB
mendeley_tb_00258,0.9984901547431946,TB
mendeley_tb_00259,0.9978925287723541,TB
mendeley_tb_00260,0.9996760338544846,TB
mendeley_tb_00261,0.9997459501028061,TB
mendeley_tb_00262,0.9986495077610016,TB
mendeley_tb_00263,0.9997377246618271,TB
mendeley_tb_00264,0.9999144673347473,TB
mendeley_tb_00265,0.9997769296169281,TB
mendeley_tb_00266,0.999874159693718,TB
mendeley_tb_00267,0.9983936995267868,TB
mendeley_tb_00268,0.9992595016956329,TB
mendeley_tb_00269,0.9996933192014694,TB
mendeley_tb_00270,0.9997215867042542,TB
mendeley_tb_00271,0.9981552809476852,TB
mendeley_tb_00272,0.999818429350853,TB
mendeley_tb_00273,0.9998357743024826,TB
mendeley_tb_00274,0.9995850920677185,TB
mendeley_tb_00275,0.9974839389324188,TB
mendeley_tb_00276,0.9908523857593536,TB
mendeley_tb_00277,0.9949653595685959,TB
mendeley_tb_00278,0.9103796482086182,TB
mendeley_tb_00279,0.9962730407714844,TB
mendeley_tb_00280,0.9980981051921844,TB
mendeley_tb_00281,0.9860138893127441,TB
mendeley_tb_00282,0.9997846782207489,TB
mendeley_tb_00283,0.9281002581119537,TB
mendeley_tb_00284,0.9981284737586975,TB
mendeley_tb_00285,0.9864356964826584,TB
mendeley_tb_00286,0.9989810138940811,TB
mendeley_tb_00287,0.9997797608375549,TB
mendeley_tb_00288,0.9596429020166397,TB
mendeley_tb_00289,0.9992507547140121,TB
mendeley_tb_00290,0.9996524602174759,TB
mendeley_tb_00291,0.9979850053787231,TB
mendeley_tb_00292,0.9989068955183029,TB
mendeley_tb_00293,0.9987121671438217,TB
mendeley_tb_00294,0.9432003051042557,TB
mendeley_tb_00295,0.991107165813446,TB
mendeley_tb_00296,0.9994759559631348,TB
mendeley_tb_00297,0.9941708296537399,TB
mendeley_tb_00298,0.9458837062120438,TB
mendeley_tb_00299,0.999181866645813,TB
mendeley_tb_00300,0.9996454119682312,TB
mendeley_tb_00301,0.9991386383771896,TB
mendeley_tb_00302,0.9989860206842422,TB
mendeley_tb_00303,0.9846048802137375,TB
mendeley_tb_00304,0.9997796267271042,TB
mendeley_tb_00305,0.9987104535102844,TB
mendeley_tb_00306,0.9990455806255341,TB
mendeley_tb_00307,0.9996951967477798,TB
mendeley_tb_00308,0.9994568675756454,TB
mendeley_tb_00309,0.992909699678421,TB
mendeley_tb_00310,0.9894375056028366,TB
mendeley_tb_00311,0.9939768761396408,TB
mendeley_tb_00312,0.9934614449739456,TB
mendeley_tb_00313,0.9964122921228409,TB
mendeley_tb_00314,0.9996137171983719,TB
mendeley_tb_00315,0.9980692118406296,TB
mendeley_tb_00316,0.9997004717588425,TB
mendeley_tb_00317,0.998927965760231,TB
mendeley_tb_00318,0.9990989118814468,TB
mendeley_tb_00319,0.9997309595346451,TB
mendeley_tb_00320,0.9997956454753876,TB
mendeley_tb_00321,0.9996687322854996,TB
mendeley_tb_00322,0.9997085481882095,TB
mendeley_tb_00323,0.9493376910686493,TB
mendeley_tb_00324,0.9992590546607971,TB
mendeley_tb_00325,0.9932266920804977,TB
mendeley_tb_00326,0.9996820092201233,TB
mendeley_tb_00327,0.9998638927936554,TB
mendeley_tb_00328,0.9990852177143097,TB
mendeley_tb_00329,0.9993913173675537,TB
mendeley_tb_00330,0.999143049120903,TB
mendeley_tb_00331,0.998950645327568,TB
mendeley_tb_00332,0.9990256726741791,TB
mendeley_tb_00333,0.9995061606168747,TB
mendeley_tb_00334,0.9936330914497375,TB
mendeley_tb_00335,0.9996896684169769,TB
mendeley_tb_00336,0.9990527033805847,TB
mendeley_tb_00337,0.9983666837215424,TB
mendeley_tb_00338,0.9994720667600632,TB
mendeley_tb_00339,0.9864218980073929,TB
mendeley_tb_00340,0.9997089952230453,TB
mendeley_tb_00341,0.907948225736618,TB
mendeley_tb_00342,0.9997960478067398,TB
mendeley_tb_00343,0.9984914362430573,TB
mendeley_tb_00344,0.9997864067554474,TB
mendeley_tb_00345,0.9994426965713501,TB
mendeley_tb_00346,0.9991345256567001,TB
mendeley_tb_00347,0.9950542896986008,TB
mendeley_tb_00348,0.8366831541061401,TB
mendeley_tb_00349,0.9994760155677795,TB
mendeley_tb_00350,0.9997309744358063,TB
mendeley_tb_00351,0.9512120932340622,TB
mendeley_tb_00352,0.9933562576770782,TB
mendeley_tb_00353,0.9838029146194458,TB
mendeley_tb_00354,0.9987668097019196,TB
mendeley_tb_00355,0.9993931949138641,TB
mendeley_tb_00356,0.9868650883436203,TB
mendeley_tb_00357,0.9998403936624527,TB
mendeley_tb_00358,0.9996770024299622,TB
mendeley_tb_00359,0.998226597905159,TB
mendeley_tb_00360,0.967396691441536,TB
mendeley_tb_00361,0.9998040497303009,TB
mendeley_tb_00362,0.9994872957468033,TB
mendeley_tb_00363,0.9961889982223511,TB
mendeley_tb_00364,0.9983139336109161,TB
mendeley_tb_00365,0.9993197470903397,TB
mendeley_tb_00366,0.9991060495376587,TB
mendeley_tb_00367,0.9997383207082748,TB
mendeley_tb_00368,0.9994931817054749,TB
mendeley_tb_00369,0.9832191318273544,TB
mendeley_tb_00370,0.9936526566743851,TB
mendeley_tb_00371,0.9997295439243317,TB
mendeley_tb_00372,0.9517395049333572,TB
mendeley_tb_00373,0.9994162023067474,TB
mendeley_tb_00374,0.9978612810373306,TB
mendeley_tb_00375,0.9933001697063446,TB
mendeley_tb_00376,0.9968621581792831,TB
mendeley_tb_00377,0.9997780174016953,TB
mendeley_tb_00378,0.9990109801292419,TB
mendeley_tb_00379,0.983623281121254,TB
mendeley_tb_00380,0.9862587004899979,TB
mendeley_tb_00381,0.9997342377901077,TB
mendeley_tb_00382,0.9990368485450745,TB
mendeley_tb_00383,0.997748538851738,TB
mendeley_tb_00384,0.9895204901695251,TB
mendeley_tb_00385,0.9963759034872055,TB
mendeley_tb_00386,0.9994304180145264,TB
mendeley_tb_00387,0.999495655298233,TB
mendeley_tb_00388,0.996636688709259,TB
mendeley_tb_00389,0.9997950941324234,TB
mendeley_tb_00390,0.9992038011550903,TB
mendeley_tb_00391,0.9996367394924164,TB
mendeley_tb_00392,0.9996364712715149,TB
mendeley_tb_00393,0.9987035393714905,TB
mendeley_tb_00394,0.9994710832834244,TB
mendeley_tb_00395,0.9996700286865234,TB
mendeley_tb_00396,0.999833270907402,TB
mendeley_tb_00397,0.9983871281147003,TB
mendeley_tb_00398,0.9993571192026138,TB
mendeley_tb_00399,0.999788910150528,TB
mendeley_tb_00400,0.9183757305145264,TB
mendeley_tb_00401,0.9998410940170288,TB
mendeley_tb_00402,0.9998309165239334,TB
mendeley_tb_00403,0.9998214989900589,TB
mendeley_tb_00404,0.9993384331464767,TB
mendeley_tb_00405,0.998720109462738,TB
mendeley_tb_00406,0.995393842458725,TB
mendeley_tb_00407,0.9997990429401398,TB
mendeley_tb_00408,0.9961616843938828,TB
mendeley_tb_00409,0.9997977465391159,TB
mendeley_tb_00410,0.9995817244052887,TB
mendeley_tb_00411,0.9996240437030792,TB
mendeley_tb_00412,0.9994816035032272,TB
mendeley_tb_00413,0.9906361997127533,TB
mendeley_tb_00414,0.9994596391916275,TB
mendeley_tb_00415,0.9997357428073883,TB
mendeley_tb_00416,0.9985509812831879,TB
mendeley_tb_00417,0.9998383671045303,TB
mendeley_tb_00418,0.9572535902261734,TB
mendeley_tb_00419,0.999450758099556,TB
mendeley_tb_00420,0.9994244277477264,TB
mendeley_tb_00421,0.9993873983621597,TB
mendeley_tb_00422,0.9998270273208618,TB
mendeley_tb_00423,0.9975588321685791,TB
mendeley_tb_00424,0.9974525421857834,TB
mendeley_tb_00425,0.9979678690433502,TB
mendeley_tb_00426,0.9976034462451935,TB
mendeley_tb_00427,0.9620541483163834,TB
mendeley_tb_00428,0.9994226694107056,TB
mendeley_tb_00429,0.9971026629209518,TB
mendeley_tb_00430,0.9955775290727615,TB
mendeley_tb_00431,0.9491736590862274,TB
mendeley_tb_00432,0.9993569403886795,TB
mendeley_tb_00433,0.9995831996202469,TB
mendeley_tb_00434,0.9452562630176544,TB
mendeley_tb_00435,0.999595433473587,TB
mendeley_tb_00436,0.9979667067527771,TB
mendeley_tb_00437,0.9997387230396271,TB
mendeley_tb_00438,0.999828651547432,TB
mendeley_tb_00439,0.999750941991806,TB
mendeley_tb_00440,0.980191245675087,TB
mendeley_tb_00441,0.9993627071380615,TB
mendeley_tb_00442,0.9987873733043671,TB
mendeley_tb_00443,0.9998335242271423,TB
mendeley_tb_00444,0.9997078478336334,TB
mendeley_tb_00445,0.9995979815721512,TB
mendeley_tb_00446,0.9735078662633896,TB
mendeley_tb_00447,0.9994499087333679,TB
mendeley_tb_00448,0.9205851256847382,TB
mendeley_tb_00449,0.9932861924171448,TB
mendeley_tb_00450,0.999530240893364,TB
mendeley_tb_00451,0.9997229874134064,TB
mendeley_tb_00452,0.9925780445337296,TB
mendeley_tb_00453,0.9989767223596573,TB
mendeley_tb_00454,0.999253660440445,TB
mendeley_tb_00455,0.9996108710765839,TB
mendeley_tb_00456,0.9987912029027939,TB
mendeley_tb_00457,0.9991798400878906,TB
mendeley_tb_00458,0.9995631277561188,TB
mendeley_tb_00459,0.9996630102396011,TB
mendeley_tb_00460,0.9996298551559448,TB
mendeley_tb_00461,0.9994453489780426,TB
mendeley_tb_00462,0.9985029995441437,TB
mendeley_tb_00463,0.9975120276212692,TB
mendeley_tb_00464,0.9998534321784973,TB
mendeley_tb_00465,0.9997258484363556,TB
mendeley_tb_00466,0.9989599734544754,TB
mendeley_tb_00467,0.9996358007192612,TB
mendeley_tb_00468,0.9996761679649353,TB
mendeley_tb_00469,0.9863657802343369,TB
mendeley_tb_00470,0.9998237937688828,TB
mendeley_tb_00471,0.99967260658741,TB
mendeley_tb_00472,0.999752402305603,TB
mendeley_tb_00473,0.9988172501325607,TB
mendeley_tb_00474,0.999269962310791,TB
mendeley_tb_00475,0.9977123141288757,TB
mendeley_tb_00476,0.9996013790369034,TB
mendeley_tb_00477,0.9997978955507278,TB
mendeley_tb_00478,0.999624639749527,TB
mendeley_tb_00479,0.9994231313467026,TB
mendeley_tb_00480,0.8781692087650299,TB
mendeley_tb_00481,0.9994456470012665,TB
mendeley_tb_00482,0.9951040893793106,TB
mendeley_tb_00483,0.9966218620538712,TB
mendeley_tb_00484,0.9974281191825867,TB
mendeley_tb_00485,0.99960558116436,TB
mendeley_tb_00486,0.9997579157352448,TB
mendeley_tb_00487,0.9996108114719391,TB
mendeley_tb_00488,0.9248909950256348,TB
mendeley_tb_00489,0.9996689409017563,TB
mendeley_tb_00490,0.9989866018295288,TB
mendeley_tb_00491,0.9306423366069794,TB
mendeley_tb_00492,0.9946038872003555,TB
mendeley_tb_00493,0.997191995382309,TB
mendeley_tb_00494,0.9998228251934052,TB
mendeley_tb_00495,0.999666303396225,TB
mendeley_tb_00496,0.9995030909776688,TB
mendeley_tb_00497,0.9124710410833359,TB
mendeley_tb_00498,0.999774694442749,TB
mendeley_tb_00499,0.9995504021644592,TB
mendeley_tb_00500,0.9927583485841751,TB
mendeley_tb_00501,0.9993674755096436,TB
mendeley_tb_00502,0.997384712100029,TB
mendeley_tb_00503,0.9803835153579712,TB
mendeley_tb_00504,0.9820864796638489,TB
mendeley_tb_00505,0.9891698807477951,TB
mendeley_tb_00506,0.9993927180767059,TB
mendeley_tb_00507,0.9976322650909424,TB
mendeley_tb_00508,0.9820277988910675,TB
mendeley_tb_00509,0.9995077848434448,TB
mendeley_tb_00510,0.9997707307338715,TB
mendeley_tb_00511,0.999729260802269,TB
mendeley_tb_00512,0.9618953913450241,TB
mendeley_tb_00513,0.9970881789922714,TB
mendeley_tb_00514,0.999137207865715,TB
mendeley_tb_00515,0.9985355585813522,TB
mendeley_tb_00516,0.9824858158826828,TB
mendeley_tb_00517,0.9998010545969009,TB
mendeley_tb_00518,0.99985271692276,TB
mendeley_tb_00519,0.9997847676277161,TB
mendeley_tb_00520,0.9992863982915878,TB
mendeley_tb_00521,0.9998534023761749,TB
mendeley_tb_00522,0.9997729659080505,TB
mendeley_tb_00523,0.9991045892238617,TB
mendeley_tb_00524,0.993413895368576,TB
mendeley_tb_00525,0.981429398059845,TB
mendeley_tb_00526,0.9975667148828506,TB
mendeley_tb_00527,0.9996910840272903,TB
mendeley_tb_00528,0.9996598362922668,TB
mendeley_tb_00529,0.9997981488704681,TB
mendeley_tb_00530,0.9996174722909927,TB
mendeley_tb_00531,0.9994713515043259,TB
mendeley_tb_00532,0.9900241047143936,TB
mendeley_tb_00533,0.9962332099676132,TB
mendeley_tb_00534,0.9969645887613297,TB
mendeley_tb_00535,0.9997235983610153,TB
mendeley_tb_00536,0.9994513690471649,TB
mendeley_tb_00537,0.9996870309114456,TB
mendeley_tb_00538,0.9996248483657837,TB
mendeley_tb_00539,0.9987781345844269,TB
mendeley_tb_00540,0.9997693300247192,TB
mendeley_tb_00541,0.9997940063476562,TB
mendeley_tb_00542,0.9981677681207657,TB
mendeley_tb_00543,0.9995552450418472,TB
mendeley_tb_00544,0.9996932744979858,TB
mendeley_tb_00545,0.9897966980934143,TB
mendeley_tb_00546,0.9048358201980591,TB
mendeley_tb_00547,0.997249960899353,TB
mendeley_tb_00548,0.9997598379850388,TB
mendeley_tb_00549,0.9998845607042313,TB
mendeley_tb_00550,0.9993952512741089,TB
mendeley_tb_00551,0.9996358901262283,TB
mendeley_tb_00552,0.9992696642875671,TB
mendeley_tb_00553,0.9996344894170761,TB
mendeley_tb_00554,0.9152724295854568,TB
mendeley_tb_00555,0.998235821723938,TB
mendeley_tb_00556,0.999343529343605,TB
mendeley_tb_00557,0.9994294047355652,TB
mendeley_tb_00558,0.9993505626916885,TB
mendeley_tb_00559,0.983394056558609,TB
mendeley_tb_00560,0.9975573271512985,TB
mendeley_tb_00561,0.9976717531681061,TB
mendeley_tb_00562,0.9963428825139999,TB
mendeley_tb_00563,0.9626842737197876,TB
mendeley_tb_00564,0.9669942706823349,TB
mendeley_tb_00565,0.9948608577251434,TB
mendeley_tb_00566,0.9990343153476715,TB
mendeley_tb_00567,0.8960234075784683,TB
mendeley_tb_00568,0.9997466504573822,TB
mendeley_tb_00569,0.9981384128332138,TB
mendeley_tb_00570,0.9981781393289566,TB
mendeley_tb_00571,0.9985776096582413,TB
mendeley_tb_00572,0.9959924668073654,TB
mendeley_tb_00573,0.9949819594621658,TB
mendeley_tb_00574,0.9986449480056763,TB
mendeley_tb_00575,0.999783992767334,TB
mendeley_tb_00576,0.9995007514953613,TB
mendeley_tb_00577,0.989098995923996,TB
mendeley_tb_00578,0.9992953389883041,TB
mendeley_tb_00579,0.9951353669166565,TB
mendeley_tb_00580,0.9973505735397339,TB
mendeley_tb_00581,0.9558670371770859,TB
mendeley_tb_00582,0.9266995638608932,TB
mendeley_tb_00583,0.9897948205471039,TB
mendeley_tb_00584,0.9913549423217773,TB
mendeley_tb_00585,0.9997524321079254,TB
mendeley_tb_00586,0.9979708045721054,TB
mendeley_tb_00587,0.9972200989723206,TB
mendeley_tb_00588,0.9991549551486969,TB
mendeley_tb_00589,0.9920036643743515,TB
mendeley_tb_00590,0.9914159774780273,TB
mendeley_tb_00591,0.9938692003488541,TB
mendeley_tb_00592,0.9939241111278534,TB
mendeley_tb_00593,0.997394010424614,TB
mendeley_tb_00594,0.9951694160699844,TB
mendeley_tb_00595,0.9989262223243713,TB
mendeley_tb_00596,0.9800631403923035,TB
mendeley_tb_00597,0.9994254857301712,TB
mendeley_tb_00598,0.9998264759778976,TB
mendeley_tb_00599,0.9997289925813675,TB
mendeley_tb_00600,0.9983703345060349,TB
mendeley_tb_00601,0.9995192289352417,TB
mendeley_tb_00602,0.9997361153364182,TB
mendeley_tb_00603,0.7594761252403259,TB
mendeley_tb_00604,0.9732173085212708,TB
mendeley_tb_00605,0.9992696791887283,TB
mendeley_tb_00606,0.9470786154270172,TB
mendeley_tb_00607,0.9820320457220078,TB
mendeley_tb_00608,0.9987491965293884,TB
mendeley_tb_00609,0.9997218549251556,TB
mendeley_tb_00610,0.9938708543777466,TB
mendeley_tb_00611,0.9784181714057922,TB
mendeley_tb_00612,0.9998222142457962,TB
mendeley_tb_00613,0.9996259212493896,TB
mendeley_tb_00614,0.9998955279588699,TB
mendeley_tb_00615,0.9993819445371628,TB
mendeley_tb_00616,0.9997047036886215,TB
mendeley_tb_00617,0.9990227222442627,TB
mendeley_tb_00618,0.9997940808534622,TB
mendeley_tb_00619,0.9995789676904678,TB
mendeley_tb_00620,0.9929472655057907,TB
mendeley_tb_00621,0.999604269862175,TB
mendeley_tb_00622,0.9998064041137695,TB
mendeley_tb_00623,0.998744323849678,TB
mendeley_tb_00624,0.9995986372232437,TB
mendeley_tb_00625,0.9994786232709885,TB
mendeley_tb_00626,0.9908865541219711,TB
mendeley_tb_00627,0.999628335237503,TB
mendeley_tb_00628,0.9994866251945496,TB
mendeley_tb_00629,0.9982296377420425,TB
mendeley_tb_00630,0.9933828115463257,TB
mendeley_tb_00631,0.9855334162712097,TB
mendeley_tb_00632,0.997850090265274,TB
mendeley_tb_00633,0.9973738193511963,TB
mendeley_tb_00634,0.9993820935487747,TB
mendeley_tb_00635,0.9956694543361664,TB
mendeley_tb_00636,0.9974471032619476,TB
mendeley_tb_00637,0.9995289146900177,TB
mendeley_tb_00638,0.999686136841774,TB
mendeley_tb_00639,0.9996416717767715,TB
mendeley_tb_00640,0.9977726638317108,TB
mendeley_tb_00641,0.9978128373622894,TB
mendeley_tb_00642,0.9996991902589798,TB
mendeley_tb_00643,0.913407102227211,TB
mendeley_tb_00644,0.9988075941801071,TB
mendeley_tb_00645,0.9992933571338654,TB
mendeley_tb_00646,0.9980884790420532,TB
mendeley_tb_00647,0.9984369426965714,TB
mendeley_tb_00648,0.9994056671857834,TB
mendeley_tb_00649,0.999864250421524,TB
mendeley_tb_00650,0.9687606692314148,TB
mendeley_tb_00651,0.9996969401836395,TB
mendeley_tb_00652,0.9994163513183594,TB
mendeley_tb_00653,0.9970931857824326,TB
mendeley_tb_00654,0.9570236355066299,TB
mendeley_tb_00655,0.9595785290002823,TB
mendeley_tb_00656,0.9991389811038971,TB
mendeley_tb_00657,0.9996436387300491,TB
mendeley_tb_00658,0.9947116822004318,TB
mendeley_tb_00659,0.999774307012558,TB
mendeley_tb_00660,0.9995342791080475,TB
mendeley_tb_00661,0.9996085464954376,TB
mendeley_tb_00662,0.9989329278469086,TB
mendeley_tb_00663,0.9996720403432846,TB
mendeley_tb_00664,0.9994321763515472,TB
mendeley_tb_00665,0.996782049536705,TB
mendeley_tb_00666,0.9994353204965591,TB
mendeley_tb_00667,0.9996224045753479,TB
mendeley_tb_00668,0.7415695190429688,TB
mendeley_tb_00669,0.9866442680358887,TB
mendeley_tb_00670,0.9971929341554642,TB
mendeley_tb_00671,0.9998669624328613,TB
mendeley_tb_00672,0.9998273402452469,TB
mendeley_tb_00673,0.9997284710407257,TB
mendeley_tb_00674,0.9996297061443329,TB
mendeley_tb_00675,0.999679684638977,TB
mendeley_tb_00676,0.9992806017398834,TB
mendeley_tb_00677,0.9983514845371246,TB
mendeley_tb_00678,0.9982269555330276,TB
mendeley_tb_00679,0.9960561394691467,TB
mendeley_tb_00680,0.994268149137497,TB
mendeley_tb_00681,0.9966088980436325,TB
mendeley_tb_00682,0.9772594273090363,TB
mendeley_tb_00683,0.9996192008256912,TB
mendeley_tb_00684,0.9993645250797272,TB
mendeley_tb_00685,0.9998737126588821,TB
mendeley_tb_00686,0.9956118166446686,TB
mendeley_tb_00687,0.9997211694717407,TB
mendeley_tb_00688,0.9996712356805801,TB
mendeley_tb_00689,0.9997030198574066,TB
mendeley_tb_00690,0.998029500246048,TB
mendeley_tb_00691,0.9996470808982849,TB
mendeley_tb_00692,0.9995802342891693,TB
mendeley_tb_00693,0.9765097796916962,TB
mendeley_tb_00694,0.9889092892408371,TB
mendeley_tb_00695,0.9995565712451935,TB
mendeley_tb_00696,0.9947573244571686,TB
mendeley_tb_00697,0.9978810399770737,TB
mendeley_tb_00698,0.9995632171630859,TB
mendeley_tb_00699,0.9998670667409897,TB
mendeley_tb_00700,0.998925045132637,TB
mendeley_tb_00701,0.999517023563385,TB
mendeley_tb_00702,0.979685589671135,TB
mendeley_tb_00703,0.9966766536235809,TB
mendeley_tb_00704,0.9950572699308395,TB
mendeley_tb_00705,0.9980761110782623,TB
mendeley_tb_00706,0.9975493252277374,TB
mendeley_tb_00707,0.9994935840368271,TB
mendeley_tb_00708,0.9993162304162979,TB
mendeley_tb_00709,0.9997879713773727,TB
mendeley_tb_00710,0.955249473452568,TB
mendeley_tb_00711,0.9998317807912827,TB
mendeley_tb_00712,0.9923171997070312,TB
mendeley_tb_00713,0.9658089131116867,TB
mendeley_tb_00714,0.9997608065605164,TB
mendeley_tb_00715,0.765131488442421,TB
mendeley_tb_00716,0.47099414467811584,Normal
mendeley_tb_00717,0.9760089814662933,TB
mendeley_tb_00718,0.9245856702327728,TB
mendeley_tb_00719,0.9976698309183121,TB
mendeley_tb_00720,0.9992117583751678,TB
mendeley_tb_00721,0.9952339679002762,TB
mendeley_tb_00722,0.9994547069072723,TB
mendeley_tb_00723,0.9995248913764954,TB
mendeley_tb_00724,0.9996998012065887,TB
mendeley_tb_00725,0.9996433258056641,TB
mendeley_tb_00726,0.9856817126274109,TB
mendeley_tb_00727,0.9993702620267868,TB
mendeley_tb_00728,0.9975957870483398,TB
mendeley_tb_00729,0.999651238322258,TB
mendeley_tb_00730,0.9969318211078644,TB
mendeley_tb_00731,0.9990500062704086,TB
mendeley_tb_00732,0.9831613749265671,TB
mendeley_tb_00733,0.9853200167417526,TB
mendeley_tb_00734,0.9997762441635132,TB
mendeley_tb_00735,0.957613468170166,TB
mendeley_tb_00736,0.9992408007383347,TB
mendeley_tb_00737,0.9990552961826324,TB
mendeley_tb_00738,0.9995470941066742,TB
mendeley_tb_00739,0.9996383488178253,TB
mendeley_tb_00740,0.9904502630233765,TB
mendeley_tb_00741,0.9996635317802429,TB
mendeley_tb_00742,0.9985808581113815,TB
mendeley_tb_00743,0.9994552433490753,TB
mendeley_tb_00744,0.9995017200708389,TB
mendeley_tb_00745,0.9987032115459442,TB
mendeley_tb_00746,0.9620789289474487,TB
mendeley_tb_00747,0.9997797459363937,TB
mendeley_tb_00748,0.9977909177541733,TB
mendeley_tb_00749,0.9978299736976624,TB
mendeley_tb_00750,0.999499037861824,TB
mendeley_tb_00751,0.9964539259672165,TB
mendeley_tb_00752,0.9996907711029053,TB
mendeley_tb_00753,0.9997220188379288,TB
mendeley_tb_00754,0.9991064965724945,TB
mendeley_tb_00755,0.9968446642160416,TB
mendeley_tb_00756,0.9988904446363449,TB
mendeley_tb_00757,0.9990429133176804,TB
mendeley_tb_00758,0.9998304396867752,TB
mendeley_tb_00759,0.9978342950344086,TB
mendeley_tb_00760,0.9998192638158798,TB
mendeley_tb_00761,0.9997180849313736,TB
mendeley_tb_00762,0.9972083866596222,TB
mendeley_tb_00763,0.9982054084539413,TB
mendeley_tb_00764,0.9996634125709534,TB
mendeley_tb_00765,0.9997409731149673,TB
mendeley_tb_00766,0.9986863136291504,TB
mendeley_tb_00767,0.9885536730289459,TB
mendeley_tb_00768,0.9998890906572342,TB
mendeley_tb_00769,0.9996674805879593,TB
mendeley_tb_00770,0.9998972862958908,TB
mendeley_tb_00771,0.9962440431118011,TB
mendeley_tb_00772,0.9956019520759583,TB
mendeley_tb_00773,0.9983267188072205,TB
mendeley_tb_00774,0.9921790510416031,TB
mendeley_tb_00775,0.9993589818477631,TB
mendeley_tb_00776,0.9964177906513214,TB
mendeley_tb_00777,0.9769997000694275,TB
mendeley_tb_00778,0.9995456337928772,TB
mendeley_tb_00779,0.9997059255838394,TB
mendeley_tb_00780,0.9997875839471817,TB
mendeley_tb_00781,0.9992738366127014,TB
mendeley_tb_00782,0.9585984796285629,TB
mendeley_tb_00783,0.988051027059555,TB
mendeley_tb_00784,0.9492717832326889,TB
mendeley_tb_00785,0.9997894167900085,TB
mendeley_tb_00786,0.998839721083641,TB
mendeley_tb_00787,0.9688617140054703,TB
mendeley_tb_00788,0.9956783354282379,TB
mendeley_tb_00789,0.9869032502174377,TB
mendeley_tb_00790,0.8994511514902115,TB
mendeley_tb_00791,0.999723494052887,TB
mendeley_tb_00792,0.9996529817581177,TB
mendeley_tb_00793,0.9997024238109589,TB
mendeley_tb_00794,0.9705742597579956,TB
mendeley_tb_00795,0.9981642067432404,TB
mendeley_tb_00796,0.9985688030719757,TB
mendeley_tb_00797,0.9998763352632523,TB
mendeley_tb_00798,0.9843858778476715,TB
mendeley_tb_00799,0.9997188597917557,TB
mendeley_tb_00800,0.9997876882553101,TB
mendeley_tb_00801,0.9988614320755005,TB
mendeley_tb_00802,0.9991225153207779,TB
mendeley_tb_00803,0.9997832030057907,TB
mendeley_tb_00804,0.9997808635234833,TB
mendeley_tb_00805,0.9998618513345718,TB
mendeley_tb_00806,0.9996208697557449,TB
mendeley_tb_00807,0.7773267477750778,TB
mendeley_tb_00808,0.9941750168800354,TB
mendeley_tb_00809,0.9989810734987259,TB
mendeley_tb_00810,0.9981044083833694,TB
mendeley_tb_00811,0.9996796250343323,TB
mendeley_tb_00812,0.9975342750549316,TB
mendeley_tb_00813,0.9997304677963257,TB
mendeley_tb_00814,0.99556864798069,TB
mendeley_tb_00815,0.9996268600225449,TB
mendeley_tb_00816,0.9299492985010147,TB
mendeley_tb_00817,0.9992332309484482,TB
mendeley_tb_00818,0.9997390806674957,TB
mendeley_tb_00819,0.9965282082557678,TB
mendeley_tb_00820,0.9961819797754288,TB
mendeley_tb_00821,0.9986917674541473,TB
mendeley_tb_00822,0.9997877478599548,TB
mendeley_tb_00823,0.9520366191864014,TB
mendeley_tb_00824,0.9978664070367813,TB
mendeley_tb_00825,0.9974202066659927,TB
mendeley_tb_00826,0.9997712224721909,TB
mendeley_tb_00827,0.9997824430465698,TB
mendeley_tb_00828,0.9997460395097733,TB
mendeley_tb_00829,0.9994809627532959,TB
mendeley_tb_00830,0.9997619986534119,TB
mendeley_tb_00831,0.9996430724859238,TB
mendeley_tb_00832,0.9983748644590378,TB
mendeley_tb_00833,0.9994153082370758,TB
mendeley_tb_00834,0.9990793615579605,TB
mendeley_tb_00835,0.9995089769363403,TB
mendeley_tb_00836,0.9987377822399139,TB
mendeley_tb_00837,0.9997955709695816,TB
mendeley_tb_00838,0.9980813711881638,TB
mendeley_tb_00839,0.9994289577007294,TB
mendeley_tb_00840,0.9993919134140015,TB
mendeley_tb_00841,0.9996109306812286,TB
mendeley_tb_00842,0.9997454434633255,TB
mendeley_tb_00843,0.9946383237838745,TB
mendeley_tb_00844,0.9997834861278534,TB
mendeley_tb_00845,0.9988801628351212,TB
mendeley_tb_00846,0.9987658560276031,TB
mendeley_tb_00847,0.9962785989046097,TB
mendeley_tb_00848,0.9999049156904221,TB
mendeley_tb_00849,0.9990555495023727,TB
mendeley_tb_00850,0.9996296614408493,TB
mendeley_tb_00851,0.9984571933746338,TB
mendeley_tb_00852,0.9456945508718491,TB
mendeley_tb_00853,0.9984930455684662,TB
mendeley_tb_00854,0.9914531856775284,TB
mendeley_tb_00855,0.9992327690124512,TB
mendeley_tb_00856,0.9989262372255325,TB
mendeley_tb_00857,0.9979715347290039,TB
mendeley_tb_00858,0.996516227722168,TB
mendeley_tb_00859,0.9991225451231003,TB
mendeley_tb_00860,0.9997147023677826,TB
mendeley_tb_00861,0.9838584959506989,TB
mendeley_tb_00862,0.9992696940898895,TB
mendeley_tb_00863,0.9964420199394226,TB
mendeley_tb_00864,0.9973433613777161,TB
mendeley_tb_00865,0.9993385374546051,TB
mendeley_tb_00866,0.9964402914047241,TB
mendeley_tb_00867,0.9997016489505768,TB
mendeley_tb_00868,0.9998174756765366,TB
mendeley_tb_00869,0.9938805103302002,TB
mendeley_tb_00870,0.9997057914733887,TB
mendeley_tb_00871,0.8634127974510193,TB
mendeley_tb_00872,0.9994968771934509,TB
mendeley_tb_00873,0.9997785091400146,TB
mendeley_tb_00874,0.9997846186161041,TB
mendeley_tb_00875,0.997934028506279,TB
mendeley_tb_00876,0.9996984004974365,TB
mendeley_tb_00877,0.9988045543432236,TB
mendeley_tb_00878,0.9997661858797073,TB
mendeley_tb_00879,0.9997977018356323,TB
mendeley_tb_00880,0.9970388114452362,TB
mendeley_tb_00881,0.9997782558202744,TB
mendeley_tb_00882,0.9998323172330856,TB
mendeley_tb_00883,0.9946645200252533,TB
mendeley_tb_00884,0.9995680600404739,TB
mendeley_tb_00885,0.9983880519866943,TB
mendeley_tb_00886,0.9993885159492493,TB
mendeley_tb_00887,0.9960605055093765,TB
mendeley_tb_00888,0.9993165731430054,TB
mendeley_tb_00889,0.9834235608577728,TB
mendeley_tb_00890,0.9727971106767654,TB
mendeley_tb_00891,0.9788111299276352,TB
mendeley_tb_00892,0.9995100945234299,TB
mendeley_tb_00893,0.9987417608499527,TB
mendeley_tb_00894,0.9990323632955551,TB
mendeley_tb_00895,0.9997366666793823,TB
mendeley_tb_00896,0.9967437535524368,TB
mendeley_tb_00897,0.9991127103567123,TB
mendeley_tb_00898,0.9648895263671875,TB
mendeley_tb_00899,0.9736372083425522,TB
mendeley_tb_00900,0.9964473098516464,TB
mendeley_tb_00901,0.9968766272068024,TB
mendeley_tb_00902,0.9996073096990585,TB
mendeley_tb_00903,0.9604095071554184,TB
mendeley_tb_00904,0.9965426474809647,TB
mendeley_tb_00905,0.9972333014011383,TB
mendeley_tb_00906,0.9667310267686844,TB
mendeley_tb_00907,0.9942343831062317,TB
mendeley_tb_00908,0.9838903993368149,TB
mendeley_tb_00909,0.9989333003759384,TB
mendeley_tb_00910,0.998933956027031,TB
mendeley_tb_00911,0.998435914516449,TB
mendeley_tb_00912,0.9907668977975845,TB
mendeley_tb_00913,0.9986953586339951,TB
mendeley_tb_00914,0.999690368771553,TB
mendeley_tb_00915,0.9996582716703415,TB
mendeley_tb_00916,0.9997797459363937,TB
mendeley_tb_00917,0.9917224794626236,TB
mendeley_tb_00918,0.990389958024025,TB
mendeley_tb_00919,0.9991974085569382,TB
mendeley_tb_00920,0.9962559789419174,TB
mendeley_tb_00921,0.9995735734701157,TB
mendeley_tb_00922,0.999257430434227,TB
mendeley_tb_00923,0.9983883202075958,TB
mendeley_tb_00924,0.9998171329498291,TB
mendeley_tb_00925,0.9998329728841782,TB
mendeley_tb_00926,0.9933514147996902,TB
mendeley_tb_00927,0.9985962063074112,TB
mendeley_tb_00928,0.9997196793556213,TB
mendeley_tb_00929,0.9931857138872147,TB
mendeley_tb_00930,0.9982254654169083,TB
mendeley_tb_00931,0.9976657778024673,TB
mendeley_tb_00932,0.9975986182689667,TB
mendeley_tb_00933,0.9965915977954865,TB
mendeley_tb_00934,0.9993590116500854,TB
mendeley_tb_00935,0.7757762968540192,TB
mendeley_tb_00936,0.9796666204929352,TB
mendeley_tb_00937,0.9962874799966812,TB
mendeley_tb_00938,0.9864092022180557,TB
mendeley_tb_00939,0.9998277872800827,TB
mendeley_tb_00940,0.9996638000011444,TB
mendeley_tb_00941,0.9995574951171875,TB
mendeley_tb_00942,0.9984630793333054,TB
mendeley_tb_00943,0.9995128065347672,TB
mendeley_tb_00944,0.9998614192008972,TB
mendeley_tb_00945,0.991516724228859,TB
mendeley_tb_00946,0.9985889345407486,TB
mendeley_tb_00947,0.9994753450155258,TB
mendeley_tb_00948,0.9935941845178604,TB
mendeley_tb_00949,0.9997417628765106,TB
mendeley_tb_00950,0.9998046457767487,TB
mendeley_tb_00951,0.9983342289924622,TB
mendeley_tb_00952,0.998955249786377,TB
mendeley_tb_00953,0.8460796475410461,TB
mendeley_tb_00954,0.9873199909925461,TB
mendeley_tb_00955,0.9873976707458496,TB
mendeley_tb_00956,0.9972041696310043,TB
mendeley_tb_00957,0.9993175715208054,TB
mendeley_tb_00958,0.9910680651664734,TB
mendeley_tb_00959,0.9997796267271042,TB
mendeley_tb_00960,0.9997125864028931,TB
mendeley_tb_00961,0.9933163523674011,TB
mendeley_tb_00962,0.9861894845962524,TB
mendeley_tb_00963,0.9992857128381729,TB
mendeley_tb_00964,0.9995789229869843,TB
mendeley_tb_00965,0.9995307773351669,TB
mendeley_tb_00966,0.9998253136873245,TB
mendeley_tb_00967,0.9997662603855133,TB
mendeley_tb_00968,0.997250497341156,TB
mendeley_tb_00969,0.9979186952114105,TB
mendeley_tb_00970,0.997063085436821,TB
mendeley_tb_00971,0.7654535099864006,TB
mendeley_tb_00972,0.9996801018714905,TB
mendeley_tb_00973,0.9919922351837158,TB
mendeley_tb_00974,0.9991239011287689,TB
mendeley_tb_00975,0.9997908025979996,TB
mendeley_tb_00976,0.9985259771347046,TB
mendeley_tb_00977,0.9997866302728653,TB
mendeley_tb_00978,0.9997702091932297,TB
mendeley_tb_00979,0.9995091110467911,TB
mendeley_tb_00980,0.9949040561914444,TB
mendeley_tb_00981,0.999334916472435,TB
mendeley_tb_00982,0.9996515363454819,TB
mendeley_tb_00983,0.995123416185379,TB
mendeley_tb_00984,0.9993520379066467,TB
mendeley_tb_00985,0.9983947426080704,TB
mendeley_tb_00986,0.9823444336652756,TB
mendeley_tb_00987,0.9987707734107971,TB
mendeley_tb_00988,0.9737426340579987,TB
mendeley_tb_00989,0.9995763450860977,TB
mendeley_tb_00990,0.9981817454099655,TB
mendeley_tb_00991,0.995548889040947,TB
mendeley_tb_00992,0.9957985877990723,TB
mendeley_tb_00993,0.9995929002761841,TB
mendeley_tb_00994,0.9976623803377151,TB
mendeley_tb_00995,0.9984258860349655,TB
mendeley_tb_00996,0.9994388967752457,TB
mendeley_tb_00997,0.9995428621768951,TB
mendeley_tb_00998,0.9998266845941544,TB
mendeley_tb_00999,0.9988492280244827,TB
mendeley_tb_01000,0.9924579858779907,TB
mendeley_tb_01001,0.9965899437665939,TB
mendeley_tb_01002,0.9994654208421707,TB
mendeley_tb_01003,0.9969684779644012,TB
mendeley_tb_01004,0.9976050555706024,TB
mendeley_tb_01005,0.9983176589012146,TB
mendeley_tb_01006,0.999645546078682,TB
mendeley_tb_01007,0.9994500875473022,TB
mendeley_tb_01008,0.9995601326227188,TB
mendeley_tb_01009,0.9943455159664154,TB
mendeley_tb_01010,0.9979415088891983,TB
mendeley_tb_01011,0.9990407526493073,TB
mendeley_tb_01012,0.9992876350879669,TB
mendeley_tb_01013,0.9895468950271606,TB
mendeley_tb_01014,0.9998372793197632,TB
mendeley_tb_01015,0.9998203068971634,TB
mendeley_tb_01016,0.9939251393079758,TB
mendeley_tb_01017,0.9977488070726395,TB
mendeley_tb_01018,0.9978055059909821,TB
mendeley_tb_01019,0.9969150424003601,TB
mendeley_tb_01020,0.999187245965004,TB
mendeley_tb_01021,0.9948614537715912,TB
mendeley_tb_01022,0.9996651709079742,TB
mendeley_tb_01023,0.9968708902597427,TB
mendeley_tb_01024,0.9998365789651871,TB
mendeley_tb_01025,0.9918059557676315,TB
mendeley_tb_01026,0.9949644207954407,TB
mendeley_tb_01027,0.9753369987010956,TB
mendeley_tb_01028,0.9976304024457932,TB
mendeley_tb_01029,0.9891724735498428,TB
mendeley_tb_01030,0.9996210783720016,TB
mendeley_tb_01031,0.9988516569137573,TB
mendeley_tb_01032,0.9995112419128418,TB
mendeley_tb_01033,0.9998042583465576,TB
mendeley_tb_01034,0.9996804296970367,TB
mendeley_tb_01035,0.989324226975441,TB
mendeley_tb_01036,0.9980308711528778,TB
mendeley_tb_01037,0.9994737803936005,TB
mendeley_tb_01038,0.9941169172525406,TB
mendeley_tb_01039,0.9941882640123367,TB
mendeley_tb_01040,0.9860150963068008,TB
mendeley_tb_01041,0.999776616692543,TB
mendeley_tb_01042,0.9911982268095016,TB
mendeley_tb_01043,0.9966445416212082,TB
mendeley_tb_01044,0.9995390325784683,TB
mendeley_tb_01045,0.9976983070373535,TB
mendeley_tb_01046,0.8903083056211472,TB
mendeley_tb_01047,0.9998723268508911,TB
mendeley_tb_01048,0.9997539520263672,TB
mendeley_tb_01049,0.9980544894933701,TB
mendeley_tb_01050,0.9943369776010513,TB
mendeley_tb_01051,0.9960244745016098,TB
mendeley_tb_01052,0.9997310042381287,TB
mendeley_tb_01053,0.9991501718759537,TB
mendeley_tb_01054,0.9982623159885406,TB
mendeley_tb_01055,0.9995715022087097,TB
mendeley_tb_01056,0.9994248300790787,TB
mendeley_tb_01057,0.9001456052064896,TB
mendeley_tb_01058,0.9998255521059036,TB
mendeley_tb_01059,0.9997724890708923,TB
mendeley_tb_01060,0.998253121972084,TB
mendeley_tb_01061,0.9997177869081497,TB
mendeley_tb_01062,0.9987775683403015,TB
mendeley_tb_01063,0.9996198415756226,TB
mendeley_tb_01064,0.9998731762170792,TB
mendeley_tb_01065,0.999224528670311,TB
mendeley_tb_01066,0.9997400045394897,TB
mendeley_tb_01067,0.9997561872005463,TB
mendeley_tb_01068,0.8847911208868027,TB
mendeley_tb_01069,0.9996747821569443,TB
mendeley_tb_01070,0.9996087998151779,TB
mendeley_tb_01071,0.9989350736141205,TB
mendeley_tb_01072,0.9781391620635986,TB
mendeley_tb_01073,0.9957409203052521,TB
mendeley_tb_01074,0.9992422610521317,TB
mendeley_tb_01075,0.9992717653512955,TB
mendeley_tb_01076,0.9941651821136475,TB
mendeley_tb_01077,0.9991845190525055,TB
mendeley_tb_01078,0.9996706396341324,TB
mendeley_tb_01079,0.9998399168252945,TB
mendeley_tb_01080,0.9984614700078964,TB
mendeley_tb_01081,0.9993105083703995,TB
mendeley_tb_01082,0.9996943175792694,TB
mendeley_tb_01083,0.9992994368076324,TB
mendeley_tb_01084,0.9993046969175339,TB
mendeley_tb_01085,0.9994581788778305,TB
mendeley_tb_01086,0.9985600262880325,TB
mendeley_tb_01087,0.9690797328948975,TB
mendeley_tb_01088,0.9996337443590164,TB
mendeley_tb_01089,0.9893086850643158,TB
mendeley_tb_01090,0.9991873353719711,TB
mendeley_tb_01091,0.9989271908998489,TB
mendeley_tb_01092,0.977162703871727,TB
mendeley_tb_01093,0.9944185316562653,TB
mendeley_tb_01094,0.9988676458597183,TB
mendeley_tb_01095,0.9983174204826355,TB
mendeley_tb_01096,0.9997554868459702,TB
mendeley_tb_01097,0.9991909265518188,TB
mendeley_tb_01098,0.9812782555818558,TB
mendeley_tb_01099,0.9964797645807266,TB
mendeley_tb_01100,0.997958242893219,TB
mendeley_tb_01101,0.9812823534011841,TB
mendeley_tb_01102,0.9177688211202621,TB
mendeley_tb_01103,0.9971660822629929,TB
mendeley_tb_01104,0.9997812062501907,TB
mendeley_tb_01105,0.9995585530996323,TB
mendeley_tb_01106,0.9958038032054901,TB
mendeley_tb_01107,0.9997060596942902,TB
mendeley_tb_01108,0.9996036887168884,TB
mendeley_tb_01109,0.9997528791427612,TB
mendeley_tb_01110,0.9979371577501297,TB
mendeley_tb_01111,0.9990701675415039,TB
mendeley_tb_01112,0.9992322623729706,TB
mendeley_tb_01113,0.9987274706363678,TB
mendeley_tb_01114,0.995905727148056,TB
mendeley_tb_01115,0.9986356049776077,TB
mendeley_tb_01116,0.9990340918302536,TB
mendeley_tb_01117,0.9995526522397995,TB
mendeley_tb_01118,0.9996694028377533,TB
mendeley_tb_01119,0.9998449087142944,TB
mendeley_tb_01120,0.9997958540916443,TB
mendeley_tb_01121,0.9989759176969528,TB
mendeley_tb_01122,0.995561808347702,TB
mendeley_tb_01123,0.8383698612451553,TB
mendeley_tb_01124,0.9937559068202972,TB
mendeley_tb_01125,0.9994793981313705,TB
mendeley_tb_01126,0.9990845322608948,TB
mendeley_tb_01127,0.9885233789682388,TB
mendeley_tb_01128,0.9996493309736252,TB
mendeley_tb_01129,0.9952140897512436,TB
mendeley_tb_01130,0.9964706599712372,TB
mendeley_tb_01131,0.99899822473526,TB
mendeley_tb_01132,0.9998095631599426,TB
mendeley_tb_01133,0.9998830705881119,TB
mendeley_tb_01134,0.999628871679306,TB
mendeley_tb_01135,0.9919913113117218,TB
mendeley_tb_01136,0.9988486170768738,TB
mendeley_tb_01137,0.9951886385679245,TB
mendeley_tb_01138,0.9993347674608231,TB
mendeley_tb_01139,0.9950997978448868,TB
mendeley_tb_01140,0.9988044798374176,TB
mendeley_tb_01141,0.9998352080583572,TB
mendeley_tb_01142,0.9993123263120651,TB
mendeley_tb_01143,0.9992333501577377,TB
mendeley_tb_01144,0.9895600974559784,TB
mendeley_tb_01145,0.9042415618896484,TB
mendeley_tb_01146,0.9951109886169434,TB
mendeley_tb_01147,0.9862992167472839,TB
mendeley_tb_01148,0.9991012066602707,TB
mendeley_tb_01149,0.9995366483926773,TB
mendeley_tb_01150,0.9997456520795822,TB
mendeley_tb_01151,0.9950203746557236,TB
mendeley_tb_01152,0.991754800081253,TB
mendeley_tb_01153,0.999752551317215,TB
mendeley_tb_01154,0.9996301680803299,TB
mendeley_tb_01155,0.9885677397251129,TB
mendeley_tb_01156,0.9997567236423492,TB
mendeley_tb_01157,0.9997411668300629,TB
mendeley_tb_01158,0.9993754327297211,TB
mendeley_tb_01159,0.9790908396244049,TB
mendeley_tb_01160,0.9974309802055359,TB
mendeley_tb_01161,0.9865996092557907,TB
mendeley_tb_01162,0.9996490776538849,TB
mendeley_tb_01163,0.9995449930429459,TB
mendeley_tb_01164,0.999586284160614,TB
mendeley_tb_01165,0.9996917247772217,TB
mendeley_tb_01166,0.9993258267641068,TB
mendeley_tb_01167,0.9997381120920181,TB
mendeley_tb_01168,0.9989681839942932,TB
mendeley_tb_01169,0.9995722472667694,TB
mendeley_tb_01170,0.9929693192243576,TB
mendeley_tb_01171,0.9945082664489746,TB
mendeley_tb_01172,0.9991383850574493,TB
mendeley_tb_01173,0.9935380220413208,TB
mendeley_tb_01174,0.9989229738712311,TB
mendeley_tb_01175,0.999668300151825,TB
mendeley_tb_01176,0.997892752289772,TB
mendeley_tb_01177,0.9981948286294937,TB
mendeley_tb_01178,0.9997687190771103,TB
mendeley_tb_01179,0.9991113394498825,TB
mendeley_tb_01180,0.9997901618480682,TB
mendeley_tb_01181,0.9850664138793945,TB
mendeley_tb_01182,0.9997264742851257,TB
mendeley_tb_01183,0.9988976866006851,TB
mendeley_tb_01184,0.9844139516353607,TB
mendeley_tb_01185,0.9998120218515396,TB
mendeley_tb_01186,0.9939812272787094,TB
mendeley_tb_01187,0.9968865066766739,TB
mendeley_tb_01188,0.9982888251543045,TB
mendeley_tb_01189,0.9958134740591049,TB
mendeley_tb_01190,0.9996654838323593,TB
mendeley_tb_01191,0.999000295996666,TB
mendeley_tb_01192,0.9994445741176605,TB
mendeley_tb_01193,0.9993161261081696,TB
mendeley_tb_01194,0.995816558599472,TB
mendeley_tb_01195,0.9787904620170593,TB
mendeley_tb_01196,0.9880762696266174,TB
mendeley_tb_01197,0.9998063892126083,TB
mendeley_tb_01198,0.9996516853570938,TB
mendeley_tb_01199,0.9988566339015961,TB
mendeley_tb_01200,0.9984854161739349,TB
mendeley_tb_01201,0.9994496256113052,TB
mendeley_tb_01202,0.9950341731309891,TB
mendeley_tb_01203,0.9952848553657532,TB
mendeley_tb_01204,0.9993845075368881,TB
mendeley_tb_01205,0.9998456090688705,TB
mendeley_tb_01206,0.999872699379921,TB
mendeley_tb_01207,0.998862236738205,TB
mendeley_tb_01208,0.9995895177125931,TB
mendeley_tb_01209,0.9946719408035278,TB
mendeley_tb_01210,0.9992555975914001,TB
mendeley_tb_01211,0.9760222434997559,TB
mendeley_tb_01212,0.9983288049697876,TB
mendeley_tb_01213,0.9766227304935455,TB
mendeley_tb_01214,0.9995802491903305,TB
mendeley_tb_01215,0.9987092614173889,TB
mendeley_tb_01216,0.9990661293268204,TB
mendeley_tb_01217,0.9973500072956085,TB
mendeley_tb_01218,0.9997540265321732,TB
mendeley_tb_01219,0.9995309710502625,TB
mendeley_tb_01220,0.9989963918924332,TB
mendeley_tb_01221,0.9996809959411621,TB
mendeley_tb_01222,0.9997530281543732,TB
mendeley_tb_01223,0.9993966370820999,TB
mendeley_tb_01224,0.998801663517952,TB
mendeley_tb_01225,0.999684065580368,TB
mendeley_tb_01226,0.9882991462945938,TB
mendeley_tb_01227,0.9997188895940781,TB
mendeley_tb_01228,0.9974227249622345,TB
mendeley_tb_01229,0.9994468688964844,TB
mendeley_tb_01230,0.9990103840827942,TB
mendeley_tb_01231,0.9991731941699982,TB
mendeley_tb_01232,0.9996362775564194,TB
mendeley_tb_01233,0.8622567802667618,TB
mendeley_tb_01234,0.9997065663337708,TB
mendeley_tb_01235,0.99944669008255,TB
mendeley_tb_01236,0.9997207671403885,TB
mendeley_tb_01237,0.9993393123149872,TB
mendeley_tb_01238,0.9988582283258438,TB
mendeley_tb_01239,0.9990292936563492,TB
mendeley_tb_01240,0.9992991238832474,TB
mendeley_tb_01241,0.9998321235179901,TB
mendeley_tb_01242,0.9990828484296799,TB
mendeley_tb_01243,0.9993561804294586,TB
mendeley_tb_01244,0.9995266646146774,TB
mendeley_tb_01245,0.9996149986982346,TB
mendeley_tb_01246,0.9947876185178757,TB
mendeley_tb_01247,0.9997213184833527,TB
mendeley_tb_01248,0.5955406725406647,TB
mendeley_tb_01249,0.9998855739831924,TB
mendeley_tb_01250,0.9956819713115692,TB
mendeley_tb_01251,0.9998500645160675,TB
mendeley_tb_01252,0.9996642917394638,TB
mendeley_tb_01253,0.9995959550142288,TB
mendeley_tb_01254,0.999872699379921,TB
mendeley_tb_01255,0.9929083436727524,TB
mendeley_tb_01256,0.9993539452552795,TB
mendeley_tb_01257,0.999777227640152,TB
mendeley_tb_01258,0.9898997247219086,TB
mendeley_tb_01259,0.9963556528091431,TB
mendeley_tb_01260,0.985851913690567,TB
mendeley_tb_01261,0.9995896518230438,TB
mendeley_tb_01262,0.9995420724153519,TB
mendeley_tb_01263,0.9709829390048981,TB
mendeley_tb_01264,0.9995394051074982,TB
mendeley_tb_01265,0.999572291970253,TB
mendeley_tb_01266,0.979032963514328,TB
mendeley_tb_01267,0.996161937713623,TB
mendeley_tb_01268,0.9998362362384796,TB
mendeley_tb_01269,0.9998117685317993,TB
mendeley_tb_01270,0.9997915625572205,TB
mendeley_tb_01271,0.9983993619680405,TB
mendeley_tb_01272,0.9958435297012329,TB
mendeley_tb_01273,0.9760201722383499,TB
mendeley_tb_01274,0.9994953125715256,TB
mendeley_tb_01275,0.9990052878856659,TB
mendeley_tb_01276,0.9995315372943878,TB
mendeley_tb_01277,0.9984051883220673,TB
mendeley_tb_01278,0.9984226226806641,TB
mendeley_tb_01279,0.9998241364955902,TB
mendeley_tb_01280,0.9993001073598862,TB
mendeley_tb_01281,0.9979933649301529,TB
mendeley_tb_01282,0.9988994300365448,TB
mendeley_tb_01283,0.9978653192520142,TB
mendeley_tb_01284,0.9381019175052643,TB
mendeley_tb_01285,0.9989083409309387,TB
mendeley_tb_01286,0.9997459053993225,TB
mendeley_tb_01287,0.99824059009552,TB
mendeley_tb_01288,0.9994037747383118,TB
mendeley_tb_01289,0.999698132276535,TB
mendeley_tb_01290,0.9986171871423721,TB
mendeley_tb_01291,0.9941285401582718,TB
mendeley_tb_01292,0.9799137562513351,TB
mendeley_tb_01293,0.9904855936765671,TB
mendeley_tb_01294,0.9894421100616455,TB
mendeley_tb_01295,0.9326184391975403,TB
mendeley_tb_01296,0.9991784989833832,TB
mendeley_tb_01297,0.9989595264196396,TB
mendeley_tb_01298,0.9996426999568939,TB
mendeley_tb_01299,0.9672869443893433,TB
mendeley_tb_01300,0.9923867583274841,TB
mendeley_tb_01301,0.992917850613594,TB
mendeley_tb_01302,0.9982851445674896,TB
mendeley_tb_01303,0.9994918256998062,TB
mendeley_tb_01304,0.9996926039457321,TB
mendeley_tb_01305,0.9997782707214355,TB
mendeley_tb_01306,0.9997870326042175,TB
mendeley_tb_01307,0.9923787713050842,TB
mendeley_tb_01308,0.9967242032289505,TB
mendeley_tb_01309,0.9995852112770081,TB
mendeley_tb_01310,0.999371349811554,TB
mendeley_tb_01311,0.8202362582087517,TB
mendeley_tb_01312,0.9998107999563217,TB
mendeley_tb_01313,0.9998003095388412,TB
mendeley_tb_01314,0.9996317774057388,TB
mendeley_tb_01315,0.998175859451294,TB
mendeley_tb_01316,0.9988616108894348,TB
mendeley_tb_01317,0.9917730391025543,TB
mendeley_tb_01318,0.9998567998409271,TB
mendeley_tb_01319,0.9993368536233902,TB
mendeley_tb_01320,0.9998068511486053,TB
mendeley_tb_01321,0.9993914067745209,TB
mendeley_tb_01322,0.998188704252243,TB
mendeley_tb_01323,0.9997417032718658,TB
mendeley_tb_01324,0.9992996007204056,TB
mendeley_tb_01325,0.9982822239398956,TB
mendeley_tb_01326,0.9996821582317352,TB
mendeley_tb_01327,0.9972730576992035,TB
mendeley_tb_01328,0.9996506720781326,TB
mendeley_tb_01329,0.9948883354663849,TB
mendeley_tb_01330,0.9987798482179642,TB
mendeley_tb_01331,0.9997327476739883,TB
mendeley_tb_01332,0.9996673166751862,TB
mendeley_tb_01333,0.9987136572599411,TB
mendeley_tb_01334,0.9922304898500443,TB
mendeley_tb_01335,0.9887612611055374,TB
mendeley_tb_01336,0.9996395409107208,TB
mendeley_tb_01337,0.9995049685239792,TB
mendeley_tb_01338,0.9996923208236694,TB
mendeley_tb_01339,0.9992539435625076,TB
mendeley_tb_01340,0.9997975528240204,TB
mendeley_tb_01341,0.9971250295639038,TB
mendeley_tb_01342,0.9996519684791565,TB
mendeley_tb_01343,0.9995498210191727,TB
mendeley_tb_01344,0.9996710419654846,TB
mendeley_tb_01345,0.999009907245636,TB
mendeley_tb_01346,0.9981579929590225,TB
mendeley_tb_01347,0.9996730983257294,TB
mendeley_tb_01348,0.9996396899223328,TB
mendeley_tb_01349,0.9984009116888046,TB
mendeley_tb_01350,0.999308168888092,TB
mendeley_tb_01351,0.9997809380292892,TB
mendeley_tb_01352,0.9860475808382034,TB
mendeley_tb_01353,0.999755010008812,TB
mendeley_tb_01354,0.9979059398174286,TB
mendeley_tb_01355,0.9995844662189484,TB
mendeley_tb_01356,0.9997086524963379,TB
mendeley_tb_01357,0.9986098259687424,TB
mendeley_tb_01358,0.998491182923317,TB
mendeley_tb_01359,0.9932217001914978,TB
mendeley_tb_01360,0.9987606108188629,TB
mendeley_tb_01361,0.9995604157447815,TB
mendeley_tb_01362,0.9995913505554199,TB
mendeley_tb_01363,0.9992776364088058,TB
mendeley_tb_01364,0.99985271692276,TB
mendeley_tb_01365,0.9998373687267303,TB
mendeley_tb_01366,0.9997709542512894,TB
mendeley_tb_01367,0.9953914135694504,TB
mendeley_tb_01368,0.9965664893388748,TB
mendeley_tb_01369,0.9998759776353836,TB
mendeley_tb_01370,0.9716916978359222,TB
mendeley_tb_01371,0.99850994348526,TB
mendeley_tb_01372,0.9989659637212753,TB
mendeley_tb_01373,0.9995733350515366,TB
mendeley_tb_01374,0.999005451798439,TB
mendeley_tb_01375,0.9997068047523499,TB
mendeley_tb_01376,0.9994050413370132,TB
mendeley_tb_01377,0.9993574917316437,TB
mendeley_tb_01378,0.9948757141828537,TB
mendeley_tb_01379,0.9979589879512787,TB
mendeley_tb_01380,0.9990258514881134,TB
mendeley_tb_01381,0.9938081204891205,TB
mendeley_tb_01382,0.9996461421251297,TB
mendeley_tb_01383,0.9925472289323807,TB
mendeley_tb_01384,0.9813725650310516,TB
mendeley_tb_01385,0.9986739158630371,TB
mendeley_tb_01386,0.9998392909765244,TB
mendeley_tb_01387,0.999889001250267,TB
mendeley_tb_01388,0.9997121095657349,TB
mendeley_tb_01389,0.9996014833450317,TB
mendeley_tb_01390,0.9924447536468506,TB
mendeley_tb_01391,0.9784872084856033,TB
mendeley_tb_01392,0.9993209093809128,TB
mendeley_tb_01393,0.9992334544658661,TB
mendeley_tb_01394,0.9997703433036804,TB
mendeley_tb_01395,0.9995867908000946,TB
mendeley_tb_01396,0.9712692946195602,TB
mendeley_tb_01397,0.9997592866420746,TB
mendeley_tb_01398,0.9936001598834991,TB
mendeley_tb_01399,0.9991795569658279,TB
mendeley_tb_01400,0.9996018260717392,TB
mendeley_tb_01401,0.9996983110904694,TB
mendeley_tb_01402,0.9995409250259399,TB
mendeley_tb_01403,0.9954581260681152,TB
mendeley_tb_01404,0.9988334327936172,TB
mendeley_tb_01405,0.9994739294052124,TB
mendeley_tb_01406,0.9995241463184357,TB
mendeley_tb_01407,0.9472561329603195,TB
mendeley_tb_01408,0.9996500909328461,TB
mendeley_tb_01409,0.9989151209592819,TB
mendeley_tb_01410,0.9996115416288376,TB
mendeley_tb_01411,0.991211786866188,TB
mendeley_tb_01412,0.9518711864948273,TB
mendeley_tb_01413,0.9287718385457993,TB
mendeley_tb_01414,0.9996772855520248,TB
mendeley_tb_01415,0.9789127558469772,TB
mendeley_tb_01416,0.9987116008996964,TB
mendeley_tb_01417,0.9970493465662003,TB
mendeley_tb_01418,0.9589217007160187,TB
mendeley_tb_01419,0.9870550632476807,TB
mendeley_tb_01420,0.985396683216095,TB
mendeley_tb_01421,0.9905060082674026,TB
mendeley_tb_01422,0.9996022135019302,TB
mendeley_tb_01423,0.9995289891958237,TB
mendeley_tb_01424,0.9997610747814178,TB
mendeley_tb_01425,0.9991034418344498,TB
mendeley_tb_01426,0.9997231513261795,TB
mendeley_tb_01427,0.9998003840446472,TB
mendeley_tb_01428,0.9972550421953201,TB
mendeley_tb_01429,0.9974603801965714,TB
mendeley_tb_01430,0.9809425175189972,TB
mendeley_tb_01431,0.9997366815805435,TB
mendeley_tb_01432,0.9917411357164383,TB
mendeley_tb_01433,0.9929286986589432,TB
mendeley_tb_01434,0.9998752921819687,TB
mendeley_tb_01435,0.9946234077215195,TB
mendeley_tb_01436,0.9996508806943893,TB
mendeley_tb_01437,0.9996926188468933,TB
mendeley_tb_01438,0.9925990402698517,TB
mendeley_tb_01439,0.9994854032993317,TB
mendeley_tb_01440,0.9997164011001587,TB
mendeley_tb_01441,0.9995501190423965,TB
mendeley_tb_01442,0.9992521852254868,TB
mendeley_tb_01443,0.9979512840509415,TB
mendeley_tb_01444,0.9998667538166046,TB
mendeley_tb_01445,0.9975132197141647,TB
mendeley_tb_01446,0.9873558431863785,TB
mendeley_tb_01447,0.9924286156892776,TB
mendeley_tb_01448,0.9995121955871582,TB
mendeley_tb_01449,0.9998923987150192,TB
mendeley_tb_01450,0.9993360936641693,TB
mendeley_tb_01451,0.9996974617242813,TB
mendeley_tb_01452,0.9993180632591248,TB
mendeley_tb_01453,0.997969388961792,TB
mendeley_tb_01454,0.9989126622676849,TB
mendeley_tb_01455,0.9995080083608627,TB
mendeley_tb_01456,0.999809518456459,TB
mendeley_tb_01457,0.9984022229909897,TB
mendeley_tb_01458,0.983743280172348,TB
mendeley_tb_01459,0.9997073113918304,TB
mendeley_tb_01460,0.9993212670087814,TB
mendeley_tb_01461,0.9591917395591736,TB
mendeley_tb_01462,0.9992281496524811,TB
mendeley_tb_01463,0.9995214492082596,TB
mendeley_tb_01464,0.9998441189527512,TB
mendeley_tb_01465,0.9996971786022186,TB
mendeley_tb_01466,0.9969953894615173,TB
mendeley_tb_01467,0.9995928853750229,TB
mendeley_tb_01468,0.9970672279596329,TB
mendeley_tb_01469,0.9976099133491516,TB
mendeley_tb_01470,0.9998210221529007,TB
mendeley_tb_01471,0.9998012185096741,TB
mendeley_tb_01472,0.9991540610790253,TB
mendeley_tb_01473,0.9995264112949371,TB
mendeley_tb_01474,0.9996414333581924,TB
mendeley_tb_01475,0.9996047616004944,TB
mendeley_tb_01476,0.9992737323045731,TB
mendeley_tb_01477,0.9995301812887192,TB
mendeley_tb_01478,0.9627995043992996,TB
mendeley_tb_01479,0.9997435063123703,TB
mendeley_tb_01480,0.9997398555278778,TB
mendeley_tb_01481,0.9989157021045685,TB
mendeley_tb_01482,0.9991811662912369,TB
mendeley_tb_01483,0.9992150515317917,TB
mendeley_tb_01484,0.8722083419561386,TB
mendeley_tb_01485,0.9992269724607468,TB
mendeley_tb_01486,0.9995604604482651,TB
mendeley_tb_01487,0.9943034797906876,TB
mendeley_tb_01488,0.9996573626995087,TB
mendeley_tb_01489,0.9997343122959137,TB
mendeley_tb_01490,0.9926439374685287,TB
mendeley_tb_01491,0.9980113953351974,TB
mendeley_tb_01492,0.9972853362560272,TB
mendeley_tb_01493,0.9998184740543365,TB
mendeley_tb_01494,0.9998776167631149,TB
mendeley_tb_01495,0.9391023814678192,TB
mendeley_tb_01496,0.9993074387311935,TB
mendeley_tb_01497,0.9985339194536209,TB
mendeley_tb_01498,0.7170126885175705,TB
mendeley_tb_01499,0.9795978218317032,TB
mendeley_tb_01500,0.9995781779289246,TB
mendeley_tb_01501,0.9995599091053009,TB
mendeley_tb_01502,0.9988162070512772,TB
mendeley_tb_01503,0.9962872415781021,TB
mendeley_tb_01504,0.999440148472786,TB
mendeley_tb_01505,0.9994460344314575,TB
mendeley_tb_01506,0.9991787374019623,TB
mendeley_tb_01507,0.9997836202383041,TB
mendeley_tb_01508,0.9992464333772659,TB
mendeley_tb_01509,0.9997446537017822,TB
mendeley_tb_01510,0.9983092546463013,TB
mendeley_tb_01511,0.9955072849988937,TB
mendeley_tb_01512,0.999742791056633,TB
mendeley_tb_01513,0.9983816593885422,TB
mendeley_tb_01514,0.9932345449924469,TB
mendeley_tb_01515,0.9993481338024139,TB
mendeley_tb_01516,0.9971263557672501,TB
mendeley_tb_01517,0.99979467689991,TB
mendeley_tb_01518,0.9989895671606064,TB
mendeley_tb_01519,0.9993342906236649,TB
mendeley_tb_01520,0.9817815274000168,TB
mendeley_tb_01521,0.9997330456972122,TB
mendeley_tb_01522,0.999678760766983,TB
mendeley_tb_01523,0.9991730749607086,TB
mendeley_tb_01524,0.9997063428163528,TB
mendeley_tb_01525,0.9938451051712036,TB
mendeley_tb_01526,0.9997432678937912,TB
mendeley_tb_01527,0.998284325003624,TB
mendeley_tb_01528,0.9994150847196579,TB
mendeley_tb_01529,0.9986280202865601,TB
mendeley_tb_01530,0.9914035052061081,TB
mendeley_tb_01531,0.9997983127832413,TB
mendeley_tb_01532,0.747448742389679,TB
mendeley_tb_01533,0.9996856302022934,TB
mendeley_tb_01534,0.9998111724853516,TB
mendeley_tb_01535,0.9942125082015991,TB
mendeley_tb_01536,0.966549277305603,TB
mendeley_tb_01537,0.9922992289066315,TB
mendeley_tb_01538,0.9990395307540894,TB
mendeley_tb_01539,0.9982106536626816,TB
mendeley_tb_01540,0.9997675567865372,TB
mendeley_tb_01541,0.9977944046258926,TB
mendeley_tb_01542,0.9903616011142731,TB
mendeley_tb_01543,0.8779281079769135,TB
mendeley_tb_01544,0.9997610449790955,TB
mendeley_tb_01545,0.9418857246637344,TB
mendeley_tb_01546,0.999568447470665,TB
mendeley_tb_01547,0.9603212624788284,TB
mendeley_tb_01548,0.8844021260738373,TB
mendeley_tb_01549,0.9869190752506256,TB
mendeley_tb_01550,0.9193097651004791,TB
mendeley_tb_01551,0.9997716993093491,TB
mendeley_tb_01552,0.9997292757034302,TB
mendeley_tb_01553,0.9976154714822769,TB
mendeley_tb_01554,0.9996720552444458,TB
mendeley_tb_01555,0.9994211047887802,TB
mendeley_tb_01556,0.9997068047523499,TB
mendeley_tb_01557,0.9997355937957764,TB
mendeley_tb_01558,0.999523863196373,TB
mendeley_tb_01559,0.9997836202383041,TB
mendeley_tb_01560,0.964996263384819,TB
mendeley_tb_01561,0.9967601597309113,TB
mendeley_tb_01562,0.9903611242771149,TB
mendeley_tb_01563,0.9995649307966232,TB
mendeley_tb_01564,0.9996571689844131,TB
mendeley_tb_01565,0.9998529851436615,TB
mendeley_tb_01566,0.8985133320093155,TB
mendeley_tb_01567,0.9995556175708771,TB
mendeley_tb_01568,0.9235042780637741,TB
mendeley_tb_01569,0.9996435195207596,TB
mendeley_tb_01570,0.9731569588184357,TB
mendeley_tb_01571,0.9785786122083664,TB
mendeley_tb_01572,0.9992314875125885,TB
mendeley_tb_01573,0.9405519366264343,TB
mendeley_tb_01574,0.9983619302511215,TB
mendeley_tb_01575,0.9997692555189133,TB
mendeley_tb_01576,0.9902763962745667,TB
mendeley_tb_01577,0.9997974932193756,TB
mendeley_tb_01578,0.9992299228906631,TB
mendeley_tb_01579,0.9328602850437164,TB
mendeley_tb_01580,0.9969747513532639,TB
mendeley_tb_01581,0.9909470826387405,TB
mendeley_tb_01582,0.9993692487478256,TB
mendeley_tb_01583,0.996991828083992,TB
mendeley_tb_01584,0.998832568526268,TB
mendeley_tb_01585,0.9959508329629898,TB
mendeley_tb_01586,0.9940007477998734,TB
mendeley_tb_01587,0.9670504629611969,TB
mendeley_tb_01588,0.9993549585342407,TB
mendeley_tb_01589,0.9989110827445984,TB
mendeley_tb_01590,0.9954554438591003,TB
mendeley_tb_01591,0.9964010715484619,TB
mendeley_tb_01592,0.9948282539844513,TB
mendeley_tb_01593,0.9591342508792877,TB
mendeley_tb_01594,0.9997125267982483,TB
mendeley_tb_01595,0.9989992678165436,TB
mendeley_tb_01596,0.9998572468757629,TB
mendeley_tb_01597,0.9802961200475693,TB
mendeley_tb_01598,0.9857343584299088,TB
mendeley_tb_01599,0.9931168407201767,TB
mendeley_tb_01600,0.9831717163324356,TB
mendeley_tb_01601,0.9973374754190445,TB
mendeley_tb_01602,0.999802976846695,TB
mendeley_tb_01603,0.9993589222431183,TB
mendeley_tb_01604,0.9996512234210968,TB
mendeley_tb_01605,0.9741298258304596,TB
mendeley_tb_01606,0.99986732006073,TB
mendeley_tb_01607,0.996198296546936,TB
mendeley_tb_01608,0.9976711571216583,TB
mendeley_tb_01609,0.9953542500734329,TB
mendeley_tb_01610,0.9995230436325073,TB
mendeley_tb_01611,0.9997588098049164,TB
mendeley_tb_01612,0.996851846575737,TB
mendeley_tb_01613,0.9990832656621933,TB
mendeley_tb_01614,0.9616900235414505,TB
mendeley_tb_01615,0.9900866895914078,TB
mendeley_tb_01616,0.9974664747714996,TB
mendeley_tb_01617,0.9989013820886612,TB
mendeley_tb_01618,0.9989818036556244,TB
mendeley_tb_01619,0.9177866280078888,TB
mendeley_tb_01620,0.9875039160251617,TB
mendeley_tb_01621,0.9994982331991196,TB
mendeley_tb_01622,0.9784880876541138,TB
mendeley_tb_01623,0.9993616044521332,TB
mendeley_tb_01624,0.9993579685688019,TB
mendeley_tb_01625,0.9985821843147278,TB
mendeley_tb_01626,0.9991554319858551,TB
mendeley_tb_01627,0.9994747489690781,TB
mendeley_tb_01628,0.9997616857290268,TB
mendeley_tb_01629,0.992621123790741,TB
mendeley_tb_01630,0.999614030122757,TB
mendeley_tb_01631,0.9965095221996307,TB
mendeley_tb_01632,0.9960126280784607,TB
mendeley_tb_01633,0.9995898902416229,TB
mendeley_tb_01634,0.995087593793869,TB
mendeley_tb_01635,0.999677449464798,TB
mendeley_tb_01636,0.9822694808244705,TB
mendeley_tb_01637,0.9989458322525024,TB
mendeley_tb_01638,0.9947975873947144,TB
mendeley_tb_01639,0.9985930174589157,TB
mendeley_tb_01640,0.9997964650392532,TB
mendeley_tb_01641,0.9949337244033813,TB
mendeley_tb_01642,0.9995347708463669,TB
mendeley_tb_01643,0.9995568543672562,TB
mendeley_tb_01644,0.999647244811058,TB
mendeley_tb_01645,0.9986400455236435,TB
mendeley_tb_01646,0.9998371452093124,TB
mendeley_tb_01647,0.9449605941772461,TB
mendeley_tb_01648,0.996052086353302,TB
mendeley_tb_01649,0.9991189241409302,TB
mendeley_tb_01650,0.9997369349002838,TB
mendeley_tb_01651,0.9956542551517487,TB
mendeley_tb_01652,0.9956341236829758,TB
mendeley_tb_01653,0.696230337023735,TB
mendeley_tb_01654,0.9941042065620422,TB
mendeley_tb_01655,0.9837548434734344,TB
mendeley_tb_01656,0.9972326904535294,TB
mendeley_tb_01657,0.9940969944000244,TB
mendeley_tb_01658,0.9860695749521255,TB
mendeley_tb_01659,0.9949279874563217,TB
mendeley_tb_01660,0.9998360574245453,TB
mendeley_tb_01661,0.9998381286859512,TB
mendeley_tb_01662,0.985815703868866,TB
mendeley_tb_01663,0.9998095035552979,TB
mendeley_tb_01664,0.9990353435277939,TB
mendeley_tb_01665,0.9970784187316895,TB
mendeley_tb_01666,0.999224528670311,TB
mendeley_tb_01667,0.999826967716217,TB
mendeley_tb_01668,0.9991518706083298,TB
mendeley_tb_01669,0.9949301481246948,TB
mendeley_tb_01670,0.9991604536771774,TB
mendeley_tb_01671,0.9941343665122986,TB
mendeley_tb_01672,0.989567443728447,TB
mendeley_tb_01673,0.9925170838832855,TB
mendeley_tb_01674,0.9908111691474915,TB
mendeley_tb_01675,0.9997101277112961,TB
mendeley_tb_01676,0.9881282895803452,TB
mendeley_tb_01677,0.9997956901788712,TB
mendeley_tb_01678,0.9874092042446136,TB
mendeley_tb_01679,0.9959749728441238,TB
mendeley_tb_01680,0.99950110912323,TB
mendeley_tb_01681,0.9980276972055435,TB
mendeley_tb_01682,0.997758537530899,TB
mendeley_tb_01683,0.9996284395456314,TB
mendeley_tb_01684,0.9994302839040756,TB
mendeley_tb_01685,0.999643862247467,TB
mendeley_tb_01686,0.9990321546792984,TB
mendeley_tb_01687,0.9950613528490067,TB
mendeley_tb_01688,0.9995515197515488,TB
mendeley_tb_01689,0.9996603727340698,TB
mendeley_tb_01690,0.9695520997047424,TB
mendeley_tb_01691,0.9969366192817688,TB
mendeley_tb_01692,0.9995483011007309,TB
mendeley_tb_01693,0.9994740635156631,TB
mendeley_tb_01694,0.9992113560438156,TB
mendeley_tb_01695,0.9978734999895096,TB
mendeley_tb_01696,0.9972799867391586,TB
mendeley_tb_01697,0.9997770637273788,TB
mendeley_tb_01698,0.9852900505065918,TB
mendeley_tb_01699,0.9997150301933289,TB
mendeley_tb_01700,0.993718221783638,TB
mendeley_tb_01701,0.9986989796161652,TB
mendeley_tb_01702,0.9998278617858887,TB
mendeley_tb_01703,0.994923934340477,TB
mendeley_tb_01704,0.9992999881505966,TB
mendeley_tb_01705,0.9994869381189346,TB
mendeley_tb_01706,0.9965107589960098,TB
mendeley_tb_01707,0.9992694854736328,TB
mendeley_tb_01708,0.999727725982666,TB
mendeley_tb_01709,0.9997674971818924,TB
mendeley_tb_01710,0.9992462992668152,TB
mendeley_tb_01711,0.9994519799947739,TB
mendeley_tb_01712,0.999748021364212,TB
mendeley_tb_01713,0.9990876317024231,TB
mendeley_tb_01714,0.9985175281763077,TB
mendeley_tb_01715,0.9964356571435928,TB
mendeley_tb_01716,0.9996050149202347,TB
mendeley_tb_01717,0.9996967315673828,TB
mendeley_tb_01718,0.9972134828567505,TB
mendeley_tb_01719,0.9826919138431549,TB
mendeley_tb_01720,0.8972380310297012,TB
mendeley_tb_01721,0.9992776066064835,TB
mendeley_tb_01722,0.9996771812438965,TB
mendeley_tb_01723,0.9995977878570557,TB
mendeley_tb_01724,0.9981729984283447,TB
mendeley_tb_01725,0.9997217059135437,TB
mendeley_tb_01726,0.9996021687984467,TB
mendeley_tb_01727,0.9987427890300751,TB
mendeley_tb_01728,0.9832361936569214,TB
mendeley_tb_01729,0.9986584037542343,TB
mendeley_tb_01730,0.999595895409584,TB
mendeley_tb_01731,0.9908661991357803,TB
mendeley_tb_01732,0.9868392944335938,TB
mendeley_tb_01733,0.9922673404216766,TB
mendeley_tb_01734,0.9980655461549759,TB
mendeley_tb_01735,0.9997134655714035,TB
mendeley_tb_01736,0.9996297508478165,TB
mendeley_tb_01737,0.9874121397733688,TB
mendeley_tb_01738,0.9963194131851196,TB
mendeley_tb_01739,0.9998229593038559,TB
mendeley_tb_01740,0.9928003996610641,TB
mendeley_tb_01741,0.9994329065084457,TB
mendeley_tb_01742,0.99980328977108,TB
mendeley_tb_01743,0.9977953732013702,TB
mendeley_tb_01744,0.9997623562812805,TB
mendeley_tb_01745,0.9949567466974258,TB
mendeley_tb_01746,0.9853456914424896,TB
mendeley_tb_01747,0.9990645498037338,TB
mendeley_tb_01748,0.9989228844642639,TB
mendeley_tb_01749,0.9991515129804611,TB
mendeley_tb_01750,0.9816861003637314,TB
mendeley_tb_01751,0.9996695965528488,TB
mendeley_tb_01752,0.9995984882116318,TB
mendeley_tb_01753,0.99863101541996,TB
mendeley_tb_01754,0.9978405088186264,TB
mendeley_tb_01755,0.9994530975818634,TB
mendeley_tb_01756,0.9987320005893707,TB
mendeley_tb_01757,0.999303326010704,TB
mendeley_tb_01758,0.998870775103569,TB
mendeley_tb_01759,0.9902529269456863,TB
mendeley_tb_01760,0.9991713911294937,TB
mendeley_tb_01761,0.9993435144424438,TB
mendeley_tb_01762,0.998969703912735,TB
mendeley_tb_01763,0.999668538570404,TB
mendeley_tb_01764,0.9994567930698395,TB
mendeley_tb_01765,0.8382631540298462,TB
mendeley_tb_01766,0.9992474466562271,TB
mendeley_tb_01767,0.9804124087095261,TB
mendeley_tb_01768,0.9998192340135574,TB
mendeley_tb_01769,0.9995976388454437,TB
mendeley_tb_01770,0.9992694556713104,TB
mendeley_tb_01771,0.9997877031564713,TB
mendeley_tb_01772,0.9996866434812546,TB
mendeley_tb_01773,0.9993999749422073,TB
mendeley_tb_01774,0.9990077763795853,TB
mendeley_tb_01775,0.9969749748706818,TB
mendeley_tb_01776,0.9996273964643478,TB
mendeley_tb_01777,0.9992892146110535,TB
mendeley_tb_01778,0.9946390092372894,TB
mendeley_tb_01779,0.9998632371425629,TB
mendeley_tb_01780,0.992473915219307,TB
mendeley_tb_01781,0.9997459053993225,TB
mendeley_tb_01782,0.9998486638069153,TB
mendeley_tb_01783,0.9984366744756699,TB
mendeley_tb_01784,0.8571840673685074,TB
mendeley_tb_01785,0.9997295141220093,TB
mendeley_tb_01786,0.9991036802530289,TB
mendeley_tb_01787,0.9988549798727036,TB
mendeley_tb_01788,0.9995358139276505,TB
mendeley_tb_01789,0.9973153322935104,TB
mendeley_tb_01790,0.9996157884597778,TB
mendeley_tb_01791,0.99913489818573,TB
mendeley_tb_01792,0.9994969218969345,TB
mendeley_tb_01793,0.9849292933940887,TB
mendeley_tb_01794,0.9996770322322845,TB
mendeley_tb_01795,0.9903942942619324,TB
mendeley_tb_01796,0.9997079074382782,TB
mendeley_tb_01797,0.9988851249217987,TB
mendeley_tb_01798,0.9997944980859756,TB
mendeley_tb_01799,0.9997113943099976,TB
mendeley_tb_01800,0.9984188824892044,TB
mendeley_tb_01801,0.913322702050209,TB
mendeley_tb_01802,0.9805394411087036,TB
mendeley_tb_01803,0.999560683965683,TB
mendeley_tb_01804,0.9993813782930374,TB
mendeley_tb_01805,0.9986020624637604,TB
mendeley_tb_01806,0.9990860223770142,TB
mendeley_tb_01807,0.9774604141712189,TB
mendeley_tb_01808,0.9996625185012817,TB
mendeley_tb_01809,0.9997844398021698,TB
mendeley_tb_01810,0.9993329048156738,TB
mendeley_tb_01811,0.9997035712003708,TB
mendeley_tb_01812,0.9988763779401779,TB
mendeley_tb_01813,0.9998535662889481,TB
mendeley_tb_01814,0.9998258054256439,TB
mendeley_tb_01815,0.9994384944438934,TB
mendeley_tb_01816,0.9787090569734573,TB
mendeley_tb_01817,0.9984710067510605,TB
mendeley_tb_01818,0.9995131492614746,TB
mendeley_tb_01819,0.9977149218320847,TB
mendeley_tb_01820,0.999576523900032,TB
mendeley_tb_01821,0.9980098009109497,TB
mendeley_tb_01822,0.99933061003685,TB
mendeley_tb_01823,0.9968730807304382,TB
mendeley_tb_01824,0.9762075692415237,TB
mendeley_tb_01825,0.9995148032903671,TB
mendeley_tb_01826,0.9995621591806412,TB
mendeley_tb_01827,0.9723220765590668,TB
mendeley_tb_01828,0.9988965094089508,TB
mendeley_tb_01829,0.9922645390033722,TB
mendeley_tb_01830,0.9995271265506744,TB
mendeley_tb_01831,0.9994390308856964,TB
mendeley_tb_01832,0.9991698414087296,TB
mendeley_tb_01833,0.9992967993021011,TB
mendeley_tb_01834,0.9971814900636673,TB
mendeley_tb_01835,0.9965766966342926,TB
mendeley_tb_01836,0.9995625764131546,TB
mendeley_tb_01837,0.9889731705188751,TB
mendeley_tb_01838,0.9929772913455963,TB
mendeley_tb_01839,0.9997169971466064,TB
mendeley_tb_01840,0.9996505826711655,TB
mendeley_tb_01841,0.997207760810852,TB
mendeley_tb_01842,0.9996857792139053,TB
mendeley_tb_01843,0.9996648281812668,TB
mendeley_tb_01844,0.9996884018182755,TB
mendeley_tb_01845,0.9998166859149933,TB
mendeley_tb_01846,0.9891442656517029,TB
mendeley_tb_01847,0.9996611475944519,TB
mendeley_tb_01848,0.9998185336589813,TB
mendeley_tb_01849,0.9988573789596558,TB
mendeley_tb_01850,0.9980912059545517,TB
mendeley_tb_01851,0.9918035566806793,TB
mendeley_tb_01852,0.994745746254921,TB
mendeley_tb_01853,0.8814215511083603,TB
mendeley_tb_01854,0.9986496865749359,TB
mendeley_tb_01855,0.9997439533472061,TB
mendeley_tb_01856,0.9996193647384644,TB
mendeley_tb_01857,0.9997906982898712,TB
mendeley_tb_01858,0.9995734095573425,TB
mendeley_tb_01859,0.9989949464797974,TB
mendeley_tb_01860,0.9987772703170776,TB
mendeley_tb_01861,0.9993650615215302,TB
mendeley_tb_01862,0.99955053627491,TB
mendeley_tb_01863,0.9973100423812866,TB
mendeley_tb_01864,0.9979643821716309,TB
mendeley_tb_01865,0.9988843649625778,TB
mendeley_tb_01866,0.9996405839920044,TB
mendeley_tb_01867,0.998887374997139,TB
mendeley_tb_01868,0.9992509931325912,TB
mendeley_tb_01869,0.9963997006416321,TB
mendeley_tb_01870,0.9969750344753265,TB
mendeley_tb_01871,0.9865789860486984,TB
mendeley_tb_01872,0.9971360415220261,TB
mendeley_tb_01873,0.999474287033081,TB
mendeley_tb_01874,0.9996032416820526,TB
mendeley_tb_01875,0.9982093572616577,TB
mendeley_tb_01876,0.9976194202899933,TB
mendeley_tb_01877,0.9994283020496368,TB
mendeley_tb_01878,0.9992750138044357,TB
mendeley_tb_01879,0.9996205270290375,TB
mendeley_tb_01880,0.9994153827428818,TB
mendeley_tb_01881,0.9993800967931747,TB
mendeley_tb_01882,0.9995609670877457,TB
mendeley_tb_01883,0.9987735450267792,TB
mendeley_tb_01884,0.999520555138588,TB
mendeley_tb_01885,0.9995202124118805,TB
mendeley_tb_01886,0.9891629964113235,TB
mendeley_tb_01887,0.9769293814897537,TB
mendeley_tb_01888,0.9994550198316574,TB
mendeley_tb_01889,0.9997080117464066,TB
mendeley_tb_01890,0.9971164464950562,TB
mendeley_tb_01891,0.9992626309394836,TB
mendeley_tb_01892,0.9997389912605286,TB
mendeley_tb_01893,0.9971894770860672,TB
mendeley_tb_01894,0.9998000860214233,TB
mendeley_tb_01895,0.9215208441019058,TB
mendeley_tb_01896,0.993117481470108,TB
mendeley_tb_01897,0.9978106170892715,TB
mendeley_tb_01898,0.9997194409370422,TB
mendeley_tb_01899,0.9978551268577576,TB
mendeley_tb_01900,0.999518871307373,TB
mendeley_tb_01901,0.9993380755186081,TB
mendeley_tb_01902,0.9230502992868423,TB
mendeley_tb_01903,0.9989785552024841,TB
mendeley_tb_01904,0.9997385591268539,TB
mendeley_tb_01905,0.9981166869401932,TB
mendeley_tb_01906,0.9991655051708221,TB
mendeley_tb_01907,0.9994724094867706,TB
mendeley_tb_01908,0.9986469745635986,TB
mendeley_tb_01909,0.9988846182823181,TB
mendeley_tb_01910,0.9984373152256012,TB
mendeley_tb_01911,0.9984489381313324,TB
mendeley_tb_01912,0.9766222983598709,TB
mendeley_tb_01913,0.9925462007522583,TB
mendeley_tb_01914,0.998406171798706,TB
mendeley_tb_01915,0.9997456073760986,TB
mendeley_tb_01916,0.9997523277997971,TB
mendeley_tb_01917,0.999741330742836,TB
mendeley_tb_01918,0.9993806481361389,TB
mendeley_tb_01919,0.9992772340774536,TB
mendeley_tb_01920,0.9922033250331879,TB
mendeley_tb_01921,0.9965828955173492,TB
mendeley_tb_01922,0.9996854215860367,TB
mendeley_tb_01923,0.9972867518663406,TB
mendeley_tb_01924,0.9994468986988068,TB
mendeley_tb_01925,0.9996305406093597,TB
mendeley_tb_01926,0.999374121427536,TB
mendeley_tb_01927,0.9987208247184753,TB
mendeley_tb_01928,0.9988148808479309,TB
mendeley_tb_01929,0.9956698268651962,TB
mendeley_tb_01930,0.9664612114429474,TB
mendeley_tb_01931,0.9998139142990112,TB
mendeley_tb_01932,0.9987574070692062,TB
mendeley_tb_01933,0.9989788383245468,TB
mendeley_tb_01934,0.9969625174999237,TB
mendeley_tb_01935,0.9996934086084366,TB
mendeley_tb_01936,0.9974120706319809,TB
mendeley_tb_01937,0.9826240539550781,TB
mendeley_tb_01938,0.9997287839651108,TB
mendeley_tb_01939,0.9996485263109207,TB
mendeley_tb_01940,0.9790763407945633,TB
mendeley_tb_01941,0.999306783080101,TB
mendeley_tb_01942,0.9959770292043686,TB
mendeley_tb_01943,0.9994973391294479,TB
mendeley_tb_01944,0.8867478668689728,TB
mendeley_tb_01945,0.9993311762809753,TB
mendeley_tb_01946,0.9992986917495728,TB
mendeley_tb_01947,0.992364689707756,TB
mendeley_tb_01948,0.9992706030607224,TB
mendeley_tb_01949,0.9996564388275146,TB
mendeley_tb_01950,0.774480864405632,TB
mendeley_tb_01951,0.9985108226537704,TB
mendeley_tb_01952,0.9996872246265411,TB
mendeley_tb_01953,0.9966653883457184,TB
mendeley_tb_01954,0.9985260963439941,TB
mendeley_tb_01955,0.8633952438831329,TB
mendeley_tb_01956,0.9889847636222839,TB
mendeley_tb_01957,0.9992246776819229,TB
mendeley_tb_01958,0.9981060922145844,TB
mendeley_tb_01959,0.9973757863044739,TB
mendeley_tb_01960,0.999419242143631,TB
mendeley_tb_01961,0.9943912178277969,TB
mendeley_tb_01962,0.9902397841215134,TB
mendeley_tb_01963,0.9989718347787857,TB
mendeley_tb_01964,0.999361589550972,TB
mendeley_tb_01965,0.9592362642288208,TB
mendeley_tb_01966,0.9914398789405823,TB
mendeley_tb_01967,0.9996138662099838,TB
mendeley_tb_01968,0.995862141251564,TB
mendeley_tb_01969,0.9985291361808777,TB
mendeley_tb_01970,0.9305861443281174,TB
mendeley_tb_01971,0.9993915259838104,TB
mendeley_tb_01972,0.9993991404771805,TB
mendeley_tb_01973,0.997567281126976,TB
mendeley_tb_01974,0.9542001187801361,TB
mendeley_tb_01975,0.9350506812334061,TB
mendeley_tb_01976,0.9983340799808502,TB
mendeley_tb_01977,0.9953216314315796,TB
mendeley_tb_01978,0.9972837269306183,TB
mendeley_tb_01979,0.9956613779067993,TB
mendeley_tb_01980,0.9997607916593552,TB
mendeley_tb_01981,0.9990606009960175,TB
mendeley_tb_01982,0.9993251413106918,TB
mendeley_tb_01983,0.9992891848087311,TB
mendeley_tb_01984,0.9995976686477661,TB
mendeley_tb_01985,0.9990710020065308,TB
mendeley_tb_01986,0.9989228993654251,TB
mendeley_tb_01987,0.9990578144788742,TB
mendeley_tb_01988,0.9993732571601868,TB
mendeley_tb_01989,0.9994136691093445,TB
mendeley_tb_01990,0.9995859861373901,TB
mendeley_tb_01991,0.9996073842048645,TB
mendeley_tb_01992,0.9843998849391937,TB
mendeley_tb_01993,0.959001749753952,TB
mendeley_tb_01994,0.8915227800607681,TB
mendeley_tb_01995,0.9998325258493423,TB
mendeley_tb_01996,0.9993455857038498,TB
mendeley_tb_01997,0.99936942756176,TB
mendeley_tb_01998,0.9992473274469376,TB
mendeley_tb_01999,0.9993642270565033,TB
mendeley_tb_02000,0.9995189160108566,TB
mendeley_tb_02001,0.99834243953228,TB
mendeley_tb_02002,0.9987221211194992,TB
mendeley_tb_02003,0.9983875453472137,TB
mendeley_tb_02004,0.999235987663269,TB
mendeley_tb_02005,0.9990074336528778,TB
mendeley_tb_02006,0.9916718006134033,TB
mendeley_tb_02007,0.9988924115896225,TB
mendeley_tb_02008,0.9990034103393555,TB
mendeley_tb_02009,0.9975840449333191,TB
mendeley_tb_02010,0.9985099881887436,TB
mendeley_tb_02011,0.9978187531232834,TB
mendeley_tb_02012,0.9991750568151474,TB
mendeley_tb_02013,0.9983978420495987,TB
mendeley_tb_02014,0.9852196723222733,TB
mendeley_tb_02015,0.9985988736152649,TB
mendeley_tb_02016,0.9806739389896393,TB
mendeley_tb_02017,0.9977935403585434,TB
mendeley_tb_02018,0.996828556060791,TB
mendeley_tb_02019,0.9776872545480728,TB
mendeley_tb_02020,0.997384250164032,TB
mendeley_tb_02021,0.9922335147857666,TB
mendeley_tb_02022,0.9974039047956467,TB
mendeley_tb_02023,0.9987435042858124,TB
mendeley_tb_02024,0.9972025752067566,TB
mendeley_tb_02025,0.9325493723154068,TB
mendeley_tb_02026,0.9993217289447784,TB
mendeley_tb_02027,0.9993081539869308,TB
mendeley_tb_02028,0.9991538971662521,TB
mendeley_tb_02029,0.99696846306324,TB
mendeley_tb_02030,0.9983337074518204,TB
mendeley_tb_02031,0.9974758327007294,TB
mendeley_tb_02032,0.9919449388980865,TB
mendeley_tb_02033,0.9434261322021484,TB
mendeley_tb_02034,0.9997832626104355,TB
mendeley_tb_02035,0.9988608509302139,TB
mendeley_tb_02036,0.9990240335464478,TB
mendeley_tb_02037,0.9995019882917404,TB
mendeley_tb_02038,0.9992604404687881,TB
mendeley_tb_02039,0.9772270768880844,TB
mendeley_tb_02040,0.9965805113315582,TB
mendeley_tb_02041,0.9993992149829865,TB
mendeley_tb_02042,0.9992679953575134,TB
mendeley_tb_02043,0.9996635019779205,TB
mendeley_tb_02044,0.9993260949850082,TB
mendeley_tb_02045,0.9991613328456879,TB
mendeley_tb_02046,0.9996993690729141,TB
mendeley_tb_02047,0.999399408698082,TB
mendeley_tb_02048,0.9993019998073578,TB
mendeley_tb_02049,0.9997366517782211,TB
mendeley_tb_02050,0.9891354888677597,TB
mendeley_tb_02051,0.9982757270336151,TB
mendeley_tb_02052,0.9997361451387405,TB
mendeley_tb_02053,0.9994981437921524,TB
mendeley_tb_02054,0.9988328069448471,TB
mendeley_tb_02055,0.999849259853363,TB
mendeley_tb_02056,0.9980666190385818,TB
mendeley_tb_02057,0.9998126029968262,TB
mendeley_tb_02058,0.9974942952394485,TB
mendeley_tb_02059,0.9994544386863708,TB
mendeley_tb_02060,0.9966654628515244,TB
mendeley_tb_02061,0.9986001998186111,TB
mendeley_tb_02062,0.9998050183057785,TB
mendeley_tb_02063,0.9995657503604889,TB
mendeley_tb_02064,0.9995750933885574,TB
mendeley_tb_02065,0.9986793845891953,TB
mendeley_tb_02066,0.9995182305574417,TB
mendeley_tb_02067,0.9992438107728958,TB
mendeley_tb_02068,0.9980664402246475,TB
mendeley_tb_02069,0.9943349659442902,TB
mendeley_tb_02070,0.9166112393140793,TB
mendeley_tb_02071,0.9989603608846664,TB
mendeley_tb_02072,0.9992360919713974,TB
mendeley_tb_02073,0.9989033639431,TB
mendeley_tb_02074,0.9991002976894379,TB
mendeley_tb_02075,0.9938035905361176,TB
mendeley_tb_02076,0.9983190596103668,TB
mendeley_tb_02077,0.9983735233545303,TB
mendeley_tb_02078,0.9981361329555511,TB
mendeley_tb_02079,0.9992593079805374,TB
mendeley_tb_02080,0.999648317694664,TB
mendeley_tb_02081,0.9962657243013382,TB
mendeley_tb_02082,0.9995936304330826,TB
mendeley_tb_02083,0.9977423250675201,TB
mendeley_tb_02084,0.9992677718400955,TB
mendeley_tb_02085,0.9951872676610947,TB
mendeley_tb_02086,0.9978635758161545,TB
mendeley_tb_02087,0.9933835715055466,TB
mendeley_tb_02088,0.9980792552232742,TB
mendeley_tb_02089,0.9997557699680328,TB
mendeley_tb_02090,0.9997997581958771,TB
mendeley_tb_02091,0.9980538934469223,TB
mendeley_tb_02092,0.9955769330263138,TB
mendeley_tb_02093,0.9991884827613831,TB
mendeley_tb_02094,0.9990625530481339,TB
mendeley_tb_02095,0.978556290268898,TB
mendeley_tb_02096,0.9661683738231659,TB
mendeley_tb_02097,0.9997082501649857,TB
mendeley_tb_02098,0.9996276795864105,TB
mendeley_tb_02099,0.9985780417919159,TB
mendeley_tb_02100,0.9936739206314087,TB
mendeley_tb_02101,0.9981642216444016,TB
mendeley_tb_02102,0.9871561080217361,TB
mendeley_tb_02103,0.9994767606258392,TB
mendeley_tb_02104,0.9940721243619919,TB
mendeley_tb_02105,0.9994406998157501,TB
mendeley_tb_02106,0.9995978027582169,TB
mendeley_tb_02107,0.9992796629667282,TB
mendeley_tb_02108,0.9936192184686661,TB
mendeley_tb_02109,0.9994151741266251,TB
mendeley_tb_02110,0.998615950345993,TB
mendeley_tb_02111,0.9996496438980103,TB
mendeley_tb_02112,0.9996807277202606,TB
mendeley_tb_02113,0.9991592317819595,TB
mendeley_tb_02114,0.9936436712741852,TB
mendeley_tb_02115,0.9703526198863983,TB
mendeley_tb_02116,0.9993187785148621,TB
mendeley_tb_02117,0.9997402429580688,TB
mendeley_tb_02118,0.9998242259025574,TB
mendeley_tb_02119,0.9977598190307617,TB
mendeley_tb_02120,0.9990730732679367,TB
mendeley_tb_02121,0.9990906417369843,TB
mendeley_tb_02122,0.9984439760446548,TB
mendeley_tb_02123,0.9998267143964767,TB
mendeley_tb_02124,0.9992705434560776,TB
mendeley_tb_02125,0.9790056347846985,TB
mendeley_tb_02126,0.989288717508316,TB
mendeley_tb_02127,0.9949954301118851,TB
mendeley_tb_02128,0.996710941195488,TB
mendeley_tb_02129,0.9996551126241684,TB
mendeley_tb_02130,0.9997037798166275,TB
mendeley_tb_02131,0.9993187785148621,TB
mendeley_tb_02132,0.9996255785226822,TB
mendeley_tb_02133,0.9995170384645462,TB
mendeley_tb_02134,0.9985961616039276,TB
mendeley_tb_02135,0.9996427446603775,TB
mendeley_tb_02136,0.9992720633745193,TB
mendeley_tb_02137,0.9997621327638626,TB
mendeley_tb_02138,0.9991630464792252,TB
mendeley_tb_02139,0.9989506155252457,TB
mendeley_tb_02140,0.9907451272010803,TB
mendeley_tb_02141,0.9987988471984863,TB
mendeley_tb_02142,0.9992750138044357,TB
mendeley_tb_02143,0.9997268170118332,TB
mendeley_tb_02144,0.8960911929607391,TB
mendeley_tb_02145,0.9682623594999313,TB
mendeley_tb_02146,0.9977598190307617,TB
mendeley_tb_02147,0.9998178482055664,TB
mendeley_tb_02148,0.9997643828392029,TB
mendeley_tb_02149,0.9991325289011002,TB
mendeley_tb_02150,0.9913017898797989,TB
mendeley_tb_02151,0.9991941303014755,TB
mendeley_tb_02152,0.9996551126241684,TB
mendeley_tb_02153,0.9991252422332764,TB
mendeley_tb_02154,0.9995877146720886,TB
mendeley_tb_02155,0.9996461868286133,TB
mendeley_tb_02156,0.9986090809106827,TB
mendeley_tb_02157,0.9995030164718628,TB
mendeley_tb_02158,0.995574951171875,TB
mendeley_tb_02159,0.999444767832756,TB
mendeley_tb_02160,0.9985988140106201,TB
mendeley_tb_02161,0.9977378994226456,TB
mendeley_tb_02162,0.9997435957193375,TB
mendeley_tb_02163,0.9928682148456573,TB
mendeley_tb_02164,0.9996071308851242,TB
mendeley_tb_02165,0.9995276480913162,TB
mendeley_tb_02166,0.999455139040947,TB
mendeley_tb_02167,0.9990604072809219,TB
mendeley_tb_02168,0.999228224158287,TB
mendeley_tb_02169,0.999552458524704,TB
mendeley_tb_02170,0.9501525908708572,TB
mendeley_tb_02171,0.99881911277771,TB
mendeley_tb_02172,0.9990885257720947,TB
mendeley_tb_02173,0.9996674209833145,TB
mendeley_tb_02174,0.9995799362659454,TB
mendeley_tb_02175,0.9997995495796204,TB
mendeley_tb_02176,0.9988438189029694,TB
mendeley_tb_02177,0.9993739575147629,TB
mendeley_tb_02178,0.99881911277771,TB
mendeley_tb_02179,0.9990604072809219,TB
mendeley_tb_02180,0.9990870207548141,TB
mendeley_tb_02181,0.9997995495796204,TB
mendeley_tb_02182,0.9755228012800217,TB
mendeley_tb_02183,0.998864158987999,TB
mendeley_tb_02184,0.9850354641675949,TB
mendeley_tb_02185,0.9996997863054276,TB
mendeley_tb_02186,0.9995957612991333,TB
mendeley_tb_02187,0.9990870207548141,TB
mendeley_tb_02188,0.9995360523462296,TB
mendeley_tb_02189,0.9995957612991333,TB
mendeley_tb_02190,0.9960363954305649,TB
mendeley_tb_02191,0.996890515089035,TB
mendeley_tb_02192,0.9996913969516754,TB
mendeley_tb_02193,0.9991977363824844,TB
mendeley_tb_02194,0.9996459484100342,TB
mendeley_tb_02195,0.998632475733757,TB
mendeley_tb_02196,0.9998520612716675,TB
mendeley_tb_02197,0.9991977363824844,TB
mendeley_tb_02198,0.9990173429250717,TB
mendeley_tb_02199,0.9991320818662643,TB
mendeley_tb_02200,0.9994915574789047,TB
mendeley_tb_02201,0.9996041655540466,TB
mendeley_tb_02202,0.9990885257720947,TB
mendeley_tb_02203,0.9984536319971085,TB
mendeley_tb_02204,0.9501525908708572,TB
mendeley_tb_02205,0.998864158987999,TB
mendeley_tb_02206,0.9993976801633835,TB
mendeley_tb_02207,0.9755228012800217,TB
mendeley_tb_02208,0.9985038340091705,TB
mendeley_tb_02209,0.9995881915092468,TB
mendeley_tb_02210,0.9960363954305649,TB
mendeley_tb_02211,0.9944551736116409,TB
mendeley_tb_02212,0.999455139040947,TB
mendeley_tb_02213,0.9998083561658859,TB
mendeley_tb_02214,0.999606192111969,TB
mendeley_tb_02215,0.9992124736309052,TB
mendeley_tb_02216,0.9997986406087875,TB
mendeley_tb_02217,0.9994756579399109,TB
mendeley_tb_02218,0.9997633695602417,TB
mendeley_tb_02219,0.9997250735759735,TB
mendeley_tb_02220,0.9985038340091705,TB
mendeley_tb_02221,0.9993739575147629,TB
mendeley_tb_02222,0.999228224158287,TB
mendeley_tb_02223,0.9997612237930298,TB
mendeley_tb_02224,0.9996222853660583,TB
mendeley_tb_02225,0.9996983855962753,TB
mendeley_tb_02226,0.9962984174489975,TB
mendeley_tb_02227,0.9961976855993271,TB
mendeley_tb_02228,0.9993331581354141,TB
mendeley_tb_02229,0.9956303834915161,TB
mendeley_tb_02230,0.9979017525911331,TB
mendeley_tb_02231,0.9996774643659592,TB
mendeley_tb_02232,0.9903244525194168,TB
mendeley_tb_02233,0.9998079687356949,TB
mendeley_tb_02234,0.9997618496417999,TB
mendeley_tb_02235,0.9995690435171127,TB
mendeley_tb_02236,0.9777347594499588,TB
mendeley_tb_02237,0.9995707869529724,TB
mendeley_tb_02238,0.9630952775478363,TB
mendeley_tb_02239,0.9996917396783829,TB
mendeley_tb_02240,0.9993321597576141,TB
mendeley_tb_02241,0.9901048839092255,TB
mendeley_tb_02242,0.9989889860153198,TB
mendeley_tb_02243,0.9998240619897842,TB
mendeley_tb_02244,0.9995024055242538,TB
mendeley_tb_02245,0.9994875937700272,TB
mendeley_tb_02246,0.9998199045658112,TB
mendeley_tb_02247,0.8653397411108017,TB
mendeley_tb_02248,0.9992432743310928,TB
mendeley_tb_02249,0.9956303834915161,TB
mendeley_tb_02250,0.9904308617115021,TB
mendeley_tb_02251,0.9975661188364029,TB
mendeley_tb_02252,0.9992667436599731,TB
mendeley_tb_02253,0.9997488558292389,TB
mendeley_tb_02254,0.9991385191679001,TB
mendeley_tb_02255,0.9996713995933533,TB
mendeley_tb_02256,0.9994395971298218,TB
mendeley_tb_02257,0.999853640794754,TB
mendeley_tb_02258,0.9836469292640686,TB
mendeley_tb_02259,0.9992047101259232,TB
mendeley_tb_02260,0.9885440170764923,TB
mendeley_tb_02261,0.9988834410905838,TB
mendeley_tb_02262,0.9630952775478363,TB
mendeley_tb_02263,0.9994608461856842,TB
mendeley_tb_02264,0.9978029280900955,TB
mendeley_tb_02265,0.995215505361557,TB
mendeley_tb_02266,0.9998091608285904,TB
mendeley_tb_02267,0.9996312856674194,TB
mendeley_tb_02268,0.9998389780521393,TB
mendeley_tb_02269,0.9995333105325699,TB
mendeley_tb_02270,0.9943900555372238,TB
mendeley_tb_02271,0.9996196776628494,TB
mendeley_tb_02272,0.9997996091842651,TB
mendeley_tb_02273,0.9998127520084381,TB
mendeley_tb_02274,0.9995073229074478,TB
mendeley_tb_02275,0.9996488988399506,TB
mendeley_tb_02276,0.9997175484895706,TB
mendeley_tb_02277,0.9952176511287689,TB
mendeley_tb_02278,0.9953811168670654,TB
mendeley_tb_02279,0.9998802691698074,TB
mendeley_tb_02280,0.9989650398492813,TB
mendeley_tb_02281,0.997690886259079,TB
mendeley_tb_02282,0.9995989054441452,TB
mendeley_tb_02283,0.9992631673812866,TB
mendeley_tb_02284,0.9964622855186462,TB
mendeley_tb_02285,0.987946629524231,TB
mendeley_tb_02286,0.9997114688158035,TB
mendeley_tb_02287,0.9986450523138046,TB
mendeley_tb_02288,0.99966761469841,TB
mendeley_tb_02289,0.9996529966592789,TB
mendeley_tb_02290,0.9995762258768082,TB
mendeley_tb_02291,0.993839904665947,TB
mendeley_tb_02292,0.9996602982282639,TB
mendeley_tb_02293,0.9998777955770493,TB
mendeley_tb_02294,0.9994787275791168,TB
mendeley_tb_02295,0.9953072667121887,TB
mendeley_tb_02296,0.999364361166954,TB
mendeley_tb_02297,0.9995079040527344,TB
mendeley_tb_02298,0.8923683911561966,TB
mendeley_tb_02299,0.9998707622289658,TB
mendeley_tb_02300,0.9931767582893372,TB
mendeley_tb_02301,0.9993326365947723,TB
mendeley_tb_02302,0.9947163313627243,TB
mendeley_tb_02303,0.99985770881176,TB
mendeley_tb_02304,0.9995554536581039,TB
mendeley_tb_02305,0.9753356873989105,TB
mendeley_tb_02306,0.9995337128639221,TB
mendeley_tb_02307,0.9998496770858765,TB
mendeley_tb_02308,0.9997600317001343,TB
mendeley_tb_02309,0.9996256977319717,TB
mendeley_tb_02310,0.9984373450279236,TB
mendeley_tb_02311,0.9997564554214478,TB
mendeley_tb_02312,0.9973984211683273,TB
mendeley_tb_02313,0.9998461604118347,TB
mendeley_tb_02314,0.9994251579046249,TB
mendeley_tb_02315,0.9950977563858032,TB
mendeley_tb_02316,0.9993854612112045,TB
mendeley_tb_02317,0.9907010793685913,TB
mendeley_tb_02318,0.9995745718479156,TB
mendeley_tb_02319,0.98389632999897,TB
mendeley_tb_02320,0.9970940351486206,TB
mendeley_tb_02321,0.9983760714530945,TB
mendeley_tb_02322,0.9997995644807816,TB
mendeley_tb_02323,0.9997170716524124,TB
mendeley_tb_02324,0.9983958154916763,TB
mendeley_tb_02325,0.9985900372266769,TB
mendeley_tb_02326,0.9970958530902863,TB
mendeley_tb_02327,0.9997193217277527,TB
mendeley_tb_02328,0.9995412975549698,TB
mendeley_tb_02329,0.9906242787837982,TB
mendeley_tb_02330,0.9862562268972397,TB
mendeley_tb_02331,0.9932788610458374,TB
mendeley_tb_02332,0.9991201162338257,TB
mendeley_tb_02333,0.9996620714664459,TB
mendeley_tb_02334,0.9998291283845901,TB
mendeley_tb_02335,0.9996344596147537,TB
mendeley_tb_02336,0.9982593506574631,TB
mendeley_tb_02337,0.9997601509094238,TB
mendeley_tb_02338,0.9997310191392899,TB
mendeley_tb_02339,0.9997528940439224,TB
mendeley_tb_02340,0.9992076009511948,TB
mendeley_tb_02341,0.9846399128437042,TB
mendeley_tb_02342,0.9998047798871994,TB
mendeley_tb_02343,0.9896482825279236,TB
mendeley_tb_02344,0.9996732473373413,TB
mendeley_tb_02345,0.9997072517871857,TB
mendeley_tb_02346,0.9996401965618134,TB
mendeley_tb_02347,0.9987739771604538,TB
mendeley_tb_02348,0.9998482316732407,TB
mendeley_tb_02349,0.9996666759252548,TB
mendeley_tb_02350,0.9997800141572952,TB
mendeley_tb_02351,0.9983047097921371,TB
mendeley_tb_02352,0.9992858916521072,TB
mendeley_tb_02353,0.9993817359209061,TB
mendeley_tb_02354,0.9994900077581406,TB
mendeley_tb_02355,0.9777455180883408,TB
mendeley_tb_02356,0.9967090338468552,TB
mendeley_tb_02357,0.9997556656599045,TB
mendeley_tb_02358,0.9983246326446533,TB
mendeley_tb_02359,0.9997378289699554,TB
mendeley_tb_02360,0.9989410936832428,TB
mendeley_tb_02361,0.998382642865181,TB
mendeley_tb_02362,0.9772263616323471,TB
mendeley_tb_02363,0.9971769154071808,TB
mendeley_tb_02364,0.9991022050380707,TB
mendeley_tb_02365,0.9989228993654251,TB
mendeley_tb_02366,0.9998303800821304,TB
mendeley_tb_02367,0.9996777474880219,TB
mendeley_tb_02368,0.9985691010951996,TB
mendeley_tb_02369,0.9989792704582214,TB
mendeley_tb_02370,0.9993029683828354,TB
mendeley_tb_02371,0.9971961826086044,TB
mendeley_tb_02372,0.9998036921024323,TB
mendeley_tb_02373,0.9996413737535477,TB
mendeley_tb_02374,0.970435306429863,TB
mendeley_tb_02375,0.9996911287307739,TB
mendeley_tb_02376,0.9967159628868103,TB
mendeley_tb_02377,0.9983160346746445,TB
mendeley_tb_02378,0.999138206243515,TB
mendeley_tb_02379,0.9833678007125854,TB
mendeley_tb_02380,0.999818816781044,TB
mendeley_tb_02381,0.9994131475687027,TB
mendeley_tb_02382,0.9995239228010178,TB
mendeley_tb_02383,0.9865712076425552,TB
mendeley_tb_02384,0.9891931414604187,TB
mendeley_tb_02385,0.9998033195734024,TB
mendeley_tb_02386,0.9958876222372055,TB
mendeley_tb_02387,0.9969006925821304,TB
mendeley_tb_02388,0.9997785538434982,TB
mendeley_tb_02389,0.9977655857801437,TB
mendeley_tb_02390,0.9995815604925156,TB
mendeley_tb_02391,0.9997871220111847,TB
mendeley_tb_02392,0.9995970129966736,TB
mendeley_tb_02393,0.9996001422405243,TB
mendeley_tb_02394,0.9998510181903839,TB
mendeley_tb_02395,0.9995876848697662,TB
mendeley_tb_02396,0.9996594935655594,TB
mendeley_tb_02397,0.9992671310901642,TB
mendeley_tb_02398,0.9992668479681015,TB
mendeley_tb_02399,0.9995704889297485,TB
mendeley_tb_02400,0.9966636151075363,TB
mendeley_tb_02401,0.9997359812259674,TB
mendeley_tb_02402,0.9998153746128082,TB
mendeley_tb_02403,0.9990518987178802,TB
mendeley_tb_02404,0.9975547045469284,TB
mendeley_tb_02405,0.995412603020668,TB
mendeley_tb_02406,0.9892279356718063,TB
mendeley_tb_02407,0.9998073279857635,TB
mendeley_tb_02408,0.9968307912349701,TB
mendeley_tb_02409,0.9980129152536392,TB
mendeley_tb_02410,0.999592050909996,TB
mendeley_tb_02411,0.9992838352918625,TB
mendeley_tb_02412,0.9991921037435532,TB
mendeley_tb_02413,0.9995563626289368,TB
mendeley_tb_02414,0.9996227920055389,TB
mendeley_tb_02415,0.9991762191057205,TB
mendeley_tb_02416,0.997945174574852,TB
mendeley_tb_02417,0.9993882924318314,TB
mendeley_tb_02418,0.9997954219579697,TB
mendeley_tb_02419,0.9800939857959747,TB
mendeley_tb_02420,0.9993844628334045,TB
mendeley_tb_02421,0.9995019286870956,TB
mendeley_tb_02422,0.998393714427948,TB
mendeley_tb_02423,0.9988059401512146,TB
mendeley_tb_02424,0.9996391385793686,TB
mendeley_tb_02425,0.9971243292093277,TB
mendeley_tb_02426,0.9879479557275772,TB
mendeley_tb_02427,0.9992729723453522,TB
mendeley_tb_02428,0.9995008409023285,TB
mendeley_tb_02429,0.9960211664438248,TB
mendeley_tb_02430,0.9739657193422318,TB
mendeley_tb_02431,0.9843264818191528,TB
mendeley_tb_02432,0.995559498667717,TB
mendeley_tb_02433,0.9965162724256516,TB
mendeley_tb_02434,0.9989131838083267,TB
mendeley_tb_02435,0.750499814748764,TB
mendeley_tb_02436,0.9989638775587082,TB
mendeley_tb_02437,0.998100534081459,TB
mendeley_tb_02438,0.9663433730602264,TB
mendeley_tb_02439,0.9997175186872482,TB
mendeley_tb_02440,0.9996354579925537,TB
mendeley_tb_02441,0.9997919350862503,TB
mendeley_tb_02442,0.9998760968446732,TB
mendeley_tb_02443,0.9998568892478943,TB
mendeley_tb_02444,0.9398908615112305,TB
mendeley_tb_02445,0.9996395856142044,TB
mendeley_tb_02446,0.9995857328176498,TB
mendeley_tb_02447,0.9998160153627396,TB
mendeley_tb_02448,0.999679908156395,TB
mendeley_tb_02449,0.9996203780174255,TB
mendeley_tb_02450,0.9992388933897018,TB
mendeley_tb_02451,0.9910924434661865,TB
mendeley_tb_02452,0.9873823076486588,TB
mendeley_tb_02453,0.9997276216745377,TB
mendeley_tb_02454,0.9872309565544128,TB
mendeley_tb_02455,0.9996255487203598,TB
mendeley_tb_02456,0.9901945739984512,TB
mendeley_tb_02457,0.9992976188659668,TB
mendeley_tb_02458,0.9996181577444077,TB
mendeley_tb_02459,0.9990157186985016,TB
mendeley_tb_02460,0.30679527670145035,Normal
mendeley_tb_02461,0.9995542466640472,TB
mendeley_tb_02462,0.9992714673280716,TB
mendeley_tb_02463,0.9996601194143295,TB
mendeley_tb_02464,0.9997334778308868,TB
mendeley_tb_02465,0.9996761530637741,TB
mendeley_tb_02466,0.9558003693819046,TB
mendeley_tb_02467,0.986542135477066,TB
mendeley_tb_02468,0.9996834546327591,TB
mendeley_tb_02469,0.9698516130447388,TB
mendeley_tb_02470,0.825339749455452,TB
mendeley_tb_02471,0.9996989816427231,TB
mendeley_tb_02472,0.9998352080583572,TB
mendeley_tb_02473,0.9923231452703476,TB
mendeley_tb_02474,0.9996621608734131,TB
mendeley_tb_02475,0.9990169554948807,TB
mendeley_tb_02476,0.9996502995491028,TB
mendeley_tb_02477,0.9989435225725174,TB
mendeley_tb_02478,0.9995713233947754,TB
mendeley_tb_02479,0.9998097121715546,TB
mendeley_tb_02480,0.9998301565647125,TB
mendeley_tb_02481,0.9994838088750839,TB
mendeley_tb_02482,0.9998408257961273,TB
mendeley_tb_02483,0.9943128526210785,TB
mendeley_tb_02484,0.9504634290933609,TB
mendeley_tb_02485,0.9827404469251633,TB
mendeley_tb_02486,0.9926015883684158,TB
mendeley_tb_02487,0.9998119026422501,TB
mendeley_tb_02488,0.9997997432947159,TB
mendeley_tb_02489,0.9230289161205292,TB
mendeley_tb_02490,0.9948673695325851,TB
mendeley_tb_02491,0.9946851432323456,TB
mendeley_tb_02492,0.9991412609815598,TB
mendeley_tb_02493,0.9962070733308792,TB
