new_id,prob_tb,pred_TB/Normal
mendeley_normal_00000,0.9986525326967239,TB
mendeley_normal_00001,0.9956423342227936,TB
mendeley_normal_00002,0.9980061799287796,TB
mendeley_normal_00003,0.9922836273908615,TB
mendeley_normal_00004,0.9937589466571808,TB
mendeley_normal_00005,0.9951612651348114,TB
mendeley_normal_00006,0.9953726083040237,TB
mendeley_normal_00007,0.991479367017746,TB
mendeley_normal_00008,0.9991245269775391,TB
mendeley_normal_00009,0.996135026216507,TB
mendeley_normal_00010,0.9967914074659348,TB
mendeley_normal_00011,0.9990233480930328,TB
mendeley_normal_00012,0.9926491230726242,TB
mendeley_normal_00013,0.9947003722190857,TB
mendeley_normal_00014,0.9926316887140274,TB
mendeley_normal_00015,0.9907162934541702,TB
mendeley_normal_00016,0.991348996758461,TB
mendeley_normal_00017,0.9917186051607132,TB
mendeley_normal_00018,0.9961206167936325,TB
mendeley_normal_00019,0.9944711774587631,TB
mendeley_normal_00020,0.9938251972198486,TB
mendeley_normal_00021,0.9955530017614365,TB
mendeley_normal_00022,0.9899769127368927,TB
mendeley_normal_00023,0.9836270362138748,TB
mendeley_normal_00024,0.9959932267665863,TB
mendeley_normal_00025,0.9985260367393494,TB
mendeley_normal_00026,0.9971675425767899,TB
mendeley_normal_00027,0.9970191419124603,TB
mendeley_normal_00028,0.9912205040454865,TB
mendeley_normal_00029,0.9968638718128204,TB
mendeley_normal_00030,0.9905490428209305,TB
mendeley_normal_00031,0.9946742653846741,TB
mendeley_normal_00032,0.9921769350767136,TB
mendeley_normal_00033,0.997201144695282,TB
mendeley_normal_00034,0.9819871932268143,TB
mendeley_normal_00035,0.9897218942642212,TB
mendeley_normal_00036,0.9969444125890732,TB
mendeley_normal_00037,0.9981763511896133,TB
mendeley_normal_00038,0.9977903962135315,TB
mendeley_normal_00039,0.9928074032068253,TB
mendeley_normal_00040,0.9908086359500885,TB
mendeley_normal_00041,0.9971112757921219,TB
mendeley_normal_00042,0.9963254332542419,TB
mendeley_normal_00043,0.9960242658853531,TB
mendeley_normal_00044,0.9720823913812637,TB
mendeley_normal_00045,0.9964928925037384,TB
mendeley_normal_00046,0.9961932301521301,TB
mendeley_normal_00047,0.9975107908248901,TB
mendeley_normal_00048,0.9925229847431183,TB
mendeley_normal_00049,0.9966843873262405,TB
mendeley_normal_00050,0.996415302157402,TB
mendeley_normal_00051,0.9912373870611191,TB
mendeley_normal_00052,0.994825005531311,TB
mendeley_normal_00053,0.9867994040250778,TB
mendeley_normal_00054,0.9956725835800171,TB
mendeley_normal_00055,0.993609294295311,TB
mendeley_normal_00056,0.9921731203794479,TB
mendeley_normal_00057,0.9844195544719696,TB
mendeley_normal_00058,0.99692103266716,TB
mendeley_normal_00059,0.994939848780632,TB
mendeley_normal_00060,0.9954313188791275,TB
mendeley_normal_00061,0.9985342174768448,TB
mendeley_normal_00062,0.9946099519729614,TB
mendeley_normal_00063,0.9924697875976562,TB
mendeley_normal_00064,0.9971540570259094,TB
mendeley_normal_00065,0.9912331849336624,TB
mendeley_normal_00066,0.9908909201622009,TB
mendeley_normal_00067,0.9890578985214233,TB
mendeley_normal_00068,0.9875993728637695,TB
mendeley_normal_00069,0.9966815859079361,TB
mendeley_normal_00070,0.9977173209190369,TB
mendeley_normal_00071,0.9914526641368866,TB
mendeley_normal_00072,0.9963099956512451,TB
mendeley_normal_00073,0.9923659265041351,TB
mendeley_normal_00074,0.9960533529520035,TB
mendeley_normal_00075,0.9984129965305328,TB
mendeley_normal_00076,0.9881988614797592,TB
mendeley_normal_00077,0.9964399486780167,TB
mendeley_normal_00078,0.9921210557222366,TB
mendeley_normal_00079,0.9848230332136154,TB
mendeley_normal_00080,0.9972126334905624,TB
mendeley_normal_00081,0.998273029923439,TB
mendeley_normal_00082,0.9965822845697403,TB
mendeley_normal_00083,0.9961144179105759,TB
mendeley_normal_00084,0.9932272136211395,TB
mendeley_normal_00085,0.9945462197065353,TB
mendeley_normal_00086,0.9926140606403351,TB
mendeley_normal_00087,0.9953141510486603,TB
mendeley_normal_00088,0.9940996021032333,TB
mendeley_normal_00089,0.9847911596298218,TB
mendeley_normal_00090,0.9922878444194794,TB
mendeley_normal_00091,0.9888819456100464,TB
mendeley_normal_00092,0.9869897365570068,TB
mendeley_normal_00093,0.9947124868631363,TB
mendeley_normal_00094,0.9975218027830124,TB
mendeley_normal_00095,0.9978613555431366,TB
mendeley_normal_00096,0.9949993193149567,TB
mendeley_normal_00097,0.9907983243465424,TB
mendeley_normal_00098,0.9962786138057709,TB
mendeley_normal_00099,0.9929198324680328,TB
mendeley_normal_00100,0.9978127330541611,TB
mendeley_normal_00101,0.9978661984205246,TB
mendeley_normal_00102,0.9805970042943954,TB
mendeley_normal_00103,0.9925401359796524,TB
mendeley_normal_00104,0.9952499568462372,TB
mendeley_normal_00105,0.9906741678714752,TB
mendeley_normal_00106,0.988068088889122,TB
mendeley_normal_00107,0.9927649199962616,TB
mendeley_normal_00108,0.9443393796682358,TB
mendeley_normal_00109,0.9937638491392136,TB
mendeley_normal_00110,0.9924158751964569,TB
mendeley_normal_00111,0.9947833567857742,TB
mendeley_normal_00112,0.9929549545049667,TB
mendeley_normal_00113,0.9973579198122025,TB
mendeley_normal_00114,0.9901937246322632,TB
mendeley_normal_00115,0.9901193529367447,TB
mendeley_normal_00116,0.9963136464357376,TB
mendeley_normal_00117,0.9972495138645172,TB
mendeley_normal_00118,0.9954863488674164,TB
mendeley_normal_00119,0.9973290264606476,TB
mendeley_normal_00120,0.9978853911161423,TB
mendeley_normal_00121,0.9926765710115433,TB
mendeley_normal_00122,0.9966140389442444,TB
mendeley_normal_00123,0.9978603720664978,TB
mendeley_normal_00124,0.9936901181936264,TB
mendeley_normal_00125,0.99825219810009,TB
mendeley_normal_00126,0.9858217835426331,TB
mendeley_normal_00127,0.9916179925203323,TB
mendeley_normal_00128,0.9929963499307632,TB
mendeley_normal_00129,0.998352125287056,TB
mendeley_normal_00130,0.9970736056566238,TB
mendeley_normal_00131,0.9858067631721497,TB
mendeley_normal_00132,0.9901828914880753,TB
mendeley_normal_00133,0.9981185346841812,TB
mendeley_normal_00134,0.9951892495155334,TB
mendeley_normal_00135,0.9974596053361893,TB
mendeley_normal_00136,0.9561098664999008,TB
mendeley_normal_00137,0.98926642537117,TB
mendeley_normal_00138,0.9978027492761612,TB
mendeley_normal_00139,0.99794901907444,TB
mendeley_normal_00140,0.998760774731636,TB
mendeley_normal_00141,0.996997520327568,TB
mendeley_normal_00142,0.9958423674106598,TB
mendeley_normal_00143,0.9939464628696442,TB
mendeley_normal_00144,0.9877226948738098,TB
mendeley_normal_00145,0.9967643916606903,TB
mendeley_normal_00146,0.9936192631721497,TB
mendeley_normal_00147,0.9960036724805832,TB
mendeley_normal_00148,0.9928581714630127,TB
mendeley_normal_00149,0.9940694868564606,TB
mendeley_normal_00150,0.995544821023941,TB
mendeley_normal_00151,0.9933938235044479,TB
mendeley_normal_00152,0.9965322762727737,TB
mendeley_normal_00153,0.9963774532079697,TB
mendeley_normal_00154,0.9968257546424866,TB
mendeley_normal_00155,0.9964221268892288,TB
mendeley_normal_00156,0.9838308990001678,TB
mendeley_normal_00157,0.9878651797771454,TB
mendeley_normal_00158,0.9961441606283188,TB
mendeley_normal_00159,0.9920582473278046,TB
mendeley_normal_00160,0.9959290325641632,TB
mendeley_normal_00161,0.9898671805858612,TB
mendeley_normal_00162,0.9940059185028076,TB
mendeley_normal_00163,0.9952964186668396,TB
mendeley_normal_00164,0.9959677010774612,TB
mendeley_normal_00165,0.9958091825246811,TB
mendeley_normal_00166,0.9961373507976532,TB
mendeley_normal_00167,0.997750997543335,TB
mendeley_normal_00168,0.9954896420240402,TB
mendeley_normal_00169,0.9922837764024734,TB
mendeley_normal_00170,0.9732126742601395,TB
mendeley_normal_00171,0.9960368722677231,TB
mendeley_normal_00172,0.9965393394231796,TB
mendeley_normal_00173,0.9959867298603058,TB
mendeley_normal_00174,0.9928581118583679,TB
mendeley_normal_00175,0.9963289201259613,TB
mendeley_normal_00176,0.9926882386207581,TB
mendeley_normal_00177,0.9979215860366821,TB
mendeley_normal_00178,0.9858351051807404,TB
mendeley_normal_00179,0.9964559376239777,TB
mendeley_normal_00180,0.9971361458301544,TB
mendeley_normal_00181,0.9977681487798691,TB
mendeley_normal_00182,0.9910821169614792,TB
mendeley_normal_00183,0.9920162111520767,TB
mendeley_normal_00184,0.9918820261955261,TB
mendeley_normal_00185,0.9947197735309601,TB
mendeley_normal_00186,0.9912980496883392,TB
mendeley_normal_00187,0.9922066628932953,TB
mendeley_normal_00188,0.9973186403512955,TB
mendeley_normal_00189,0.9913164228200912,TB
mendeley_normal_00190,0.9978670328855515,TB
mendeley_normal_00191,0.9969175755977631,TB
mendeley_normal_00192,0.9960486441850662,TB
mendeley_normal_00193,0.9960889518260956,TB
mendeley_normal_00194,0.9902881234884262,TB
mendeley_normal_00195,0.9857704639434814,TB
mendeley_normal_00196,0.995859369635582,TB
mendeley_normal_00197,0.994093269109726,TB
mendeley_normal_00198,0.9948682337999344,TB
mendeley_normal_00199,0.9903769493103027,TB
mendeley_normal_00200,0.9826531559228897,TB
mendeley_normal_00201,0.9942673742771149,TB
mendeley_normal_00202,0.991525262594223,TB
mendeley_normal_00203,0.9924322962760925,TB
mendeley_normal_00204,0.9977266043424606,TB
mendeley_normal_00205,0.9934457689523697,TB
mendeley_normal_00206,0.9949428588151932,TB
mendeley_normal_00207,0.9967973828315735,TB
mendeley_normal_00208,0.9942882657051086,TB
mendeley_normal_00209,0.9968955665826797,TB
mendeley_normal_00210,0.9725061058998108,TB
mendeley_normal_00211,0.9940088093280792,TB
mendeley_normal_00212,0.9931911826133728,TB
mendeley_normal_00213,0.9958788901567459,TB
mendeley_normal_00214,0.9907446801662445,TB
mendeley_normal_00215,0.990357294678688,TB
mendeley_normal_00216,0.9915477186441422,TB
mendeley_normal_00217,0.9853903651237488,TB
mendeley_normal_00218,0.9949827045202255,TB
mendeley_normal_00219,0.9968023896217346,TB
mendeley_normal_00220,0.9933373183012009,TB
mendeley_normal_00221,0.9972175657749176,TB
mendeley_normal_00222,0.9855567812919617,TB
mendeley_normal_00223,0.9988997280597687,TB
mendeley_normal_00224,0.9966503232717514,TB
mendeley_normal_00225,0.9949758499860764,TB
mendeley_normal_00226,0.991355836391449,TB
mendeley_normal_00227,0.9853706359863281,TB
mendeley_normal_00228,0.9983591288328171,TB
mendeley_normal_00229,0.9950428903102875,TB
mendeley_normal_00230,0.9949100017547607,TB
mendeley_normal_00231,0.9959947764873505,TB
mendeley_normal_00232,0.9919456243515015,TB
mendeley_normal_00233,0.9929651170969009,TB
mendeley_normal_00234,0.9821423590183258,TB
mendeley_normal_00235,0.9939164817333221,TB
mendeley_normal_00236,0.9965040534734726,TB
mendeley_normal_00237,0.9985353052616119,TB
mendeley_normal_00238,0.9961220175027847,TB
mendeley_normal_00239,0.9809916913509369,TB
mendeley_normal_00240,0.9976266175508499,TB
mendeley_normal_00241,0.997322604060173,TB
mendeley_normal_00242,0.9907974600791931,TB
mendeley_normal_00243,0.9885704815387726,TB
mendeley_normal_00244,0.9654178470373154,TB
mendeley_normal_00245,0.9818290323019028,TB
mendeley_normal_00246,0.9854863733053207,TB
mendeley_normal_00247,0.9906961470842361,TB
mendeley_normal_00248,0.9978006035089493,TB
mendeley_normal_00249,0.997528687119484,TB
mendeley_normal_00250,0.9911853224039078,TB
mendeley_normal_00251,0.980422630906105,TB
mendeley_normal_00252,0.9947999715805054,TB
mendeley_normal_00253,0.9976949691772461,TB
mendeley_normal_00254,0.9939478486776352,TB
mendeley_normal_00255,0.9806510210037231,TB
mendeley_normal_00256,0.9915049374103546,TB
mendeley_normal_00257,0.9874167889356613,TB
mendeley_normal_00258,0.9972066581249237,TB
mendeley_normal_00259,0.9973064213991165,TB
mendeley_normal_00260,0.9934351891279221,TB
mendeley_normal_00261,0.9968443065881729,TB
mendeley_normal_00262,0.9937124699354172,TB
mendeley_normal_00263,0.9699648916721344,TB
mendeley_normal_00264,0.9987855553627014,TB
mendeley_normal_00265,0.9919697791337967,TB
mendeley_normal_00266,0.9929481595754623,TB
mendeley_normal_00267,0.9974111467599869,TB
mendeley_normal_00268,0.9971056580543518,TB
mendeley_normal_00269,0.9986861497163773,TB
mendeley_normal_00270,0.9937456846237183,TB
mendeley_normal_00271,0.9960953593254089,TB
mendeley_normal_00272,0.9956893920898438,TB
mendeley_normal_00273,0.9922028481960297,TB
mendeley_normal_00274,0.9973863363265991,TB
mendeley_normal_00275,0.9855784773826599,TB
mendeley_normal_00276,0.9886657744646072,TB
mendeley_normal_00277,0.9978578984737396,TB
mendeley_normal_00278,0.9891183823347092,TB
mendeley_normal_00279,0.9939774125814438,TB
mendeley_normal_00280,0.9973954856395721,TB
mendeley_normal_00281,0.991100013256073,TB
mendeley_normal_00282,0.9842242002487183,TB
mendeley_normal_00283,0.9954948723316193,TB
mendeley_normal_00284,0.9934007376432419,TB
mendeley_normal_00285,0.9912960678339005,TB
mendeley_normal_00286,0.9953747242689133,TB
mendeley_normal_00287,0.9747339934110641,TB
mendeley_normal_00288,0.9917450398206711,TB
mendeley_normal_00289,0.9980251640081406,TB
mendeley_normal_00290,0.9860963076353073,TB
mendeley_normal_00291,0.9904531389474869,TB
mendeley_normal_00292,0.9956506043672562,TB
mendeley_normal_00293,0.995958149433136,TB
mendeley_normal_00294,0.9969861656427383,TB
mendeley_normal_00295,0.9932620078325272,TB
mendeley_normal_00296,0.987677201628685,TB
mendeley_normal_00297,0.9954403191804886,TB
mendeley_normal_00298,0.9961896687746048,TB
mendeley_normal_00299,0.9983509629964828,TB
mendeley_normal_00300,0.9977509081363678,TB
mendeley_normal_00301,0.9981611222028732,TB
mendeley_normal_00302,0.9886477738618851,TB
mendeley_normal_00303,0.9861696064472198,TB
mendeley_normal_00304,0.9904229491949081,TB
mendeley_normal_00305,0.9877025485038757,TB
mendeley_normal_00306,0.9976302981376648,TB
mendeley_normal_00307,0.9973894655704498,TB
mendeley_normal_00308,0.9987812787294388,TB
mendeley_normal_00309,0.996969148516655,TB
mendeley_normal_00310,0.998090535402298,TB
mendeley_normal_00311,0.9965527057647705,TB
mendeley_normal_00312,0.995594397187233,TB
mendeley_normal_00313,0.9986678510904312,TB
mendeley_normal_00314,0.994989886879921,TB
mendeley_normal_00315,0.9854025840759277,TB
mendeley_normal_00316,0.9818962961435318,TB
mendeley_normal_00317,0.9920707195997238,TB
mendeley_normal_00318,0.9954115897417068,TB
mendeley_normal_00319,0.9949429035186768,TB
mendeley_normal_00320,0.9979680925607681,TB
mendeley_normal_00321,0.9968767911195755,TB
mendeley_normal_00322,0.9869096577167511,TB
mendeley_normal_00323,0.9963655918836594,TB
mendeley_normal_00324,0.9947863519191742,TB
mendeley_normal_00325,0.9918253719806671,TB
mendeley_normal_00326,0.9942953586578369,TB
mendeley_normal_00327,0.9926500618457794,TB
mendeley_normal_00328,0.997382178902626,TB
mendeley_normal_00329,0.990262433886528,TB
mendeley_normal_00330,0.986747682094574,TB
mendeley_normal_00331,0.9955275803804398,TB
mendeley_normal_00332,0.9855533093214035,TB
mendeley_normal_00333,0.99412040412426,TB
mendeley_normal_00334,0.9923461526632309,TB
mendeley_normal_00335,0.984695315361023,TB
mendeley_normal_00336,0.9964872449636459,TB
mendeley_normal_00337,0.9930405616760254,TB
mendeley_normal_00338,0.9962946027517319,TB
mendeley_normal_00339,0.9841413050889969,TB
mendeley_normal_00340,0.9867876619100571,TB
mendeley_normal_00341,0.9940302819013596,TB
mendeley_normal_00342,0.9868648499250412,TB
mendeley_normal_00343,0.9955418407917023,TB
mendeley_normal_00344,0.9935372620820999,TB
mendeley_normal_00345,0.992125615477562,TB
mendeley_normal_00346,0.9962904453277588,TB
mendeley_normal_00347,0.9807723462581635,TB
mendeley_normal_00348,0.9877522140741348,TB
mendeley_normal_00349,0.9948769062757492,TB
mendeley_normal_00350,0.9973769932985306,TB
mendeley_normal_00351,0.9928279519081116,TB
mendeley_normal_00352,0.9980546236038208,TB
mendeley_normal_00353,0.9978407770395279,TB
mendeley_normal_00354,0.9971854984760284,TB
mendeley_normal_00355,0.996146097779274,TB
mendeley_normal_00356,0.9915694445371628,TB
mendeley_normal_00357,0.9913797974586487,TB
mendeley_normal_00358,0.9965619891881943,TB
mendeley_normal_00359,0.995390459895134,TB
mendeley_normal_00360,0.9938395470380783,TB
mendeley_normal_00361,0.9911419153213501,TB
mendeley_normal_00362,0.9947956502437592,TB
mendeley_normal_00363,0.9962909519672394,TB
mendeley_normal_00364,0.9931754767894745,TB
mendeley_normal_00365,0.994452103972435,TB
mendeley_normal_00366,0.9990299344062805,TB
mendeley_normal_00367,0.9902464300394058,TB
mendeley_normal_00368,0.991106241941452,TB
mendeley_normal_00369,0.9934303611516953,TB
mendeley_normal_00370,0.9909374117851257,TB
mendeley_normal_00371,0.997854933142662,TB
mendeley_normal_00372,0.9932780712842941,TB
mendeley_normal_00373,0.9965853542089462,TB
mendeley_normal_00374,0.9958332628011703,TB
mendeley_normal_00375,0.9978935867547989,TB
mendeley_normal_00376,0.9965449273586273,TB
mendeley_normal_00377,0.9992455393075943,TB
mendeley_normal_00378,0.9956169426441193,TB
mendeley_normal_00379,0.9914767891168594,TB
mendeley_normal_00380,0.9846316277980804,TB
mendeley_normal_00381,0.9921581447124481,TB
mendeley_normal_00382,0.9845722168684006,TB
mendeley_normal_00383,0.9940696060657501,TB
mendeley_normal_00384,0.9889452308416367,TB
mendeley_normal_00385,0.993976354598999,TB
mendeley_normal_00386,0.9872549772262573,TB
mendeley_normal_00387,0.9937805384397507,TB
mendeley_normal_00388,0.99721460044384,TB
mendeley_normal_00389,0.9941202700138092,TB
mendeley_normal_00390,0.9985541850328445,TB
mendeley_normal_00391,0.9969965070486069,TB
mendeley_normal_00392,0.9947736710309982,TB
mendeley_normal_00393,0.9933030009269714,TB
mendeley_normal_00394,0.9980500787496567,TB
mendeley_normal_00395,0.9961944967508316,TB
mendeley_normal_00396,0.9982121884822845,TB
mendeley_normal_00397,0.9955188482999802,TB
mendeley_normal_00398,0.9941170364618301,TB
mendeley_normal_00399,0.9963733106851578,TB
mendeley_normal_00400,0.9928964078426361,TB
mendeley_normal_00401,0.9946465939283371,TB
mendeley_normal_00402,0.9970262199640274,TB
mendeley_normal_00403,0.9965034127235413,TB
mendeley_normal_00404,0.9941656589508057,TB
mendeley_normal_00405,0.9940513074398041,TB
mendeley_normal_00406,0.9923878759145737,TB
mendeley_normal_00407,0.9947956651449203,TB
mendeley_normal_00408,0.9956876486539841,TB
mendeley_normal_00409,0.9919998943805695,TB
mendeley_normal_00410,0.9984221756458282,TB
mendeley_normal_00411,0.9928672462701797,TB
mendeley_normal_00412,0.9859565049409866,TB
mendeley_normal_00413,0.9811074882745743,TB
mendeley_normal_00414,0.9961399734020233,TB
mendeley_normal_00415,0.9939421266317368,TB
mendeley_normal_00416,0.9911130219697952,TB
mendeley_normal_00417,0.9904498159885406,TB
mendeley_normal_00418,0.9834399521350861,TB
mendeley_normal_00419,0.9916776567697525,TB
mendeley_normal_00420,0.9975887089967728,TB
mendeley_normal_00421,0.9883786737918854,TB
mendeley_normal_00422,0.9956084489822388,TB
mendeley_normal_00423,0.9853214621543884,TB
mendeley_normal_00424,0.978143960237503,TB
mendeley_normal_00425,0.9956258088350296,TB
mendeley_normal_00426,0.992323100566864,TB
mendeley_normal_00427,0.9932948499917984,TB
mendeley_normal_00428,0.9953040182590485,TB
mendeley_normal_00429,0.9956742823123932,TB
mendeley_normal_00430,0.9901629984378815,TB
mendeley_normal_00431,0.9959683269262314,TB
mendeley_normal_00432,0.9985798448324203,TB
mendeley_normal_00433,0.9973022937774658,TB
mendeley_normal_00434,0.9887471944093704,TB
mendeley_normal_00435,0.9932064414024353,TB
mendeley_normal_00436,0.9951850920915604,TB
mendeley_normal_00437,0.9957305788993835,TB
mendeley_normal_00438,0.9981296956539154,TB
mendeley_normal_00439,0.9837845414876938,TB
mendeley_normal_00440,0.994827151298523,TB
mendeley_normal_00441,0.9923595786094666,TB
mendeley_normal_00442,0.9910858720541,TB
mendeley_normal_00443,0.9943581819534302,TB
mendeley_normal_00444,0.9980485439300537,TB
mendeley_normal_00445,0.9821299910545349,TB
mendeley_normal_00446,0.9909539818763733,TB
mendeley_normal_00447,0.9980864971876144,TB
mendeley_normal_00448,0.9932893365621567,TB
mendeley_normal_00449,0.9913799166679382,TB
mendeley_normal_00450,0.9969566017389297,TB
mendeley_normal_00451,0.9985611438751221,TB
mendeley_normal_00452,0.9984780102968216,TB
mendeley_normal_00453,0.9983722567558289,TB
mendeley_normal_00454,0.9816221594810486,TB
mendeley_normal_00455,0.9972149282693863,TB
mendeley_normal_00456,0.9907183200120926,TB
mendeley_normal_00457,0.99492447078228,TB
mendeley_normal_00458,0.9938506036996841,TB
mendeley_normal_00459,0.9970769137144089,TB
mendeley_normal_00460,0.9949788451194763,TB
mendeley_normal_00461,0.9956755042076111,TB
mendeley_normal_00462,0.9870349317789078,TB
mendeley_normal_00463,0.9983255863189697,TB
mendeley_normal_00464,0.9990314543247223,TB
mendeley_normal_00465,0.9956034868955612,TB
mendeley_normal_00466,0.9934404790401459,TB
mendeley_normal_00467,0.9983485192060471,TB
mendeley_normal_00468,0.995198130607605,TB
mendeley_normal_00469,0.9913859814405441,TB
mendeley_normal_00470,0.9993155151605606,TB
mendeley_normal_00471,0.9750953912734985,TB
mendeley_normal_00472,0.9987916499376297,TB
mendeley_normal_00473,0.9985097050666809,TB
mendeley_normal_00474,0.9980439394712448,TB
mendeley_normal_00475,0.9926649332046509,TB
mendeley_normal_00476,0.9934537559747696,TB
mendeley_normal_00477,0.9926175326108932,TB
mendeley_normal_00478,0.9961262494325638,TB
mendeley_normal_00479,0.998569592833519,TB
mendeley_normal_00480,0.9934661835432053,TB
mendeley_normal_00481,0.9978919178247452,TB
mendeley_normal_00482,0.9989132285118103,TB
mendeley_normal_00483,0.9956334084272385,TB
mendeley_normal_00484,0.9940015524625778,TB
mendeley_normal_00485,0.9902134090662003,TB
mendeley_normal_00486,0.9697110652923584,TB
mendeley_normal_00487,0.9816221594810486,TB
mendeley_normal_00488,0.9907183200120926,TB
mendeley_normal_00489,0.99492447078228,TB
mendeley_normal_00490,0.9938506036996841,TB
mendeley_normal_00491,0.9943980574607849,TB
mendeley_normal_00492,0.9970769137144089,TB
mendeley_normal_00493,0.99815334379673,TB
mendeley_normal_00494,0.9949783533811569,TB
mendeley_normal_00495,0.9985284209251404,TB
mendeley_normal_00496,0.9962361603975296,TB
mendeley_normal_00497,0.996999055147171,TB
mendeley_normal_00498,0.9938831925392151,TB
mendeley_normal_00499,0.9954182058572769,TB
mendeley_normal_00500,0.9945062696933746,TB
mendeley_normal_00501,0.9909749627113342,TB
mendeley_normal_00502,0.9969808608293533,TB
mendeley_normal_00503,0.9976745098829269,TB
mendeley_normal_00504,0.9978528469800949,TB
mendeley_normal_00505,0.9941415041685104,TB
mendeley_normal_00506,0.9987741857767105,TB
mendeley_normal_00507,0.9943250864744186,TB
mendeley_normal_00508,0.9725324511528015,TB
mendeley_normal_00509,0.9848863929510117,TB
mendeley_normal_00510,0.9831806868314743,TB
mendeley_normal_00511,0.9976587444543839,TB
mendeley_normal_00512,0.9933028966188431,TB
mendeley_tb_00000,0.9998648166656494,TB
mendeley_tb_00001,0.9998746067285538,TB
mendeley_tb_00002,0.9976715594530106,TB
mendeley_tb_00003,0.9997640550136566,TB
mendeley_tb_00004,0.9995470643043518,TB
mendeley_tb_00005,0.9989559352397919,TB
mendeley_tb_00006,0.9980613440275192,TB
mendeley_tb_00007,0.9967295825481415,TB
mendeley_tb_00008,0.9995794296264648,TB
mendeley_tb_00009,0.9998573660850525,TB
mendeley_tb_00010,0.9994209855794907,TB
mendeley_tb_00011,0.9998187869787216,TB
mendeley_tb_00012,0.9973590224981308,TB
mendeley_tb_00013,0.9999038577079773,TB
mendeley_tb_00014,0.9989480525255203,TB
mendeley_tb_00015,0.9999017417430878,TB
mendeley_tb_00016,0.9998050034046173,TB
mendeley_tb_00017,0.9998283684253693,TB
mendeley_tb_00018,0.9996179193258286,TB
mendeley_tb_00019,0.9996518194675446,TB
mendeley_tb_00020,0.9998537600040436,TB
mendeley_tb_00021,0.999703511595726,TB
mendeley_tb_00022,0.9997681528329849,TB
mendeley_tb_00023,0.9998715072870255,TB
mendeley_tb_00024,0.9998656660318375,TB
mendeley_tb_00025,0.9997870773077011,TB
mendeley_tb_00026,0.9997284263372421,TB
mendeley_tb_00027,0.9996387213468552,TB
mendeley_tb_00028,0.9995928406715393,TB
mendeley_tb_00029,0.9991629421710968,TB
mendeley_tb_00030,0.9922176897525787,TB
mendeley_tb_00031,0.9998699724674225,TB
mendeley_tb_00032,0.9996267557144165,TB
mendeley_tb_00033,0.9999058991670609,TB
mendeley_tb_00034,0.999881386756897,TB
mendeley_tb_00035,0.9991090595722198,TB
mendeley_tb_00036,0.999105304479599,TB
mendeley_tb_00037,0.9997616112232208,TB
mendeley_tb_00038,0.9998382031917572,TB
mendeley_tb_00039,0.999750480055809,TB
mendeley_tb_00040,0.9997991621494293,TB
mendeley_tb_00041,0.9998214095830917,TB
mendeley_tb_00042,0.9997397661209106,TB
mendeley_tb_00043,0.9994214922189713,TB
mendeley_tb_00044,0.9994665086269379,TB
mendeley_tb_00045,0.9996393471956253,TB
mendeley_tb_00046,0.9997335821390152,TB
mendeley_tb_00047,0.999778151512146,TB
mendeley_tb_00048,0.9943874031305313,TB
mendeley_tb_00049,0.9976902902126312,TB
mendeley_tb_00050,0.9990085661411285,TB
mendeley_tb_00051,0.9997991621494293,TB
mendeley_tb_00052,0.9996367543935776,TB
mendeley_tb_00053,0.9996180087327957,TB
mendeley_tb_00054,0.9990281611680984,TB
mendeley_tb_00055,0.999479204416275,TB
mendeley_tb_00056,0.999886229634285,TB
mendeley_tb_00057,0.9996582418680191,TB
mendeley_tb_00058,0.9997575134038925,TB
mendeley_tb_00059,0.9997862726449966,TB
mendeley_tb_00060,0.999604195356369,TB
mendeley_tb_00061,0.9998687654733658,TB
mendeley_tb_00062,0.9997856318950653,TB
mendeley_tb_00063,0.9995868355035782,TB
mendeley_tb_00064,0.9998682588338852,TB
mendeley_tb_00065,0.9996847659349442,TB
mendeley_tb_00066,0.9997229427099228,TB
mendeley_tb_00067,0.9990559816360474,TB
mendeley_tb_00068,0.9998463094234467,TB
mendeley_tb_00069,0.9997470676898956,TB
mendeley_tb_00070,0.9974950104951859,TB
mendeley_tb_00071,0.9996270388364792,TB
mendeley_tb_00072,0.9998669475317001,TB
mendeley_tb_00073,0.9996788799762726,TB
mendeley_tb_00074,0.9993463009595871,TB
mendeley_tb_00075,0.9996696412563324,TB
mendeley_tb_00076,0.9994630217552185,TB
mendeley_tb_00077,0.9998481571674347,TB
mendeley_tb_00078,0.9995245635509491,TB
mendeley_tb_00079,0.9992644935846329,TB
mendeley_tb_00080,0.9993842542171478,TB
mendeley_tb_00081,0.9995796531438828,TB
mendeley_tb_00082,0.9919185191392899,TB
mendeley_tb_00083,0.9984365254640579,TB
mendeley_tb_00084,0.9992934763431549,TB
mendeley_tb_00085,0.9997916221618652,TB
mendeley_tb_00086,0.9997721463441849,TB
mendeley_tb_00087,0.9997731149196625,TB
mendeley_tb_00088,0.9996790438890457,TB
mendeley_tb_00089,0.9997160285711288,TB
mendeley_tb_00090,0.9921693950891495,TB
mendeley_tb_00091,0.9996799975633621,TB
mendeley_tb_00092,0.9993456304073334,TB
mendeley_tb_00093,0.9995514154434204,TB
mendeley_tb_00094,0.9982859492301941,TB
mendeley_tb_00095,0.9995926022529602,TB
mendeley_tb_00096,0.9980970025062561,TB
mendeley_tb_00097,0.9975822269916534,TB
mendeley_tb_00098,0.999591737985611,TB
mendeley_tb_00099,0.9995171576738358,TB
mendeley_tb_00100,0.9998739212751389,TB
mendeley_tb_00101,0.9998634904623032,TB
mendeley_tb_00102,0.9998662322759628,TB
mendeley_tb_00103,0.9987839907407761,TB
mendeley_tb_00104,0.9996055215597153,TB
mendeley_tb_00105,0.9996166378259659,TB
mendeley_tb_00106,0.993162602186203,TB
mendeley_tb_00107,0.9998089522123337,TB
mendeley_tb_00108,0.9993400871753693,TB
mendeley_tb_00109,0.9998168796300888,TB
mendeley_tb_00110,0.9991559237241745,TB
mendeley_tb_00111,0.9998731464147568,TB
mendeley_tb_00112,0.9981655329465866,TB
mendeley_tb_00113,0.999531626701355,TB
mendeley_tb_00114,0.9994700253009796,TB
mendeley_tb_00115,0.9997414499521255,TB
mendeley_tb_00116,0.9994427710771561,TB
mendeley_tb_00117,0.9997275173664093,TB
mendeley_tb_00118,0.9998714774847031,TB
mendeley_tb_00119,0.9997180849313736,TB
mendeley_tb_00120,0.9995005279779434,TB
mendeley_tb_00121,0.9998276233673096,TB
mendeley_tb_00122,0.9958126991987228,TB
mendeley_tb_00123,0.9997034221887589,TB
mendeley_tb_00124,0.9997627288103104,TB
mendeley_tb_00125,0.999544620513916,TB
mendeley_tb_00126,0.9994680881500244,TB
mendeley_tb_00127,0.9989692121744156,TB
mendeley_tb_00128,0.9993273317813873,TB
mendeley_tb_00129,0.9997250884771347,TB
mendeley_tb_00130,0.9992348253726959,TB
mendeley_tb_00131,0.9998441934585571,TB
mendeley_tb_00132,0.9998171478509903,TB
mendeley_tb_00133,0.9998812824487686,TB
mendeley_tb_00134,0.9994674772024155,TB
mendeley_tb_00135,0.9985401332378387,TB
mendeley_tb_00136,0.9991584569215775,TB
mendeley_tb_00137,0.9975366294384003,TB
mendeley_tb_00138,0.9998337179422379,TB
mendeley_tb_00139,0.9998824447393417,TB
mendeley_tb_00140,0.9999030530452728,TB
mendeley_tb_00141,0.9998814612627029,TB
mendeley_tb_00142,0.9997222870588303,TB
mendeley_tb_00143,0.9997431635856628,TB
mendeley_tb_00144,0.9994184672832489,TB
mendeley_tb_00145,0.9998707920312881,TB
mendeley_tb_00146,0.9993791878223419,TB
mendeley_tb_00147,0.9994122087955475,TB
mendeley_tb_00148,0.9996834397315979,TB
mendeley_tb_00149,0.9995781630277634,TB
mendeley_tb_00150,0.9999288022518158,TB
mendeley_tb_00151,0.9998240619897842,TB
mendeley_tb_00152,0.9992039650678635,TB
mendeley_tb_00153,0.9998626708984375,TB
mendeley_tb_00154,0.9997952282428741,TB
mendeley_tb_00155,0.9998149573802948,TB
mendeley_tb_00156,0.9998663365840912,TB
mendeley_tb_00157,0.9998700171709061,TB
mendeley_tb_00158,0.9994678944349289,TB
mendeley_tb_00159,0.9992971569299698,TB
mendeley_tb_00160,0.9998910278081894,TB
mendeley_tb_00161,0.9998472929000854,TB
mendeley_tb_00162,0.9993528425693512,TB
mendeley_tb_00163,0.9956057965755463,TB
mendeley_tb_00164,0.9995585232973099,TB
mendeley_tb_00165,0.9997804164886475,TB
mendeley_tb_00166,0.999030664563179,TB
mendeley_tb_00167,0.9996541291475296,TB
mendeley_tb_00168,0.9996721744537354,TB
mendeley_tb_00169,0.9995172917842865,TB
mendeley_tb_00170,0.9996490925550461,TB
mendeley_tb_00171,0.9998073130846024,TB
mendeley_tb_00172,0.9996966123580933,TB
mendeley_tb_00173,0.9994056075811386,TB
mendeley_tb_00174,0.9994131922721863,TB
mendeley_tb_00175,0.9975695013999939,TB
mendeley_tb_00176,0.9986359030008316,TB
mendeley_tb_00177,0.9999045878648758,TB
mendeley_tb_00178,0.9996780902147293,TB
mendeley_tb_00179,0.9989166259765625,TB
mendeley_tb_00180,0.9997009336948395,TB
mendeley_tb_00181,0.9997648447751999,TB
mendeley_tb_00182,0.9992493093013763,TB
mendeley_tb_00183,0.9996873587369919,TB
mendeley_tb_00184,0.9995654225349426,TB
mendeley_tb_00185,0.9995078444480896,TB
mendeley_tb_00186,0.9998597055673599,TB
mendeley_tb_00187,0.9998077750205994,TB
mendeley_tb_00188,0.9996064156293869,TB
mendeley_tb_00189,0.9998992383480072,TB
mendeley_tb_00190,0.9967360943555832,TB
mendeley_tb_00191,0.9994414895772934,TB
mendeley_tb_00192,0.9994513839483261,TB
mendeley_tb_00193,0.9998777061700821,TB
mendeley_tb_00194,0.9998036772012711,TB
mendeley_tb_00195,0.999769389629364,TB
mendeley_tb_00196,0.9998638331890106,TB
mendeley_tb_00197,0.999897688627243,TB
mendeley_tb_00198,0.9996687322854996,TB
mendeley_tb_00199,0.9999328553676605,TB
mendeley_tb_00200,0.9998673647642136,TB
mendeley_tb_00201,0.9997131079435349,TB
mendeley_tb_00202,0.9995998591184616,TB
mendeley_tb_00203,0.9986972063779831,TB
mendeley_tb_00204,0.9991570562124252,TB
mendeley_tb_00205,0.9998670667409897,TB
mendeley_tb_00206,0.9995227605104446,TB
mendeley_tb_00207,0.9992842227220535,TB
mendeley_tb_00208,0.9996290057897568,TB
mendeley_tb_00209,0.999820277094841,TB
mendeley_tb_00210,0.9997232258319855,TB
mendeley_tb_00211,0.9942401349544525,TB
mendeley_tb_00212,0.999824270606041,TB
mendeley_tb_00213,0.999277800321579,TB
mendeley_tb_00214,0.9996944814920425,TB
mendeley_tb_00215,0.9997188746929169,TB
mendeley_tb_00216,0.9995833933353424,TB
mendeley_tb_00217,0.9997630417346954,TB
mendeley_tb_00218,0.9993681758642197,TB
mendeley_tb_00219,0.9998850226402283,TB
mendeley_tb_00220,0.9993264526128769,TB
mendeley_tb_00221,0.9997066557407379,TB
mendeley_tb_00222,0.9994266480207443,TB
mendeley_tb_00223,0.9988138526678085,TB
mendeley_tb_00224,0.9996011555194855,TB
mendeley_tb_00225,0.9992735087871552,TB
mendeley_tb_00226,0.9990637451410294,TB
mendeley_tb_00227,0.9956550002098083,TB
mendeley_tb_00228,0.9836574643850327,TB
mendeley_tb_00229,0.9996496886014938,TB
mendeley_tb_00230,0.9997819066047668,TB
mendeley_tb_00231,0.9996658116579056,TB
mendeley_tb_00232,0.9998646676540375,TB
mendeley_tb_00233,0.9981406927108765,TB
mendeley_tb_00234,0.999881312251091,TB
mendeley_tb_00235,0.9987453520298004,TB
mendeley_tb_00236,0.9994016289710999,TB
mendeley_tb_00237,0.9995646923780441,TB
mendeley_tb_00238,0.9998850077390671,TB
mendeley_tb_00239,0.9976575672626495,TB
mendeley_tb_00240,0.9991341382265091,TB
mendeley_tb_00241,0.9998286217451096,TB
mendeley_tb_00242,0.9998458027839661,TB
mendeley_tb_00243,0.9996530413627625,TB
mendeley_tb_00244,0.9990404397249222,TB
mendeley_tb_00245,0.9993844330310822,TB
mendeley_tb_00246,0.9983639270067215,TB
mendeley_tb_00247,0.9995545446872711,TB
mendeley_tb_00248,0.9955482631921768,TB
mendeley_tb_00249,0.9963890910148621,TB
mendeley_tb_00250,0.9992775470018387,TB
mendeley_tb_00251,0.9997945874929428,TB
mendeley_tb_00252,0.9992763698101044,TB
mendeley_tb_00253,0.999357208609581,TB
mendeley_tb_00254,0.9998317658901215,TB
mendeley_tb_00255,0.9990810304880142,TB
mendeley_tb_00256,0.9993653148412704,TB
mendeley_tb_00257,0.9994402825832367,TB
mendeley_tb_00258,0.9995137155056,TB
mendeley_tb_00259,0.9993440061807632,TB
mendeley_tb_00260,0.9998515248298645,TB
mendeley_tb_00261,0.9998361170291901,TB
mendeley_tb_00262,0.9998010843992233,TB
mendeley_tb_00263,0.9998018890619278,TB
mendeley_tb_00264,0.9998982846736908,TB
mendeley_tb_00265,0.9997663646936417,TB
mendeley_tb_00266,0.999914288520813,TB
mendeley_tb_00267,0.9997498989105225,TB
mendeley_tb_00268,0.9996665567159653,TB
mendeley_tb_00269,0.9997897148132324,TB
mendeley_tb_00270,0.9997553378343582,TB
mendeley_tb_00271,0.9966729879379272,TB
mendeley_tb_00272,0.999832421541214,TB
mendeley_tb_00273,0.9997612684965134,TB
mendeley_tb_00274,0.9997183382511139,TB
mendeley_tb_00275,0.99966961145401,TB
mendeley_tb_00276,0.9973984956741333,TB
mendeley_tb_00277,0.9980892091989517,TB
mendeley_tb_00278,0.9842811524868011,TB
mendeley_tb_00279,0.9970697462558746,TB
mendeley_tb_00280,0.9996508061885834,TB
mendeley_tb_00281,0.9991139471530914,TB
mendeley_tb_00282,0.9998782724142075,TB
mendeley_tb_00283,0.9980213195085526,TB
mendeley_tb_00284,0.9997203946113586,TB
mendeley_tb_00285,0.9966053068637848,TB
mendeley_tb_00286,0.9997629821300507,TB
mendeley_tb_00287,0.99984011054039,TB
mendeley_tb_00288,0.9986827969551086,TB
mendeley_tb_00289,0.9996899962425232,TB
mendeley_tb_00290,0.999785304069519,TB
mendeley_tb_00291,0.9992252290248871,TB
mendeley_tb_00292,0.9997647702693939,TB
mendeley_tb_00293,0.9995332360267639,TB
mendeley_tb_00294,0.9949583411216736,TB
mendeley_tb_00295,0.9987287223339081,TB
mendeley_tb_00296,0.9997797757387161,TB
mendeley_tb_00297,0.9992097765207291,TB
mendeley_tb_00298,0.99866683781147,TB
mendeley_tb_00299,0.9996687769889832,TB
mendeley_tb_00300,0.9997939765453339,TB
mendeley_tb_00301,0.9997871965169907,TB
mendeley_tb_00302,0.9996243715286255,TB
mendeley_tb_00303,0.9988964796066284,TB
mendeley_tb_00304,0.9998683035373688,TB
mendeley_tb_00305,0.9997376352548599,TB
mendeley_tb_00306,0.9995234161615372,TB
mendeley_tb_00307,0.9997938573360443,TB
mendeley_tb_00308,0.9996712505817413,TB
mendeley_tb_00309,0.9990708082914352,TB
mendeley_tb_00310,0.9987366199493408,TB
mendeley_tb_00311,0.9992573708295822,TB
mendeley_tb_00312,0.997525542974472,TB
mendeley_tb_00313,0.9996376931667328,TB
mendeley_tb_00314,0.9998845010995865,TB
mendeley_tb_00315,0.999794065952301,TB
mendeley_tb_00316,0.9998312592506409,TB
mendeley_tb_00317,0.9996426850557327,TB
mendeley_tb_00318,0.9996825754642487,TB
mendeley_tb_00319,0.9997608065605164,TB
mendeley_tb_00320,0.9998530447483063,TB
mendeley_tb_00321,0.9998073428869247,TB
mendeley_tb_00322,0.9997921884059906,TB
mendeley_tb_00323,0.9944790005683899,TB
mendeley_tb_00324,0.9996505677700043,TB
mendeley_tb_00325,0.999349981546402,TB
mendeley_tb_00326,0.999298557639122,TB
mendeley_tb_00327,0.9999117255210876,TB
mendeley_tb_00328,0.9996078908443451,TB
mendeley_tb_00329,0.9997655302286148,TB
mendeley_tb_00330,0.999752551317215,TB
mendeley_tb_00331,0.9996711909770966,TB
mendeley_tb_00332,0.9997646510601044,TB
mendeley_tb_00333,0.9998157322406769,TB
mendeley_tb_00334,0.9993044137954712,TB
mendeley_tb_00335,0.9998526573181152,TB
mendeley_tb_00336,0.9995232373476028,TB
mendeley_tb_00337,0.9993879795074463,TB
mendeley_tb_00338,0.9997648149728775,TB
mendeley_tb_00339,0.998295247554779,TB
mendeley_tb_00340,0.9997935444116592,TB
mendeley_tb_00341,0.9979101419448853,TB
mendeley_tb_00342,0.9997889846563339,TB
mendeley_tb_00343,0.9991175532341003,TB
mendeley_tb_00344,0.999909371137619,TB
mendeley_tb_00345,0.999614343047142,TB
mendeley_tb_00346,0.9996487498283386,TB
mendeley_tb_00347,0.9995205104351044,TB
mendeley_tb_00348,0.993617594242096,TB
mendeley_tb_00349,0.9996084123849869,TB
mendeley_tb_00350,0.9998096823692322,TB
mendeley_tb_00351,0.9989459961652756,TB
mendeley_tb_00352,0.9993811398744583,TB
mendeley_tb_00353,0.9972337335348129,TB
mendeley_tb_00354,0.9997181296348572,TB
mendeley_tb_00355,0.999805361032486,TB
mendeley_tb_00356,0.999442845582962,TB
mendeley_tb_00357,0.9999067634344101,TB
mendeley_tb_00358,0.9998145252466202,TB
mendeley_tb_00359,0.9997875243425369,TB
mendeley_tb_00360,0.9987293481826782,TB
mendeley_tb_00361,0.9998453557491302,TB
mendeley_tb_00362,0.9998205602169037,TB
mendeley_tb_00363,0.9993748068809509,TB
mendeley_tb_00364,0.9996303617954254,TB
mendeley_tb_00365,0.9996192753314972,TB
mendeley_tb_00366,0.9996545612812042,TB
mendeley_tb_00367,0.999749019742012,TB
mendeley_tb_00368,0.9995639771223068,TB
mendeley_tb_00369,0.9983766376972198,TB
mendeley_tb_00370,0.9995554238557816,TB
mendeley_tb_00371,0.9998714774847031,TB
mendeley_tb_00372,0.9984862059354782,TB
mendeley_tb_00373,0.9998211711645126,TB
mendeley_tb_00374,0.9997120946645737,TB
mendeley_tb_00375,0.9994091689586639,TB
mendeley_tb_00376,0.9993354380130768,TB
mendeley_tb_00377,0.9998204261064529,TB
mendeley_tb_00378,0.9995051622390747,TB
mendeley_tb_00379,0.9990876317024231,TB
mendeley_tb_00380,0.9978698492050171,TB
mendeley_tb_00381,0.9998067319393158,TB
mendeley_tb_00382,0.9991968721151352,TB
mendeley_tb_00383,0.9994089156389236,TB
mendeley_tb_00384,0.9974438399076462,TB
mendeley_tb_00385,0.998490571975708,TB
mendeley_tb_00386,0.999623104929924,TB
mendeley_tb_00387,0.9997679740190506,TB
mendeley_tb_00388,0.9989033490419388,TB
mendeley_tb_00389,0.9998667538166046,TB
mendeley_tb_00390,0.9997046142816544,TB
mendeley_tb_00391,0.9998108595609665,TB
mendeley_tb_00392,0.99978207051754,TB
mendeley_tb_00393,0.9992342293262482,TB
mendeley_tb_00394,0.9997996240854263,TB
mendeley_tb_00395,0.9997716695070267,TB
mendeley_tb_00396,0.9998856335878372,TB
mendeley_tb_00397,0.999251514673233,TB
mendeley_tb_00398,0.9997882097959518,TB
mendeley_tb_00399,0.999854326248169,TB
mendeley_tb_00400,0.9960066080093384,TB
mendeley_tb_00401,0.999869242310524,TB
mendeley_tb_00402,0.9998640269041061,TB
mendeley_tb_00403,0.9998761862516403,TB
mendeley_tb_00404,0.9995616376399994,TB
mendeley_tb_00405,0.9994316697120667,TB
mendeley_tb_00406,0.9994299113750458,TB
mendeley_tb_00407,0.9998570680618286,TB
mendeley_tb_00408,0.9995489716529846,TB
mendeley_tb_00409,0.9998437166213989,TB
mendeley_tb_00410,0.99959297478199,TB
mendeley_tb_00411,0.999627023935318,TB
mendeley_tb_00412,0.9998475909233093,TB
mendeley_tb_00413,0.9994102120399475,TB
mendeley_tb_00414,0.9997850060462952,TB
mendeley_tb_00415,0.9998690038919449,TB
mendeley_tb_00416,0.9993055611848831,TB
mendeley_tb_00417,0.9998446702957153,TB
mendeley_tb_00418,0.995863750576973,TB
mendeley_tb_00419,0.9997321367263794,TB
mendeley_tb_00420,0.9998237788677216,TB
mendeley_tb_00421,0.9997546225786209,TB
mendeley_tb_00422,0.9998637139797211,TB
mendeley_tb_00423,0.9994435161352158,TB
mendeley_tb_00424,0.9995571821928024,TB
mendeley_tb_00425,0.9997772574424744,TB
mendeley_tb_00426,0.9995402544736862,TB
mendeley_tb_00427,0.9898866415023804,TB
mendeley_tb_00428,0.9996161162853241,TB
mendeley_tb_00429,0.9995691925287247,TB
mendeley_tb_00430,0.9985449910163879,TB
mendeley_tb_00431,0.9938882142305374,TB
mendeley_tb_00432,0.9997451603412628,TB
mendeley_tb_00433,0.9995859265327454,TB
mendeley_tb_00434,0.9965196400880814,TB
mendeley_tb_00435,0.9996737986803055,TB
mendeley_tb_00436,0.999327227473259,TB
mendeley_tb_00437,0.9998221844434738,TB
mendeley_tb_00438,0.9998623430728912,TB
mendeley_tb_00439,0.999787762761116,TB
mendeley_tb_00440,0.9982454478740692,TB
mendeley_tb_00441,0.9991494566202164,TB
mendeley_tb_00442,0.9996348023414612,TB
mendeley_tb_00443,0.9998923689126968,TB
mendeley_tb_00444,0.9997784644365311,TB
mendeley_tb_00445,0.9998352527618408,TB
mendeley_tb_00446,0.9972256571054459,TB
mendeley_tb_00447,0.9997884929180145,TB
mendeley_tb_00448,0.9954552799463272,TB
mendeley_tb_00449,0.9992159903049469,TB
mendeley_tb_00450,0.9998037815093994,TB
mendeley_tb_00451,0.9998328387737274,TB
mendeley_tb_00452,0.9992685467004776,TB
mendeley_tb_00453,0.9997968822717667,TB
mendeley_tb_00454,0.9997098594903946,TB
mendeley_tb_00455,0.9996981471776962,TB
mendeley_tb_00456,0.9997611343860626,TB
mendeley_tb_00457,0.9997110813856125,TB
mendeley_tb_00458,0.999785378575325,TB
mendeley_tb_00459,0.9997966438531876,TB
mendeley_tb_00460,0.9997026920318604,TB
mendeley_tb_00461,0.9996024966239929,TB
mendeley_tb_00462,0.9991995096206665,TB
mendeley_tb_00463,0.9993683695793152,TB
mendeley_tb_00464,0.9999012649059296,TB
mendeley_tb_00465,0.9997297674417496,TB
mendeley_tb_00466,0.9994264394044876,TB
mendeley_tb_00467,0.9997797310352325,TB
mendeley_tb_00468,0.9998066574335098,TB
mendeley_tb_00469,0.9985282719135284,TB
mendeley_tb_00470,0.9998387396335602,TB
mendeley_tb_00471,0.9998157471418381,TB
mendeley_tb_00472,0.9997121244668961,TB
mendeley_tb_00473,0.99788598716259,TB
mendeley_tb_00474,0.9997295141220093,TB
mendeley_tb_00475,0.9994817674160004,TB
mendeley_tb_00476,0.9998180121183395,TB
mendeley_tb_00477,0.9998750984668732,TB
mendeley_tb_00478,0.9998014718294144,TB
mendeley_tb_00479,0.9997130930423737,TB
mendeley_tb_00480,0.9971027672290802,TB
mendeley_tb_00481,0.9995788782835007,TB
mendeley_tb_00482,0.9988719522953033,TB
mendeley_tb_00483,0.9992782473564148,TB
mendeley_tb_00484,0.9994261115789413,TB
mendeley_tb_00485,0.9997863471508026,TB
mendeley_tb_00486,0.9998791515827179,TB
mendeley_tb_00487,0.999843955039978,TB
mendeley_tb_00488,0.9987644404172897,TB
mendeley_tb_00489,0.9998418092727661,TB
mendeley_tb_00490,0.9996559172868729,TB
mendeley_tb_00491,0.9984542429447174,TB
mendeley_tb_00492,0.9981677830219269,TB
mendeley_tb_00493,0.9986401945352554,TB
mendeley_tb_00494,0.9998567402362823,TB
mendeley_tb_00495,0.9996969401836395,TB
mendeley_tb_00496,0.9997765570878983,TB
mendeley_tb_00497,0.9989184439182281,TB
mendeley_tb_00498,0.999741792678833,TB
mendeley_tb_00499,0.9997646808624268,TB
mendeley_tb_00500,0.9975759238004684,TB
mendeley_tb_00501,0.9996422082185745,TB
mendeley_tb_00502,0.9992762058973312,TB
mendeley_tb_00503,0.9956584274768829,TB
mendeley_tb_00504,0.9977896809577942,TB
mendeley_tb_00505,0.9978349208831787,TB
mendeley_tb_00506,0.9996027201414108,TB
mendeley_tb_00507,0.9997330754995346,TB
mendeley_tb_00508,0.9989455044269562,TB
mendeley_tb_00509,0.9996913969516754,TB
mendeley_tb_00510,0.9998074620962143,TB
mendeley_tb_00511,0.9998115003108978,TB
mendeley_tb_00512,0.9976312816143036,TB
mendeley_tb_00513,0.9996378719806671,TB
mendeley_tb_00514,0.9997668266296387,TB
mendeley_tb_00515,0.999579906463623,TB
mendeley_tb_00516,0.9970642924308777,TB
mendeley_tb_00517,0.9998474419116974,TB
mendeley_tb_00518,0.9999097734689713,TB
mendeley_tb_00519,0.9998820871114731,TB
mendeley_tb_00520,0.9996394217014313,TB
mendeley_tb_00521,0.9999151229858398,TB
mendeley_tb_00522,0.9997589439153671,TB
mendeley_tb_00523,0.9994003176689148,TB
mendeley_tb_00524,0.9995707273483276,TB
mendeley_tb_00525,0.9984242618083954,TB
mendeley_tb_00526,0.9987891018390656,TB
mendeley_tb_00527,0.9998572170734406,TB
mendeley_tb_00528,0.9997685700654984,TB
mendeley_tb_00529,0.999873474240303,TB
mendeley_tb_00530,0.9998629838228226,TB
mendeley_tb_00531,0.999505802989006,TB
mendeley_tb_00532,0.9988742619752884,TB
mendeley_tb_00533,0.9994011223316193,TB
mendeley_tb_00534,0.999754786491394,TB
mendeley_tb_00535,0.9998068362474442,TB
mendeley_tb_00536,0.9997095614671707,TB
mendeley_tb_00537,0.9998428523540497,TB
mendeley_tb_00538,0.999767929315567,TB
mendeley_tb_00539,0.9995934814214706,TB
mendeley_tb_00540,0.9998711049556732,TB
mendeley_tb_00541,0.9998552799224854,TB
mendeley_tb_00542,0.9997176229953766,TB
mendeley_tb_00543,0.9994867444038391,TB
mendeley_tb_00544,0.9997545778751373,TB
mendeley_tb_00545,0.9985964000225067,TB
mendeley_tb_00546,0.9961393624544144,TB
mendeley_tb_00547,0.9988707602024078,TB
mendeley_tb_00548,0.9998280853033066,TB
mendeley_tb_00549,0.9999335408210754,TB
mendeley_tb_00550,0.9994174391031265,TB
mendeley_tb_00551,0.9995573312044144,TB
mendeley_tb_00552,0.9997525811195374,TB
mendeley_tb_00553,0.9997966587543488,TB
mendeley_tb_00554,0.9957731515169144,TB
mendeley_tb_00555,0.9993651956319809,TB
mendeley_tb_00556,0.9994753748178482,TB
mendeley_tb_00557,0.9997461885213852,TB
mendeley_tb_00558,0.9997209459543228,TB
mendeley_tb_00559,0.999308243393898,TB
mendeley_tb_00560,0.9995154142379761,TB
mendeley_tb_00561,0.998394638299942,TB
mendeley_tb_00562,0.9978379160165787,TB
mendeley_tb_00563,0.9988673329353333,TB
mendeley_tb_00564,0.9988782107830048,TB
mendeley_tb_00565,0.9994964003562927,TB
mendeley_tb_00566,0.9997356534004211,TB
mendeley_tb_00567,0.990032508969307,TB
mendeley_tb_00568,0.9997125864028931,TB
mendeley_tb_00569,0.9994368255138397,TB
mendeley_tb_00570,0.9995015561580658,TB
mendeley_tb_00571,0.9993011951446533,TB
mendeley_tb_00572,0.9984668046236038,TB
mendeley_tb_00573,0.9991464763879776,TB
mendeley_tb_00574,0.999533399939537,TB
mendeley_tb_00575,0.9998274892568588,TB
mendeley_tb_00576,0.999321311712265,TB
mendeley_tb_00577,0.998916506767273,TB
mendeley_tb_00578,0.9996042251586914,TB
mendeley_tb_00579,0.9992120563983917,TB
mendeley_tb_00580,0.9983233660459518,TB
mendeley_tb_00581,0.9990406334400177,TB
mendeley_tb_00582,0.9984164237976074,TB
mendeley_tb_00583,0.9987547844648361,TB
mendeley_tb_00584,0.9991303086280823,TB
mendeley_tb_00585,0.9997929632663727,TB
mendeley_tb_00586,0.9996311813592911,TB
mendeley_tb_00587,0.9995916038751602,TB
mendeley_tb_00588,0.9994864612817764,TB
mendeley_tb_00589,0.9884887784719467,TB
mendeley_tb_00590,0.9991213828325272,TB
mendeley_tb_00591,0.9994086176156998,TB
mendeley_tb_00592,0.9989041090011597,TB
mendeley_tb_00593,0.998963788151741,TB
mendeley_tb_00594,0.9966417402029037,TB
mendeley_tb_00595,0.9994723945856094,TB
mendeley_tb_00596,0.9979742616415024,TB
mendeley_tb_00597,0.9996948540210724,TB
mendeley_tb_00598,0.9998612254858017,TB
mendeley_tb_00599,0.9997399151325226,TB
mendeley_tb_00600,0.9993133544921875,TB
mendeley_tb_00601,0.9997663497924805,TB
mendeley_tb_00602,0.9998476803302765,TB
mendeley_tb_00603,0.9816227108240128,TB
mendeley_tb_00604,0.9977395087480545,TB
mendeley_tb_00605,0.9994688034057617,TB
mendeley_tb_00606,0.99824358522892,TB
mendeley_tb_00607,0.9993007630109787,TB
mendeley_tb_00608,0.9997638016939163,TB
mendeley_tb_00609,0.9998145699501038,TB
mendeley_tb_00610,0.9982508718967438,TB
mendeley_tb_00611,0.9989257454872131,TB
mendeley_tb_00612,0.9998732060194016,TB
mendeley_tb_00613,0.9998561590909958,TB
mendeley_tb_00614,0.999925971031189,TB
mendeley_tb_00615,0.9996510148048401,TB
mendeley_tb_00616,0.9998524188995361,TB
mendeley_tb_00617,0.9996645152568817,TB
mendeley_tb_00618,0.9998139590024948,TB
mendeley_tb_00619,0.9997562617063522,TB
mendeley_tb_00620,0.9991122484207153,TB
mendeley_tb_00621,0.9997905790805817,TB
mendeley_tb_00622,0.9998666793107986,TB
mendeley_tb_00623,0.9995671510696411,TB
mendeley_tb_00624,0.9996695518493652,TB
mendeley_tb_00625,0.9997572600841522,TB
mendeley_tb_00626,0.9987966865301132,TB
mendeley_tb_00627,0.9998044073581696,TB
mendeley_tb_00628,0.9996901154518127,TB
mendeley_tb_00629,0.9997040331363678,TB
mendeley_tb_00630,0.9979034811258316,TB
mendeley_tb_00631,0.9958884716033936,TB
mendeley_tb_00632,0.9992656260728836,TB
mendeley_tb_00633,0.9996218085289001,TB
mendeley_tb_00634,0.9993297755718231,TB
mendeley_tb_00635,0.9994259178638458,TB
mendeley_tb_00636,0.9993124455213547,TB
mendeley_tb_00637,0.9996997714042664,TB
mendeley_tb_00638,0.9998280555009842,TB
mendeley_tb_00639,0.9998022168874741,TB
mendeley_tb_00640,0.9994166195392609,TB
mendeley_tb_00641,0.9986362159252167,TB
mendeley_tb_00642,0.9998588711023331,TB
mendeley_tb_00643,0.9976519644260406,TB
mendeley_tb_00644,0.9997624903917313,TB
mendeley_tb_00645,0.9997959434986115,TB
mendeley_tb_00646,0.9995010495185852,TB
mendeley_tb_00647,0.9995727390050888,TB
mendeley_tb_00648,0.9997735023498535,TB
mendeley_tb_00649,0.9998971819877625,TB
mendeley_tb_00650,0.9971789419651031,TB
mendeley_tb_00651,0.9998222440481186,TB
mendeley_tb_00652,0.9994385689496994,TB
mendeley_tb_00653,0.9994916915893555,TB
mendeley_tb_00654,0.9894427508115768,TB
mendeley_tb_00655,0.9974285960197449,TB
mendeley_tb_00656,0.9997909963130951,TB
mendeley_tb_00657,0.9998354017734528,TB
mendeley_tb_00658,0.9992741197347641,TB
mendeley_tb_00659,0.9998837560415268,TB
mendeley_tb_00660,0.9995514452457428,TB
mendeley_tb_00661,0.9997197538614273,TB
mendeley_tb_00662,0.9997258931398392,TB
mendeley_tb_00663,0.9998466074466705,TB
mendeley_tb_00664,0.9996584802865982,TB
mendeley_tb_00665,0.9992867410182953,TB
mendeley_tb_00666,0.9993973523378372,TB
mendeley_tb_00667,0.9998614639043808,TB
mendeley_tb_00668,0.9968841075897217,TB
mendeley_tb_00669,0.9961091578006744,TB
mendeley_tb_00670,0.9994417130947113,TB
mendeley_tb_00671,0.9998914152383804,TB
mendeley_tb_00672,0.9998859912157059,TB
mendeley_tb_00673,0.9998258501291275,TB
mendeley_tb_00674,0.9997185170650482,TB
mendeley_tb_00675,0.9998373091220856,TB
mendeley_tb_00676,0.9995974749326706,TB
mendeley_tb_00677,0.9996498823165894,TB
mendeley_tb_00678,0.9996795207262039,TB
mendeley_tb_00679,0.9991679638624191,TB
mendeley_tb_00680,0.9993758052587509,TB
mendeley_tb_00681,0.9989449977874756,TB
mendeley_tb_00682,0.9976311028003693,TB
mendeley_tb_00683,0.9996940195560455,TB
mendeley_tb_00684,0.9998102635145187,TB
mendeley_tb_00685,0.9997997134923935,TB
mendeley_tb_00686,0.9995388239622116,TB
mendeley_tb_00687,0.999831959605217,TB
mendeley_tb_00688,0.9996351599693298,TB
mendeley_tb_00689,0.9998589903116226,TB
mendeley_tb_00690,0.9996807426214218,TB
mendeley_tb_00691,0.9998541176319122,TB
mendeley_tb_00692,0.9998495578765869,TB
mendeley_tb_00693,0.9991605132818222,TB
mendeley_tb_00694,0.9994791001081467,TB
mendeley_tb_00695,0.9998341351747513,TB
mendeley_tb_00696,0.9981292635202408,TB
mendeley_tb_00697,0.9996791481971741,TB
mendeley_tb_00698,0.9998326599597931,TB
mendeley_tb_00699,0.9999131858348846,TB
mendeley_tb_00700,0.9993539154529572,TB
mendeley_tb_00701,0.9998146593570709,TB
mendeley_tb_00702,0.9988248497247696,TB
mendeley_tb_00703,0.9991779923439026,TB
mendeley_tb_00704,0.9991660416126251,TB
mendeley_tb_00705,0.9996628910303116,TB
mendeley_tb_00706,0.9995391964912415,TB
mendeley_tb_00707,0.9994866102933884,TB
mendeley_tb_00708,0.9996692389249802,TB
mendeley_tb_00709,0.9998187869787216,TB
mendeley_tb_00710,0.9969881325960159,TB
mendeley_tb_00711,0.999881774187088,TB
mendeley_tb_00712,0.9988607615232468,TB
mendeley_tb_00713,0.9931067377328873,TB
mendeley_tb_00714,0.9997627586126328,TB
mendeley_tb_00715,0.9957177937030792,TB
mendeley_tb_00716,0.994745597243309,TB
mendeley_tb_00717,0.9987632185220718,TB
mendeley_tb_00718,0.9954047650098801,TB
mendeley_tb_00719,0.9994471967220306,TB
mendeley_tb_00720,0.999666154384613,TB
mendeley_tb_00721,0.9989598989486694,TB
mendeley_tb_00722,0.999795138835907,TB
mendeley_tb_00723,0.9998212605714798,TB
mendeley_tb_00724,0.9998444616794586,TB
mendeley_tb_00725,0.9998782277107239,TB
mendeley_tb_00726,0.9934845715761185,TB
mendeley_tb_00727,0.999841719865799,TB
mendeley_tb_00728,0.9992832988500595,TB
mendeley_tb_00729,0.9996622800827026,TB
mendeley_tb_00730,0.9990572780370712,TB
mendeley_tb_00731,0.999513179063797,TB
mendeley_tb_00732,0.9947400838136673,TB
mendeley_tb_00733,0.998783528804779,TB
mendeley_tb_00734,0.9998178631067276,TB
mendeley_tb_00735,0.9959601610898972,TB
mendeley_tb_00736,0.9994888603687286,TB
mendeley_tb_00737,0.9991426765918732,TB
mendeley_tb_00738,0.9997706562280655,TB
mendeley_tb_00739,0.9998650401830673,TB
mendeley_tb_00740,0.9988289475440979,TB
mendeley_tb_00741,0.9998025447130203,TB
mendeley_tb_00742,0.9995807111263275,TB
mendeley_tb_00743,0.9996908605098724,TB
mendeley_tb_00744,0.999737024307251,TB
mendeley_tb_00745,0.999640479683876,TB
mendeley_tb_00746,0.9989178329706192,TB
mendeley_tb_00747,0.9998489916324615,TB
mendeley_tb_00748,0.9990835189819336,TB
mendeley_tb_00749,0.9994941353797913,TB
mendeley_tb_00750,0.9997697919607162,TB
mendeley_tb_00751,0.9986068606376648,TB
mendeley_tb_00752,0.9998160749673843,TB
mendeley_tb_00753,0.9996327906847,TB
mendeley_tb_00754,0.9995377510786057,TB
mendeley_tb_00755,0.999557614326477,TB
mendeley_tb_00756,0.9996030181646347,TB
mendeley_tb_00757,0.999772772192955,TB
mendeley_tb_00758,0.9998489320278168,TB
mendeley_tb_00759,0.9992564767599106,TB
mendeley_tb_00760,0.9998310655355453,TB
mendeley_tb_00761,0.9997967183589935,TB
mendeley_tb_00762,0.999497577548027,TB
mendeley_tb_00763,0.9993879050016403,TB
mendeley_tb_00764,0.9997905641794205,TB
mendeley_tb_00765,0.9997977614402771,TB
mendeley_tb_00766,0.9992114901542664,TB
mendeley_tb_00767,0.9985378235578537,TB
mendeley_tb_00768,0.9999444782733917,TB
mendeley_tb_00769,0.9998212307691574,TB
mendeley_tb_00770,0.9998998641967773,TB
mendeley_tb_00771,0.9992257505655289,TB
mendeley_tb_00772,0.9991584718227386,TB
mendeley_tb_00773,0.9996960610151291,TB
mendeley_tb_00774,0.9995478242635727,TB
mendeley_tb_00775,0.9997492730617523,TB
mendeley_tb_00776,0.9990610927343369,TB
mendeley_tb_00777,0.9989614635705948,TB
mendeley_tb_00778,0.9998705834150314,TB
mendeley_tb_00779,0.999879851937294,TB
mendeley_tb_00780,0.9998309463262558,TB
mendeley_tb_00781,0.9997915178537369,TB
mendeley_tb_00782,0.998231440782547,TB
mendeley_tb_00783,0.9981816411018372,TB
mendeley_tb_00784,0.9872411489486694,TB
mendeley_tb_00785,0.9998394399881363,TB
mendeley_tb_00786,0.9995107203722,TB
mendeley_tb_00787,0.9989643841981888,TB
mendeley_tb_00788,0.999502882361412,TB
mendeley_tb_00789,0.998804360628128,TB
mendeley_tb_00790,0.9978058934211731,TB
mendeley_tb_00791,0.9997749924659729,TB
mendeley_tb_00792,0.9997604787349701,TB
mendeley_tb_00793,0.9997027069330215,TB
mendeley_tb_00794,0.9987606108188629,TB
mendeley_tb_00795,0.9993485361337662,TB
mendeley_tb_00796,0.9994599223136902,TB
mendeley_tb_00797,0.9998899400234222,TB
mendeley_tb_00798,0.9929630607366562,TB
mendeley_tb_00799,0.9997667074203491,TB
mendeley_tb_00800,0.9997880309820175,TB
mendeley_tb_00801,0.9993492662906647,TB
mendeley_tb_00802,0.9997506439685822,TB
mendeley_tb_00803,0.9998192489147186,TB
mendeley_tb_00804,0.9997916668653488,TB
mendeley_tb_00805,0.9998702704906464,TB
mendeley_tb_00806,0.9998150318861008,TB
mendeley_tb_00807,0.9093628972768784,TB
mendeley_tb_00808,0.9960421025753021,TB
mendeley_tb_00809,0.9995823204517365,TB
mendeley_tb_00810,0.9986994564533234,TB
mendeley_tb_00811,0.9998100697994232,TB
mendeley_tb_00812,0.9994312077760696,TB
mendeley_tb_00813,0.9998035132884979,TB
mendeley_tb_00814,0.9992809593677521,TB
mendeley_tb_00815,0.9997947663068771,TB
mendeley_tb_00816,0.9989128112792969,TB
mendeley_tb_00817,0.999867171049118,TB
mendeley_tb_00818,0.9998596161603928,TB
mendeley_tb_00819,0.9994618892669678,TB
mendeley_tb_00820,0.9996123015880585,TB
mendeley_tb_00821,0.9998166263103485,TB
mendeley_tb_00822,0.9998521208763123,TB
mendeley_tb_00823,0.9990314543247223,TB
mendeley_tb_00824,0.9994779378175735,TB
mendeley_tb_00825,0.9994271248579025,TB
mendeley_tb_00826,0.9997918009757996,TB
mendeley_tb_00827,0.9998827129602432,TB
mendeley_tb_00828,0.9998241811990738,TB
mendeley_tb_00829,0.9997438192367554,TB
mendeley_tb_00830,0.9999064207077026,TB
mendeley_tb_00831,0.9998753815889359,TB
mendeley_tb_00832,0.9993692189455032,TB
mendeley_tb_00833,0.9994007647037506,TB
mendeley_tb_00834,0.9996018558740616,TB
mendeley_tb_00835,0.9997939169406891,TB
mendeley_tb_00836,0.9995975494384766,TB
mendeley_tb_00837,0.9997699707746506,TB
mendeley_tb_00838,0.999184787273407,TB
mendeley_tb_00839,0.9994583874940872,TB
mendeley_tb_00840,0.9996940940618515,TB
mendeley_tb_00841,0.9998505711555481,TB
mendeley_tb_00842,0.9998110085725784,TB
mendeley_tb_00843,0.9963946044445038,TB
mendeley_tb_00844,0.999832347035408,TB
mendeley_tb_00845,0.9997093230485916,TB
mendeley_tb_00846,0.9997081905603409,TB
mendeley_tb_00847,0.9996135830879211,TB
mendeley_tb_00848,0.9999358654022217,TB
mendeley_tb_00849,0.9992906898260117,TB
mendeley_tb_00850,0.9995977580547333,TB
mendeley_tb_00851,0.9995145350694656,TB
mendeley_tb_00852,0.991756409406662,TB
mendeley_tb_00853,0.9996731877326965,TB
mendeley_tb_00854,0.9970359802246094,TB
mendeley_tb_00855,0.999591127038002,TB
mendeley_tb_00856,0.999630331993103,TB
mendeley_tb_00857,0.9977211505174637,TB
mendeley_tb_00858,0.9995764046907425,TB
mendeley_tb_00859,0.9997522979974747,TB
mendeley_tb_00860,0.9998738914728165,TB
mendeley_tb_00861,0.990665465593338,TB
mendeley_tb_00862,0.9993766397237778,TB
mendeley_tb_00863,0.999514177441597,TB
mendeley_tb_00864,0.999409556388855,TB
mendeley_tb_00865,0.9992606192827225,TB
mendeley_tb_00866,0.9984745532274246,TB
mendeley_tb_00867,0.9997721910476685,TB
mendeley_tb_00868,0.9998839646577835,TB
mendeley_tb_00869,0.9990288466215134,TB
mendeley_tb_00870,0.9996703714132309,TB
mendeley_tb_00871,0.9984943270683289,TB
mendeley_tb_00872,0.9995385855436325,TB
mendeley_tb_00873,0.9997710138559341,TB
mendeley_tb_00874,0.9998438358306885,TB
mendeley_tb_00875,0.999622642993927,TB
mendeley_tb_00876,0.9997911602258682,TB
mendeley_tb_00877,0.9997418224811554,TB
mendeley_tb_00878,0.9998901933431625,TB
mendeley_tb_00879,0.9998493194580078,TB
mendeley_tb_00880,0.9990469664335251,TB
mendeley_tb_00881,0.9997951090335846,TB
mendeley_tb_00882,0.9998534023761749,TB
mendeley_tb_00883,0.9972277581691742,TB
mendeley_tb_00884,0.9998569339513779,TB
mendeley_tb_00885,0.9993731379508972,TB
mendeley_tb_00886,0.9996705204248428,TB
mendeley_tb_00887,0.9994465559720993,TB
mendeley_tb_00888,0.9995251446962357,TB
mendeley_tb_00889,0.9988887310028076,TB
mendeley_tb_00890,0.9904795736074448,TB
mendeley_tb_00891,0.9920358657836914,TB
mendeley_tb_00892,0.9996867328882217,TB
mendeley_tb_00893,0.9992269575595856,TB
mendeley_tb_00894,0.999625489115715,TB
mendeley_tb_00895,0.9998789578676224,TB
mendeley_tb_00896,0.9996205717325211,TB
mendeley_tb_00897,0.9992992430925369,TB
mendeley_tb_00898,0.9985367655754089,TB
mendeley_tb_00899,0.9973698556423187,TB
mendeley_tb_00900,0.9996213018894196,TB
mendeley_tb_00901,0.9995107501745224,TB
mendeley_tb_00902,0.9998327493667603,TB
mendeley_tb_00903,0.9990486800670624,TB
mendeley_tb_00904,0.9994603544473648,TB
mendeley_tb_00905,0.9985387176275253,TB
mendeley_tb_00906,0.9987872391939163,TB
mendeley_tb_00907,0.9987375289201736,TB
mendeley_tb_00908,0.9852257668972015,TB
mendeley_tb_00909,0.9994698315858841,TB
mendeley_tb_00910,0.9995229095220566,TB
mendeley_tb_00911,0.9996272027492523,TB
mendeley_tb_00912,0.9993348121643066,TB
mendeley_tb_00913,0.9996505528688431,TB
mendeley_tb_00914,0.9994795471429825,TB
mendeley_tb_00915,0.999814435839653,TB
mendeley_tb_00916,0.9997974783182144,TB
mendeley_tb_00917,0.9995571672916412,TB
mendeley_tb_00918,0.9974174201488495,TB
mendeley_tb_00919,0.9997143000364304,TB
mendeley_tb_00920,0.9989307671785355,TB
mendeley_tb_00921,0.999855250120163,TB
mendeley_tb_00922,0.9997953474521637,TB
mendeley_tb_00923,0.9995435923337936,TB
mendeley_tb_00924,0.9999024868011475,TB
mendeley_tb_00925,0.9998155534267426,TB
mendeley_tb_00926,0.9996095597743988,TB
mendeley_tb_00927,0.9992910772562027,TB
mendeley_tb_00928,0.9996941387653351,TB
mendeley_tb_00929,0.9993708580732346,TB
mendeley_tb_00930,0.9993800520896912,TB
mendeley_tb_00931,0.9994655549526215,TB
mendeley_tb_00932,0.9995760768651962,TB
mendeley_tb_00933,0.9993850886821747,TB
mendeley_tb_00934,0.999464362859726,TB
mendeley_tb_00935,0.9934828728437424,TB
mendeley_tb_00936,0.9976031631231308,TB
mendeley_tb_00937,0.9994007498025894,TB
mendeley_tb_00938,0.9989799559116364,TB
mendeley_tb_00939,0.9998968243598938,TB
mendeley_tb_00940,0.9997560083866119,TB
mendeley_tb_00941,0.999760165810585,TB
mendeley_tb_00942,0.9997040033340454,TB
mendeley_tb_00943,0.999809667468071,TB
mendeley_tb_00944,0.9998248666524887,TB
mendeley_tb_00945,0.9983135312795639,TB
mendeley_tb_00946,0.9976341873407364,TB
mendeley_tb_00947,0.9998493790626526,TB
mendeley_tb_00948,0.999444305896759,TB
mendeley_tb_00949,0.9998336732387543,TB
mendeley_tb_00950,0.9998648911714554,TB
mendeley_tb_00951,0.9997465014457703,TB
mendeley_tb_00952,0.9992451816797256,TB
mendeley_tb_00953,0.9823849648237228,TB
mendeley_tb_00954,0.9986255317926407,TB
mendeley_tb_00955,0.9990874230861664,TB
mendeley_tb_00956,0.9996201246976852,TB
mendeley_tb_00957,0.9995331764221191,TB
mendeley_tb_00958,0.9990585446357727,TB
mendeley_tb_00959,0.9998518526554108,TB
mendeley_tb_00960,0.9998136907815933,TB
mendeley_tb_00961,0.998547226190567,TB
mendeley_tb_00962,0.9994628578424454,TB
mendeley_tb_00963,0.9997713267803192,TB
mendeley_tb_00964,0.9998429715633392,TB
mendeley_tb_00965,0.9997295141220093,TB
mendeley_tb_00966,0.9998649507761002,TB
mendeley_tb_00967,0.9998656362295151,TB
mendeley_tb_00968,0.9994142651557922,TB
mendeley_tb_00969,0.9993557333946228,TB
mendeley_tb_00970,0.9993214309215546,TB
mendeley_tb_00971,0.9985833168029785,TB
mendeley_tb_00972,0.9998827427625656,TB
mendeley_tb_00973,0.9985726475715637,TB
mendeley_tb_00974,0.9995980560779572,TB
mendeley_tb_00975,0.9999094605445862,TB
mendeley_tb_00976,0.9990704208612442,TB
mendeley_tb_00977,0.9998495578765869,TB
mendeley_tb_00978,0.999873086810112,TB
mendeley_tb_00979,0.9998080283403397,TB
mendeley_tb_00980,0.9993271976709366,TB
mendeley_tb_00981,0.9996649771928787,TB
mendeley_tb_00982,0.9995428323745728,TB
mendeley_tb_00983,0.9994347989559174,TB
mendeley_tb_00984,0.9996031820774078,TB
mendeley_tb_00985,0.9992566257715225,TB
mendeley_tb_00986,0.9987616986036301,TB
mendeley_tb_00987,0.9996444433927536,TB
mendeley_tb_00988,0.9989849776029587,TB
mendeley_tb_00989,0.9996054619550705,TB
mendeley_tb_00990,0.9997942745685577,TB
mendeley_tb_00991,0.9978266954421997,TB
mendeley_tb_00992,0.999319389462471,TB
mendeley_tb_00993,0.9999053627252579,TB
mendeley_tb_00994,0.9996713250875473,TB
mendeley_tb_00995,0.9996146708726883,TB
mendeley_tb_00996,0.9994216114282608,TB
mendeley_tb_00997,0.999813124537468,TB
mendeley_tb_00998,0.9998481273651123,TB
mendeley_tb_00999,0.9995282739400864,TB
mendeley_tb_01000,0.9982960224151611,TB
mendeley_tb_01001,0.9996055513620377,TB
mendeley_tb_01002,0.9995799660682678,TB
mendeley_tb_01003,0.9983583241701126,TB
mendeley_tb_01004,0.9991689771413803,TB
mendeley_tb_01005,0.999621257185936,TB
mendeley_tb_01006,0.9998452961444855,TB
mendeley_tb_01007,0.9995221346616745,TB
mendeley_tb_01008,0.999837800860405,TB
mendeley_tb_01009,0.999621793627739,TB
mendeley_tb_01010,0.9993354380130768,TB
mendeley_tb_01011,0.9993271082639694,TB
mendeley_tb_01012,0.9997850805521011,TB
mendeley_tb_01013,0.9994909316301346,TB
mendeley_tb_01014,0.9999101758003235,TB
mendeley_tb_01015,0.999848335981369,TB
mendeley_tb_01016,0.9964464902877808,TB
mendeley_tb_01017,0.9994347095489502,TB
mendeley_tb_01018,0.9990651905536652,TB
mendeley_tb_01019,0.9996473044157028,TB
mendeley_tb_01020,0.9989315718412399,TB
mendeley_tb_01021,0.9992612600326538,TB
mendeley_tb_01022,0.9997273236513138,TB
mendeley_tb_01023,0.999353364109993,TB
mendeley_tb_01024,0.9998439401388168,TB
mendeley_tb_01025,0.9976570010185242,TB
mendeley_tb_01026,0.9989636838436127,TB
mendeley_tb_01027,0.9964941740036011,TB
mendeley_tb_01028,0.9993939697742462,TB
mendeley_tb_01029,0.9996224790811539,TB
mendeley_tb_01030,0.9998456537723541,TB
mendeley_tb_01031,0.9989868849515915,TB
mendeley_tb_01032,0.999842494726181,TB
mendeley_tb_01033,0.9998484551906586,TB
mendeley_tb_01034,0.9997636526823044,TB
mendeley_tb_01035,0.9988163411617279,TB
mendeley_tb_01036,0.9994665831327438,TB
mendeley_tb_01037,0.999750405550003,TB
mendeley_tb_01038,0.9990550428628922,TB
mendeley_tb_01039,0.9993230998516083,TB
mendeley_tb_01040,0.9991939812898636,TB
mendeley_tb_01041,0.9998253583908081,TB
mendeley_tb_01042,0.9952378123998642,TB
mendeley_tb_01043,0.9986762255430222,TB
mendeley_tb_01044,0.9997891485691071,TB
mendeley_tb_01045,0.999374732375145,TB
mendeley_tb_01046,0.9876400679349899,TB
mendeley_tb_01047,0.9999069422483444,TB
mendeley_tb_01048,0.9998731017112732,TB
mendeley_tb_01049,0.9981341809034348,TB
mendeley_tb_01050,0.9992005825042725,TB
mendeley_tb_01051,0.9994181990623474,TB
mendeley_tb_01052,0.9998874515295029,TB
mendeley_tb_01053,0.9996929168701172,TB
mendeley_tb_01054,0.9989102631807327,TB
mendeley_tb_01055,0.9995393306016922,TB
mendeley_tb_01056,0.9998195171356201,TB
mendeley_tb_01057,0.9915402084589005,TB
mendeley_tb_01058,0.9998576492071152,TB
mendeley_tb_01059,0.9998451471328735,TB
mendeley_tb_01060,0.9993039667606354,TB
mendeley_tb_01061,0.9996701627969742,TB
mendeley_tb_01062,0.9995940327644348,TB
mendeley_tb_01063,0.9996586441993713,TB
mendeley_tb_01064,0.9998924881219864,TB
mendeley_tb_01065,0.9997052848339081,TB
mendeley_tb_01066,0.9998366087675095,TB
mendeley_tb_01067,0.9998918622732162,TB
mendeley_tb_01068,0.9985046535730362,TB
mendeley_tb_01069,0.999724417924881,TB
mendeley_tb_01070,0.9997538775205612,TB
mendeley_tb_01071,0.9996183812618256,TB
mendeley_tb_01072,0.9964325726032257,TB
mendeley_tb_01073,0.9996269047260284,TB
mendeley_tb_01074,0.9993789345026016,TB
mendeley_tb_01075,0.9994324296712875,TB
mendeley_tb_01076,0.9982511550188065,TB
mendeley_tb_01077,0.9996572881937027,TB
mendeley_tb_01078,0.9998854845762253,TB
mendeley_tb_01079,0.9998994618654251,TB
mendeley_tb_01080,0.9996811300516129,TB
mendeley_tb_01081,0.9998166114091873,TB
mendeley_tb_01082,0.999830886721611,TB
mendeley_tb_01083,0.9997622072696686,TB
mendeley_tb_01084,0.9997671693563461,TB
mendeley_tb_01085,0.9997389614582062,TB
mendeley_tb_01086,0.9995714128017426,TB
mendeley_tb_01087,0.9986214637756348,TB
mendeley_tb_01088,0.9996076971292496,TB
mendeley_tb_01089,0.9974971413612366,TB
mendeley_tb_01090,0.9997496902942657,TB
mendeley_tb_01091,0.9993231892585754,TB
mendeley_tb_01092,0.9986108541488647,TB
mendeley_tb_01093,0.9992805272340775,TB
mendeley_tb_01094,0.9993283897638321,TB
mendeley_tb_01095,0.9988121837377548,TB
mendeley_tb_01096,0.9998178035020828,TB
mendeley_tb_01097,0.9991825968027115,TB
mendeley_tb_01098,0.9990314245223999,TB
mendeley_tb_01099,0.9984916150569916,TB
mendeley_tb_01100,0.9993499964475632,TB
mendeley_tb_01101,0.9976643323898315,TB
mendeley_tb_01102,0.9386210888624191,TB
mendeley_tb_01103,0.9992177933454514,TB
mendeley_tb_01104,0.9997910857200623,TB
mendeley_tb_01105,0.9998333305120468,TB
mendeley_tb_01106,0.9981362223625183,TB
mendeley_tb_01107,0.9997076839208603,TB
mendeley_tb_01108,0.999417319893837,TB
mendeley_tb_01109,0.999835416674614,TB
mendeley_tb_01110,0.9981546700000763,TB
mendeley_tb_01111,0.9997505843639374,TB
mendeley_tb_01112,0.9995642751455307,TB
mendeley_tb_01113,0.9995639473199844,TB
mendeley_tb_01114,0.9991828501224518,TB
mendeley_tb_01115,0.9990285784006119,TB
mendeley_tb_01116,0.999586209654808,TB
mendeley_tb_01117,0.9997149109840393,TB
mendeley_tb_01118,0.999740332365036,TB
mendeley_tb_01119,0.9999138414859772,TB
mendeley_tb_01120,0.9998819679021835,TB
mendeley_tb_01121,0.9998063892126083,TB
mendeley_tb_01122,0.9994074404239655,TB
mendeley_tb_01123,0.9962090849876404,TB
mendeley_tb_01124,0.9994122236967087,TB
mendeley_tb_01125,0.999366819858551,TB
mendeley_tb_01126,0.9995731264352798,TB
mendeley_tb_01127,0.9993716031312943,TB
mendeley_tb_01128,0.9994514137506485,TB
mendeley_tb_01129,0.9996406584978104,TB
mendeley_tb_01130,0.9995779395103455,TB
mendeley_tb_01131,0.9994115680456161,TB
mendeley_tb_01132,0.9998746961355209,TB
mendeley_tb_01133,0.9998487830162048,TB
mendeley_tb_01134,0.9996965676546097,TB
mendeley_tb_01135,0.998298242688179,TB
mendeley_tb_01136,0.9997929185628891,TB
mendeley_tb_01137,0.9995850324630737,TB
mendeley_tb_01138,0.9996875077486038,TB
mendeley_tb_01139,0.999750629067421,TB
mendeley_tb_01140,0.9993694722652435,TB
mendeley_tb_01141,0.9998561143875122,TB
mendeley_tb_01142,0.999855637550354,TB
mendeley_tb_01143,0.9993026107549667,TB
mendeley_tb_01144,0.9977304637432098,TB
mendeley_tb_01145,0.9967541992664337,TB
mendeley_tb_01146,0.9997023940086365,TB
mendeley_tb_01147,0.9987929314374924,TB
mendeley_tb_01148,0.9993495941162109,TB
mendeley_tb_01149,0.9997137635946274,TB
mendeley_tb_01150,0.9998602420091629,TB
mendeley_tb_01151,0.9987987130880356,TB
mendeley_tb_01152,0.9973066449165344,TB
mendeley_tb_01153,0.9998654276132584,TB
mendeley_tb_01154,0.9998562633991241,TB
mendeley_tb_01155,0.9975384771823883,TB
mendeley_tb_01156,0.9997028112411499,TB
mendeley_tb_01157,0.9997640550136566,TB
mendeley_tb_01158,0.9997541457414627,TB
mendeley_tb_01159,0.9964231103658676,TB
mendeley_tb_01160,0.9995680898427963,TB
mendeley_tb_01161,0.9991591572761536,TB
mendeley_tb_01162,0.9998072981834412,TB
mendeley_tb_01163,0.9993885457515717,TB
mendeley_tb_01164,0.9998570680618286,TB
mendeley_tb_01165,0.9998446255922318,TB
mendeley_tb_01166,0.9994339197874069,TB
mendeley_tb_01167,0.9997900426387787,TB
mendeley_tb_01168,0.9995095431804657,TB
mendeley_tb_01169,0.9997878074645996,TB
mendeley_tb_01170,0.9973923563957214,TB
mendeley_tb_01171,0.9988323897123337,TB
mendeley_tb_01172,0.9995475709438324,TB
mendeley_tb_01173,0.9995253384113312,TB
mendeley_tb_01174,0.999392107129097,TB
mendeley_tb_01175,0.9997970163822174,TB
mendeley_tb_01176,0.9992524832487106,TB
mendeley_tb_01177,0.9994838982820511,TB
mendeley_tb_01178,0.9998620599508286,TB
mendeley_tb_01179,0.9994775652885437,TB
mendeley_tb_01180,0.9998146444559097,TB
mendeley_tb_01181,0.9995521008968353,TB
mendeley_tb_01182,0.9997871816158295,TB
mendeley_tb_01183,0.9995672851800919,TB
mendeley_tb_01184,0.9987950176000595,TB
mendeley_tb_01185,0.9998645931482315,TB
mendeley_tb_01186,0.9994967728853226,TB
mendeley_tb_01187,0.9994869232177734,TB
mendeley_tb_01188,0.9993841350078583,TB
mendeley_tb_01189,0.999680683016777,TB
mendeley_tb_01190,0.9997755736112595,TB
mendeley_tb_01191,0.9997300058603287,TB
mendeley_tb_01192,0.9996553659439087,TB
mendeley_tb_01193,0.9995228797197342,TB
mendeley_tb_01194,0.9996529370546341,TB
mendeley_tb_01195,0.9991500824689865,TB
mendeley_tb_01196,0.9977390021085739,TB
mendeley_tb_01197,0.9998395442962646,TB
mendeley_tb_01198,0.9997571110725403,TB
mendeley_tb_01199,0.9995313137769699,TB
mendeley_tb_01200,0.9994601756334305,TB
mendeley_tb_01201,0.9998254030942917,TB
mendeley_tb_01202,0.9993906617164612,TB
mendeley_tb_01203,0.9984759390354156,TB
mendeley_tb_01204,0.99980628490448,TB
mendeley_tb_01205,0.999878540635109,TB
mendeley_tb_01206,0.9999006986618042,TB
mendeley_tb_01207,0.9985429048538208,TB
mendeley_tb_01208,0.9997358620166779,TB
mendeley_tb_01209,0.9995314925909042,TB
mendeley_tb_01210,0.9997242540121078,TB
mendeley_tb_01211,0.9990835189819336,TB
mendeley_tb_01212,0.9994044452905655,TB
mendeley_tb_01213,0.9989049881696701,TB
mendeley_tb_01214,0.9997847378253937,TB
mendeley_tb_01215,0.9997949302196503,TB
mendeley_tb_01216,0.9997126907110214,TB
mendeley_tb_01217,0.9994236975908279,TB
mendeley_tb_01218,0.9997293055057526,TB
mendeley_tb_01219,0.9993802160024643,TB
mendeley_tb_01220,0.9996837675571442,TB
mendeley_tb_01221,0.9997670501470566,TB
mendeley_tb_01222,0.9997902512550354,TB
mendeley_tb_01223,0.9997409731149673,TB
mendeley_tb_01224,0.999837264418602,TB
mendeley_tb_01225,0.999835878610611,TB
mendeley_tb_01226,0.9966553300619125,TB
mendeley_tb_01227,0.9998597204685211,TB
mendeley_tb_01228,0.9993160367012024,TB
mendeley_tb_01229,0.999432384967804,TB
mendeley_tb_01230,0.9996623694896698,TB
mendeley_tb_01231,0.9995629638433456,TB
mendeley_tb_01232,0.9997792541980743,TB
mendeley_tb_01233,0.9936630129814148,TB
mendeley_tb_01234,0.9998615831136703,TB
mendeley_tb_01235,0.9996791929006577,TB
mendeley_tb_01236,0.9997067898511887,TB
mendeley_tb_01237,0.9989810734987259,TB
mendeley_tb_01238,0.9996867179870605,TB
mendeley_tb_01239,0.9996304661035538,TB
mendeley_tb_01240,0.9996438473463058,TB
mendeley_tb_01241,0.9998983293771744,TB
mendeley_tb_01242,0.9997684210538864,TB
mendeley_tb_01243,0.9997706860303879,TB
mendeley_tb_01244,0.9998272508382797,TB
mendeley_tb_01245,0.9998383522033691,TB
mendeley_tb_01246,0.9995779991149902,TB
mendeley_tb_01247,0.9998583048582077,TB
mendeley_tb_01248,0.9950656890869141,TB
mendeley_tb_01249,0.999901607632637,TB
mendeley_tb_01250,0.9995676726102829,TB
mendeley_tb_01251,0.9998935759067535,TB
mendeley_tb_01252,0.9997278302907944,TB
mendeley_tb_01253,0.9998407661914825,TB
mendeley_tb_01254,0.9998919367790222,TB
mendeley_tb_01255,0.9994689673185349,TB
mendeley_tb_01256,0.9995833486318588,TB
mendeley_tb_01257,0.9998725056648254,TB
mendeley_tb_01258,0.9926151037216187,TB
mendeley_tb_01259,0.997551679611206,TB
mendeley_tb_01260,0.9987472742795944,TB
mendeley_tb_01261,0.9996810108423233,TB
mendeley_tb_01262,0.9997121542692184,TB
mendeley_tb_01263,0.9973194301128387,TB
mendeley_tb_01264,0.9997890144586563,TB
mendeley_tb_01265,0.9999145120382309,TB
mendeley_tb_01266,0.9975865632295609,TB
mendeley_tb_01267,0.9994297474622726,TB
mendeley_tb_01268,0.9997291415929794,TB
mendeley_tb_01269,0.9998263567686081,TB
mendeley_tb_01270,0.9998881071805954,TB
mendeley_tb_01271,0.9983981996774673,TB
mendeley_tb_01272,0.998226210474968,TB
mendeley_tb_01273,0.997988149523735,TB
mendeley_tb_01274,0.9994950145483017,TB
mendeley_tb_01275,0.9993494898080826,TB
mendeley_tb_01276,0.9998508244752884,TB
mendeley_tb_01277,0.9994329065084457,TB
mendeley_tb_01278,0.9996021538972855,TB
mendeley_tb_01279,0.9998596757650375,TB
mendeley_tb_01280,0.9997944831848145,TB
mendeley_tb_01281,0.9995622485876083,TB
mendeley_tb_01282,0.9997457265853882,TB
mendeley_tb_01283,0.9988997280597687,TB
mendeley_tb_01284,0.9960508793592453,TB
mendeley_tb_01285,0.9997567981481552,TB
mendeley_tb_01286,0.9998329877853394,TB
mendeley_tb_01287,0.999592512845993,TB
mendeley_tb_01288,0.9998454749584198,TB
mendeley_tb_01289,0.9998235553503036,TB
mendeley_tb_01290,0.9995727092027664,TB
mendeley_tb_01291,0.9976577013731003,TB
mendeley_tb_01292,0.998483419418335,TB
mendeley_tb_01293,0.9993313997983932,TB
mendeley_tb_01294,0.9994939714670181,TB
mendeley_tb_01295,0.9987037479877472,TB
mendeley_tb_01296,0.9996447712182999,TB
mendeley_tb_01297,0.9996551871299744,TB
mendeley_tb_01298,0.999844416975975,TB
mendeley_tb_01299,0.9980888515710831,TB
mendeley_tb_01300,0.9985246658325195,TB
mendeley_tb_01301,0.9986075013875961,TB
mendeley_tb_01302,0.9997590631246567,TB
mendeley_tb_01303,0.999823197722435,TB
mendeley_tb_01304,0.9998163282871246,TB
mendeley_tb_01305,0.9998180717229843,TB
mendeley_tb_01306,0.9998662024736404,TB
mendeley_tb_01307,0.9980794787406921,TB
mendeley_tb_01308,0.9994781762361526,TB
mendeley_tb_01309,0.999823272228241,TB
mendeley_tb_01310,0.9997261613607407,TB
mendeley_tb_01311,0.9939579367637634,TB
mendeley_tb_01312,0.9996731132268906,TB
mendeley_tb_01313,0.9997827410697937,TB
mendeley_tb_01314,0.9996779412031174,TB
mendeley_tb_01315,0.9989152550697327,TB
mendeley_tb_01316,0.9992546737194061,TB
mendeley_tb_01317,0.9992617964744568,TB
mendeley_tb_01318,0.9999090135097504,TB
mendeley_tb_01319,0.9997716844081879,TB
mendeley_tb_01320,0.999815046787262,TB
mendeley_tb_01321,0.9998198449611664,TB
mendeley_tb_01322,0.9995758980512619,TB
mendeley_tb_01323,0.9996892958879471,TB
mendeley_tb_01324,0.999208614230156,TB
mendeley_tb_01325,0.9992788434028625,TB
mendeley_tb_01326,0.9998325407505035,TB
mendeley_tb_01327,0.9988555014133453,TB
mendeley_tb_01328,0.9998185783624649,TB
mendeley_tb_01329,0.9987599849700928,TB
mendeley_tb_01330,0.9995074570178986,TB
mendeley_tb_01331,0.9997795522212982,TB
mendeley_tb_01332,0.9997735172510147,TB
mendeley_tb_01333,0.9993622004985809,TB
mendeley_tb_01334,0.9992260634899139,TB
mendeley_tb_01335,0.9995574653148651,TB
mendeley_tb_01336,0.9997645318508148,TB
mendeley_tb_01337,0.9996127784252167,TB
mendeley_tb_01338,0.9998153299093246,TB
mendeley_tb_01339,0.999773696064949,TB
mendeley_tb_01340,0.9997958540916443,TB
mendeley_tb_01341,0.9993364661931992,TB
mendeley_tb_01342,0.9998048841953278,TB
mendeley_tb_01343,0.9997672438621521,TB
mendeley_tb_01344,0.9998737424612045,TB
mendeley_tb_01345,0.9997456222772598,TB
mendeley_tb_01346,0.9996384382247925,TB
mendeley_tb_01347,0.9996954053640366,TB
mendeley_tb_01348,0.9998040646314621,TB
mendeley_tb_01349,0.9996364265680313,TB
mendeley_tb_01350,0.9994680732488632,TB
mendeley_tb_01351,0.9998368620872498,TB
mendeley_tb_01352,0.9986824840307236,TB
mendeley_tb_01353,0.9998460710048676,TB
mendeley_tb_01354,0.9994743317365646,TB
mendeley_tb_01355,0.99977807700634,TB
mendeley_tb_01356,0.9996473640203476,TB
mendeley_tb_01357,0.999319776892662,TB
mendeley_tb_01358,0.9983388483524323,TB
mendeley_tb_01359,0.9994279742240906,TB
mendeley_tb_01360,0.9993020445108414,TB
mendeley_tb_01361,0.999562993645668,TB
mendeley_tb_01362,0.9996440559625626,TB
mendeley_tb_01363,0.9997703582048416,TB
mendeley_tb_01364,0.9998871833086014,TB
mendeley_tb_01365,0.9998797923326492,TB
mendeley_tb_01366,0.9998598545789719,TB
mendeley_tb_01367,0.9983492791652679,TB
mendeley_tb_01368,0.9991263598203659,TB
mendeley_tb_01369,0.999865248799324,TB
mendeley_tb_01370,0.9993252158164978,TB
mendeley_tb_01371,0.999777302145958,TB
mendeley_tb_01372,0.999596506357193,TB
mendeley_tb_01373,0.9998130053281784,TB
mendeley_tb_01374,0.9981665909290314,TB
mendeley_tb_01375,0.9996407330036163,TB
mendeley_tb_01376,0.9997378289699554,TB
mendeley_tb_01377,0.9997143894433975,TB
mendeley_tb_01378,0.9977855533361435,TB
mendeley_tb_01379,0.9996583461761475,TB
mendeley_tb_01380,0.9997212290763855,TB
mendeley_tb_01381,0.9984603524208069,TB
mendeley_tb_01382,0.9996254593133926,TB
mendeley_tb_01383,0.9984510540962219,TB
mendeley_tb_01384,0.9976439327001572,TB
mendeley_tb_01385,0.9996259808540344,TB
mendeley_tb_01386,0.9998714923858643,TB
mendeley_tb_01387,0.9998859018087387,TB
mendeley_tb_01388,0.9996920526027679,TB
mendeley_tb_01389,0.9998173415660858,TB
mendeley_tb_01390,0.998925045132637,TB
mendeley_tb_01391,0.9991618394851685,TB
mendeley_tb_01392,0.9997077137231827,TB
mendeley_tb_01393,0.9995495080947876,TB
mendeley_tb_01394,0.999853640794754,TB
mendeley_tb_01395,0.9996888935565948,TB
mendeley_tb_01396,0.9985315054655075,TB
mendeley_tb_01397,0.9997508525848389,TB
mendeley_tb_01398,0.9995347857475281,TB
mendeley_tb_01399,0.9993537068367004,TB
mendeley_tb_01400,0.9997939169406891,TB
mendeley_tb_01401,0.9998646676540375,TB
mendeley_tb_01402,0.9997076988220215,TB
mendeley_tb_01403,0.9994840770959854,TB
mendeley_tb_01404,0.999547153711319,TB
mendeley_tb_01405,0.9994942843914032,TB
mendeley_tb_01406,0.9996871501207352,TB
mendeley_tb_01407,0.9934305101633072,TB
mendeley_tb_01408,0.9996881633996964,TB
mendeley_tb_01409,0.9998117983341217,TB
mendeley_tb_01410,0.9998347759246826,TB
mendeley_tb_01411,0.9976342916488647,TB
mendeley_tb_01412,0.998577892780304,TB
mendeley_tb_01413,0.9946903735399246,TB
mendeley_tb_01414,0.9998398721218109,TB
mendeley_tb_01415,0.9988707154989243,TB
mendeley_tb_01416,0.9989093691110611,TB
mendeley_tb_01417,0.99956014752388,TB
mendeley_tb_01418,0.9973197877407074,TB
mendeley_tb_01419,0.9990750551223755,TB
mendeley_tb_01420,0.9982267767190933,TB
mendeley_tb_01421,0.9994142055511475,TB
mendeley_tb_01422,0.9996602386236191,TB
mendeley_tb_01423,0.9997909963130951,TB
mendeley_tb_01424,0.9998603612184525,TB
mendeley_tb_01425,0.9995605945587158,TB
mendeley_tb_01426,0.999746099114418,TB
mendeley_tb_01427,0.999807596206665,TB
mendeley_tb_01428,0.9993545562028885,TB
mendeley_tb_01429,0.9988872110843658,TB
mendeley_tb_01430,0.9993430525064468,TB
mendeley_tb_01431,0.9998260289430618,TB
mendeley_tb_01432,0.9943390339612961,TB
mendeley_tb_01433,0.9989643543958664,TB
mendeley_tb_01434,0.9998823255300522,TB
mendeley_tb_01435,0.9997364580631256,TB
mendeley_tb_01436,0.9998257607221603,TB
mendeley_tb_01437,0.9997809827327728,TB
mendeley_tb_01438,0.9995261579751968,TB
mendeley_tb_01439,0.9995834827423096,TB
mendeley_tb_01440,0.9998680651187897,TB
mendeley_tb_01441,0.9997445940971375,TB
mendeley_tb_01442,0.9992065876722336,TB
mendeley_tb_01443,0.9997087717056274,TB
mendeley_tb_01444,0.9998984187841415,TB
mendeley_tb_01445,0.9993751645088196,TB
mendeley_tb_01446,0.9980888217687607,TB
mendeley_tb_01447,0.9990711212158203,TB
mendeley_tb_01448,0.999433159828186,TB
mendeley_tb_01449,0.9999072104692459,TB
mendeley_tb_01450,0.999533012509346,TB
mendeley_tb_01451,0.9997939616441727,TB
mendeley_tb_01452,0.9995132833719254,TB
mendeley_tb_01453,0.9997697472572327,TB
mendeley_tb_01454,0.999697744846344,TB
mendeley_tb_01455,0.9997383952140808,TB
mendeley_tb_01456,0.9998950660228729,TB
mendeley_tb_01457,0.9993618428707123,TB
mendeley_tb_01458,0.9977944195270538,TB
mendeley_tb_01459,0.9997779577970505,TB
mendeley_tb_01460,0.9996888935565948,TB
mendeley_tb_01461,0.9951751530170441,TB
mendeley_tb_01462,0.999715119600296,TB
mendeley_tb_01463,0.9997888803482056,TB
mendeley_tb_01464,0.9998829215764999,TB
mendeley_tb_01465,0.9997430741786957,TB
mendeley_tb_01466,0.9996077865362167,TB
mendeley_tb_01467,0.9998297542333603,TB
mendeley_tb_01468,0.999750018119812,TB
mendeley_tb_01469,0.9996313154697418,TB
mendeley_tb_01470,0.999892845749855,TB
mendeley_tb_01471,0.9998229444026947,TB
mendeley_tb_01472,0.9996382147073746,TB
mendeley_tb_01473,0.9997777193784714,TB
mendeley_tb_01474,0.999856024980545,TB
mendeley_tb_01475,0.9996864348649979,TB
mendeley_tb_01476,0.9997097253799438,TB
mendeley_tb_01477,0.9998653084039688,TB
mendeley_tb_01478,0.9997200220823288,TB
mendeley_tb_01479,0.9998103827238083,TB
mendeley_tb_01480,0.9999018013477325,TB
mendeley_tb_01481,0.9997854828834534,TB
mendeley_tb_01482,0.9996518492698669,TB
mendeley_tb_01483,0.9995643794536591,TB
mendeley_tb_01484,0.9642717093229294,TB
mendeley_tb_01485,0.9995277523994446,TB
mendeley_tb_01486,0.9998515546321869,TB
mendeley_tb_01487,0.9990327507257462,TB
mendeley_tb_01488,0.9998379051685333,TB
mendeley_tb_01489,0.9998630434274673,TB
mendeley_tb_01490,0.9991849213838577,TB
mendeley_tb_01491,0.9996863007545471,TB
mendeley_tb_01492,0.9996449053287506,TB
mendeley_tb_01493,0.99986532330513,TB
mendeley_tb_01494,0.9998953193426132,TB
mendeley_tb_01495,0.9979895502328873,TB
mendeley_tb_01496,0.9996296316385269,TB
mendeley_tb_01497,0.9995951354503632,TB
mendeley_tb_01498,0.9980016499757767,TB
mendeley_tb_01499,0.999374732375145,TB
mendeley_tb_01500,0.9995606243610382,TB
mendeley_tb_01501,0.9998492151498795,TB
mendeley_tb_01502,0.9994369596242905,TB
mendeley_tb_01503,0.999272808432579,TB
mendeley_tb_01504,0.9996257275342941,TB
mendeley_tb_01505,0.9996595680713654,TB
mendeley_tb_01506,0.999510258436203,TB
mendeley_tb_01507,0.9998530149459839,TB
mendeley_tb_01508,0.9996498674154282,TB
mendeley_tb_01509,0.9998509734869003,TB
mendeley_tb_01510,0.9991550147533417,TB
mendeley_tb_01511,0.9991636872291565,TB
mendeley_tb_01512,0.9997791945934296,TB
mendeley_tb_01513,0.9990577846765518,TB
mendeley_tb_01514,0.999234989285469,TB
mendeley_tb_01515,0.9997835457324982,TB
mendeley_tb_01516,0.99943907558918,TB
mendeley_tb_01517,0.9998676180839539,TB
mendeley_tb_01518,0.9994432628154755,TB
mendeley_tb_01519,0.9992620199918747,TB
mendeley_tb_01520,0.9989137500524521,TB
mendeley_tb_01521,0.9997689574956894,TB
mendeley_tb_01522,0.9998134076595306,TB
mendeley_tb_01523,0.999645859003067,TB
mendeley_tb_01524,0.9998274743556976,TB
mendeley_tb_01525,0.9994229823350906,TB
mendeley_tb_01526,0.9997487366199493,TB
mendeley_tb_01527,0.9992846846580505,TB
mendeley_tb_01528,0.9997107982635498,TB
mendeley_tb_01529,0.999629408121109,TB
mendeley_tb_01530,0.9957966208457947,TB
mendeley_tb_01531,0.9998626410961151,TB
mendeley_tb_01532,0.9693622589111328,TB
mendeley_tb_01533,0.999843031167984,TB
mendeley_tb_01534,0.9998931288719177,TB
mendeley_tb_01535,0.9944051951169968,TB
mendeley_tb_01536,0.9990240186452866,TB
mendeley_tb_01537,0.9991156160831451,TB
mendeley_tb_01538,0.9996313154697418,TB
mendeley_tb_01539,0.9992889910936356,TB
mendeley_tb_01540,0.9998506605625153,TB
mendeley_tb_01541,0.9994314759969711,TB
mendeley_tb_01542,0.9978766739368439,TB
mendeley_tb_01543,0.9626093655824661,TB
mendeley_tb_01544,0.9999066144227982,TB
mendeley_tb_01545,0.9981877505779266,TB
mendeley_tb_01546,0.9998315125703812,TB
mendeley_tb_01547,0.9981521219015121,TB
mendeley_tb_01548,0.9977432191371918,TB
mendeley_tb_01549,0.9990895688533783,TB
mendeley_tb_01550,0.9980037957429886,TB
mendeley_tb_01551,0.9999044239521027,TB
mendeley_tb_01552,0.9998184889554977,TB
mendeley_tb_01553,0.9996922463178635,TB
mendeley_tb_01554,0.9998029470443726,TB
mendeley_tb_01555,0.9995786845684052,TB
mendeley_tb_01556,0.9998765736818314,TB
mendeley_tb_01557,0.9996497482061386,TB
mendeley_tb_01558,0.999758780002594,TB
mendeley_tb_01559,0.9998489022254944,TB
mendeley_tb_01560,0.999118983745575,TB
mendeley_tb_01561,0.999589204788208,TB
mendeley_tb_01562,0.9992391020059586,TB
mendeley_tb_01563,0.9995563477277756,TB
mendeley_tb_01564,0.9994444251060486,TB
mendeley_tb_01565,0.9998715072870255,TB
mendeley_tb_01566,0.9988576471805573,TB
mendeley_tb_01567,0.9998205602169037,TB
mendeley_tb_01568,0.9982759654521942,TB
mendeley_tb_01569,0.9997666776180267,TB
mendeley_tb_01570,0.9985830932855606,TB
mendeley_tb_01571,0.9955479353666306,TB
mendeley_tb_01572,0.9996741265058517,TB
mendeley_tb_01573,0.9988251030445099,TB
mendeley_tb_01574,0.999571293592453,TB
mendeley_tb_01575,0.999811664223671,TB
mendeley_tb_01576,0.9994969666004181,TB
mendeley_tb_01577,0.9998134821653366,TB
mendeley_tb_01578,0.9995222985744476,TB
mendeley_tb_01579,0.9988028407096863,TB
mendeley_tb_01580,0.9996266663074493,TB
mendeley_tb_01581,0.9996285885572433,TB
mendeley_tb_01582,0.999820351600647,TB
mendeley_tb_01583,0.9993651956319809,TB
mendeley_tb_01584,0.9996589124202728,TB
mendeley_tb_01585,0.9993589669466019,TB
mendeley_tb_01586,0.9994839578866959,TB
mendeley_tb_01587,0.9977146089076996,TB
mendeley_tb_01588,0.9995927512645721,TB
mendeley_tb_01589,0.9992239326238632,TB
mendeley_tb_01590,0.9993443638086319,TB
mendeley_tb_01591,0.9995616376399994,TB
mendeley_tb_01592,0.998307079076767,TB
mendeley_tb_01593,0.9980015307664871,TB
mendeley_tb_01594,0.9997964054346085,TB
mendeley_tb_01595,0.9994564056396484,TB
mendeley_tb_01596,0.9999271333217621,TB
mendeley_tb_01597,0.9995352029800415,TB
mendeley_tb_01598,0.998468279838562,TB
mendeley_tb_01599,0.9995271861553192,TB
mendeley_tb_01600,0.9961439073085785,TB
mendeley_tb_01601,0.9990845322608948,TB
mendeley_tb_01602,0.9998488426208496,TB
mendeley_tb_01603,0.9997632801532745,TB
mendeley_tb_01604,0.9997805655002594,TB
mendeley_tb_01605,0.998115062713623,TB
mendeley_tb_01606,0.9998900294303894,TB
mendeley_tb_01607,0.9993320852518082,TB
mendeley_tb_01608,0.9987185150384903,TB
mendeley_tb_01609,0.9993298202753067,TB
mendeley_tb_01610,0.9997692257165909,TB
mendeley_tb_01611,0.9998641014099121,TB
mendeley_tb_01612,0.9996461421251297,TB
mendeley_tb_01613,0.9992756396532059,TB
mendeley_tb_01614,0.9990828186273575,TB
mendeley_tb_01615,0.9989305287599564,TB
mendeley_tb_01616,0.999547928571701,TB
mendeley_tb_01617,0.999497652053833,TB
mendeley_tb_01618,0.9994223266839981,TB
mendeley_tb_01619,0.9925058931112289,TB
mendeley_tb_01620,0.9987184703350067,TB
mendeley_tb_01621,0.9997635334730148,TB
mendeley_tb_01622,0.9971662908792496,TB
mendeley_tb_01623,0.9997439831495285,TB
mendeley_tb_01624,0.9998076111078262,TB
mendeley_tb_01625,0.9996061474084854,TB
mendeley_tb_01626,0.9997909218072891,TB
mendeley_tb_01627,0.9998738616704941,TB
mendeley_tb_01628,0.9998170882463455,TB
mendeley_tb_01629,0.9992076605558395,TB
mendeley_tb_01630,0.9998867064714432,TB
mendeley_tb_01631,0.999095544219017,TB
mendeley_tb_01632,0.9996931850910187,TB
mendeley_tb_01633,0.9997689872980118,TB
mendeley_tb_01634,0.9996760785579681,TB
mendeley_tb_01635,0.9997947365045547,TB
mendeley_tb_01636,0.9994508326053619,TB
mendeley_tb_01637,0.9994812160730362,TB
mendeley_tb_01638,0.9991539716720581,TB
mendeley_tb_01639,0.999524787068367,TB
mendeley_tb_01640,0.9998994767665863,TB
mendeley_tb_01641,0.9995685070753098,TB
mendeley_tb_01642,0.9997456669807434,TB
mendeley_tb_01643,0.9997760206460953,TB
mendeley_tb_01644,0.9998296052217484,TB
mendeley_tb_01645,0.9995995163917542,TB
mendeley_tb_01646,0.9999081790447235,TB
mendeley_tb_01647,0.999291330575943,TB
mendeley_tb_01648,0.9996940046548843,TB
mendeley_tb_01649,0.9997159689664841,TB
mendeley_tb_01650,0.9998748898506165,TB
mendeley_tb_01651,0.9974642097949982,TB
mendeley_tb_01652,0.9991074055433273,TB
mendeley_tb_01653,0.9951038062572479,TB
mendeley_tb_01654,0.9992232620716095,TB
mendeley_tb_01655,0.9906824976205826,TB
mendeley_tb_01656,0.9994195997714996,TB
mendeley_tb_01657,0.9994405657052994,TB
mendeley_tb_01658,0.9992013722658157,TB
mendeley_tb_01659,0.9981132000684738,TB
mendeley_tb_01660,0.9999019354581833,TB
mendeley_tb_01661,0.9998952001333237,TB
mendeley_tb_01662,0.9993778318166733,TB
mendeley_tb_01663,0.9999208152294159,TB
mendeley_tb_01664,0.9996525198221207,TB
mendeley_tb_01665,0.9995060563087463,TB
mendeley_tb_01666,0.9992027133703232,TB
mendeley_tb_01667,0.9998678117990494,TB
mendeley_tb_01668,0.9996894150972366,TB
mendeley_tb_01669,0.9987967610359192,TB
mendeley_tb_01670,0.9997618794441223,TB
mendeley_tb_01671,0.9993752390146255,TB
mendeley_tb_01672,0.9994909465312958,TB
mendeley_tb_01673,0.9986497014760971,TB
mendeley_tb_01674,0.9991051703691483,TB
mendeley_tb_01675,0.9997187256813049,TB
mendeley_tb_01676,0.9989937096834183,TB
mendeley_tb_01677,0.9999139904975891,TB
mendeley_tb_01678,0.9978931397199631,TB
mendeley_tb_01679,0.9992915093898773,TB
mendeley_tb_01680,0.9997114688158035,TB
mendeley_tb_01681,0.9995184689760208,TB
mendeley_tb_01682,0.9992680549621582,TB
mendeley_tb_01683,0.9998265206813812,TB
mendeley_tb_01684,0.9997288435697556,TB
mendeley_tb_01685,0.9996466189622879,TB
mendeley_tb_01686,0.999411404132843,TB
mendeley_tb_01687,0.99900321662426,TB
mendeley_tb_01688,0.9997035562992096,TB
mendeley_tb_01689,0.9998094588518143,TB
mendeley_tb_01690,0.9969576597213745,TB
mendeley_tb_01691,0.9988167881965637,TB
mendeley_tb_01692,0.9998296201229095,TB
mendeley_tb_01693,0.9996509850025177,TB
mendeley_tb_01694,0.9997730255126953,TB
mendeley_tb_01695,0.9990038275718689,TB
mendeley_tb_01696,0.9995621144771576,TB
mendeley_tb_01697,0.9998328983783722,TB
mendeley_tb_01698,0.9984093755483627,TB
mendeley_tb_01699,0.9998549073934555,TB
mendeley_tb_01700,0.9994883090257645,TB
mendeley_tb_01701,0.9992931932210922,TB
mendeley_tb_01702,0.9999052733182907,TB
mendeley_tb_01703,0.9990825951099396,TB
mendeley_tb_01704,0.999843567609787,TB
mendeley_tb_01705,0.9996402412652969,TB
mendeley_tb_01706,0.9996068030595779,TB
mendeley_tb_01707,0.9997265934944153,TB
mendeley_tb_01708,0.999886766076088,TB
mendeley_tb_01709,0.9998433887958527,TB
mendeley_tb_01710,0.9997715502977371,TB
mendeley_tb_01711,0.9998597204685211,TB
mendeley_tb_01712,0.999752014875412,TB
mendeley_tb_01713,0.9992501586675644,TB
mendeley_tb_01714,0.9990695416927338,TB
mendeley_tb_01715,0.998783677816391,TB
mendeley_tb_01716,0.9997480511665344,TB
mendeley_tb_01717,0.9998158365488052,TB
mendeley_tb_01718,0.9994571655988693,TB
mendeley_tb_01719,0.9954051226377487,TB
mendeley_tb_01720,0.9949514716863632,TB
mendeley_tb_01721,0.9996806979179382,TB
mendeley_tb_01722,0.9998023211956024,TB
mendeley_tb_01723,0.9998521208763123,TB
mendeley_tb_01724,0.9989164918661118,TB
mendeley_tb_01725,0.9995926469564438,TB
mendeley_tb_01726,0.999553918838501,TB
mendeley_tb_01727,0.999530628323555,TB
mendeley_tb_01728,0.9992553293704987,TB
mendeley_tb_01729,0.9995519518852234,TB
mendeley_tb_01730,0.999739795923233,TB
mendeley_tb_01731,0.9974435418844223,TB
mendeley_tb_01732,0.9990968555212021,TB
mendeley_tb_01733,0.999588742852211,TB
mendeley_tb_01734,0.99967822432518,TB
mendeley_tb_01735,0.999792754650116,TB
mendeley_tb_01736,0.9997969716787338,TB
mendeley_tb_01737,0.9995086491107941,TB
mendeley_tb_01738,0.9995223730802536,TB
mendeley_tb_01739,0.999904215335846,TB
mendeley_tb_01740,0.9969776272773743,TB
mendeley_tb_01741,0.9995698034763336,TB
mendeley_tb_01742,0.9998576790094376,TB
mendeley_tb_01743,0.9994937926530838,TB
mendeley_tb_01744,0.9997813105583191,TB
mendeley_tb_01745,0.9993236362934113,TB
mendeley_tb_01746,0.9980421960353851,TB
mendeley_tb_01747,0.9997642785310745,TB
mendeley_tb_01748,0.9996097385883331,TB
mendeley_tb_01749,0.9995997846126556,TB
mendeley_tb_01750,0.9970686435699463,TB
mendeley_tb_01751,0.9997941255569458,TB
mendeley_tb_01752,0.9996630251407623,TB
mendeley_tb_01753,0.9993529170751572,TB
mendeley_tb_01754,0.9996012896299362,TB
mendeley_tb_01755,0.999682605266571,TB
mendeley_tb_01756,0.9990480095148087,TB
mendeley_tb_01757,0.9994564801454544,TB
mendeley_tb_01758,0.9997092932462692,TB
mendeley_tb_01759,0.9991155117750168,TB
mendeley_tb_01760,0.9997835457324982,TB
mendeley_tb_01761,0.9996936768293381,TB
mendeley_tb_01762,0.9996314495801926,TB
mendeley_tb_01763,0.9997762441635132,TB
mendeley_tb_01764,0.9996519684791565,TB
mendeley_tb_01765,0.9984176009893417,TB
mendeley_tb_01766,0.9989573955535889,TB
mendeley_tb_01767,0.9961200207471848,TB
mendeley_tb_01768,0.999880775809288,TB
mendeley_tb_01769,0.9996935874223709,TB
mendeley_tb_01770,0.9997972548007965,TB
mendeley_tb_01771,0.9998163133859634,TB
mendeley_tb_01772,0.9997474849224091,TB
mendeley_tb_01773,0.9996445029973984,TB
mendeley_tb_01774,0.999435767531395,TB
mendeley_tb_01775,0.999308168888092,TB
mendeley_tb_01776,0.9997791349887848,TB
mendeley_tb_01777,0.9998199939727783,TB
mendeley_tb_01778,0.9989439994096756,TB
mendeley_tb_01779,0.999912828207016,TB
mendeley_tb_01780,0.999171182513237,TB
mendeley_tb_01781,0.9997968971729279,TB
mendeley_tb_01782,0.9998323321342468,TB
mendeley_tb_01783,0.9986716061830521,TB
mendeley_tb_01784,0.9981029182672501,TB
mendeley_tb_01785,0.9997910559177399,TB
mendeley_tb_01786,0.9997252225875854,TB
mendeley_tb_01787,0.9997747093439102,TB
mendeley_tb_01788,0.9997808933258057,TB
mendeley_tb_01789,0.9991139024496078,TB
mendeley_tb_01790,0.9998282641172409,TB
mendeley_tb_01791,0.9995312094688416,TB
mendeley_tb_01792,0.9997192770242691,TB
mendeley_tb_01793,0.9991730898618698,TB
mendeley_tb_01794,0.9998706430196762,TB
mendeley_tb_01795,0.9992135912179947,TB
mendeley_tb_01796,0.99979667365551,TB
mendeley_tb_01797,0.9995653033256531,TB
mendeley_tb_01798,0.9997528940439224,TB
mendeley_tb_01799,0.9998130053281784,TB
mendeley_tb_01800,0.9996689856052399,TB
mendeley_tb_01801,0.96042700111866,TB
mendeley_tb_01802,0.9933638572692871,TB
mendeley_tb_01803,0.9997721165418625,TB
mendeley_tb_01804,0.9994708001613617,TB
mendeley_tb_01805,0.9996548146009445,TB
mendeley_tb_01806,0.9993109256029129,TB
mendeley_tb_01807,0.9993681609630585,TB
mendeley_tb_01808,0.9998476207256317,TB
mendeley_tb_01809,0.9998383671045303,TB
mendeley_tb_01810,0.9995105415582657,TB
mendeley_tb_01811,0.9998704642057419,TB
mendeley_tb_01812,0.9995496720075607,TB
mendeley_tb_01813,0.9998912215232849,TB
mendeley_tb_01814,0.9999110102653503,TB
mendeley_tb_01815,0.999787911772728,TB
mendeley_tb_01816,0.9972306042909622,TB
mendeley_tb_01817,0.9994750767946243,TB
mendeley_tb_01818,0.9997939765453339,TB
mendeley_tb_01819,0.9995048940181732,TB
mendeley_tb_01820,0.9998681098222733,TB
mendeley_tb_01821,0.9995572119951248,TB
mendeley_tb_01822,0.9996354877948761,TB
mendeley_tb_01823,0.9991706013679504,TB
mendeley_tb_01824,0.9991570115089417,TB
mendeley_tb_01825,0.9995744675397873,TB
mendeley_tb_01826,0.9996226280927658,TB
mendeley_tb_01827,0.9961763322353363,TB
mendeley_tb_01828,0.9995480477809906,TB
mendeley_tb_01829,0.999050572514534,TB
mendeley_tb_01830,0.9996600598096848,TB
mendeley_tb_01831,0.9996774941682816,TB
mendeley_tb_01832,0.999168187379837,TB
mendeley_tb_01833,0.9998283237218857,TB
mendeley_tb_01834,0.9976720362901688,TB
mendeley_tb_01835,0.9995573610067368,TB
mendeley_tb_01836,0.9997737407684326,TB
mendeley_tb_01837,0.9978858828544617,TB
mendeley_tb_01838,0.9979464411735535,TB
mendeley_tb_01839,0.9997694790363312,TB
mendeley_tb_01840,0.9997158795595169,TB
mendeley_tb_01841,0.9988416880369186,TB
mendeley_tb_01842,0.999365895986557,TB
mendeley_tb_01843,0.9996469020843506,TB
mendeley_tb_01844,0.9997594803571701,TB
mendeley_tb_01845,0.999831810593605,TB
mendeley_tb_01846,0.9901896119117737,TB
mendeley_tb_01847,0.9997999221086502,TB
mendeley_tb_01848,0.9998840838670731,TB
mendeley_tb_01849,0.9996888786554337,TB
mendeley_tb_01850,0.9994648694992065,TB
mendeley_tb_01851,0.998445138335228,TB
mendeley_tb_01852,0.9982064366340637,TB
mendeley_tb_01853,0.9991443008184433,TB
mendeley_tb_01854,0.9994150251150131,TB
mendeley_tb_01855,0.9997117966413498,TB
mendeley_tb_01856,0.9996998757123947,TB
mendeley_tb_01857,0.9998367726802826,TB
mendeley_tb_01858,0.9996961355209351,TB
mendeley_tb_01859,0.9996379464864731,TB
mendeley_tb_01860,0.9995319843292236,TB
mendeley_tb_01861,0.9997326135635376,TB
mendeley_tb_01862,0.99982650578022,TB
mendeley_tb_01863,0.9993964731693268,TB
mendeley_tb_01864,0.9990343451499939,TB
mendeley_tb_01865,0.9996743202209473,TB
mendeley_tb_01866,0.9997316300868988,TB
mendeley_tb_01867,0.9996918886899948,TB
mendeley_tb_01868,0.9988028705120087,TB
mendeley_tb_01869,0.9993822574615479,TB
mendeley_tb_01870,0.9996652752161026,TB
mendeley_tb_01871,0.9982913583517075,TB
mendeley_tb_01872,0.9995034337043762,TB
mendeley_tb_01873,0.9998774379491806,TB
mendeley_tb_01874,0.9996474534273148,TB
mendeley_tb_01875,0.9995591342449188,TB
mendeley_tb_01876,0.9995082765817642,TB
mendeley_tb_01877,0.9993534237146378,TB
mendeley_tb_01878,0.9998161792755127,TB
mendeley_tb_01879,0.9997254461050034,TB
mendeley_tb_01880,0.999751403927803,TB
mendeley_tb_01881,0.9998631477355957,TB
mendeley_tb_01882,0.9996853619813919,TB
mendeley_tb_01883,0.9994159191846848,TB
mendeley_tb_01884,0.9997102320194244,TB
mendeley_tb_01885,0.9996346533298492,TB
mendeley_tb_01886,0.9973370730876923,TB
mendeley_tb_01887,0.9993242621421814,TB
mendeley_tb_01888,0.9995076656341553,TB
mendeley_tb_01889,0.9998663514852524,TB
mendeley_tb_01890,0.9996996968984604,TB
mendeley_tb_01891,0.999629557132721,TB
mendeley_tb_01892,0.99964240193367,TB
mendeley_tb_01893,0.999255359172821,TB
mendeley_tb_01894,0.9998439699411392,TB
mendeley_tb_01895,0.9927252233028412,TB
mendeley_tb_01896,0.997248962521553,TB
mendeley_tb_01897,0.9989257305860519,TB
mendeley_tb_01898,0.9997129589319229,TB
mendeley_tb_01899,0.9996217638254166,TB
mendeley_tb_01900,0.9998468458652496,TB
mendeley_tb_01901,0.9996124356985092,TB
mendeley_tb_01902,0.9989051818847656,TB
mendeley_tb_01903,0.9995560199022293,TB
mendeley_tb_01904,0.999891996383667,TB
mendeley_tb_01905,0.9993856847286224,TB
mendeley_tb_01906,0.9996861517429352,TB
mendeley_tb_01907,0.9998458623886108,TB
mendeley_tb_01908,0.9996496140956879,TB
mendeley_tb_01909,0.9992925822734833,TB
mendeley_tb_01910,0.9994656145572662,TB
mendeley_tb_01911,0.9993213713169098,TB
mendeley_tb_01912,0.9973263889551163,TB
mendeley_tb_01913,0.9993865936994553,TB
mendeley_tb_01914,0.999801516532898,TB
mendeley_tb_01915,0.9995860010385513,TB
mendeley_tb_01916,0.9998571425676346,TB
mendeley_tb_01917,0.9998518973588943,TB
mendeley_tb_01918,0.9998189061880112,TB
mendeley_tb_01919,0.9998488128185272,TB
mendeley_tb_01920,0.9981303215026855,TB
mendeley_tb_01921,0.9996839165687561,TB
mendeley_tb_01922,0.9996688514947891,TB
mendeley_tb_01923,0.9994597285985947,TB
mendeley_tb_01924,0.9996981769800186,TB
mendeley_tb_01925,0.999859482049942,TB
mendeley_tb_01926,0.9991629272699356,TB
mendeley_tb_01927,0.9992775768041611,TB
mendeley_tb_01928,0.9994586706161499,TB
mendeley_tb_01929,0.9990341812372208,TB
mendeley_tb_01930,0.9980593025684357,TB
mendeley_tb_01931,0.999820813536644,TB
mendeley_tb_01932,0.9996102601289749,TB
mendeley_tb_01933,0.9995066672563553,TB
mendeley_tb_01934,0.9991483688354492,TB
mendeley_tb_01935,0.9998717755079269,TB
mendeley_tb_01936,0.999255359172821,TB
mendeley_tb_01937,0.9989280551671982,TB
mendeley_tb_01938,0.9997771829366684,TB
mendeley_tb_01939,0.9998513460159302,TB
mendeley_tb_01940,0.9980830103158951,TB
mendeley_tb_01941,0.9998019635677338,TB
mendeley_tb_01942,0.9994770586490631,TB
mendeley_tb_01943,0.9997223764657974,TB
mendeley_tb_01944,0.9958768934011459,TB
mendeley_tb_01945,0.9993563145399094,TB
mendeley_tb_01946,0.9991779625415802,TB
mendeley_tb_01947,0.999171793460846,TB
mendeley_tb_01948,0.9992917627096176,TB
mendeley_tb_01949,0.9995301514863968,TB
mendeley_tb_01950,0.9927306473255157,TB
mendeley_tb_01951,0.999245673418045,TB
mendeley_tb_01952,0.999626487493515,TB
mendeley_tb_01953,0.9993663281202316,TB
mendeley_tb_01954,0.9996346980333328,TB
mendeley_tb_01955,0.9949240535497665,TB
mendeley_tb_01956,0.9981427639722824,TB
mendeley_tb_01957,0.9992961138486862,TB
mendeley_tb_01958,0.9992346465587616,TB
mendeley_tb_01959,0.9989368617534637,TB
mendeley_tb_01960,0.9994845390319824,TB
mendeley_tb_01961,0.9987267106771469,TB
mendeley_tb_01962,0.9994983524084091,TB
mendeley_tb_01963,0.9991803169250488,TB
mendeley_tb_01964,0.9995333701372147,TB
mendeley_tb_01965,0.9972276091575623,TB
mendeley_tb_01966,0.9971146285533905,TB
mendeley_tb_01967,0.9997177124023438,TB
mendeley_tb_01968,0.9983716309070587,TB
mendeley_tb_01969,0.9992732852697372,TB
mendeley_tb_01970,0.9810684025287628,TB
mendeley_tb_01971,0.9994023591279984,TB
mendeley_tb_01972,0.9993168264627457,TB
mendeley_tb_01973,0.9990058392286301,TB
mendeley_tb_01974,0.9955044388771057,TB
mendeley_tb_01975,0.9957259893417358,TB
mendeley_tb_01976,0.9981049597263336,TB
mendeley_tb_01977,0.9993632733821869,TB
mendeley_tb_01978,0.9994445145130157,TB
mendeley_tb_01979,0.998991072177887,TB
mendeley_tb_01980,0.9996592998504639,TB
mendeley_tb_01981,0.9994074255228043,TB
mendeley_tb_01982,0.9992501437664032,TB
mendeley_tb_01983,0.9993074238300323,TB
mendeley_tb_01984,0.9996913820505142,TB
mendeley_tb_01985,0.9993987828493118,TB
mendeley_tb_01986,0.9994177669286728,TB
mendeley_tb_01987,0.9987141489982605,TB
mendeley_tb_01988,0.9994347840547562,TB
mendeley_tb_01989,0.999548926949501,TB
mendeley_tb_01990,0.9995510876178741,TB
mendeley_tb_01991,0.9996047765016556,TB
mendeley_tb_01992,0.9980379045009613,TB
mendeley_tb_01993,0.9966888725757599,TB
mendeley_tb_01994,0.9953775405883789,TB
mendeley_tb_01995,0.9998861104249954,TB
mendeley_tb_01996,0.9994079768657684,TB
mendeley_tb_01997,0.9993640631437302,TB
mendeley_tb_01998,0.999484196305275,TB
mendeley_tb_01999,0.9992612451314926,TB
mendeley_tb_02000,0.999610960483551,TB
mendeley_tb_02001,0.9995715618133545,TB
mendeley_tb_02002,0.9993498474359512,TB
mendeley_tb_02003,0.9990827441215515,TB
mendeley_tb_02004,0.9993857443332672,TB
mendeley_tb_02005,0.999297708272934,TB
mendeley_tb_02006,0.999318540096283,TB
mendeley_tb_02007,0.9994577318429947,TB
mendeley_tb_02008,0.9991287589073181,TB
mendeley_tb_02009,0.9990696161985397,TB
mendeley_tb_02010,0.9983424246311188,TB
mendeley_tb_02011,0.9986059218645096,TB
mendeley_tb_02012,0.9994533956050873,TB
mendeley_tb_02013,0.9973210692405701,TB
mendeley_tb_02014,0.9981752038002014,TB
mendeley_tb_02015,0.9993840008974075,TB
mendeley_tb_02016,0.9977556318044662,TB
mendeley_tb_02017,0.9986277371644974,TB
mendeley_tb_02018,0.9987600445747375,TB
mendeley_tb_02019,0.997445359826088,TB
mendeley_tb_02020,0.9994441121816635,TB
mendeley_tb_02021,0.9989765137434006,TB
mendeley_tb_02022,0.9992268681526184,TB
mendeley_tb_02023,0.9992605745792389,TB
mendeley_tb_02024,0.9987850040197372,TB
mendeley_tb_02025,0.9954451322555542,TB
mendeley_tb_02026,0.9995563477277756,TB
mendeley_tb_02027,0.9991175979375839,TB
mendeley_tb_02028,0.9993267357349396,TB
mendeley_tb_02029,0.99834805727005,TB
mendeley_tb_02030,0.9987211376428604,TB
mendeley_tb_02031,0.9995391517877579,TB
mendeley_tb_02032,0.9970572292804718,TB
mendeley_tb_02033,0.9890269637107849,TB
mendeley_tb_02034,0.999680906534195,TB
mendeley_tb_02035,0.9994094371795654,TB
mendeley_tb_02036,0.9992092996835709,TB
mendeley_tb_02037,0.9995201826095581,TB
mendeley_tb_02038,0.9993779808282852,TB
mendeley_tb_02039,0.9993799775838852,TB
mendeley_tb_02040,0.999147817492485,TB
mendeley_tb_02041,0.9996780902147293,TB
mendeley_tb_02042,0.9995765686035156,TB
mendeley_tb_02043,0.9997527897357941,TB
mendeley_tb_02044,0.9996127635240555,TB
mendeley_tb_02045,0.9995301365852356,TB
mendeley_tb_02046,0.9997175931930542,TB
mendeley_tb_02047,0.9993778020143509,TB
mendeley_tb_02048,0.9994110018014908,TB
mendeley_tb_02049,0.9996934086084366,TB
mendeley_tb_02050,0.9987677782773972,TB
mendeley_tb_02051,0.9982210993766785,TB
mendeley_tb_02052,0.9996260702610016,TB
mendeley_tb_02053,0.9994829446077347,TB
mendeley_tb_02054,0.9994801878929138,TB
mendeley_tb_02055,0.9998322427272797,TB
mendeley_tb_02056,0.9993331134319305,TB
mendeley_tb_02057,0.9998648315668106,TB
mendeley_tb_02058,0.9989300221204758,TB
mendeley_tb_02059,0.9994169324636459,TB
mendeley_tb_02060,0.9994738847017288,TB
mendeley_tb_02061,0.9991817325353622,TB
mendeley_tb_02062,0.9999015927314758,TB
mendeley_tb_02063,0.9995920956134796,TB
mendeley_tb_02064,0.9995388090610504,TB
mendeley_tb_02065,0.9994177371263504,TB
mendeley_tb_02066,0.9995830655097961,TB
mendeley_tb_02067,0.9996573776006699,TB
mendeley_tb_02068,0.999448612332344,TB
mendeley_tb_02069,0.9994349777698517,TB
mendeley_tb_02070,0.9980412870645523,TB
mendeley_tb_02071,0.9995444416999817,TB
mendeley_tb_02072,0.9994961619377136,TB
mendeley_tb_02073,0.9994539022445679,TB
mendeley_tb_02074,0.9987106770277023,TB
mendeley_tb_02075,0.99936144053936,TB
mendeley_tb_02076,0.9991354942321777,TB
mendeley_tb_02077,0.9988759905099869,TB
mendeley_tb_02078,0.9993042349815369,TB
mendeley_tb_02079,0.9995186924934387,TB
mendeley_tb_02080,0.9995442628860474,TB
mendeley_tb_02081,0.9993037730455399,TB
mendeley_tb_02082,0.9995802044868469,TB
mendeley_tb_02083,0.9984792619943619,TB
mendeley_tb_02084,0.9998700320720673,TB
mendeley_tb_02085,0.9989577382802963,TB
mendeley_tb_02086,0.9992296993732452,TB
mendeley_tb_02087,0.9989050626754761,TB
mendeley_tb_02088,0.999087393283844,TB
mendeley_tb_02089,0.9995409697294235,TB
mendeley_tb_02090,0.9998090714216232,TB
mendeley_tb_02091,0.9990972727537155,TB
mendeley_tb_02092,0.9986080825328827,TB
mendeley_tb_02093,0.9996228665113449,TB
mendeley_tb_02094,0.9990092813968658,TB
mendeley_tb_02095,0.9979003369808197,TB
mendeley_tb_02096,0.9962458908557892,TB
mendeley_tb_02097,0.9996614009141922,TB
mendeley_tb_02098,0.9996189773082733,TB
mendeley_tb_02099,0.9992231875658035,TB
mendeley_tb_02100,0.9989689737558365,TB
mendeley_tb_02101,0.9994536340236664,TB
mendeley_tb_02102,0.9971104711294174,TB
mendeley_tb_02103,0.9996334910392761,TB
mendeley_tb_02104,0.9991876929998398,TB
mendeley_tb_02105,0.9996854960918427,TB
mendeley_tb_02106,0.9996768087148666,TB
mendeley_tb_02107,0.9991386979818344,TB
mendeley_tb_02108,0.9986295402050018,TB
mendeley_tb_02109,0.9994000792503357,TB
mendeley_tb_02110,0.999584510922432,TB
mendeley_tb_02111,0.9994813203811646,TB
mendeley_tb_02112,0.9996249973773956,TB
mendeley_tb_02113,0.9996433109045029,TB
mendeley_tb_02114,0.9990193247795105,TB
mendeley_tb_02115,0.9983042776584625,TB
mendeley_tb_02116,0.9995552003383636,TB
mendeley_tb_02117,0.9998711496591568,TB
mendeley_tb_02118,0.999696671962738,TB
mendeley_tb_02119,0.9995037913322449,TB
mendeley_tb_02120,0.9992050677537918,TB
mendeley_tb_02121,0.9994865506887436,TB
mendeley_tb_02122,0.9993726164102554,TB
mendeley_tb_02123,0.9997863620519638,TB
mendeley_tb_02124,0.9992457777261734,TB
mendeley_tb_02125,0.9988575130701065,TB
mendeley_tb_02126,0.9984413683414459,TB
mendeley_tb_02127,0.9993328899145126,TB
mendeley_tb_02128,0.9995613545179367,TB
mendeley_tb_02129,0.9996194988489151,TB
mendeley_tb_02130,0.9996205270290375,TB
mendeley_tb_02131,0.9995552003383636,TB
mendeley_tb_02132,0.9995643347501755,TB
mendeley_tb_02133,0.999491736292839,TB
mendeley_tb_02134,0.9995032846927643,TB
mendeley_tb_02135,0.9998238831758499,TB
mendeley_tb_02136,0.9992857575416565,TB
mendeley_tb_02137,0.9997424930334091,TB
mendeley_tb_02138,0.9994386285543442,TB
mendeley_tb_02139,0.9995581954717636,TB
mendeley_tb_02140,0.997673973441124,TB
mendeley_tb_02141,0.999013751745224,TB
mendeley_tb_02142,0.9995826631784439,TB
mendeley_tb_02143,0.999672532081604,TB
mendeley_tb_02144,0.998382106423378,TB
mendeley_tb_02145,0.998321607708931,TB
mendeley_tb_02146,0.9995037913322449,TB
mendeley_tb_02147,0.9997036010026932,TB
mendeley_tb_02148,0.9996689558029175,TB
mendeley_tb_02149,0.9991557449102402,TB
mendeley_tb_02150,0.9975641816854477,TB
mendeley_tb_02151,0.9993413239717484,TB
mendeley_tb_02152,0.9996194988489151,TB
mendeley_tb_02153,0.9995518028736115,TB
mendeley_tb_02154,0.9994820952415466,TB
mendeley_tb_02155,0.9995495676994324,TB
mendeley_tb_02156,0.9994597733020782,TB
mendeley_tb_02157,0.9996330440044403,TB
mendeley_tb_02158,0.9980905055999756,TB
mendeley_tb_02159,0.9994778633117676,TB
mendeley_tb_02160,0.9994705468416214,TB
mendeley_tb_02161,0.9992299377918243,TB
mendeley_tb_02162,0.9998312294483185,TB
mendeley_tb_02163,0.9989759922027588,TB
mendeley_tb_02164,0.9997423887252808,TB
mendeley_tb_02165,0.9995920062065125,TB
mendeley_tb_02166,0.9993944019079208,TB
mendeley_tb_02167,0.9993729889392853,TB
mendeley_tb_02168,0.999396800994873,TB
mendeley_tb_02169,0.9998578727245331,TB
mendeley_tb_02170,0.9827253371477127,TB
mendeley_tb_02171,0.999653548002243,TB
mendeley_tb_02172,0.9992445558309555,TB
mendeley_tb_02173,0.9998937100172043,TB
mendeley_tb_02174,0.9998174160718918,TB
mendeley_tb_02175,0.9997474700212479,TB
mendeley_tb_02176,0.9996368139982224,TB
mendeley_tb_02177,0.9996352642774582,TB
mendeley_tb_02178,0.999653548002243,TB
mendeley_tb_02179,0.9993729889392853,TB
mendeley_tb_02180,0.9996264427900314,TB
mendeley_tb_02181,0.9997474700212479,TB
mendeley_tb_02182,0.9980311244726181,TB
mendeley_tb_02183,0.9993516355752945,TB
mendeley_tb_02184,0.9991813898086548,TB
mendeley_tb_02185,0.9997028112411499,TB
mendeley_tb_02186,0.9996966272592545,TB
mendeley_tb_02187,0.9996264427900314,TB
mendeley_tb_02188,0.9994216114282608,TB
mendeley_tb_02189,0.9996966272592545,TB
mendeley_tb_02190,0.9993086010217667,TB
mendeley_tb_02191,0.9995437264442444,TB
mendeley_tb_02192,0.9998093247413635,TB
mendeley_tb_02193,0.9997245669364929,TB
mendeley_tb_02194,0.9997745603322983,TB
mendeley_tb_02195,0.999530240893364,TB
mendeley_tb_02196,0.9998910278081894,TB
mendeley_tb_02197,0.9997245669364929,TB
mendeley_tb_02198,0.9995661079883575,TB
mendeley_tb_02199,0.9997002929449081,TB
mendeley_tb_02200,0.9996159821748734,TB
mendeley_tb_02201,0.9996493309736252,TB
mendeley_tb_02202,0.9992445558309555,TB
mendeley_tb_02203,0.9991305321455002,TB
mendeley_tb_02204,0.9827253371477127,TB
mendeley_tb_02205,0.9993516355752945,TB
mendeley_tb_02206,0.999839723110199,TB
mendeley_tb_02207,0.9980311244726181,TB
mendeley_tb_02208,0.9996235817670822,TB
mendeley_tb_02209,0.9996339082717896,TB
mendeley_tb_02210,0.9993086010217667,TB
mendeley_tb_02211,0.9993662536144257,TB
mendeley_tb_02212,0.9993944019079208,TB
mendeley_tb_02213,0.9997496008872986,TB
mendeley_tb_02214,0.9996751546859741,TB
mendeley_tb_02215,0.9995249807834625,TB
mendeley_tb_02216,0.9997240751981735,TB
mendeley_tb_02217,0.9998675137758255,TB
mendeley_tb_02218,0.9998700171709061,TB
mendeley_tb_02219,0.9997170120477676,TB
mendeley_tb_02220,0.9996235817670822,TB
mendeley_tb_02221,0.9996352642774582,TB
mendeley_tb_02222,0.999396800994873,TB
mendeley_tb_02223,0.9997429996728897,TB
mendeley_tb_02224,0.9997383654117584,TB
mendeley_tb_02225,0.9998304098844528,TB
mendeley_tb_02226,0.9992411732673645,TB
mendeley_tb_02227,0.9994014501571655,TB
mendeley_tb_02228,0.9996175616979599,TB
mendeley_tb_02229,0.99941585958004,TB
mendeley_tb_02230,0.9990377575159073,TB
mendeley_tb_02231,0.9996740072965622,TB
mendeley_tb_02232,0.9990942478179932,TB
mendeley_tb_02233,0.9998220801353455,TB
mendeley_tb_02234,0.9998448193073273,TB
mendeley_tb_02235,0.9994547814130783,TB
mendeley_tb_02236,0.9985572248697281,TB
mendeley_tb_02237,0.9998117834329605,TB
mendeley_tb_02238,0.9898519217967987,TB
mendeley_tb_02239,0.9998604953289032,TB
mendeley_tb_02240,0.9996376484632492,TB
mendeley_tb_02241,0.9991882294416428,TB
mendeley_tb_02242,0.9993613213300705,TB
mendeley_tb_02243,0.9999025911092758,TB
mendeley_tb_02244,0.9997890740633011,TB
mendeley_tb_02245,0.9998273849487305,TB
mendeley_tb_02246,0.9998999238014221,TB
mendeley_tb_02247,0.957282617688179,TB
mendeley_tb_02248,0.9997904151678085,TB
mendeley_tb_02249,0.99941585958004,TB
mendeley_tb_02250,0.9996588230133057,TB
mendeley_tb_02251,0.9991990625858307,TB
mendeley_tb_02252,0.9993776232004166,TB
mendeley_tb_02253,0.9998264908790588,TB
mendeley_tb_02254,0.999674066901207,TB
mendeley_tb_02255,0.9997809678316116,TB
mendeley_tb_02256,0.9998123645782471,TB
mendeley_tb_02257,0.9998627156019211,TB
mendeley_tb_02258,0.9992494881153107,TB
mendeley_tb_02259,0.9996681213378906,TB
mendeley_tb_02260,0.9989222884178162,TB
mendeley_tb_02261,0.9995907843112946,TB
mendeley_tb_02262,0.9898519217967987,TB
mendeley_tb_02263,0.9997882097959518,TB
mendeley_tb_02264,0.9995692223310471,TB
mendeley_tb_02265,0.9983135908842087,TB
mendeley_tb_02266,0.9998918771743774,TB
mendeley_tb_02267,0.9998034685850143,TB
mendeley_tb_02268,0.999869704246521,TB
mendeley_tb_02269,0.9993995726108551,TB
mendeley_tb_02270,0.9994957745075226,TB
mendeley_tb_02271,0.9997383952140808,TB
mendeley_tb_02272,0.9998534470796585,TB
mendeley_tb_02273,0.9998253434896469,TB
mendeley_tb_02274,0.9998065382242203,TB
mendeley_tb_02275,0.9997881203889847,TB
mendeley_tb_02276,0.999840185046196,TB
mendeley_tb_02277,0.9991395622491837,TB
mendeley_tb_02278,0.9993019253015518,TB
mendeley_tb_02279,0.9999154806137085,TB
mendeley_tb_02280,0.9998134225606918,TB
mendeley_tb_02281,0.9996546357870102,TB
mendeley_tb_02282,0.999823734164238,TB
mendeley_tb_02283,0.9998456984758377,TB
mendeley_tb_02284,0.9995568096637726,TB
mendeley_tb_02285,0.9993073791265488,TB
mendeley_tb_02286,0.999789834022522,TB
mendeley_tb_02287,0.9996419697999954,TB
mendeley_tb_02288,0.9997630268335342,TB
mendeley_tb_02289,0.9998618513345718,TB
mendeley_tb_02290,0.999722957611084,TB
mendeley_tb_02291,0.9992019087076187,TB
mendeley_tb_02292,0.999831423163414,TB
mendeley_tb_02293,0.9999083578586578,TB
mendeley_tb_02294,0.9998397678136826,TB
mendeley_tb_02295,0.9969339221715927,TB
mendeley_tb_02296,0.9997293502092361,TB
mendeley_tb_02297,0.999807745218277,TB
mendeley_tb_02298,0.9976900517940521,TB
mendeley_tb_02299,0.9998875707387924,TB
mendeley_tb_02300,0.9992491155862808,TB
mendeley_tb_02301,0.9997954070568085,TB
mendeley_tb_02302,0.999633178114891,TB
mendeley_tb_02303,0.9998670965433121,TB
mendeley_tb_02304,0.9997849613428116,TB
mendeley_tb_02305,0.9981625974178314,TB
mendeley_tb_02306,0.9996397495269775,TB
mendeley_tb_02307,0.9999252259731293,TB
mendeley_tb_02308,0.9998222291469574,TB
mendeley_tb_02309,0.9997564405202866,TB
mendeley_tb_02310,0.9996453523635864,TB
mendeley_tb_02311,0.9998911172151566,TB
mendeley_tb_02312,0.9994956851005554,TB
mendeley_tb_02313,0.9998404681682587,TB
mendeley_tb_02314,0.9997631460428238,TB
mendeley_tb_02315,0.9991525709629059,TB
mendeley_tb_02316,0.9997704774141312,TB
mendeley_tb_02317,0.9987945854663849,TB
mendeley_tb_02318,0.9997976571321487,TB
mendeley_tb_02319,0.9980940818786621,TB
mendeley_tb_02320,0.9995466619729996,TB
mendeley_tb_02321,0.9996541887521744,TB
mendeley_tb_02322,0.9998527616262436,TB
mendeley_tb_02323,0.9998235553503036,TB
mendeley_tb_02324,0.998335525393486,TB
mendeley_tb_02325,0.9996993541717529,TB
mendeley_tb_02326,0.9994423538446426,TB
mendeley_tb_02327,0.9997998625040054,TB
mendeley_tb_02328,0.9997408390045166,TB
mendeley_tb_02329,0.9991636723279953,TB
mendeley_tb_02330,0.9967827498912811,TB
mendeley_tb_02331,0.9992650747299194,TB
mendeley_tb_02332,0.9997215270996094,TB
mendeley_tb_02333,0.9998193234205246,TB
mendeley_tb_02334,0.9998728185892105,TB
mendeley_tb_02335,0.9998059421777725,TB
mendeley_tb_02336,0.9995497614145279,TB
mendeley_tb_02337,0.9998008161783218,TB
mendeley_tb_02338,0.9996446073055267,TB
mendeley_tb_02339,0.9997796565294266,TB
mendeley_tb_02340,0.9997655153274536,TB
mendeley_tb_02341,0.998078241944313,TB
mendeley_tb_02342,0.9998354017734528,TB
mendeley_tb_02343,0.998227447271347,TB
mendeley_tb_02344,0.9996566772460938,TB
mendeley_tb_02345,0.999761775135994,TB
mendeley_tb_02346,0.9998472332954407,TB
mendeley_tb_02347,0.9997024834156036,TB
mendeley_tb_02348,0.9998632222414017,TB
mendeley_tb_02349,0.999805212020874,TB
mendeley_tb_02350,0.9997539967298508,TB
mendeley_tb_02351,0.9995408654212952,TB
mendeley_tb_02352,0.9997503459453583,TB
mendeley_tb_02353,0.9997487664222717,TB
mendeley_tb_02354,0.9997647851705551,TB
mendeley_tb_02355,0.9988033324480057,TB
mendeley_tb_02356,0.9994168430566788,TB
mendeley_tb_02357,0.999832957983017,TB
mendeley_tb_02358,0.9995897263288498,TB
mendeley_tb_02359,0.9998665004968643,TB
mendeley_tb_02360,0.9994030743837357,TB
mendeley_tb_02361,0.9997648596763611,TB
mendeley_tb_02362,0.9984351694583893,TB
mendeley_tb_02363,0.9996630996465683,TB
mendeley_tb_02364,0.9995363056659698,TB
mendeley_tb_02365,0.9997243285179138,TB
mendeley_tb_02366,0.9997979551553726,TB
mendeley_tb_02367,0.9998045861721039,TB
mendeley_tb_02368,0.9996821880340576,TB
mendeley_tb_02369,0.9995839446783066,TB
mendeley_tb_02370,0.9995721280574799,TB
mendeley_tb_02371,0.999093621969223,TB
mendeley_tb_02372,0.9998518973588943,TB
mendeley_tb_02373,0.9996452331542969,TB
mendeley_tb_02374,0.9979689717292786,TB
mendeley_tb_02375,0.9996832311153412,TB
mendeley_tb_02376,0.99943807721138,TB
mendeley_tb_02377,0.9995065927505493,TB
mendeley_tb_02378,0.9997258186340332,TB
mendeley_tb_02379,0.9977125376462936,TB
mendeley_tb_02380,0.9998780637979507,TB
mendeley_tb_02381,0.9997081160545349,TB
mendeley_tb_02382,0.999812588095665,TB
mendeley_tb_02383,0.9963643699884415,TB
mendeley_tb_02384,0.9986405521631241,TB
mendeley_tb_02385,0.9998744875192642,TB
mendeley_tb_02386,0.999394491314888,TB
mendeley_tb_02387,0.9993662089109421,TB
mendeley_tb_02388,0.9997441917657852,TB
mendeley_tb_02389,0.9995866864919662,TB
mendeley_tb_02390,0.9998109042644501,TB
mendeley_tb_02391,0.9998328685760498,TB
mendeley_tb_02392,0.9993832558393478,TB
mendeley_tb_02393,0.999556303024292,TB
mendeley_tb_02394,0.9998796433210373,TB
mendeley_tb_02395,0.9997832626104355,TB
mendeley_tb_02396,0.9998494237661362,TB
mendeley_tb_02397,0.9996502548456192,TB
mendeley_tb_02398,0.9995469748973846,TB
mendeley_tb_02399,0.9997691661119461,TB
mendeley_tb_02400,0.9991126209497452,TB
mendeley_tb_02401,0.9998138099908829,TB
mendeley_tb_02402,0.9998661279678345,TB
mendeley_tb_02403,0.9997007548809052,TB
mendeley_tb_02404,0.9983736723661423,TB
mendeley_tb_02405,0.9995125234127045,TB
mendeley_tb_02406,0.9972896724939346,TB
mendeley_tb_02407,0.9998626410961151,TB
mendeley_tb_02408,0.9992194771766663,TB
mendeley_tb_02409,0.9996365010738373,TB
mendeley_tb_02410,0.9997261613607407,TB
mendeley_tb_02411,0.9998629242181778,TB
mendeley_tb_02412,0.9992479979991913,TB
mendeley_tb_02413,0.9997673183679581,TB
mendeley_tb_02414,0.9998450577259064,TB
mendeley_tb_02415,0.999632254242897,TB
mendeley_tb_02416,0.9990589469671249,TB
mendeley_tb_02417,0.9992606341838837,TB
mendeley_tb_02418,0.9998759180307388,TB
mendeley_tb_02419,0.996785506606102,TB
mendeley_tb_02420,0.9997186958789825,TB
mendeley_tb_02421,0.9997139424085617,TB
mendeley_tb_02422,0.9992325156927109,TB
mendeley_tb_02423,0.9994638413190842,TB
mendeley_tb_02424,0.9997937679290771,TB
mendeley_tb_02425,0.9969409257173538,TB
mendeley_tb_02426,0.9986326396465302,TB
mendeley_tb_02427,0.9998186230659485,TB
mendeley_tb_02428,0.9998262971639633,TB
mendeley_tb_02429,0.9993583709001541,TB
mendeley_tb_02430,0.9860714375972748,TB
mendeley_tb_02431,0.9984592199325562,TB
mendeley_tb_02432,0.9976889789104462,TB
mendeley_tb_02433,0.9993214011192322,TB
mendeley_tb_02434,0.9996445626020432,TB
mendeley_tb_02435,0.9950806945562363,TB
mendeley_tb_02436,0.9996465891599655,TB
mendeley_tb_02437,0.9990565329790115,TB
mendeley_tb_02438,0.9967631101608276,TB
mendeley_tb_02439,0.9997760057449341,TB
mendeley_tb_02440,0.9997232556343079,TB
mendeley_tb_02441,0.9998707324266434,TB
mendeley_tb_02442,0.9999001175165176,TB
mendeley_tb_02443,0.9998827427625656,TB
mendeley_tb_02444,0.9957638829946518,TB
mendeley_tb_02445,0.9997339248657227,TB
mendeley_tb_02446,0.9996188580989838,TB
mendeley_tb_02447,0.9998717159032822,TB
mendeley_tb_02448,0.9997699409723282,TB
mendeley_tb_02449,0.999624639749527,TB
mendeley_tb_02450,0.9994215369224548,TB
mendeley_tb_02451,0.9985932111740112,TB
mendeley_tb_02452,0.9993063509464264,TB
mendeley_tb_02453,0.9998161047697067,TB
mendeley_tb_02454,0.99871926009655,TB
mendeley_tb_02455,0.9998219162225723,TB
mendeley_tb_02456,0.9966094493865967,TB
mendeley_tb_02457,0.999739944934845,TB
mendeley_tb_02458,0.999758392572403,TB
mendeley_tb_02459,0.9997734129428864,TB
mendeley_tb_02460,0.9677494615316391,TB
mendeley_tb_02461,0.9998264312744141,TB
mendeley_tb_02462,0.9997558444738388,TB
mendeley_tb_02463,0.9997349977493286,TB
mendeley_tb_02464,0.9998727887868881,TB
mendeley_tb_02465,0.9997758567333221,TB
mendeley_tb_02466,0.9986519813537598,TB
mendeley_tb_02467,0.998509481549263,TB
mendeley_tb_02468,0.9996771067380905,TB
mendeley_tb_02469,0.9992379993200302,TB
mendeley_tb_02470,0.9951264411211014,TB
mendeley_tb_02471,0.9997100830078125,TB
mendeley_tb_02472,0.9999026209115982,TB
mendeley_tb_02473,0.9995667338371277,TB
mendeley_tb_02474,0.9997853487730026,TB
mendeley_tb_02475,0.9996737092733383,TB
mendeley_tb_02476,0.9996847957372665,TB
mendeley_tb_02477,0.9997066408395767,TB
mendeley_tb_02478,0.9995823353528976,TB
mendeley_tb_02479,0.9998480677604675,TB
mendeley_tb_02480,0.9998941272497177,TB
mendeley_tb_02481,0.999753475189209,TB
mendeley_tb_02482,0.9998686015605927,TB
mendeley_tb_02483,0.9978875517845154,TB
mendeley_tb_02484,0.9959962368011475,TB
mendeley_tb_02485,0.9993622750043869,TB
mendeley_tb_02486,0.9994149208068848,TB
mendeley_tb_02487,0.9998410791158676,TB
mendeley_tb_02488,0.9998589009046555,TB
mendeley_tb_02489,0.9987616986036301,TB
mendeley_tb_02490,0.9979850053787231,TB
mendeley_tb_02491,0.9985900223255157,TB
mendeley_tb_02492,0.9994571655988693,TB
mendeley_tb_02493,0.999659925699234,TB
