new_id,prob_tb,pred_TB/Normal
mendeley_normal_00000,0.8012175038456917,TB
mendeley_normal_00001,0.7061241790652275,TB
mendeley_normal_00002,0.6377594321966171,TB
mendeley_normal_00003,0.39645547047257423,Normal
mendeley_normal_00004,0.6044702529907227,TB
mendeley_normal_00005,0.7725161388516426,TB
mendeley_normal_00006,0.851504772901535,TB
mendeley_normal_00007,0.5820582807064056,TB
mendeley_normal_00008,0.6302580311894417,TB
mendeley_normal_00009,0.8471663743257523,TB
mendeley_normal_00010,0.6674207411706448,TB
mendeley_normal_00011,0.8734708428382874,TB
mendeley_normal_00012,0.8407178819179535,TB
mendeley_normal_00013,0.7124255076050758,TB
mendeley_normal_00014,0.6416386738419533,TB
mendeley_normal_00015,0.7529127299785614,TB
mendeley_normal_00016,0.20166907832026482,Normal
mendeley_normal_00017,0.7009347826242447,TB
mendeley_normal_00018,0.7984021306037903,TB
mendeley_normal_00019,0.5489526689052582,TB
mendeley_normal_00020,0.3707919493317604,Normal
mendeley_normal_00021,0.5038459226489067,TB
mendeley_normal_00022,0.5207836590707302,TB
mendeley_normal_00023,0.8159032016992569,TB
mendeley_normal_00024,0.7932421565055847,TB
mendeley_normal_00025,0.7914510294795036,TB
mendeley_normal_00026,0.7467552945017815,TB
mendeley_normal_00027,0.8299439772963524,TB
mendeley_normal_00028,0.6182472035288811,TB
mendeley_normal_00029,0.7826984971761703,TB
mendeley_normal_00030,0.768359437584877,TB
mendeley_normal_00031,0.8234755247831345,TB
mendeley_normal_00032,0.5121551044285297,TB
mendeley_normal_00033,0.7593835517764091,TB
mendeley_normal_00034,0.802622489631176,TB
mendeley_normal_00035,0.6873024106025696,TB
mendeley_normal_00036,0.8165731132030487,TB
mendeley_normal_00037,0.530978724360466,TB
mendeley_normal_00038,0.7540024816989899,TB
mendeley_normal_00039,0.7176732197403908,TB
mendeley_normal_00040,0.8368348181247711,TB
mendeley_normal_00041,0.7897696048021317,TB
mendeley_normal_00042,0.8624885231256485,TB
mendeley_normal_00043,0.7712151184678078,TB
mendeley_normal_00044,0.27178316190838814,Normal
mendeley_normal_00045,0.7326808199286461,TB
mendeley_normal_00046,0.5778801664710045,TB
mendeley_normal_00047,0.8522410839796066,TB
mendeley_normal_00048,0.8469638079404831,TB
mendeley_normal_00049,0.7908471822738647,TB
mendeley_normal_00050,0.8759413659572601,TB
mendeley_normal_00051,0.8981208801269531,TB
mendeley_normal_00052,0.6023371815681458,TB
mendeley_normal_00053,0.6886354610323906,TB
mendeley_normal_00054,0.3736065588891506,Normal
mendeley_normal_00055,0.7328054904937744,TB
mendeley_normal_00056,0.5373892672359943,TB
mendeley_normal_00057,0.6806301847100258,TB
mendeley_normal_00058,0.7775803059339523,TB
mendeley_normal_00059,0.6705409660935402,TB
mendeley_normal_00060,0.8072255700826645,TB
mendeley_normal_00061,0.8164829835295677,TB
mendeley_normal_00062,0.7885914146900177,TB
mendeley_normal_00063,0.5434939973056316,TB
mendeley_normal_00064,0.658376295119524,TB
mendeley_normal_00065,0.6731191575527191,TB
mendeley_normal_00066,0.5047079212963581,TB
mendeley_normal_00067,0.8264115899801254,TB
mendeley_normal_00068,0.5791838690638542,TB
mendeley_normal_00069,0.7353143319487572,TB
mendeley_normal_00070,0.8555029332637787,TB
mendeley_normal_00071,0.4701907243579626,Normal
mendeley_normal_00072,0.8695487678050995,TB
mendeley_normal_00073,0.6630834266543388,TB
mendeley_normal_00074,0.9066867679357529,TB
mendeley_normal_00075,0.81209896504879,TB
mendeley_normal_00076,0.507418304681778,TB
mendeley_normal_00077,0.6818890571594238,TB
mendeley_normal_00078,0.8223232328891754,TB
mendeley_normal_00079,0.6446612328290939,TB
mendeley_normal_00080,0.6154411062598228,TB
mendeley_normal_00081,0.7366523072123528,TB
mendeley_normal_00082,0.7994282022118568,TB
mendeley_normal_00083,0.7751092836260796,TB
mendeley_normal_00084,0.7991814166307449,TB
mendeley_normal_00085,0.7102062851190567,TB
mendeley_normal_00086,0.33075747173279524,Normal
mendeley_normal_00087,0.8288872465491295,TB
mendeley_normal_00088,0.7002787664532661,TB
mendeley_normal_00089,0.8568082600831985,TB
mendeley_normal_00090,0.8374398052692413,TB
mendeley_normal_00091,0.6050843968987465,TB
mendeley_normal_00092,0.6172459945082664,TB
mendeley_normal_00093,0.8512613475322723,TB
mendeley_normal_00094,0.8986904621124268,TB
mendeley_normal_00095,0.8165784552693367,TB
mendeley_normal_00096,0.6775894835591316,TB
mendeley_normal_00097,0.8201960250735283,TB
mendeley_normal_00098,0.7107885554432869,TB
mendeley_normal_00099,0.5760834813117981,TB
mendeley_normal_00100,0.8228240758180618,TB
mendeley_normal_00101,0.6612014845013618,TB
mendeley_normal_00102,0.3269074112176895,Normal
mendeley_normal_00103,0.933620885014534,TB
mendeley_normal_00104,0.6827392056584358,TB
mendeley_normal_00105,0.5434279181063175,TB
mendeley_normal_00106,0.8435907810926437,TB
mendeley_normal_00107,0.7560255154967308,TB
mendeley_normal_00108,0.36696398071944714,Normal
mendeley_normal_00109,0.7883208692073822,TB
mendeley_normal_00110,0.7990952730178833,TB
mendeley_normal_00111,0.7451850175857544,TB
mendeley_normal_00112,0.7753062769770622,TB
mendeley_normal_00113,0.785314068198204,TB
mendeley_normal_00114,0.7842835411429405,TB
mendeley_normal_00115,0.42889155074954033,Normal
mendeley_normal_00116,0.829717643558979,TB
mendeley_normal_00117,0.7717564031481743,TB
mendeley_normal_00118,0.5878679975867271,TB
mendeley_normal_00119,0.8173033595085144,TB
mendeley_normal_00120,0.5920878127217293,TB
mendeley_normal_00121,0.8868661969900131,TB
mendeley_normal_00122,0.7239357605576515,TB
mendeley_normal_00123,0.8098315969109535,TB
mendeley_normal_00124,0.7412561327219009,TB
mendeley_normal_00125,0.6843218356370926,TB
mendeley_normal_00126,0.4744325466454029,Normal
mendeley_normal_00127,0.8793839365243912,TB
mendeley_normal_00128,0.6785524785518646,TB
mendeley_normal_00129,0.7233361825346947,TB
mendeley_normal_00130,0.8069513440132141,TB
mendeley_normal_00131,0.5168753415346146,TB
mendeley_normal_00132,0.6914948709309101,TB
mendeley_normal_00133,0.7334955185651779,TB
mendeley_normal_00134,0.8519970774650574,TB
mendeley_normal_00135,0.858583390712738,TB
mendeley_normal_00136,0.33387380838394165,Normal
mendeley_normal_00137,0.7549766972661018,TB
mendeley_normal_00138,0.8666204065084457,TB
mendeley_normal_00139,0.7635748386383057,TB
mendeley_normal_00140,0.6477966532111168,TB
mendeley_normal_00141,0.9055294990539551,TB
mendeley_normal_00142,0.7330018952488899,TB
mendeley_normal_00143,0.8312649130821228,TB
mendeley_normal_00144,0.6741465553641319,TB
mendeley_normal_00145,0.8060802072286606,TB
mendeley_normal_00146,0.7624146565794945,TB
mendeley_normal_00147,0.8655385822057724,TB
mendeley_normal_00148,0.6389639005064964,TB
mendeley_normal_00149,0.6827370598912239,TB
mendeley_normal_00150,0.4295546878129244,Normal
mendeley_normal_00151,0.5721500366926193,TB
mendeley_normal_00152,0.8363150954246521,TB
mendeley_normal_00153,0.4401981756091118,Normal
mendeley_normal_00154,0.8146181628108025,TB
mendeley_normal_00155,0.8145183846354485,TB
mendeley_normal_00156,0.7291690409183502,TB
mendeley_normal_00157,0.7072159871459007,TB
mendeley_normal_00158,0.7028690874576569,TB
mendeley_normal_00159,0.8155021443963051,TB
mendeley_normal_00160,0.7153000235557556,TB
mendeley_normal_00161,0.8282492756843567,TB
mendeley_normal_00162,0.6759494766592979,TB
mendeley_normal_00163,0.49873971939086914,Normal
mendeley_normal_00164,0.8069476038217545,TB
mendeley_normal_00165,0.863525778055191,TB
mendeley_normal_00166,0.738420344889164,TB
mendeley_normal_00167,0.7936310470104218,TB
mendeley_normal_00168,0.6662725433707237,TB
mendeley_normal_00169,0.6240817382931709,TB
mendeley_normal_00170,0.09281846857629716,Normal
mendeley_normal_00171,0.6775004863739014,TB
mendeley_normal_00172,0.4822610802948475,Normal
mendeley_normal_00173,0.589574508368969,TB
mendeley_normal_00174,0.5103957839310169,TB
mendeley_normal_00175,0.7399275451898575,TB
mendeley_normal_00176,0.7706358507275581,TB
mendeley_normal_00177,0.5125094279646873,TB
mendeley_normal_00178,0.5100892260670662,TB
mendeley_normal_00179,0.48474772460758686,Normal
mendeley_normal_00180,0.3898971527814865,Normal
mendeley_normal_00181,0.5273556560277939,TB
mendeley_normal_00182,0.4911377113312483,Normal
mendeley_normal_00183,0.3478654455393553,Normal
mendeley_normal_00184,0.8159886598587036,TB
mendeley_normal_00185,0.7859696447849274,TB
mendeley_normal_00186,0.6563735976815224,TB
mendeley_normal_00187,0.8475806266069412,TB
mendeley_normal_00188,0.5542365945875645,TB
mendeley_normal_00189,0.8368436396121979,TB
mendeley_normal_00190,0.4979047328233719,Normal
mendeley_normal_00191,0.8625809103250504,TB
mendeley_normal_00192,0.574244249612093,TB
mendeley_normal_00193,0.8737106323242188,TB
mendeley_normal_00194,0.7274283394217491,TB
mendeley_normal_00195,0.5940079092979431,TB
mendeley_normal_00196,0.6904430389404297,TB
mendeley_normal_00197,0.8316380605101585,TB
mendeley_normal_00198,0.8025351539254189,TB
mendeley_normal_00199,0.32200130820274353,Normal
mendeley_normal_00200,0.11978579964488745,Normal
mendeley_normal_00201,0.8644621819257736,TB
mendeley_normal_00202,0.8934632688760757,TB
mendeley_normal_00203,0.667437307536602,TB
mendeley_normal_00204,0.45839910954236984,Normal
mendeley_normal_00205,0.9106962382793427,TB
mendeley_normal_00206,0.8730531632900238,TB
mendeley_normal_00207,0.45928141102194786,Normal
mendeley_normal_00208,0.6062764823436737,TB
mendeley_normal_00209,0.6354553773999214,TB
mendeley_normal_00210,0.3753119744360447,Normal
mendeley_normal_00211,0.8359290957450867,TB
mendeley_normal_00212,0.5214696303009987,TB
mendeley_normal_00213,0.7976573407649994,TB
mendeley_normal_00214,0.8082248568534851,TB
mendeley_normal_00215,0.7565621361136436,TB
mendeley_normal_00216,0.7112070992588997,TB
mendeley_normal_00217,0.7985421195626259,TB
mendeley_normal_00218,0.6295080482959747,TB
mendeley_normal_00219,0.8105708658695221,TB
mendeley_normal_00220,0.5312500856816769,TB
mendeley_normal_00221,0.8976641595363617,TB
mendeley_normal_00222,0.8120602667331696,TB
mendeley_normal_00223,0.8682639300823212,TB
mendeley_normal_00224,0.690501794219017,TB
mendeley_normal_00225,0.8047231286764145,TB
mendeley_normal_00226,0.4343889467418194,Normal
mendeley_normal_00227,0.4618168734014034,Normal
mendeley_normal_00228,0.8288400247693062,TB
mendeley_normal_00229,0.7838861867785454,TB
mendeley_normal_00230,0.7715995386242867,TB
mendeley_normal_00231,0.548211120069027,TB
mendeley_normal_00232,0.6539198011159897,TB
mendeley_normal_00233,0.6311596482992172,TB
mendeley_normal_00234,0.5089869946241379,TB
mendeley_normal_00235,0.8640188276767731,TB
mendeley_normal_00236,0.7632187679409981,TB
mendeley_normal_00237,0.8529628813266754,TB
mendeley_normal_00238,0.8346042931079865,TB
mendeley_normal_00239,0.7644390165805817,TB
mendeley_normal_00240,0.24754192307591438,Normal
mendeley_normal_00241,0.7425579950213432,TB
mendeley_normal_00242,0.6257555261254311,TB
mendeley_normal_00243,0.7994619756937027,TB
mendeley_normal_00244,0.26722217351198196,Normal
mendeley_normal_00245,0.6382400318980217,TB
mendeley_normal_00246,0.43475716188549995,Normal
mendeley_normal_00247,0.7903737798333168,TB
mendeley_normal_00248,0.7634030655026436,TB
mendeley_normal_00249,0.7597426846623421,TB
mendeley_normal_00250,0.6050262153148651,TB
mendeley_normal_00251,0.7479162961244583,TB
mendeley_normal_00252,0.747169516980648,TB
mendeley_normal_00253,0.7741252034902573,TB
mendeley_normal_00254,0.8656200170516968,TB
mendeley_normal_00255,0.3073381148278713,Normal
mendeley_normal_00256,0.8719479441642761,TB
mendeley_normal_00257,0.8709588199853897,TB
mendeley_normal_00258,0.6177031397819519,TB
mendeley_normal_00259,0.7525859028100967,TB
mendeley_normal_00260,0.7075249254703522,TB
mendeley_normal_00261,0.9024006873369217,TB
mendeley_normal_00262,0.900580108165741,TB
mendeley_normal_00263,0.516712136566639,TB
mendeley_normal_00264,0.8902988433837891,TB
mendeley_normal_00265,0.4800753854215145,Normal
mendeley_normal_00266,0.6396792531013489,TB
mendeley_normal_00267,0.638069286942482,TB
mendeley_normal_00268,0.7413308545947075,TB
mendeley_normal_00269,0.7829652801156044,TB
mendeley_normal_00270,0.7330903187394142,TB
mendeley_normal_00271,0.5910897776484489,TB
mendeley_normal_00272,0.689387671649456,TB
mendeley_normal_00273,0.644846111536026,TB
mendeley_normal_00274,0.7925571650266647,TB
mendeley_normal_00275,0.7063175216317177,TB
mendeley_normal_00276,0.4568781666457653,Normal
mendeley_normal_00277,0.9156615436077118,TB
mendeley_normal_00278,0.7708590030670166,TB
mendeley_normal_00279,0.6970983371138573,TB
mendeley_normal_00280,0.8515403270721436,TB
mendeley_normal_00281,0.5141172893345356,TB
mendeley_normal_00282,0.72773826867342,TB
mendeley_normal_00283,0.518804345279932,TB
mendeley_normal_00284,0.8404694050550461,TB
mendeley_normal_00285,0.404500599950552,Normal
mendeley_normal_00286,0.7126517966389656,TB
mendeley_normal_00287,0.45456255227327347,Normal
mendeley_normal_00288,0.749680832028389,TB
mendeley_normal_00289,0.8154348209500313,TB
mendeley_normal_00290,0.50251155346632,TB
mendeley_normal_00291,0.5706147663295269,TB
mendeley_normal_00292,0.766159251332283,TB
mendeley_normal_00293,0.7227061167359352,TB
mendeley_normal_00294,0.8197756409645081,TB
mendeley_normal_00295,0.7607330307364464,TB
mendeley_normal_00296,0.6320712082087994,TB
mendeley_normal_00297,0.8797694444656372,TB
mendeley_normal_00298,0.6973850876092911,TB
mendeley_normal_00299,0.6631774008274078,TB
mendeley_normal_00300,0.8606860935688019,TB
mendeley_normal_00301,0.5482523143291473,TB
mendeley_normal_00302,0.7390120700001717,TB
mendeley_normal_00303,0.08203251101076603,Normal
mendeley_normal_00304,0.7783916816115379,TB
mendeley_normal_00305,0.8105094060301781,TB
mendeley_normal_00306,0.7639636769890785,TB
mendeley_normal_00307,0.8246852308511734,TB
mendeley_normal_00308,0.6329597309231758,TB
mendeley_normal_00309,0.932829350233078,TB
mendeley_normal_00310,0.7736812829971313,TB
mendeley_normal_00311,0.8129963353276253,TB
mendeley_normal_00312,0.727012924849987,TB
mendeley_normal_00313,0.8492172360420227,TB
mendeley_normal_00314,0.8172984719276428,TB
mendeley_normal_00315,0.5570212379097939,TB
mendeley_normal_00316,0.5323175936937332,TB
mendeley_normal_00317,0.581662118434906,TB
mendeley_normal_00318,0.73863235861063,TB
mendeley_normal_00319,0.6801194474101067,TB
mendeley_normal_00320,0.7523763105273247,TB
mendeley_normal_00321,0.5528275556862354,TB
mendeley_normal_00322,0.49079373478889465,Normal
mendeley_normal_00323,0.7414790689945221,TB
mendeley_normal_00324,0.8104627951979637,TB
mendeley_normal_00325,0.8677350431680679,TB
mendeley_normal_00326,0.7883304581046104,TB
mendeley_normal_00327,0.7836013436317444,TB
mendeley_normal_00328,0.8152002319693565,TB
mendeley_normal_00329,0.5891770794987679,TB
mendeley_normal_00330,0.22422905638813972,Normal
mendeley_normal_00331,0.5941744744777679,TB
mendeley_normal_00332,0.7224647663533688,TB
mendeley_normal_00333,0.5656794905662537,TB
mendeley_normal_00334,0.8411620110273361,TB
mendeley_normal_00335,0.4629623219370842,Normal
mendeley_normal_00336,0.8785741627216339,TB
mendeley_normal_00337,0.47061402164399624,Normal
mendeley_normal_00338,0.6544147878885269,TB
mendeley_normal_00339,0.5882497578859329,TB
mendeley_normal_00340,0.0889678206294775,Normal
mendeley_normal_00341,0.7410166412591934,TB
mendeley_normal_00342,0.7631935626268387,TB
mendeley_normal_00343,0.5358657892793417,TB
mendeley_normal_00344,0.6599163934588432,TB
mendeley_normal_00345,0.3494253419339657,Normal
mendeley_normal_00346,0.7890148162841797,TB
mendeley_normal_00347,0.516613807529211,TB
mendeley_normal_00348,0.6205029785633087,TB
mendeley_normal_00349,0.6833657473325729,TB
mendeley_normal_00350,0.7493582740426064,TB
mendeley_normal_00351,0.7871082201600075,TB
mendeley_normal_00352,0.795484684407711,TB
mendeley_normal_00353,0.8908479064702988,TB
mendeley_normal_00354,0.5946371704339981,TB
mendeley_normal_00355,0.8748850524425507,TB
mendeley_normal_00356,0.7821123525500298,TB
mendeley_normal_00357,0.7997944056987762,TB
mendeley_normal_00358,0.6201579347252846,TB
mendeley_normal_00359,0.7296248003840446,TB
mendeley_normal_00360,0.7306439280509949,TB
mendeley_normal_00361,0.6722416281700134,TB
mendeley_normal_00362,0.8210014030337334,TB
mendeley_normal_00363,0.688715323805809,TB
mendeley_normal_00364,0.7742422223091125,TB
mendeley_normal_00365,0.8421033024787903,TB
mendeley_normal_00366,0.5383577942848206,TB
mendeley_normal_00367,0.3467921297997236,Normal
mendeley_normal_00368,0.6804671734571457,TB
mendeley_normal_00369,0.7052915059030056,TB
mendeley_normal_00370,0.6934313513338566,TB
mendeley_normal_00371,0.685248576104641,TB
mendeley_normal_00372,0.7023350223898888,TB
mendeley_normal_00373,0.47066171653568745,Normal
mendeley_normal_00374,0.6526430211961269,TB
mendeley_normal_00375,0.7084472104907036,TB
mendeley_normal_00376,0.7370763495564461,TB
mendeley_normal_00377,0.754478394985199,TB
mendeley_normal_00378,0.7806951627135277,TB
mendeley_normal_00379,0.704329140484333,TB
mendeley_normal_00380,0.41318343952298164,Normal
mendeley_normal_00381,0.7726406455039978,TB
mendeley_normal_00382,0.5294129848480225,TB
mendeley_normal_00383,0.7398098558187485,TB
mendeley_normal_00384,0.8660782128572464,TB
mendeley_normal_00385,0.5569772273302078,TB
mendeley_normal_00386,0.5307626873254776,TB
mendeley_normal_00387,0.6999710872769356,TB
mendeley_normal_00388,0.7821767702698708,TB
mendeley_normal_00389,0.7549401894211769,TB
mendeley_normal_00390,0.7519322633743286,TB
mendeley_normal_00391,0.7730741426348686,TB
mendeley_normal_00392,0.5343251153826714,TB
mendeley_normal_00393,0.7022976949810982,TB
mendeley_normal_00394,0.5774145349860191,TB
mendeley_normal_00395,0.6261196956038475,TB
mendeley_normal_00396,0.7542409747838974,TB
mendeley_normal_00397,0.4110579192638397,Normal
mendeley_normal_00398,0.8762519657611847,TB
mendeley_normal_00399,0.9048112034797668,TB
mendeley_normal_00400,0.5205074474215508,TB
mendeley_normal_00401,0.7615302354097366,TB
mendeley_normal_00402,0.8354813158512115,TB
mendeley_normal_00403,0.31826403737068176,Normal
mendeley_normal_00404,0.38086880184710026,Normal
mendeley_normal_00405,0.8109016343951225,TB
mendeley_normal_00406,0.9164838492870331,TB
mendeley_normal_00407,0.8786352425813675,TB
mendeley_normal_00408,0.5240440927445889,TB
mendeley_normal_00409,0.8291013166308403,TB
mendeley_normal_00410,0.7967275008559227,TB
mendeley_normal_00411,0.4422924593091011,Normal
mendeley_normal_00412,0.5261295549571514,TB
mendeley_normal_00413,0.6163686141371727,TB
mendeley_normal_00414,0.25261385552585125,Normal
mendeley_normal_00415,0.7637941539287567,TB
mendeley_normal_00416,0.16724974382668734,Normal
mendeley_normal_00417,0.6671342737972736,TB
mendeley_normal_00418,0.5324488878250122,TB
mendeley_normal_00419,0.8090476989746094,TB
mendeley_normal_00420,0.8172518983483315,TB
mendeley_normal_00421,0.8200489580631256,TB
mendeley_normal_00422,0.6635987311601639,TB
mendeley_normal_00423,0.48629947751760483,Normal
mendeley_normal_00424,0.422153115272522,Normal
mendeley_normal_00425,0.605964370071888,TB
mendeley_normal_00426,0.4805353209376335,Normal
mendeley_normal_00427,0.5072512105107307,TB
mendeley_normal_00428,0.8239535838365555,TB
mendeley_normal_00429,0.7129364833235741,TB
mendeley_normal_00430,0.6637347117066383,TB
mendeley_normal_00431,0.6961022913455963,TB
mendeley_normal_00432,0.27284306660294533,Normal
mendeley_normal_00433,0.045179134933277965,Normal
mendeley_normal_00434,0.6321017444133759,TB
mendeley_normal_00435,0.5016307011246681,TB
mendeley_normal_00436,0.6636940091848373,TB
mendeley_normal_00437,0.787139430642128,TB
mendeley_normal_00438,0.8572377115488052,TB
mendeley_normal_00439,0.31112227588891983,Normal
mendeley_normal_00440,0.4111858792603016,Normal
mendeley_normal_00441,0.6140436753630638,TB
mendeley_normal_00442,0.2135813720524311,Normal
mendeley_normal_00443,0.5273384712636471,TB
mendeley_normal_00444,0.8652207851409912,TB
mendeley_normal_00445,0.20251525100320578,Normal
mendeley_normal_00446,0.776964858174324,TB
mendeley_normal_00447,0.7375097647309303,TB
mendeley_normal_00448,0.70577722042799,TB
mendeley_normal_00449,0.7794182002544403,TB
mendeley_normal_00450,0.5803955569863319,TB
mendeley_normal_00451,0.5419092699885368,TB
mendeley_normal_00452,0.4678397588431835,Normal
mendeley_normal_00453,0.5289189107716084,TB
mendeley_normal_00454,0.31595345214009285,Normal
mendeley_normal_00455,0.8008186668157578,TB
mendeley_normal_00456,0.31842802837491035,Normal
mendeley_normal_00457,0.7203103192150593,TB
mendeley_normal_00458,0.5919775068759918,TB
mendeley_normal_00459,0.8148122727870941,TB
mendeley_normal_00460,0.8087146282196045,TB
mendeley_normal_00461,0.6862340942025185,TB
mendeley_normal_00462,0.15060304664075375,Normal
mendeley_normal_00463,0.5545844323933125,TB
mendeley_normal_00464,0.7668925449252129,TB
mendeley_normal_00465,0.6501326560974121,TB
mendeley_normal_00466,0.6622735783457756,TB
mendeley_normal_00467,0.68608807772398,TB
mendeley_normal_00468,0.8660635501146317,TB
mendeley_normal_00469,0.5073215328156948,TB
mendeley_normal_00470,0.8203263208270073,TB
mendeley_normal_00471,0.46309827640652657,Normal
mendeley_normal_00472,0.7619797810912132,TB
mendeley_normal_00473,0.6922209560871124,TB
mendeley_normal_00474,0.7525983676314354,TB
mendeley_normal_00475,0.6659252196550369,TB
mendeley_normal_00476,0.46244823187589645,Normal
mendeley_normal_00477,0.3244172167032957,Normal
mendeley_normal_00478,0.3746307007968426,Normal
mendeley_normal_00479,0.7379046082496643,TB
mendeley_normal_00480,0.6566730365157127,TB
mendeley_normal_00481,0.8380770534276962,TB
mendeley_normal_00482,0.49639710783958435,Normal
mendeley_normal_00483,0.8672849237918854,TB
mendeley_normal_00484,0.7261602580547333,TB
mendeley_normal_00485,0.5154723580926657,TB
mendeley_normal_00486,0.5992934964597225,TB
mendeley_normal_00487,0.31595345214009285,Normal
mendeley_normal_00488,0.31842802837491035,Normal
mendeley_normal_00489,0.7203103192150593,TB
mendeley_normal_00490,0.5919775068759918,TB
mendeley_normal_00491,0.8571495711803436,TB
mendeley_normal_00492,0.8148122727870941,TB
mendeley_normal_00493,0.8393867015838623,TB
mendeley_normal_00494,0.6688237078487873,TB
mendeley_normal_00495,0.800742618739605,TB
mendeley_normal_00496,0.6383395865559578,TB
mendeley_normal_00497,0.3453977582976222,Normal
mendeley_normal_00498,0.6996631883084774,TB
mendeley_normal_00499,0.6783612295985222,TB
mendeley_normal_00500,0.8519814610481262,TB
mendeley_normal_00501,0.8049701228737831,TB
mendeley_normal_00502,0.688809260725975,TB
mendeley_normal_00503,0.646607406437397,TB
mendeley_normal_00504,0.628728874027729,TB
mendeley_normal_00505,0.5303915254771709,TB
mendeley_normal_00506,0.775023527443409,TB
mendeley_normal_00507,0.5232729986310005,TB
mendeley_normal_00508,0.21600715816020966,Normal
mendeley_normal_00509,0.27498695626854897,Normal
mendeley_normal_00510,0.65285474807024,TB
mendeley_normal_00511,0.74241603910923,TB
mendeley_normal_00512,0.7996124997735023,TB
mendeley_tb_00000,0.956685408949852,TB
mendeley_tb_00001,0.9388494193553925,TB
mendeley_tb_00002,0.8313983157277107,TB
mendeley_tb_00003,0.9690761417150497,TB
mendeley_tb_00004,0.9490042179822922,TB
mendeley_tb_00005,0.70998365432024,TB
mendeley_tb_00006,0.5270989611744881,TB
mendeley_tb_00007,0.09502813487779349,Normal
mendeley_tb_00008,0.9668711125850677,TB
mendeley_tb_00009,0.9346585869789124,TB
mendeley_tb_00010,0.9289000779390335,TB
mendeley_tb_00011,0.945459395647049,TB
mendeley_tb_00012,0.9012112766504288,TB
mendeley_tb_00013,0.9720682352781296,TB
mendeley_tb_00014,0.9188897013664246,TB
mendeley_tb_00015,0.9534547924995422,TB
mendeley_tb_00016,0.9136200994253159,TB
mendeley_tb_00017,0.9494914710521698,TB
mendeley_tb_00018,0.9579327553510666,TB
mendeley_tb_00019,0.9317803978919983,TB
mendeley_tb_00020,0.9438773989677429,TB
mendeley_tb_00021,0.9659348577260971,TB
mendeley_tb_00022,0.8579624444246292,TB
mendeley_tb_00023,0.9286835789680481,TB
mendeley_tb_00024,0.9469880759716034,TB
mendeley_tb_00025,0.8526565283536911,TB
mendeley_tb_00026,0.49721499159932137,Normal
mendeley_tb_00027,0.9643209427595139,TB
mendeley_tb_00028,0.8937442600727081,TB
mendeley_tb_00029,0.9452734142541885,TB
mendeley_tb_00030,0.7819521650671959,TB
mendeley_tb_00031,0.9506331086158752,TB
mendeley_tb_00032,0.89678555727005,TB
mendeley_tb_00033,0.9629330039024353,TB
mendeley_tb_00034,0.945106714963913,TB
mendeley_tb_00035,0.894979327917099,TB
mendeley_tb_00036,0.9566707015037537,TB
mendeley_tb_00037,0.9541959911584854,TB
mendeley_tb_00038,0.947905644774437,TB
mendeley_tb_00039,0.931993305683136,TB
mendeley_tb_00040,0.9672143459320068,TB
mendeley_tb_00041,0.9519042372703552,TB
mendeley_tb_00042,0.910302147269249,TB
mendeley_tb_00043,0.7548704370856285,TB
mendeley_tb_00044,0.851188987493515,TB
mendeley_tb_00045,0.9351698011159897,TB
mendeley_tb_00046,0.9336342513561249,TB
mendeley_tb_00047,0.9643698036670685,TB
mendeley_tb_00048,0.8893150389194489,TB
mendeley_tb_00049,0.866627961397171,TB
mendeley_tb_00050,0.9523376524448395,TB
mendeley_tb_00051,0.833652526140213,TB
mendeley_tb_00052,0.74836066365242,TB
mendeley_tb_00053,0.9178099632263184,TB
mendeley_tb_00054,0.7658256366848946,TB
mendeley_tb_00055,0.9577853977680206,TB
mendeley_tb_00056,0.9681786745786667,TB
mendeley_tb_00057,0.916277602314949,TB
mendeley_tb_00058,0.9604403227567673,TB
mendeley_tb_00059,0.9493010342121124,TB
mendeley_tb_00060,0.8892447650432587,TB
mendeley_tb_00061,0.9537888467311859,TB
mendeley_tb_00062,0.9536992311477661,TB
mendeley_tb_00063,0.9238907545804977,TB
mendeley_tb_00064,0.9526788741350174,TB
mendeley_tb_00065,0.7198547795414925,TB
mendeley_tb_00066,0.9277859926223755,TB
mendeley_tb_00067,0.45255472883582115,Normal
mendeley_tb_00068,0.9562411606311798,TB
mendeley_tb_00069,0.9190832078456879,TB
mendeley_tb_00070,0.8070647418498993,TB
mendeley_tb_00071,0.9101812690496445,TB
mendeley_tb_00072,0.8945159316062927,TB
mendeley_tb_00073,0.9306109845638275,TB
mendeley_tb_00074,0.911288395524025,TB
mendeley_tb_00075,0.8915892094373703,TB
mendeley_tb_00076,0.8864825367927551,TB
mendeley_tb_00077,0.9662959277629852,TB
mendeley_tb_00078,0.9595400542020798,TB
mendeley_tb_00079,0.8171629458665848,TB
mendeley_tb_00080,0.9476280361413956,TB
mendeley_tb_00081,0.8999264091253281,TB
mendeley_tb_00082,0.9138913452625275,TB
mendeley_tb_00083,0.9224151074886322,TB
mendeley_tb_00084,0.9565849900245667,TB
mendeley_tb_00085,0.898946687579155,TB
mendeley_tb_00086,0.9626905024051666,TB
mendeley_tb_00087,0.9636435210704803,TB
mendeley_tb_00088,0.9508350491523743,TB
mendeley_tb_00089,0.6782654039561749,TB
mendeley_tb_00090,0.8723472505807877,TB
mendeley_tb_00091,0.8778544366359711,TB
mendeley_tb_00092,0.9694736003875732,TB
mendeley_tb_00093,0.9418023526668549,TB
mendeley_tb_00094,0.7541915103793144,TB
mendeley_tb_00095,0.8327242285013199,TB
mendeley_tb_00096,0.6863404214382172,TB
mendeley_tb_00097,0.9626551568508148,TB
mendeley_tb_00098,0.7339849472045898,TB
mendeley_tb_00099,0.9408549070358276,TB
mendeley_tb_00100,0.7988184541463852,TB
mendeley_tb_00101,0.9644245654344559,TB
mendeley_tb_00102,0.9437756687402725,TB
mendeley_tb_00103,0.7253738790750504,TB
mendeley_tb_00104,0.8959044069051743,TB
mendeley_tb_00105,0.8155189454555511,TB
mendeley_tb_00106,0.8643804639577866,TB
mendeley_tb_00107,0.82882010191679,TB
mendeley_tb_00108,0.9503699839115143,TB
mendeley_tb_00109,0.9397610127925873,TB
mendeley_tb_00110,0.8855125457048416,TB
mendeley_tb_00111,0.9423397928476334,TB
mendeley_tb_00112,0.8093145191669464,TB
mendeley_tb_00113,0.8069111704826355,TB
mendeley_tb_00114,0.9709005355834961,TB
mendeley_tb_00115,0.963808223605156,TB
mendeley_tb_00116,0.8915154337882996,TB
mendeley_tb_00117,0.9575060904026031,TB
mendeley_tb_00118,0.9635663628578186,TB
mendeley_tb_00119,0.9518128335475922,TB
mendeley_tb_00120,0.9542341977357864,TB
mendeley_tb_00121,0.9588748663663864,TB
mendeley_tb_00122,0.8874395787715912,TB
mendeley_tb_00123,0.9685562700033188,TB
mendeley_tb_00124,0.943311870098114,TB
mendeley_tb_00125,0.9063697010278702,TB
mendeley_tb_00126,0.49931642040610313,Normal
mendeley_tb_00127,0.9172421395778656,TB
mendeley_tb_00128,0.7161964625120163,TB
mendeley_tb_00129,0.8299137204885483,TB
mendeley_tb_00130,0.9358417987823486,TB
mendeley_tb_00131,0.9376961588859558,TB
mendeley_tb_00132,0.9621841609477997,TB
mendeley_tb_00133,0.960332840681076,TB
mendeley_tb_00134,0.8621309995651245,TB
mendeley_tb_00135,0.8621397465467453,TB
mendeley_tb_00136,0.6127806603908539,TB
mendeley_tb_00137,0.4383953735232353,Normal
mendeley_tb_00138,0.9684594869613647,TB
mendeley_tb_00139,0.9573338180780411,TB
mendeley_tb_00140,0.9372251033782959,TB
mendeley_tb_00141,0.9060599654912949,TB
mendeley_tb_00142,0.9682535082101822,TB
mendeley_tb_00143,0.9574012011289597,TB
mendeley_tb_00144,0.9435437768697739,TB
mendeley_tb_00145,0.9490076303482056,TB
mendeley_tb_00146,0.9486073702573776,TB
mendeley_tb_00147,0.929914578795433,TB
mendeley_tb_00148,0.9089886397123337,TB
mendeley_tb_00149,0.9178179502487183,TB
mendeley_tb_00150,0.9403334259986877,TB
mendeley_tb_00151,0.9681694358587265,TB
mendeley_tb_00152,0.9725624173879623,TB
mendeley_tb_00153,0.8611432909965515,TB
mendeley_tb_00154,0.9538293927907944,TB
mendeley_tb_00155,0.8152062967419624,TB
mendeley_tb_00156,0.8500988036394119,TB
mendeley_tb_00157,0.9608168751001358,TB
mendeley_tb_00158,0.7152497544884682,TB
mendeley_tb_00159,0.7870682179927826,TB
mendeley_tb_00160,0.9579475373029709,TB
mendeley_tb_00161,0.9251298904418945,TB
mendeley_tb_00162,0.953140527009964,TB
mendeley_tb_00163,0.2949463427066803,Normal
mendeley_tb_00164,0.9335305094718933,TB
mendeley_tb_00165,0.9605744928121567,TB
mendeley_tb_00166,0.7921922653913498,TB
mendeley_tb_00167,0.8937469273805618,TB
mendeley_tb_00168,0.9426786303520203,TB
mendeley_tb_00169,0.8569240719079971,TB
mendeley_tb_00170,0.8544591069221497,TB
mendeley_tb_00171,0.9439870864152908,TB
mendeley_tb_00172,0.9526121020317078,TB
mendeley_tb_00173,0.969427078962326,TB
mendeley_tb_00174,0.7983844801783562,TB
mendeley_tb_00175,0.9446141123771667,TB
mendeley_tb_00176,0.6891152188181877,TB
mendeley_tb_00177,0.9690015912055969,TB
mendeley_tb_00178,0.7683558687567711,TB
mendeley_tb_00179,0.9688780307769775,TB
mendeley_tb_00180,0.9698682874441147,TB
mendeley_tb_00181,0.8482560515403748,TB
mendeley_tb_00182,0.9629676938056946,TB
mendeley_tb_00183,0.8992211073637009,TB
mendeley_tb_00184,0.762066476047039,TB
mendeley_tb_00185,0.8197105228900909,TB
mendeley_tb_00186,0.9617447555065155,TB
mendeley_tb_00187,0.7613989040255547,TB
mendeley_tb_00188,0.9325646609067917,TB
mendeley_tb_00189,0.9647819995880127,TB
mendeley_tb_00190,0.971443846821785,TB
mendeley_tb_00191,0.6536463722586632,TB
mendeley_tb_00192,0.813365712761879,TB
mendeley_tb_00193,0.9531975388526917,TB
mendeley_tb_00194,0.9579145908355713,TB
mendeley_tb_00195,0.9569770097732544,TB
mendeley_tb_00196,0.9694626480340958,TB
mendeley_tb_00197,0.962782010436058,TB
mendeley_tb_00198,0.8946713209152222,TB
mendeley_tb_00199,0.9634642452001572,TB
mendeley_tb_00200,0.9433021247386932,TB
mendeley_tb_00201,0.7269529849290848,TB
mendeley_tb_00202,0.964472770690918,TB
mendeley_tb_00203,0.9694052338600159,TB
mendeley_tb_00204,0.9026588201522827,TB
mendeley_tb_00205,0.8703974336385727,TB
mendeley_tb_00206,0.9661262482404709,TB
mendeley_tb_00207,0.9449413269758224,TB
mendeley_tb_00208,0.9027084112167358,TB
mendeley_tb_00209,0.9423173069953918,TB
mendeley_tb_00210,0.8826325982809067,TB
mendeley_tb_00211,0.5829645097255707,TB
mendeley_tb_00212,0.933227077126503,TB
mendeley_tb_00213,0.9394009858369827,TB
mendeley_tb_00214,0.9453168213367462,TB
mendeley_tb_00215,0.9425283223390579,TB
mendeley_tb_00216,0.9515428394079208,TB
mendeley_tb_00217,0.9639154672622681,TB
mendeley_tb_00218,0.7346784919500351,TB
mendeley_tb_00219,0.9529533982276917,TB
mendeley_tb_00220,0.42625832185149193,Normal
mendeley_tb_00221,0.9747062623500824,TB
mendeley_tb_00222,0.8851441442966461,TB
mendeley_tb_00223,0.8981977254152298,TB
mendeley_tb_00224,0.7532667145133018,TB
mendeley_tb_00225,0.8969876617193222,TB
mendeley_tb_00226,0.9341676533222198,TB
mendeley_tb_00227,0.29404638335108757,Normal
mendeley_tb_00228,0.9131430685520172,TB
mendeley_tb_00229,0.9172894805669785,TB
mendeley_tb_00230,0.9387803375720978,TB
mendeley_tb_00231,0.8881075978279114,TB
mendeley_tb_00232,0.9383503645658493,TB
mendeley_tb_00233,0.7236186638474464,TB
mendeley_tb_00234,0.9181353598833084,TB
mendeley_tb_00235,0.9629245698451996,TB
mendeley_tb_00236,0.8506495803594589,TB
mendeley_tb_00237,0.8526691943407059,TB
mendeley_tb_00238,0.9481817781925201,TB
mendeley_tb_00239,0.2661344986408949,Normal
mendeley_tb_00240,0.8111641258001328,TB
mendeley_tb_00241,0.961100310087204,TB
mendeley_tb_00242,0.9045840948820114,TB
mendeley_tb_00243,0.9662551581859589,TB
mendeley_tb_00244,0.894188791513443,TB
mendeley_tb_00245,0.2752899304032326,Normal
mendeley_tb_00246,0.9062988609075546,TB
mendeley_tb_00247,0.9512834250926971,TB
mendeley_tb_00248,0.9368059039115906,TB
mendeley_tb_00249,0.9514211118221283,TB
mendeley_tb_00250,0.882755309343338,TB
mendeley_tb_00251,0.9404269158840179,TB
mendeley_tb_00252,0.8435584455728531,TB
mendeley_tb_00253,0.9094234555959702,TB
mendeley_tb_00254,0.9650143533945084,TB
mendeley_tb_00255,0.5053517296910286,TB
mendeley_tb_00256,0.958633542060852,TB
mendeley_tb_00257,0.9102055579423904,TB
mendeley_tb_00258,0.9280673563480377,TB
mendeley_tb_00259,0.9445963799953461,TB
mendeley_tb_00260,0.9603609442710876,TB
mendeley_tb_00261,0.9677045941352844,TB
mendeley_tb_00262,0.7908288985490799,TB
mendeley_tb_00263,0.9677919745445251,TB
mendeley_tb_00264,0.9673418253660202,TB
mendeley_tb_00265,0.969026118516922,TB
mendeley_tb_00266,0.9673317074775696,TB
mendeley_tb_00267,0.8414001166820526,TB
mendeley_tb_00268,0.8233281821012497,TB
mendeley_tb_00269,0.9332928955554962,TB
mendeley_tb_00270,0.9525057971477509,TB
mendeley_tb_00271,0.9675229638814926,TB
mendeley_tb_00272,0.9621236622333527,TB
mendeley_tb_00273,0.9343424737453461,TB
mendeley_tb_00274,0.9531749933958054,TB
mendeley_tb_00275,0.9244866222143173,TB
mendeley_tb_00276,0.963316023349762,TB
mendeley_tb_00277,0.9657643735408783,TB
mendeley_tb_00278,0.96490578353405,TB
mendeley_tb_00279,0.9535112529993057,TB
mendeley_tb_00280,0.9226269721984863,TB
mendeley_tb_00281,0.762958250939846,TB
mendeley_tb_00282,0.9584614187479019,TB
mendeley_tb_00283,0.5314064659178257,TB
mendeley_tb_00284,0.7899815961718559,TB
mendeley_tb_00285,0.9543678909540176,TB
mendeley_tb_00286,0.9280796945095062,TB
mendeley_tb_00287,0.9586598575115204,TB
mendeley_tb_00288,0.3764658607542515,Normal
mendeley_tb_00289,0.8570356369018555,TB
mendeley_tb_00290,0.847227081656456,TB
mendeley_tb_00291,0.9666635692119598,TB
mendeley_tb_00292,0.8624927699565887,TB
mendeley_tb_00293,0.9145622253417969,TB
mendeley_tb_00294,0.7760585993528366,TB
mendeley_tb_00295,0.748701199889183,TB
mendeley_tb_00296,0.8576948791742325,TB
mendeley_tb_00297,0.8957920670509338,TB
mendeley_tb_00298,0.5007810220122337,TB
mendeley_tb_00299,0.9418845623731613,TB
mendeley_tb_00300,0.9426138401031494,TB
mendeley_tb_00301,0.9559733271598816,TB
mendeley_tb_00302,0.8881069719791412,TB
mendeley_tb_00303,0.9225545078516006,TB
mendeley_tb_00304,0.9638061076402664,TB
mendeley_tb_00305,0.918633446097374,TB
mendeley_tb_00306,0.9534753561019897,TB
mendeley_tb_00307,0.9368621408939362,TB
mendeley_tb_00308,0.9401126801967621,TB
mendeley_tb_00309,0.9612110257148743,TB
mendeley_tb_00310,0.9558765888214111,TB
mendeley_tb_00311,0.925893098115921,TB
mendeley_tb_00312,0.9411420077085495,TB
mendeley_tb_00313,0.9358488619327545,TB
mendeley_tb_00314,0.8830224722623825,TB
mendeley_tb_00315,0.8977162837982178,TB
mendeley_tb_00316,0.962768167257309,TB
mendeley_tb_00317,0.9158904552459717,TB
mendeley_tb_00318,0.9294777810573578,TB
mendeley_tb_00319,0.9739441573619843,TB
mendeley_tb_00320,0.9493707567453384,TB
mendeley_tb_00321,0.9493580609560013,TB
mendeley_tb_00322,0.9285110831260681,TB
mendeley_tb_00323,0.9467062950134277,TB
mendeley_tb_00324,0.9440662562847137,TB
mendeley_tb_00325,0.8943068534135818,TB
mendeley_tb_00326,0.9666202515363693,TB
mendeley_tb_00327,0.9485225230455399,TB
mendeley_tb_00328,0.9115346521139145,TB
mendeley_tb_00329,0.8855305761098862,TB
mendeley_tb_00330,0.7934268862009048,TB
mendeley_tb_00331,0.9077004641294479,TB
mendeley_tb_00332,0.9050949811935425,TB
mendeley_tb_00333,0.9552864134311676,TB
mendeley_tb_00334,0.9097518026828766,TB
mendeley_tb_00335,0.941004067659378,TB
mendeley_tb_00336,0.9493470937013626,TB
mendeley_tb_00337,0.75771514326334,TB
mendeley_tb_00338,0.9616013765335083,TB
mendeley_tb_00339,0.9498001784086227,TB
mendeley_tb_00340,0.9235938489437103,TB
mendeley_tb_00341,0.5671948827803135,TB
mendeley_tb_00342,0.9467346668243408,TB
mendeley_tb_00343,0.8810702413320541,TB
mendeley_tb_00344,0.9575017094612122,TB
mendeley_tb_00345,0.9436816275119781,TB
mendeley_tb_00346,0.8581023812294006,TB
mendeley_tb_00347,0.8450158536434174,TB
mendeley_tb_00348,0.5545013584196568,TB
mendeley_tb_00349,0.9454247355461121,TB
mendeley_tb_00350,0.9562597274780273,TB
mendeley_tb_00351,0.7021335363388062,TB
mendeley_tb_00352,0.3805518113076687,Normal
mendeley_tb_00353,0.9260216802358627,TB
mendeley_tb_00354,0.7772344648838043,TB
mendeley_tb_00355,0.9308288991451263,TB
mendeley_tb_00356,0.8818365037441254,TB
mendeley_tb_00357,0.971335157752037,TB
mendeley_tb_00358,0.9682315438985825,TB
mendeley_tb_00359,0.9181585907936096,TB
mendeley_tb_00360,0.8280104398727417,TB
mendeley_tb_00361,0.9611781090497971,TB
mendeley_tb_00362,0.9541076123714447,TB
mendeley_tb_00363,0.9390259236097336,TB
mendeley_tb_00364,0.8417889922857285,TB
mendeley_tb_00365,0.9706391394138336,TB
mendeley_tb_00366,0.9596457928419113,TB
mendeley_tb_00367,0.9195837378501892,TB
mendeley_tb_00368,0.9628322720527649,TB
mendeley_tb_00369,0.9431369006633759,TB
mendeley_tb_00370,0.8913713097572327,TB
mendeley_tb_00371,0.972807988524437,TB
mendeley_tb_00372,0.8611582219600677,TB
mendeley_tb_00373,0.9573731571435928,TB
mendeley_tb_00374,0.9507056772708893,TB
mendeley_tb_00375,0.7737117260694504,TB
mendeley_tb_00376,0.9527416974306107,TB
mendeley_tb_00377,0.9505597800016403,TB
mendeley_tb_00378,0.9185325801372528,TB
mendeley_tb_00379,0.5931437648832798,TB
mendeley_tb_00380,0.9641108512878418,TB
mendeley_tb_00381,0.9666122794151306,TB
mendeley_tb_00382,0.9157198518514633,TB
mendeley_tb_00383,0.9567606449127197,TB
mendeley_tb_00384,0.8703656941652298,TB
mendeley_tb_00385,0.8096495270729065,TB
mendeley_tb_00386,0.8644661158323288,TB
mendeley_tb_00387,0.8720149248838425,TB
mendeley_tb_00388,0.9094814658164978,TB
mendeley_tb_00389,0.9121608138084412,TB
mendeley_tb_00390,0.9619832038879395,TB
mendeley_tb_00391,0.9635956138372421,TB
mendeley_tb_00392,0.9667270332574844,TB
mendeley_tb_00393,0.9713256359100342,TB
mendeley_tb_00394,0.9483140259981155,TB
mendeley_tb_00395,0.9619541019201279,TB
mendeley_tb_00396,0.9566398710012436,TB
mendeley_tb_00397,0.9301949292421341,TB
mendeley_tb_00398,0.8841642737388611,TB
mendeley_tb_00399,0.9512926340103149,TB
mendeley_tb_00400,0.6637985073029995,TB
mendeley_tb_00401,0.9355878233909607,TB
mendeley_tb_00402,0.9631796628236771,TB
mendeley_tb_00403,0.9588732123374939,TB
mendeley_tb_00404,0.9452800154685974,TB
mendeley_tb_00405,0.9685057550668716,TB
mendeley_tb_00406,0.5844384357333183,TB
mendeley_tb_00407,0.975349485874176,TB
mendeley_tb_00408,0.8791005313396454,TB
mendeley_tb_00409,0.9570653885602951,TB
mendeley_tb_00410,0.974762350320816,TB
mendeley_tb_00411,0.9369352012872696,TB
mendeley_tb_00412,0.9325608164072037,TB
mendeley_tb_00413,0.9215416312217712,TB
mendeley_tb_00414,0.9206564873456955,TB
mendeley_tb_00415,0.9605337828397751,TB
mendeley_tb_00416,0.9666501879692078,TB
mendeley_tb_00417,0.9542162418365479,TB
mendeley_tb_00418,0.9618123173713684,TB
mendeley_tb_00419,0.9435704052448273,TB
mendeley_tb_00420,0.9366901367902756,TB
mendeley_tb_00421,0.9591613411903381,TB
mendeley_tb_00422,0.965618759393692,TB
mendeley_tb_00423,0.8131108433008194,TB
mendeley_tb_00424,0.9718262106180191,TB
mendeley_tb_00425,0.9518727213144302,TB
mendeley_tb_00426,0.9548031985759735,TB
mendeley_tb_00427,0.9544702619314194,TB
mendeley_tb_00428,0.9599633067846298,TB
mendeley_tb_00429,0.756820984184742,TB
mendeley_tb_00430,0.7820857092738152,TB
mendeley_tb_00431,0.8740482181310654,TB
mendeley_tb_00432,0.938996896147728,TB
mendeley_tb_00433,0.9676149785518646,TB
mendeley_tb_00434,0.8349235355854034,TB
mendeley_tb_00435,0.944941446185112,TB
mendeley_tb_00436,0.9182098805904388,TB
mendeley_tb_00437,0.9596484154462814,TB
mendeley_tb_00438,0.9532244950532913,TB
mendeley_tb_00439,0.9759849011898041,TB
mendeley_tb_00440,0.791412316262722,TB
mendeley_tb_00441,0.9609280824661255,TB
mendeley_tb_00442,0.9370026588439941,TB
mendeley_tb_00443,0.9351305812597275,TB
mendeley_tb_00444,0.9555175453424454,TB
mendeley_tb_00445,0.9580147117376328,TB
mendeley_tb_00446,0.8268824517726898,TB
mendeley_tb_00447,0.8574594408273697,TB
mendeley_tb_00448,0.8080999404191971,TB
mendeley_tb_00449,0.9049060493707657,TB
mendeley_tb_00450,0.9372225254774094,TB
mendeley_tb_00451,0.9651041924953461,TB
mendeley_tb_00452,0.9112526774406433,TB
mendeley_tb_00453,0.935620129108429,TB
mendeley_tb_00454,0.9237451255321503,TB
mendeley_tb_00455,0.9628995060920715,TB
mendeley_tb_00456,0.9053391218185425,TB
mendeley_tb_00457,0.9623174071311951,TB
mendeley_tb_00458,0.9613161236047745,TB
mendeley_tb_00459,0.9455308616161346,TB
mendeley_tb_00460,0.9624684751033783,TB
mendeley_tb_00461,0.9005065858364105,TB
mendeley_tb_00462,0.9351224005222321,TB
mendeley_tb_00463,0.9167582243680954,TB
mendeley_tb_00464,0.9531134366989136,TB
mendeley_tb_00465,0.9735423177480698,TB
mendeley_tb_00466,0.944312110543251,TB
mendeley_tb_00467,0.8633895665407181,TB
mendeley_tb_00468,0.9703284502029419,TB
mendeley_tb_00469,0.9437947124242783,TB
mendeley_tb_00470,0.957516998052597,TB
mendeley_tb_00471,0.9646620601415634,TB
mendeley_tb_00472,0.9735417366027832,TB
mendeley_tb_00473,0.9496655762195587,TB
mendeley_tb_00474,0.9587000161409378,TB
mendeley_tb_00475,0.8814496248960495,TB
mendeley_tb_00476,0.9501710385084152,TB
mendeley_tb_00477,0.9319121241569519,TB
mendeley_tb_00478,0.9379711151123047,TB
mendeley_tb_00479,0.9475622326135635,TB
mendeley_tb_00480,0.9267051517963409,TB
mendeley_tb_00481,0.9664707332849503,TB
mendeley_tb_00482,0.8740105181932449,TB
mendeley_tb_00483,0.9396935105323792,TB
mendeley_tb_00484,0.9550734609365463,TB
mendeley_tb_00485,0.9483090937137604,TB
mendeley_tb_00486,0.9213310927152634,TB
mendeley_tb_00487,0.9457656443119049,TB
mendeley_tb_00488,0.819641500711441,TB
mendeley_tb_00489,0.9629713296890259,TB
mendeley_tb_00490,0.9334166496992111,TB
mendeley_tb_00491,0.7812329828739166,TB
mendeley_tb_00492,0.9378127902746201,TB
mendeley_tb_00493,0.8571098297834396,TB
mendeley_tb_00494,0.953427255153656,TB
mendeley_tb_00495,0.9539430290460587,TB
mendeley_tb_00496,0.9590667933225632,TB
mendeley_tb_00497,0.6038808971643448,TB
mendeley_tb_00498,0.9633643925189972,TB
mendeley_tb_00499,0.9534965455532074,TB
mendeley_tb_00500,0.9064967185258865,TB
mendeley_tb_00501,0.8773595541715622,TB
mendeley_tb_00502,0.9513508379459381,TB
mendeley_tb_00503,0.9261976629495621,TB
mendeley_tb_00504,0.9567105621099472,TB
mendeley_tb_00505,0.9029921591281891,TB
mendeley_tb_00506,0.9552056938409805,TB
mendeley_tb_00507,0.9309348315000534,TB
mendeley_tb_00508,0.7776274383068085,TB
mendeley_tb_00509,0.9270942360162735,TB
mendeley_tb_00510,0.959383562207222,TB
mendeley_tb_00511,0.9325200021266937,TB
mendeley_tb_00512,0.8186783567070961,TB
mendeley_tb_00513,0.8347661197185516,TB
mendeley_tb_00514,0.7030784711241722,TB
mendeley_tb_00515,0.9177053719758987,TB
mendeley_tb_00516,0.9293781965970993,TB
mendeley_tb_00517,0.9683499038219452,TB
mendeley_tb_00518,0.9641314893960953,TB
mendeley_tb_00519,0.9437366873025894,TB
mendeley_tb_00520,0.9017337560653687,TB
mendeley_tb_00521,0.9504148364067078,TB
mendeley_tb_00522,0.967817634344101,TB
mendeley_tb_00523,0.9342285245656967,TB
mendeley_tb_00524,0.8235585540533066,TB
mendeley_tb_00525,0.8420754671096802,TB
mendeley_tb_00526,0.9296795874834061,TB
mendeley_tb_00527,0.9396427571773529,TB
mendeley_tb_00528,0.9460307210683823,TB
mendeley_tb_00529,0.9723611772060394,TB
mendeley_tb_00530,0.90839983522892,TB
mendeley_tb_00531,0.9650344401597977,TB
mendeley_tb_00532,0.7700373977422714,TB
mendeley_tb_00533,0.8715304136276245,TB
mendeley_tb_00534,0.9339435994625092,TB
mendeley_tb_00535,0.9445658773183823,TB
mendeley_tb_00536,0.9647439420223236,TB
mendeley_tb_00537,0.9264345318078995,TB
mendeley_tb_00538,0.9496262967586517,TB
mendeley_tb_00539,0.9512978047132492,TB
mendeley_tb_00540,0.9663823843002319,TB
mendeley_tb_00541,0.948073223233223,TB
mendeley_tb_00542,0.8785587549209595,TB
mendeley_tb_00543,0.9765667766332626,TB
mendeley_tb_00544,0.9432942122220993,TB
mendeley_tb_00545,0.9581045806407928,TB
mendeley_tb_00546,0.7650405913591385,TB
mendeley_tb_00547,0.9008289873600006,TB
mendeley_tb_00548,0.9580912292003632,TB
mendeley_tb_00549,0.9338623881340027,TB
mendeley_tb_00550,0.970448225736618,TB
mendeley_tb_00551,0.9681796133518219,TB
mendeley_tb_00552,0.8998821526765823,TB
mendeley_tb_00553,0.9573158621788025,TB
mendeley_tb_00554,0.9122003763914108,TB
mendeley_tb_00555,0.9071009755134583,TB
mendeley_tb_00556,0.9129870235919952,TB
mendeley_tb_00557,0.9173575788736343,TB
mendeley_tb_00558,0.8303331732749939,TB
mendeley_tb_00559,0.5719869509339333,TB
mendeley_tb_00560,0.6590277627110481,TB
mendeley_tb_00561,0.8880995959043503,TB
mendeley_tb_00562,0.9478696137666702,TB
mendeley_tb_00563,0.2742807297036052,Normal
mendeley_tb_00564,0.4367869235575199,Normal
mendeley_tb_00565,0.8692848831415176,TB
mendeley_tb_00566,0.8320641368627548,TB
mendeley_tb_00567,0.6561964116990566,TB
mendeley_tb_00568,0.9675378054380417,TB
mendeley_tb_00569,0.8951037228107452,TB
mendeley_tb_00570,0.9563496559858322,TB
mendeley_tb_00571,0.8948708772659302,TB
mendeley_tb_00572,0.9282930791378021,TB
mendeley_tb_00573,0.9040624648332596,TB
mendeley_tb_00574,0.9626298695802689,TB
mendeley_tb_00575,0.9655864983797073,TB
mendeley_tb_00576,0.9707844108343124,TB
mendeley_tb_00577,0.9218500405550003,TB
mendeley_tb_00578,0.9462131410837173,TB
mendeley_tb_00579,0.9102675169706345,TB
mendeley_tb_00580,0.92477647960186,TB
mendeley_tb_00581,0.719921812415123,TB
mendeley_tb_00582,0.5311208069324493,TB
mendeley_tb_00583,0.6022791378200054,TB
mendeley_tb_00584,0.9086713045835495,TB
mendeley_tb_00585,0.9672876298427582,TB
mendeley_tb_00586,0.9557463079690933,TB
mendeley_tb_00587,0.9295842349529266,TB
mendeley_tb_00588,0.9707384705543518,TB
mendeley_tb_00589,0.9112550914287567,TB
mendeley_tb_00590,0.9413280487060547,TB
mendeley_tb_00591,0.7463921457529068,TB
mendeley_tb_00592,0.7689298838376999,TB
mendeley_tb_00593,0.9647013992071152,TB
mendeley_tb_00594,0.9193057715892792,TB
mendeley_tb_00595,0.9641667455434799,TB
mendeley_tb_00596,0.774095706641674,TB
mendeley_tb_00597,0.9541059732437134,TB
mendeley_tb_00598,0.9623933136463165,TB
mendeley_tb_00599,0.9641296863555908,TB
mendeley_tb_00600,0.9220770001411438,TB
mendeley_tb_00601,0.9069858491420746,TB
mendeley_tb_00602,0.9592104554176331,TB
mendeley_tb_00603,0.8844083994626999,TB
mendeley_tb_00604,0.8974829167127609,TB
mendeley_tb_00605,0.9736323207616806,TB
mendeley_tb_00606,0.6097026616334915,TB
mendeley_tb_00607,0.624566987156868,TB
mendeley_tb_00608,0.9130819439888,TB
mendeley_tb_00609,0.9616498798131943,TB
mendeley_tb_00610,0.9445345550775528,TB
mendeley_tb_00611,0.48056765273213387,Normal
mendeley_tb_00612,0.9590667933225632,TB
mendeley_tb_00613,0.9493879228830338,TB
mendeley_tb_00614,0.9476757198572159,TB
mendeley_tb_00615,0.9479290693998337,TB
mendeley_tb_00616,0.9546684622764587,TB
mendeley_tb_00617,0.9591661691665649,TB
mendeley_tb_00618,0.9689753949642181,TB
mendeley_tb_00619,0.9611302614212036,TB
mendeley_tb_00620,0.9550235569477081,TB
mendeley_tb_00621,0.9746591299772263,TB
mendeley_tb_00622,0.9655623286962509,TB
mendeley_tb_00623,0.9409681260585785,TB
mendeley_tb_00624,0.9553302675485611,TB
mendeley_tb_00625,0.9532973170280457,TB
mendeley_tb_00626,0.8474719375371933,TB
mendeley_tb_00627,0.9523155093193054,TB
mendeley_tb_00628,0.9640780091285706,TB
mendeley_tb_00629,0.93892402946949,TB
mendeley_tb_00630,0.8912896066904068,TB
mendeley_tb_00631,0.959137812256813,TB
mendeley_tb_00632,0.882146030664444,TB
mendeley_tb_00633,0.8231014311313629,TB
mendeley_tb_00634,0.9689463078975677,TB
mendeley_tb_00635,0.8320353925228119,TB
mendeley_tb_00636,0.9410389214754105,TB
mendeley_tb_00637,0.9591825604438782,TB
mendeley_tb_00638,0.9674736708402634,TB
mendeley_tb_00639,0.9468735158443451,TB
mendeley_tb_00640,0.8949716836214066,TB
mendeley_tb_00641,0.8429240435361862,TB
mendeley_tb_00642,0.9458450973033905,TB
mendeley_tb_00643,0.9154249876737595,TB
mendeley_tb_00644,0.8672404289245605,TB
mendeley_tb_00645,0.907947838306427,TB
mendeley_tb_00646,0.9412670731544495,TB
mendeley_tb_00647,0.87779201567173,TB
mendeley_tb_00648,0.9513144940137863,TB
mendeley_tb_00649,0.935836911201477,TB
mendeley_tb_00650,0.8827106803655624,TB
mendeley_tb_00651,0.94890096783638,TB
mendeley_tb_00652,0.9121491014957428,TB
mendeley_tb_00653,0.7951050251722336,TB
mendeley_tb_00654,0.8596679419279099,TB
mendeley_tb_00655,0.8579590022563934,TB
mendeley_tb_00656,0.9042198061943054,TB
mendeley_tb_00657,0.9516415297985077,TB
mendeley_tb_00658,0.6722811385989189,TB
mendeley_tb_00659,0.9052750170230865,TB
mendeley_tb_00660,0.955625131726265,TB
mendeley_tb_00661,0.9334583729505539,TB
mendeley_tb_00662,0.8435386121273041,TB
mendeley_tb_00663,0.9585265219211578,TB
mendeley_tb_00664,0.9361035227775574,TB
mendeley_tb_00665,0.8299342840909958,TB
mendeley_tb_00666,0.9697032570838928,TB
mendeley_tb_00667,0.9661976844072342,TB
mendeley_tb_00668,0.5636902488768101,TB
mendeley_tb_00669,0.9418375045061111,TB
mendeley_tb_00670,0.8018064349889755,TB
mendeley_tb_00671,0.9659695476293564,TB
mendeley_tb_00672,0.94586081802845,TB
mendeley_tb_00673,0.9607941508293152,TB
mendeley_tb_00674,0.9475364536046982,TB
mendeley_tb_00675,0.9508342444896698,TB
mendeley_tb_00676,0.8607744723558426,TB
mendeley_tb_00677,0.8252617567777634,TB
mendeley_tb_00678,0.7574351206421852,TB
mendeley_tb_00679,0.9575149118900299,TB
mendeley_tb_00680,0.6975719630718231,TB
mendeley_tb_00681,0.9110138416290283,TB
mendeley_tb_00682,0.9038205295801163,TB
mendeley_tb_00683,0.9372169971466064,TB
mendeley_tb_00684,0.9558655619621277,TB
mendeley_tb_00685,0.9639581888914108,TB
mendeley_tb_00686,0.8576799035072327,TB
mendeley_tb_00687,0.9631345570087433,TB
mendeley_tb_00688,0.9675553143024445,TB
mendeley_tb_00689,0.9353816658258438,TB
mendeley_tb_00690,0.9064638316631317,TB
mendeley_tb_00691,0.8414953798055649,TB
mendeley_tb_00692,0.9392995834350586,TB
mendeley_tb_00693,0.6915055736899376,TB
mendeley_tb_00694,0.8891572952270508,TB
mendeley_tb_00695,0.9557075202465057,TB
mendeley_tb_00696,0.9173751324415207,TB
mendeley_tb_00697,0.912329912185669,TB
mendeley_tb_00698,0.9289439767599106,TB
mendeley_tb_00699,0.9516305029392242,TB
mendeley_tb_00700,0.8364012986421585,TB
mendeley_tb_00701,0.9315539449453354,TB
mendeley_tb_00702,0.8465303927659988,TB
mendeley_tb_00703,0.821302980184555,TB
mendeley_tb_00704,0.7796285524964333,TB
mendeley_tb_00705,0.8629099130630493,TB
mendeley_tb_00706,0.9050381481647491,TB
mendeley_tb_00707,0.966930091381073,TB
mendeley_tb_00708,0.8543279469013214,TB
mendeley_tb_00709,0.9639100134372711,TB
mendeley_tb_00710,0.5848810635507107,TB
mendeley_tb_00711,0.9332511574029922,TB
mendeley_tb_00712,0.8402234986424446,TB
mendeley_tb_00713,0.8939173072576523,TB
mendeley_tb_00714,0.9707985520362854,TB
mendeley_tb_00715,0.4085214762017131,Normal
mendeley_tb_00716,0.13023660518229008,Normal
mendeley_tb_00717,0.7536619305610657,TB
mendeley_tb_00718,0.29102546721696854,Normal
mendeley_tb_00719,0.9282626360654831,TB
mendeley_tb_00720,0.9336601942777634,TB
mendeley_tb_00721,0.8928724825382233,TB
mendeley_tb_00722,0.8354087024927139,TB
mendeley_tb_00723,0.9731368720531464,TB
mendeley_tb_00724,0.8968948870897293,TB
mendeley_tb_00725,0.9291688054800034,TB
mendeley_tb_00726,0.5549609251320362,TB
mendeley_tb_00727,0.8231327384710312,TB
mendeley_tb_00728,0.9393441379070282,TB
mendeley_tb_00729,0.9710485637187958,TB
mendeley_tb_00730,0.920134112238884,TB
mendeley_tb_00731,0.9552434086799622,TB
mendeley_tb_00732,0.676850438117981,TB
mendeley_tb_00733,0.856694370508194,TB
mendeley_tb_00734,0.9507433176040649,TB
mendeley_tb_00735,0.8651643544435501,TB
mendeley_tb_00736,0.945499375462532,TB
mendeley_tb_00737,0.9423025697469711,TB
mendeley_tb_00738,0.9297502487897873,TB
mendeley_tb_00739,0.9502646923065186,TB
mendeley_tb_00740,0.8097988665103912,TB
mendeley_tb_00741,0.9031774699687958,TB
mendeley_tb_00742,0.9472568184137344,TB
mendeley_tb_00743,0.9580386728048325,TB
mendeley_tb_00744,0.8433750718832016,TB
mendeley_tb_00745,0.9617288261651993,TB
mendeley_tb_00746,0.3508585300296545,Normal
mendeley_tb_00747,0.964668408036232,TB
mendeley_tb_00748,0.9410079121589661,TB
mendeley_tb_00749,0.8625515252351761,TB
mendeley_tb_00750,0.9300527274608612,TB
mendeley_tb_00751,0.9576975554227829,TB
mendeley_tb_00752,0.9538237601518631,TB
mendeley_tb_00753,0.9726271331310272,TB
mendeley_tb_00754,0.9092256426811218,TB
mendeley_tb_00755,0.8764091283082962,TB
mendeley_tb_00756,0.8967688083648682,TB
mendeley_tb_00757,0.9467112720012665,TB
mendeley_tb_00758,0.9448868632316589,TB
mendeley_tb_00759,0.9244768470525742,TB
mendeley_tb_00760,0.961616188287735,TB
mendeley_tb_00761,0.9670941978693008,TB
mendeley_tb_00762,0.9416298419237137,TB
mendeley_tb_00763,0.9412853121757507,TB
mendeley_tb_00764,0.95756496489048,TB
mendeley_tb_00765,0.9431495517492294,TB
mendeley_tb_00766,0.9499614089727402,TB
mendeley_tb_00767,0.794205904006958,TB
mendeley_tb_00768,0.9697926193475723,TB
mendeley_tb_00769,0.9708721041679382,TB
mendeley_tb_00770,0.9631139487028122,TB
mendeley_tb_00771,0.9311529248952866,TB
mendeley_tb_00772,0.9440013319253922,TB
mendeley_tb_00773,0.9044484943151474,TB
mendeley_tb_00774,0.8468722701072693,TB
mendeley_tb_00775,0.9498016238212585,TB
mendeley_tb_00776,0.9693154245615005,TB
mendeley_tb_00777,0.8565392792224884,TB
mendeley_tb_00778,0.9354411363601685,TB
mendeley_tb_00779,0.9501160979270935,TB
mendeley_tb_00780,0.9699576497077942,TB
mendeley_tb_00781,0.8978690952062607,TB
mendeley_tb_00782,0.9274199903011322,TB
mendeley_tb_00783,0.7677636668086052,TB
mendeley_tb_00784,0.9547337889671326,TB
mendeley_tb_00785,0.970922589302063,TB
mendeley_tb_00786,0.9651800990104675,TB
mendeley_tb_00787,0.9162453860044479,TB
mendeley_tb_00788,0.8597121387720108,TB
mendeley_tb_00789,0.6605825945734978,TB
mendeley_tb_00790,0.7220097109675407,TB
mendeley_tb_00791,0.9617438912391663,TB
mendeley_tb_00792,0.9713464826345444,TB
mendeley_tb_00793,0.9520688951015472,TB
mendeley_tb_00794,0.9275703132152557,TB
mendeley_tb_00795,0.8998110592365265,TB
mendeley_tb_00796,0.9621161371469498,TB
mendeley_tb_00797,0.9703700989484787,TB
mendeley_tb_00798,0.9727632254362106,TB
mendeley_tb_00799,0.9688512086868286,TB
mendeley_tb_00800,0.9708905518054962,TB
mendeley_tb_00801,0.9476834237575531,TB
mendeley_tb_00802,0.8520584404468536,TB
mendeley_tb_00803,0.962993323802948,TB
mendeley_tb_00804,0.9766558408737183,TB
mendeley_tb_00805,0.9669563919305801,TB
mendeley_tb_00806,0.9584472328424454,TB
mendeley_tb_00807,0.9594227075576782,TB
mendeley_tb_00808,0.9608872830867767,TB
mendeley_tb_00809,0.9710435718297958,TB
mendeley_tb_00810,0.9642683416604996,TB
mendeley_tb_00811,0.9170643240213394,TB
mendeley_tb_00812,0.9688864499330521,TB
mendeley_tb_00813,0.9674827754497528,TB
mendeley_tb_00814,0.8970450907945633,TB
mendeley_tb_00815,0.9491710662841797,TB
mendeley_tb_00816,0.6441295854747295,TB
mendeley_tb_00817,0.8028798177838326,TB
mendeley_tb_00818,0.9452272653579712,TB
mendeley_tb_00819,0.768301859498024,TB
mendeley_tb_00820,0.7464406192302704,TB
mendeley_tb_00821,0.9328259378671646,TB
mendeley_tb_00822,0.9549379348754883,TB
mendeley_tb_00823,0.7036069482564926,TB
mendeley_tb_00824,0.7947681099176407,TB
mendeley_tb_00825,0.8257311582565308,TB
mendeley_tb_00826,0.9653698056936264,TB
mendeley_tb_00827,0.9535754919052124,TB
mendeley_tb_00828,0.9423991143703461,TB
mendeley_tb_00829,0.9442513734102249,TB
mendeley_tb_00830,0.9440630376338959,TB
mendeley_tb_00831,0.8798357099294662,TB
mendeley_tb_00832,0.9079706221818924,TB
mendeley_tb_00833,0.9690665006637573,TB
mendeley_tb_00834,0.9727568477392197,TB
mendeley_tb_00835,0.9684835523366928,TB
mendeley_tb_00836,0.8230118975043297,TB
mendeley_tb_00837,0.9636612087488174,TB
mendeley_tb_00838,0.7919461578130722,TB
mendeley_tb_00839,0.9548468887805939,TB
mendeley_tb_00840,0.8982197046279907,TB
mendeley_tb_00841,0.9675299972295761,TB
mendeley_tb_00842,0.9635325074195862,TB
mendeley_tb_00843,0.9472099393606186,TB
mendeley_tb_00844,0.8947676569223404,TB
mendeley_tb_00845,0.8678625822067261,TB
mendeley_tb_00846,0.8921912163496017,TB
mendeley_tb_00847,0.9505791813135147,TB
mendeley_tb_00848,0.9587075710296631,TB
mendeley_tb_00849,0.8340573310852051,TB
mendeley_tb_00850,0.9580853581428528,TB
mendeley_tb_00851,0.8401870131492615,TB
mendeley_tb_00852,0.9488988667726517,TB
mendeley_tb_00853,0.7730812877416611,TB
mendeley_tb_00854,0.8551971912384033,TB
mendeley_tb_00855,0.9491152167320251,TB
mendeley_tb_00856,0.823146216571331,TB
mendeley_tb_00857,0.9547900557518005,TB
mendeley_tb_00858,0.8761325925588608,TB
mendeley_tb_00859,0.963757261633873,TB
mendeley_tb_00860,0.9599702507257462,TB
mendeley_tb_00861,0.8800403475761414,TB
mendeley_tb_00862,0.9644305258989334,TB
mendeley_tb_00863,0.8714600950479507,TB
mendeley_tb_00864,0.9544114321470261,TB
mendeley_tb_00865,0.880762979388237,TB
mendeley_tb_00866,0.8766573816537857,TB
mendeley_tb_00867,0.9381434172391891,TB
mendeley_tb_00868,0.972320631146431,TB
mendeley_tb_00869,0.7719515264034271,TB
mendeley_tb_00870,0.9718707799911499,TB
mendeley_tb_00871,0.6600687652826309,TB
mendeley_tb_00872,0.949400782585144,TB
mendeley_tb_00873,0.9633510559797287,TB
mendeley_tb_00874,0.9268640279769897,TB
mendeley_tb_00875,0.8494946509599686,TB
mendeley_tb_00876,0.9441629499197006,TB
mendeley_tb_00877,0.7654287815093994,TB
mendeley_tb_00878,0.948164775967598,TB
mendeley_tb_00879,0.8235989660024643,TB
mendeley_tb_00880,0.9596502482891083,TB
mendeley_tb_00881,0.9667157381772995,TB
mendeley_tb_00882,0.948940634727478,TB
mendeley_tb_00883,0.9414716809988022,TB
mendeley_tb_00884,0.8785845935344696,TB
mendeley_tb_00885,0.9486080408096313,TB
mendeley_tb_00886,0.8920198231935501,TB
mendeley_tb_00887,0.9089687466621399,TB
mendeley_tb_00888,0.9111032336950302,TB
mendeley_tb_00889,0.2935413829982281,Normal
mendeley_tb_00890,0.8588461577892303,TB
mendeley_tb_00891,0.9249558746814728,TB
mendeley_tb_00892,0.9603540152311325,TB
mendeley_tb_00893,0.8851643055677414,TB
mendeley_tb_00894,0.9316361844539642,TB
mendeley_tb_00895,0.9598169475793839,TB
mendeley_tb_00896,0.9389433562755585,TB
mendeley_tb_00897,0.9607059806585312,TB
mendeley_tb_00898,0.703745637089014,TB
mendeley_tb_00899,0.9304852336645126,TB
mendeley_tb_00900,0.29271182511001825,Normal
mendeley_tb_00901,0.5899559780955315,TB
mendeley_tb_00902,0.961134284734726,TB
mendeley_tb_00903,0.28055989369750023,Normal
mendeley_tb_00904,0.8900090903043747,TB
mendeley_tb_00905,0.839489221572876,TB
mendeley_tb_00906,0.6462616436183453,TB
mendeley_tb_00907,0.9063878655433655,TB
mendeley_tb_00908,0.9454437643289566,TB
mendeley_tb_00909,0.8595024198293686,TB
mendeley_tb_00910,0.9359903186559677,TB
mendeley_tb_00911,0.8847735226154327,TB
mendeley_tb_00912,0.9156112223863602,TB
mendeley_tb_00913,0.9341040253639221,TB
mendeley_tb_00914,0.9692457616329193,TB
mendeley_tb_00915,0.8369466960430145,TB
mendeley_tb_00916,0.9503566473722458,TB
mendeley_tb_00917,0.9566289633512497,TB
mendeley_tb_00918,0.9195903539657593,TB
mendeley_tb_00919,0.956810250878334,TB
mendeley_tb_00920,0.9540441483259201,TB
mendeley_tb_00921,0.9542319625616074,TB
mendeley_tb_00922,0.8770858496427536,TB
mendeley_tb_00923,0.8717098832130432,TB
mendeley_tb_00924,0.9719040542840958,TB
mendeley_tb_00925,0.9713269919157028,TB
mendeley_tb_00926,0.9307216107845306,TB
mendeley_tb_00927,0.9141634702682495,TB
mendeley_tb_00928,0.9466919600963593,TB
mendeley_tb_00929,0.9403590857982635,TB
mendeley_tb_00930,0.911625012755394,TB
mendeley_tb_00931,0.9378948211669922,TB
mendeley_tb_00932,0.8392112851142883,TB
mendeley_tb_00933,0.8825699090957642,TB
mendeley_tb_00934,0.9439131021499634,TB
mendeley_tb_00935,0.30546157620847225,Normal
mendeley_tb_00936,0.8030262812972069,TB
mendeley_tb_00937,0.932933121919632,TB
mendeley_tb_00938,0.8623546361923218,TB
mendeley_tb_00939,0.954182505607605,TB
mendeley_tb_00940,0.9638427942991257,TB
mendeley_tb_00941,0.9356894642114639,TB
mendeley_tb_00942,0.8023814186453819,TB
mendeley_tb_00943,0.8977324664592743,TB
mendeley_tb_00944,0.9604129493236542,TB
mendeley_tb_00945,0.9249747395515442,TB
mendeley_tb_00946,0.9591225236654282,TB
mendeley_tb_00947,0.9514977931976318,TB
mendeley_tb_00948,0.9369652271270752,TB
mendeley_tb_00949,0.9475722163915634,TB
mendeley_tb_00950,0.9627096056938171,TB
mendeley_tb_00951,0.7381595373153687,TB
mendeley_tb_00952,0.8710730373859406,TB
mendeley_tb_00953,0.8884071111679077,TB
mendeley_tb_00954,0.5635630376636982,TB
mendeley_tb_00955,0.783041425049305,TB
mendeley_tb_00956,0.9114847779273987,TB
mendeley_tb_00957,0.9193629920482635,TB
mendeley_tb_00958,0.9219397902488708,TB
mendeley_tb_00959,0.9643043428659439,TB
mendeley_tb_00960,0.9323067367076874,TB
mendeley_tb_00961,0.9220209568738937,TB
mendeley_tb_00962,0.9049447923898697,TB
mendeley_tb_00963,0.8777097165584564,TB
mendeley_tb_00964,0.9248373657464981,TB
mendeley_tb_00965,0.9392570704221725,TB
mendeley_tb_00966,0.9559245407581329,TB
mendeley_tb_00967,0.9524634629487991,TB
mendeley_tb_00968,0.9368218928575516,TB
mendeley_tb_00969,0.8955014497041702,TB
mendeley_tb_00970,0.9663239270448685,TB
mendeley_tb_00971,0.311531625688076,Normal
mendeley_tb_00972,0.8967847228050232,TB
mendeley_tb_00973,0.7639248669147491,TB
mendeley_tb_00974,0.9634804576635361,TB
mendeley_tb_00975,0.9533753842115402,TB
mendeley_tb_00976,0.8990707397460938,TB
mendeley_tb_00977,0.9578280597925186,TB
mendeley_tb_00978,0.944966584444046,TB
mendeley_tb_00979,0.944411501288414,TB
mendeley_tb_00980,0.7573456168174744,TB
mendeley_tb_00981,0.8851839303970337,TB
mendeley_tb_00982,0.9604835659265518,TB
mendeley_tb_00983,0.729441910982132,TB
mendeley_tb_00984,0.8497534096240997,TB
mendeley_tb_00985,0.9700798988342285,TB
mendeley_tb_00986,0.8966550529003143,TB
mendeley_tb_00987,0.8941271901130676,TB
mendeley_tb_00988,0.6461131870746613,TB
mendeley_tb_00989,0.9641128182411194,TB
mendeley_tb_00990,0.8845618665218353,TB
mendeley_tb_00991,0.9473149627447128,TB
mendeley_tb_00992,0.5579648651182652,TB
mendeley_tb_00993,0.930010125041008,TB
mendeley_tb_00994,0.869292676448822,TB
mendeley_tb_00995,0.9512017369270325,TB
mendeley_tb_00996,0.9688085317611694,TB
mendeley_tb_00997,0.9012078195810318,TB
mendeley_tb_00998,0.9717568308115005,TB
mendeley_tb_00999,0.8939185440540314,TB
mendeley_tb_01000,0.9363980293273926,TB
mendeley_tb_01001,0.9381444454193115,TB
mendeley_tb_01002,0.9592514336109161,TB
mendeley_tb_01003,0.9262084513902664,TB
mendeley_tb_01004,0.9440589994192123,TB
mendeley_tb_01005,0.8490675240755081,TB
mendeley_tb_01006,0.9425667524337769,TB
mendeley_tb_01007,0.9605764895677567,TB
mendeley_tb_01008,0.9510587304830551,TB
mendeley_tb_01009,0.8188828825950623,TB
mendeley_tb_01010,0.9597778916358948,TB
mendeley_tb_01011,0.9343368411064148,TB
mendeley_tb_01012,0.9268238693475723,TB
mendeley_tb_01013,0.6439367085695267,TB
mendeley_tb_01014,0.9625095576047897,TB
mendeley_tb_01015,0.9652433842420578,TB
mendeley_tb_01016,0.8656729310750961,TB
mendeley_tb_01017,0.8526107668876648,TB
mendeley_tb_01018,0.9602285474538803,TB
mendeley_tb_01019,0.929883137345314,TB
mendeley_tb_01020,0.9361568242311478,TB
mendeley_tb_01021,0.7466196417808533,TB
mendeley_tb_01022,0.8819540143013,TB
mendeley_tb_01023,0.8353665173053741,TB
mendeley_tb_01024,0.9630015194416046,TB
mendeley_tb_01025,0.9358979016542435,TB
mendeley_tb_01026,0.9500407427549362,TB
mendeley_tb_01027,0.8743429183959961,TB
mendeley_tb_01028,0.896127238869667,TB
mendeley_tb_01029,0.769081324338913,TB
mendeley_tb_01030,0.965198278427124,TB
mendeley_tb_01031,0.945078581571579,TB
mendeley_tb_01032,0.8722249865531921,TB
mendeley_tb_01033,0.9476554542779922,TB
mendeley_tb_01034,0.9317841082811356,TB
mendeley_tb_01035,0.8139816671609879,TB
mendeley_tb_01036,0.8040399700403214,TB
mendeley_tb_01037,0.9199711233377457,TB
mendeley_tb_01038,0.8453633785247803,TB
mendeley_tb_01039,0.7600379139184952,TB
mendeley_tb_01040,0.6016035713255405,TB
mendeley_tb_01041,0.951848179101944,TB
mendeley_tb_01042,0.9203044027090073,TB
mendeley_tb_01043,0.8997748792171478,TB
mendeley_tb_01044,0.9060408622026443,TB
mendeley_tb_01045,0.7891730293631554,TB
mendeley_tb_01046,0.9228560477495193,TB
mendeley_tb_01047,0.9692686349153519,TB
mendeley_tb_01048,0.9603804498910904,TB
mendeley_tb_01049,0.9549105316400528,TB
mendeley_tb_01050,0.9354855567216873,TB
mendeley_tb_01051,0.9311991333961487,TB
mendeley_tb_01052,0.907687246799469,TB
mendeley_tb_01053,0.944587454199791,TB
mendeley_tb_01054,0.9453772455453873,TB
mendeley_tb_01055,0.973951905965805,TB
mendeley_tb_01056,0.8290348201990128,TB
mendeley_tb_01057,0.47369808703660965,Normal
mendeley_tb_01058,0.9728539288043976,TB
mendeley_tb_01059,0.9381313771009445,TB
mendeley_tb_01060,0.9543298631906509,TB
mendeley_tb_01061,0.9634877741336823,TB
mendeley_tb_01062,0.9328325539827347,TB
mendeley_tb_01063,0.9680292308330536,TB
mendeley_tb_01064,0.9722918570041656,TB
mendeley_tb_01065,0.9364833831787109,TB
mendeley_tb_01066,0.9576691538095474,TB
mendeley_tb_01067,0.953790545463562,TB
mendeley_tb_01068,0.7499699890613556,TB
mendeley_tb_01069,0.9493256509304047,TB
mendeley_tb_01070,0.9243822991847992,TB
mendeley_tb_01071,0.9706940054893494,TB
mendeley_tb_01072,0.9386419206857681,TB
mendeley_tb_01073,0.37659927085042,Normal
mendeley_tb_01074,0.9674176424741745,TB
mendeley_tb_01075,0.9434836059808731,TB
mendeley_tb_01076,0.8669123649597168,TB
mendeley_tb_01077,0.9447546601295471,TB
mendeley_tb_01078,0.8723454773426056,TB
mendeley_tb_01079,0.9582420289516449,TB
mendeley_tb_01080,0.8974796533584595,TB
mendeley_tb_01081,0.8991481512784958,TB
mendeley_tb_01082,0.9703988432884216,TB
mendeley_tb_01083,0.9294453561306,TB
mendeley_tb_01084,0.9463402777910233,TB
mendeley_tb_01085,0.9213190972805023,TB
mendeley_tb_01086,0.8520406037569046,TB
mendeley_tb_01087,0.9559492021799088,TB
mendeley_tb_01088,0.9671198427677155,TB
mendeley_tb_01089,0.9010336846113205,TB
mendeley_tb_01090,0.929174393415451,TB
mendeley_tb_01091,0.8580216765403748,TB
mendeley_tb_01092,0.8664198815822601,TB
mendeley_tb_01093,0.9264018833637238,TB
mendeley_tb_01094,0.8859886229038239,TB
mendeley_tb_01095,0.9376450330018997,TB
mendeley_tb_01096,0.95997454226017,TB
mendeley_tb_01097,0.9600728303194046,TB
mendeley_tb_01098,0.547360360622406,TB
mendeley_tb_01099,0.9331744313240051,TB
mendeley_tb_01100,0.9190512150526047,TB
mendeley_tb_01101,0.9452953189611435,TB
mendeley_tb_01102,0.9505850225687027,TB
mendeley_tb_01103,0.9532283693552017,TB
mendeley_tb_01104,0.9663866758346558,TB
mendeley_tb_01105,0.8814344108104706,TB
mendeley_tb_01106,0.9265644550323486,TB
mendeley_tb_01107,0.9621051698923111,TB
mendeley_tb_01108,0.9684181660413742,TB
mendeley_tb_01109,0.9177865386009216,TB
mendeley_tb_01110,0.9401435405015945,TB
mendeley_tb_01111,0.8583384454250336,TB
mendeley_tb_01112,0.8501678109169006,TB
mendeley_tb_01113,0.9330330491065979,TB
mendeley_tb_01114,0.960371121764183,TB
mendeley_tb_01115,0.9129118174314499,TB
mendeley_tb_01116,0.9482115507125854,TB
mendeley_tb_01117,0.8771154880523682,TB
mendeley_tb_01118,0.9011178463697433,TB
mendeley_tb_01119,0.9310379326343536,TB
mendeley_tb_01120,0.9445091038942337,TB
mendeley_tb_01121,0.8549987375736237,TB
mendeley_tb_01122,0.7929206490516663,TB
mendeley_tb_01123,0.8224148154258728,TB
mendeley_tb_01124,0.8885033875703812,TB
mendeley_tb_01125,0.9680083990097046,TB
mendeley_tb_01126,0.8457509130239487,TB
mendeley_tb_01127,0.8379781097173691,TB
mendeley_tb_01128,0.9595250934362411,TB
mendeley_tb_01129,0.5391039550304413,TB
mendeley_tb_01130,0.7558222264051437,TB
mendeley_tb_01131,0.9581532925367355,TB
mendeley_tb_01132,0.9604703336954117,TB
mendeley_tb_01133,0.8886789679527283,TB
mendeley_tb_01134,0.9521952569484711,TB
mendeley_tb_01135,0.7958308607339859,TB
mendeley_tb_01136,0.9583669006824493,TB
mendeley_tb_01137,0.9355476796627045,TB
mendeley_tb_01138,0.9288988709449768,TB
mendeley_tb_01139,0.8152603656053543,TB
mendeley_tb_01140,0.9629800617694855,TB
mendeley_tb_01141,0.963236078619957,TB
mendeley_tb_01142,0.9330334514379501,TB
mendeley_tb_01143,0.9691086262464523,TB
mendeley_tb_01144,0.8630731552839279,TB
mendeley_tb_01145,0.8083426281809807,TB
mendeley_tb_01146,0.8794168382883072,TB
mendeley_tb_01147,0.7296360433101654,TB
mendeley_tb_01148,0.9420023709535599,TB
mendeley_tb_01149,0.9487102031707764,TB
mendeley_tb_01150,0.960736483335495,TB
mendeley_tb_01151,0.9139552265405655,TB
mendeley_tb_01152,0.8749074637889862,TB
mendeley_tb_01153,0.8258494883775711,TB
mendeley_tb_01154,0.9475382715463638,TB
mendeley_tb_01155,0.8753277510404587,TB
mendeley_tb_01156,0.9673277139663696,TB
mendeley_tb_01157,0.9690761417150497,TB
mendeley_tb_01158,0.9590779542922974,TB
mendeley_tb_01159,0.8758459538221359,TB
mendeley_tb_01160,0.8130145594477654,TB
mendeley_tb_01161,0.7241783738136292,TB
mendeley_tb_01162,0.9577909708023071,TB
mendeley_tb_01163,0.9609615355730057,TB
mendeley_tb_01164,0.8630360215902328,TB
mendeley_tb_01165,0.9555497318506241,TB
mendeley_tb_01166,0.9478151798248291,TB
mendeley_tb_01167,0.8484320342540741,TB
mendeley_tb_01168,0.9331634491682053,TB
mendeley_tb_01169,0.8123690187931061,TB
mendeley_tb_01170,0.9491202533245087,TB
mendeley_tb_01171,0.9386540502309799,TB
mendeley_tb_01172,0.8669047355651855,TB
mendeley_tb_01173,0.6325844004750252,TB
mendeley_tb_01174,0.907611146569252,TB
mendeley_tb_01175,0.9630436450242996,TB
mendeley_tb_01176,0.9367997795343399,TB
mendeley_tb_01177,0.8489329963922501,TB
mendeley_tb_01178,0.9646546542644501,TB
mendeley_tb_01179,0.9461984634399414,TB
mendeley_tb_01180,0.9739579856395721,TB
mendeley_tb_01181,0.5753024891018867,TB
mendeley_tb_01182,0.9738646149635315,TB
mendeley_tb_01183,0.9101738482713699,TB
mendeley_tb_01184,0.63672049716115,TB
mendeley_tb_01185,0.9666162580251694,TB
mendeley_tb_01186,0.8717985451221466,TB
mendeley_tb_01187,0.8634755611419678,TB
mendeley_tb_01188,0.8670905232429504,TB
mendeley_tb_01189,0.6441459730267525,TB
mendeley_tb_01190,0.9284767061471939,TB
mendeley_tb_01191,0.9145406782627106,TB
mendeley_tb_01192,0.9236592203378677,TB
mendeley_tb_01193,0.9520173519849777,TB
mendeley_tb_01194,0.4783203899860382,Normal
mendeley_tb_01195,0.5721192322671413,TB
mendeley_tb_01196,0.9214420765638351,TB
mendeley_tb_01197,0.959381952881813,TB
mendeley_tb_01198,0.959667444229126,TB
mendeley_tb_01199,0.6924061328172684,TB
mendeley_tb_01200,0.9628645479679108,TB
mendeley_tb_01201,0.9190150797367096,TB
mendeley_tb_01202,0.8666504770517349,TB
mendeley_tb_01203,0.8211151286959648,TB
mendeley_tb_01204,0.9066814035177231,TB
mendeley_tb_01205,0.9646189957857132,TB
mendeley_tb_01206,0.9480063319206238,TB
mendeley_tb_01207,0.9712673723697662,TB
mendeley_tb_01208,0.9571990221738815,TB
mendeley_tb_01209,0.9096319228410721,TB
mendeley_tb_01210,0.9072120785713196,TB
mendeley_tb_01211,0.9253334850072861,TB
mendeley_tb_01212,0.901043176651001,TB
mendeley_tb_01213,0.95292067527771,TB
mendeley_tb_01214,0.9174661487340927,TB
mendeley_tb_01215,0.8706224262714386,TB
mendeley_tb_01216,0.8437051177024841,TB
mendeley_tb_01217,0.9477602988481522,TB
mendeley_tb_01218,0.9231359213590622,TB
mendeley_tb_01219,0.9105856120586395,TB
mendeley_tb_01220,0.9375696182250977,TB
mendeley_tb_01221,0.9361671656370163,TB
mendeley_tb_01222,0.9622437953948975,TB
mendeley_tb_01223,0.7578504383563995,TB
mendeley_tb_01224,0.9306294322013855,TB
mendeley_tb_01225,0.9258475750684738,TB
mendeley_tb_01226,0.8914598822593689,TB
mendeley_tb_01227,0.9480135142803192,TB
mendeley_tb_01228,0.9378084689378738,TB
mendeley_tb_01229,0.9608965218067169,TB
mendeley_tb_01230,0.9239093363285065,TB
mendeley_tb_01231,0.8697813153266907,TB
mendeley_tb_01232,0.9384878873825073,TB
mendeley_tb_01233,0.9297213554382324,TB
mendeley_tb_01234,0.9470445811748505,TB
mendeley_tb_01235,0.9102736115455627,TB
mendeley_tb_01236,0.8670683056116104,TB
mendeley_tb_01237,0.9675274044275284,TB
mendeley_tb_01238,0.7027609385550022,TB
mendeley_tb_01239,0.9071706384420395,TB
mendeley_tb_01240,0.934210017323494,TB
mendeley_tb_01241,0.964817613363266,TB
mendeley_tb_01242,0.9521121233701706,TB
mendeley_tb_01243,0.7326547652482986,TB
mendeley_tb_01244,0.9448176622390747,TB
mendeley_tb_01245,0.9041924774646759,TB
mendeley_tb_01246,0.9581469595432281,TB
mendeley_tb_01247,0.9558379054069519,TB
mendeley_tb_01248,0.6695806309580803,TB
mendeley_tb_01249,0.9608077108860016,TB
mendeley_tb_01250,0.910284698009491,TB
mendeley_tb_01251,0.970718502998352,TB
mendeley_tb_01252,0.9663167595863342,TB
mendeley_tb_01253,0.9268213659524918,TB
mendeley_tb_01254,0.9588478952646255,TB
mendeley_tb_01255,0.752462700009346,TB
mendeley_tb_01256,0.9435373395681381,TB
mendeley_tb_01257,0.9229568541049957,TB
mendeley_tb_01258,0.9312678426504135,TB
mendeley_tb_01259,0.9226778745651245,TB
mendeley_tb_01260,0.9297406673431396,TB
mendeley_tb_01261,0.902371346950531,TB
mendeley_tb_01262,0.8765178471803665,TB
mendeley_tb_01263,0.8050639629364014,TB
mendeley_tb_01264,0.9520283937454224,TB
mendeley_tb_01265,0.9423182457685471,TB
mendeley_tb_01266,0.928922638297081,TB
mendeley_tb_01267,0.9355197250843048,TB
mendeley_tb_01268,0.9478525966405869,TB
mendeley_tb_01269,0.9498218297958374,TB
mendeley_tb_01270,0.9320379048585892,TB
mendeley_tb_01271,0.9595706909894943,TB
mendeley_tb_01272,0.9417131245136261,TB
mendeley_tb_01273,0.9280120134353638,TB
mendeley_tb_01274,0.960759773850441,TB
mendeley_tb_01275,0.9580416828393936,TB
mendeley_tb_01276,0.9307038635015488,TB
mendeley_tb_01277,0.9136870205402374,TB
mendeley_tb_01278,0.949090838432312,TB
mendeley_tb_01279,0.9564277827739716,TB
mendeley_tb_01280,0.8870448172092438,TB
mendeley_tb_01281,0.9491878896951675,TB
mendeley_tb_01282,0.9571356624364853,TB
mendeley_tb_01283,0.8190026134252548,TB
mendeley_tb_01284,0.662383183836937,TB
mendeley_tb_01285,0.7622446119785309,TB
mendeley_tb_01286,0.9564031213521957,TB
mendeley_tb_01287,0.9069725871086121,TB
mendeley_tb_01288,0.9529853165149689,TB
mendeley_tb_01289,0.8220849484205246,TB
mendeley_tb_01290,0.9383192211389542,TB
mendeley_tb_01291,0.9624414294958115,TB
mendeley_tb_01292,0.8029694855213165,TB
mendeley_tb_01293,0.5511402264237404,TB
mendeley_tb_01294,0.5442559272050858,TB
mendeley_tb_01295,0.38111666589975357,Normal
mendeley_tb_01296,0.9224179834127426,TB
mendeley_tb_01297,0.9575188159942627,TB
mendeley_tb_01298,0.951152577996254,TB
mendeley_tb_01299,0.6731644310057163,TB
mendeley_tb_01300,0.9470990747213364,TB
mendeley_tb_01301,0.9213388860225677,TB
mendeley_tb_01302,0.6452169455587864,TB
mendeley_tb_01303,0.9200547337532043,TB
mendeley_tb_01304,0.9036310464143753,TB
mendeley_tb_01305,0.9182780236005783,TB
mendeley_tb_01306,0.9438875019550323,TB
mendeley_tb_01307,0.7391581982374191,TB
mendeley_tb_01308,0.8906709253787994,TB
mendeley_tb_01309,0.9419104158878326,TB
mendeley_tb_01310,0.9383312314748764,TB
mendeley_tb_01311,0.8438259959220886,TB
mendeley_tb_01312,0.9659235626459122,TB
mendeley_tb_01313,0.9699065685272217,TB
mendeley_tb_01314,0.9647345840930939,TB
mendeley_tb_01315,0.9657197296619415,TB
mendeley_tb_01316,0.9176268130540848,TB
mendeley_tb_01317,0.8895580172538757,TB
mendeley_tb_01318,0.9503466933965683,TB
mendeley_tb_01319,0.9492410719394684,TB
mendeley_tb_01320,0.9602972865104675,TB
mendeley_tb_01321,0.9547984302043915,TB
mendeley_tb_01322,0.8672122657299042,TB
mendeley_tb_01323,0.9213267266750336,TB
mendeley_tb_01324,0.9719907194375992,TB
mendeley_tb_01325,0.8894044905900955,TB
mendeley_tb_01326,0.9369562417268753,TB
mendeley_tb_01327,0.9530090689659119,TB
mendeley_tb_01328,0.9200017601251602,TB
mendeley_tb_01329,0.8685232549905777,TB
mendeley_tb_01330,0.9362811595201492,TB
mendeley_tb_01331,0.9407173693180084,TB
mendeley_tb_01332,0.9352361261844635,TB
mendeley_tb_01333,0.8881776630878448,TB
mendeley_tb_01334,0.8915182054042816,TB
mendeley_tb_01335,0.910540908575058,TB
mendeley_tb_01336,0.963408961892128,TB
mendeley_tb_01337,0.949412927031517,TB
mendeley_tb_01338,0.9169325977563858,TB
mendeley_tb_01339,0.9137889593839645,TB
mendeley_tb_01340,0.9598599076271057,TB
mendeley_tb_01341,0.8730500787496567,TB
mendeley_tb_01342,0.9520578533411026,TB
mendeley_tb_01343,0.8291643261909485,TB
mendeley_tb_01344,0.9579637348651886,TB
mendeley_tb_01345,0.9639934450387955,TB
mendeley_tb_01346,0.9255732744932175,TB
mendeley_tb_01347,0.9299821704626083,TB
mendeley_tb_01348,0.942912295460701,TB
mendeley_tb_01349,0.8583967685699463,TB
mendeley_tb_01350,0.8685611486434937,TB
mendeley_tb_01351,0.9694728404283524,TB
mendeley_tb_01352,0.7411545813083649,TB
mendeley_tb_01353,0.9418932050466537,TB
mendeley_tb_01354,0.9127900302410126,TB
mendeley_tb_01355,0.9593307375907898,TB
mendeley_tb_01356,0.9566157013177872,TB
mendeley_tb_01357,0.8220635801553726,TB
mendeley_tb_01358,0.9496040642261505,TB
mendeley_tb_01359,0.8894527852535248,TB
mendeley_tb_01360,0.9478162527084351,TB
mendeley_tb_01361,0.9631423503160477,TB
mendeley_tb_01362,0.9381664544343948,TB
mendeley_tb_01363,0.8437472581863403,TB
mendeley_tb_01364,0.9654235541820526,TB
mendeley_tb_01365,0.9644615948200226,TB
mendeley_tb_01366,0.9683411866426468,TB
mendeley_tb_01367,0.7955518662929535,TB
mendeley_tb_01368,0.9345697313547134,TB
mendeley_tb_01369,0.9679143279790878,TB
mendeley_tb_01370,0.6556149497628212,TB
mendeley_tb_01371,0.8854977935552597,TB
mendeley_tb_01372,0.8575108498334885,TB
mendeley_tb_01373,0.9521389305591583,TB
mendeley_tb_01374,0.9713601768016815,TB
mendeley_tb_01375,0.9746247082948685,TB
mendeley_tb_01376,0.8918733298778534,TB
mendeley_tb_01377,0.9601609259843826,TB
mendeley_tb_01378,0.8580341190099716,TB
mendeley_tb_01379,0.6765719614923,TB
mendeley_tb_01380,0.7994658350944519,TB
mendeley_tb_01381,0.8480736166238785,TB
mendeley_tb_01382,0.8731664717197418,TB
mendeley_tb_01383,0.8060680627822876,TB
mendeley_tb_01384,0.8946987241506577,TB
mendeley_tb_01385,0.8959708511829376,TB
mendeley_tb_01386,0.9556166082620621,TB
mendeley_tb_01387,0.9683918654918671,TB
mendeley_tb_01388,0.9161828607320786,TB
mendeley_tb_01389,0.8411373496055603,TB
mendeley_tb_01390,0.8732692897319794,TB
mendeley_tb_01391,0.8799089193344116,TB
mendeley_tb_01392,0.9248217791318893,TB
mendeley_tb_01393,0.9012030959129333,TB
mendeley_tb_01394,0.9449084848165512,TB
mendeley_tb_01395,0.9186272472143173,TB
mendeley_tb_01396,0.8970144838094711,TB
mendeley_tb_01397,0.9740549921989441,TB
mendeley_tb_01398,0.9538871347904205,TB
mendeley_tb_01399,0.9263225644826889,TB
mendeley_tb_01400,0.9049794524908066,TB
mendeley_tb_01401,0.8809254467487335,TB
mendeley_tb_01402,0.9475802332162857,TB
mendeley_tb_01403,0.9190890341997147,TB
mendeley_tb_01404,0.7628111019730568,TB
mendeley_tb_01405,0.9566641747951508,TB
mendeley_tb_01406,0.8847901076078415,TB
mendeley_tb_01407,0.8091640248894691,TB
mendeley_tb_01408,0.9225720316171646,TB
mendeley_tb_01409,0.6832521855831146,TB
mendeley_tb_01410,0.8911354392766953,TB
mendeley_tb_01411,0.9405737221240997,TB
mendeley_tb_01412,0.8350473195314407,TB
mendeley_tb_01413,0.8476948440074921,TB
mendeley_tb_01414,0.9683425724506378,TB
mendeley_tb_01415,0.8300877958536148,TB
mendeley_tb_01416,0.9680796265602112,TB
mendeley_tb_01417,0.9083332866430283,TB
mendeley_tb_01418,0.6715415790677071,TB
mendeley_tb_01419,0.7788609340786934,TB
mendeley_tb_01420,0.6396796107292175,TB
mendeley_tb_01421,0.8973666578531265,TB
mendeley_tb_01422,0.9640362709760666,TB
mendeley_tb_01423,0.958561971783638,TB
mendeley_tb_01424,0.96769018471241,TB
mendeley_tb_01425,0.9526210427284241,TB
mendeley_tb_01426,0.9603336751461029,TB
mendeley_tb_01427,0.9530842006206512,TB
mendeley_tb_01428,0.8248441815376282,TB
mendeley_tb_01429,0.9242074638605118,TB
mendeley_tb_01430,0.705084964632988,TB
mendeley_tb_01431,0.9566780030727386,TB
mendeley_tb_01432,0.966512605547905,TB
mendeley_tb_01433,0.9540333151817322,TB
mendeley_tb_01434,0.962296649813652,TB
mendeley_tb_01435,0.876428872346878,TB
mendeley_tb_01436,0.9387149959802628,TB
mendeley_tb_01437,0.9413039684295654,TB
mendeley_tb_01438,0.8703308701515198,TB
mendeley_tb_01439,0.9527852237224579,TB
mendeley_tb_01440,0.9448438882827759,TB
mendeley_tb_01441,0.9580164402723312,TB
mendeley_tb_01442,0.9463919550180435,TB
mendeley_tb_01443,0.9074883013963699,TB
mendeley_tb_01444,0.962813600897789,TB
mendeley_tb_01445,0.9191362112760544,TB
mendeley_tb_01446,0.9499675780534744,TB
mendeley_tb_01447,0.874517634510994,TB
mendeley_tb_01448,0.9717835336923599,TB
mendeley_tb_01449,0.9672494232654572,TB
mendeley_tb_01450,0.9395631104707718,TB
mendeley_tb_01451,0.8857501596212387,TB
mendeley_tb_01452,0.9567283093929291,TB
mendeley_tb_01453,0.6749859228730202,TB
mendeley_tb_01454,0.9278937131166458,TB
mendeley_tb_01455,0.9469491690397263,TB
mendeley_tb_01456,0.8710632026195526,TB
mendeley_tb_01457,0.9089583456516266,TB
mendeley_tb_01458,0.888266384601593,TB
mendeley_tb_01459,0.9291226714849472,TB
mendeley_tb_01460,0.9547106027603149,TB
mendeley_tb_01461,0.8332316875457764,TB
mendeley_tb_01462,0.8313453495502472,TB
mendeley_tb_01463,0.9516899138689041,TB
mendeley_tb_01464,0.955452635884285,TB
mendeley_tb_01465,0.9032081514596939,TB
mendeley_tb_01466,0.9029587358236313,TB
mendeley_tb_01467,0.9649023413658142,TB
mendeley_tb_01468,0.8630419820547104,TB
mendeley_tb_01469,0.8279033154249191,TB
mendeley_tb_01470,0.9305699467658997,TB
mendeley_tb_01471,0.9608748257160187,TB
mendeley_tb_01472,0.8352245762944221,TB
mendeley_tb_01473,0.9477500468492508,TB
mendeley_tb_01474,0.9549653977155685,TB
mendeley_tb_01475,0.9360806196928024,TB
mendeley_tb_01476,0.8995822221040726,TB
mendeley_tb_01477,0.9405169934034348,TB
mendeley_tb_01478,0.7985354065895081,TB
mendeley_tb_01479,0.8080507665872574,TB
mendeley_tb_01480,0.9601938128471375,TB
mendeley_tb_01481,0.6400780528783798,TB
mendeley_tb_01482,0.8631189316511154,TB
mendeley_tb_01483,0.954618364572525,TB
mendeley_tb_01484,0.8481922298669815,TB
mendeley_tb_01485,0.9324081391096115,TB
mendeley_tb_01486,0.8258332684636116,TB
mendeley_tb_01487,0.8597868978977203,TB
mendeley_tb_01488,0.9024062007665634,TB
mendeley_tb_01489,0.8466151505708694,TB
mendeley_tb_01490,0.763440228998661,TB
mendeley_tb_01491,0.4157540909945965,Normal
mendeley_tb_01492,0.7011972367763519,TB
mendeley_tb_01493,0.919757604598999,TB
mendeley_tb_01494,0.9610293209552765,TB
mendeley_tb_01495,0.7014533504843712,TB
mendeley_tb_01496,0.9194983392953873,TB
mendeley_tb_01497,0.9535618126392365,TB
mendeley_tb_01498,0.297709085047245,Normal
mendeley_tb_01499,0.39217168651521206,Normal
mendeley_tb_01500,0.9327171593904495,TB
mendeley_tb_01501,0.8981916457414627,TB
mendeley_tb_01502,0.8641026616096497,TB
mendeley_tb_01503,0.8690541833639145,TB
mendeley_tb_01504,0.9700097888708115,TB
mendeley_tb_01505,0.9454495757818222,TB
mendeley_tb_01506,0.9395027458667755,TB
mendeley_tb_01507,0.9321680217981339,TB
mendeley_tb_01508,0.9258604496717453,TB
mendeley_tb_01509,0.9677454233169556,TB
mendeley_tb_01510,0.8942858576774597,TB
mendeley_tb_01511,0.770009346306324,TB
mendeley_tb_01512,0.9566257745027542,TB
mendeley_tb_01513,0.951737254858017,TB
mendeley_tb_01514,0.6552951000630856,TB
mendeley_tb_01515,0.8912400752305984,TB
mendeley_tb_01516,0.9140167385339737,TB
mendeley_tb_01517,0.9562698900699615,TB
mendeley_tb_01518,0.935314804315567,TB
mendeley_tb_01519,0.9606601446866989,TB
mendeley_tb_01520,0.684280700981617,TB
mendeley_tb_01521,0.9674242734909058,TB
mendeley_tb_01522,0.9322134405374527,TB
mendeley_tb_01523,0.9271283596754074,TB
mendeley_tb_01524,0.9505926072597504,TB
mendeley_tb_01525,0.870034709572792,TB
mendeley_tb_01526,0.9676523506641388,TB
mendeley_tb_01527,0.9165601283311844,TB
mendeley_tb_01528,0.9645043611526489,TB
mendeley_tb_01529,0.9374866783618927,TB
mendeley_tb_01530,0.9214773327112198,TB
mendeley_tb_01531,0.9643264412879944,TB
mendeley_tb_01532,0.7417384684085846,TB
mendeley_tb_01533,0.9590813368558884,TB
mendeley_tb_01534,0.9485032558441162,TB
mendeley_tb_01535,0.9082731604576111,TB
mendeley_tb_01536,0.41682547703385353,Normal
mendeley_tb_01537,0.6866797059774399,TB
mendeley_tb_01538,0.952840730547905,TB
mendeley_tb_01539,0.9469506442546844,TB
mendeley_tb_01540,0.9484938085079193,TB
mendeley_tb_01541,0.8098638653755188,TB
mendeley_tb_01542,0.7833497673273087,TB
mendeley_tb_01543,0.9410628229379654,TB
mendeley_tb_01544,0.9491844922304153,TB
mendeley_tb_01545,0.5246957279741764,TB
mendeley_tb_01546,0.9583690017461777,TB
mendeley_tb_01547,0.8958459198474884,TB
mendeley_tb_01548,0.5054320842027664,TB
mendeley_tb_01549,0.6477735675871372,TB
mendeley_tb_01550,0.7626051157712936,TB
mendeley_tb_01551,0.9485817104578018,TB
mendeley_tb_01552,0.9580061584711075,TB
mendeley_tb_01553,0.700737901031971,TB
mendeley_tb_01554,0.960108071565628,TB
mendeley_tb_01555,0.9675095826387405,TB
mendeley_tb_01556,0.92043137550354,TB
mendeley_tb_01557,0.9550836980342865,TB
mendeley_tb_01558,0.9362615942955017,TB
mendeley_tb_01559,0.9616786688566208,TB
mendeley_tb_01560,0.5997884012758732,TB
mendeley_tb_01561,0.8601002097129822,TB
mendeley_tb_01562,0.9157563745975494,TB
mendeley_tb_01563,0.9668216705322266,TB
mendeley_tb_01564,0.9673967361450195,TB
mendeley_tb_01565,0.9079924672842026,TB
mendeley_tb_01566,0.6787902116775513,TB
mendeley_tb_01567,0.9081844836473465,TB
mendeley_tb_01568,0.7840419635176659,TB
mendeley_tb_01569,0.9332224279642105,TB
mendeley_tb_01570,0.8083736002445221,TB
mendeley_tb_01571,0.965843066573143,TB
mendeley_tb_01572,0.9041219800710678,TB
mendeley_tb_01573,0.7175742536783218,TB
mendeley_tb_01574,0.9348451644182205,TB
mendeley_tb_01575,0.9624527394771576,TB
mendeley_tb_01576,0.8623684495687485,TB
mendeley_tb_01577,0.9659639447927475,TB
mendeley_tb_01578,0.9204621464014053,TB
mendeley_tb_01579,0.37929557636380196,Normal
mendeley_tb_01580,0.9037790894508362,TB
mendeley_tb_01581,0.5049164965748787,TB
mendeley_tb_01582,0.883284866809845,TB
mendeley_tb_01583,0.9245372116565704,TB
mendeley_tb_01584,0.9312833249568939,TB
mendeley_tb_01585,0.8392447382211685,TB
mendeley_tb_01586,0.7270979583263397,TB
mendeley_tb_01587,0.7972069606184959,TB
mendeley_tb_01588,0.901484340429306,TB
mendeley_tb_01589,0.9692799001932144,TB
mendeley_tb_01590,0.6334234699606895,TB
mendeley_tb_01591,0.7150554955005646,TB
mendeley_tb_01592,0.9389935582876205,TB
mendeley_tb_01593,0.9481344223022461,TB
mendeley_tb_01594,0.8883852362632751,TB
mendeley_tb_01595,0.9406596124172211,TB
mendeley_tb_01596,0.9685822874307632,TB
mendeley_tb_01597,0.6562614366412163,TB
mendeley_tb_01598,0.8270177245140076,TB
mendeley_tb_01599,0.9081635177135468,TB
mendeley_tb_01600,0.9410685300827026,TB
mendeley_tb_01601,0.9180354624986649,TB
mendeley_tb_01602,0.9411640465259552,TB
mendeley_tb_01603,0.8894592970609665,TB
mendeley_tb_01604,0.9509196877479553,TB
mendeley_tb_01605,0.8745912164449692,TB
mendeley_tb_01606,0.9215364307165146,TB
mendeley_tb_01607,0.9094505310058594,TB
mendeley_tb_01608,0.940744087100029,TB
mendeley_tb_01609,0.8019542843103409,TB
mendeley_tb_01610,0.8770024925470352,TB
mendeley_tb_01611,0.9486674815416336,TB
mendeley_tb_01612,0.7710216119885445,TB
mendeley_tb_01613,0.9315749555826187,TB
mendeley_tb_01614,0.7556327432394028,TB
mendeley_tb_01615,0.8289783000946045,TB
mendeley_tb_01616,0.9480472952127457,TB
mendeley_tb_01617,0.9606317430734634,TB
mendeley_tb_01618,0.9446509033441544,TB
mendeley_tb_01619,0.8217907398939133,TB
mendeley_tb_01620,0.8526393324136734,TB
mendeley_tb_01621,0.9060696363449097,TB
mendeley_tb_01622,0.8148988038301468,TB
mendeley_tb_01623,0.9566196501255035,TB
mendeley_tb_01624,0.8470281213521957,TB
mendeley_tb_01625,0.9126621931791306,TB
mendeley_tb_01626,0.8677258491516113,TB
mendeley_tb_01627,0.9289784580469131,TB
mendeley_tb_01628,0.9607861787080765,TB
mendeley_tb_01629,0.8300714567303658,TB
mendeley_tb_01630,0.9226281940937042,TB
mendeley_tb_01631,0.8214567452669144,TB
mendeley_tb_01632,0.7432772070169449,TB
mendeley_tb_01633,0.946033239364624,TB
mendeley_tb_01634,0.9181543439626694,TB
mendeley_tb_01635,0.926831379532814,TB
mendeley_tb_01636,0.8469230085611343,TB
mendeley_tb_01637,0.9628424942493439,TB
mendeley_tb_01638,0.7995351254940033,TB
mendeley_tb_01639,0.8533266633749008,TB
mendeley_tb_01640,0.9663470834493637,TB
mendeley_tb_01641,0.8177705556154251,TB
mendeley_tb_01642,0.9510511010885239,TB
mendeley_tb_01643,0.9261308163404465,TB
mendeley_tb_01644,0.9519589841365814,TB
mendeley_tb_01645,0.8489944785833359,TB
mendeley_tb_01646,0.9619048684835434,TB
mendeley_tb_01647,0.7897200137376785,TB
mendeley_tb_01648,0.9224458634853363,TB
mendeley_tb_01649,0.8041421622037888,TB
mendeley_tb_01650,0.9647182077169418,TB
mendeley_tb_01651,0.95529904961586,TB
mendeley_tb_01652,0.8670367002487183,TB
mendeley_tb_01653,0.7696793600916862,TB
mendeley_tb_01654,0.6425197459757328,TB
mendeley_tb_01655,0.9535237699747086,TB
mendeley_tb_01656,0.722786758095026,TB
mendeley_tb_01657,0.948661670088768,TB
mendeley_tb_01658,0.8176816552877426,TB
mendeley_tb_01659,0.961253359913826,TB
mendeley_tb_01660,0.9505933225154877,TB
mendeley_tb_01661,0.9499254673719406,TB
mendeley_tb_01662,0.8603525906801224,TB
mendeley_tb_01663,0.9488669782876968,TB
mendeley_tb_01664,0.8204147815704346,TB
mendeley_tb_01665,0.8417874425649643,TB
mendeley_tb_01666,0.9571652859449387,TB
mendeley_tb_01667,0.9511262774467468,TB
mendeley_tb_01668,0.7985572442412376,TB
mendeley_tb_01669,0.626446183770895,TB
mendeley_tb_01670,0.8997375071048737,TB
mendeley_tb_01671,0.24225101619958878,Normal
mendeley_tb_01672,0.6826199293136597,TB
mendeley_tb_01673,0.922689899802208,TB
mendeley_tb_01674,0.8737509399652481,TB
mendeley_tb_01675,0.9495221376419067,TB
mendeley_tb_01676,0.5306030213832855,TB
mendeley_tb_01677,0.9041588306427002,TB
mendeley_tb_01678,0.8565032184123993,TB
mendeley_tb_01679,0.8430772572755814,TB
mendeley_tb_01680,0.8788792639970779,TB
mendeley_tb_01681,0.7758307680487633,TB
mendeley_tb_01682,0.8862399458885193,TB
mendeley_tb_01683,0.9679342359304428,TB
mendeley_tb_01684,0.9599393159151077,TB
mendeley_tb_01685,0.9366085380315781,TB
mendeley_tb_01686,0.9407110661268234,TB
mendeley_tb_01687,0.9351017773151398,TB
mendeley_tb_01688,0.8943382799625397,TB
mendeley_tb_01689,0.9681263864040375,TB
mendeley_tb_01690,0.849221907556057,TB
mendeley_tb_01691,0.9507961273193359,TB
mendeley_tb_01692,0.8777161687612534,TB
mendeley_tb_01693,0.9087851345539093,TB
mendeley_tb_01694,0.9653583317995071,TB
mendeley_tb_01695,0.9451520293951035,TB
mendeley_tb_01696,0.8762727975845337,TB
mendeley_tb_01697,0.9508606791496277,TB
mendeley_tb_01698,0.8877945244312286,TB
mendeley_tb_01699,0.9632150679826736,TB
mendeley_tb_01700,0.8787430673837662,TB
mendeley_tb_01701,0.9144261926412582,TB
mendeley_tb_01702,0.9520901292562485,TB
mendeley_tb_01703,0.6685194000601768,TB
mendeley_tb_01704,0.8586299419403076,TB
mendeley_tb_01705,0.9197372049093246,TB
mendeley_tb_01706,0.8753950148820877,TB
mendeley_tb_01707,0.9275842308998108,TB
mendeley_tb_01708,0.9601826667785645,TB
mendeley_tb_01709,0.8780995756387711,TB
mendeley_tb_01710,0.9540299326181412,TB
mendeley_tb_01711,0.8103704005479813,TB
mendeley_tb_01712,0.9618178009986877,TB
mendeley_tb_01713,0.9292479604482651,TB
mendeley_tb_01714,0.9669217467308044,TB
mendeley_tb_01715,0.9202045500278473,TB
mendeley_tb_01716,0.8804208189249039,TB
mendeley_tb_01717,0.9446320831775665,TB
mendeley_tb_01718,0.8081012070178986,TB
mendeley_tb_01719,0.7845122516155243,TB
mendeley_tb_01720,0.5683728754520416,TB
mendeley_tb_01721,0.9283511936664581,TB
mendeley_tb_01722,0.9706249386072159,TB
mendeley_tb_01723,0.9462493062019348,TB
mendeley_tb_01724,0.9632943719625473,TB
mendeley_tb_01725,0.9780672043561935,TB
mendeley_tb_01726,0.9466143399477005,TB
mendeley_tb_01727,0.9299407303333282,TB
mendeley_tb_01728,0.8868977427482605,TB
mendeley_tb_01729,0.9445142298936844,TB
mendeley_tb_01730,0.9284156560897827,TB
mendeley_tb_01731,0.96595698595047,TB
mendeley_tb_01732,0.595332533121109,TB
mendeley_tb_01733,0.9207739681005478,TB
mendeley_tb_01734,0.9073894619941711,TB
mendeley_tb_01735,0.9632984697818756,TB
mendeley_tb_01736,0.95998515188694,TB
mendeley_tb_01737,0.9250772297382355,TB
mendeley_tb_01738,0.9266470819711685,TB
mendeley_tb_01739,0.9635636657476425,TB
mendeley_tb_01740,0.9516685754060745,TB
mendeley_tb_01741,0.9631105661392212,TB
mendeley_tb_01742,0.9539475291967392,TB
mendeley_tb_01743,0.914961114525795,TB
mendeley_tb_01744,0.9586562514305115,TB
mendeley_tb_01745,0.5454664342105389,TB
mendeley_tb_01746,0.8120524510741234,TB
mendeley_tb_01747,0.8967181444168091,TB
mendeley_tb_01748,0.9562947154045105,TB
mendeley_tb_01749,0.9017989635467529,TB
mendeley_tb_01750,0.682670071721077,TB
mendeley_tb_01751,0.9664057195186615,TB
mendeley_tb_01752,0.9726546257734299,TB
mendeley_tb_01753,0.8840617537498474,TB
mendeley_tb_01754,0.9590566754341125,TB
mendeley_tb_01755,0.9522204697132111,TB
mendeley_tb_01756,0.8828828930854797,TB
mendeley_tb_01757,0.9649674743413925,TB
mendeley_tb_01758,0.9579637050628662,TB
mendeley_tb_01759,0.8825444132089615,TB
mendeley_tb_01760,0.7755609378218651,TB
mendeley_tb_01761,0.9578769952058792,TB
mendeley_tb_01762,0.8799655735492706,TB
mendeley_tb_01763,0.9226032495498657,TB
mendeley_tb_01764,0.8596380800008774,TB
mendeley_tb_01765,0.2595184976235032,Normal
mendeley_tb_01766,0.9539200216531754,TB
mendeley_tb_01767,0.9112279564142227,TB
mendeley_tb_01768,0.9578135162591934,TB
mendeley_tb_01769,0.8849456161260605,TB
mendeley_tb_01770,0.893955796957016,TB
mendeley_tb_01771,0.965900793671608,TB
mendeley_tb_01772,0.9514688104391098,TB
mendeley_tb_01773,0.7542954310774803,TB
mendeley_tb_01774,0.945138469338417,TB
mendeley_tb_01775,0.8390505164861679,TB
mendeley_tb_01776,0.9517080187797546,TB
mendeley_tb_01777,0.9654624462127686,TB
mendeley_tb_01778,0.9413049221038818,TB
mendeley_tb_01779,0.9519816339015961,TB
mendeley_tb_01780,0.8986333608627319,TB
mendeley_tb_01781,0.9565825015306473,TB
mendeley_tb_01782,0.9567717909812927,TB
mendeley_tb_01783,0.9659944474697113,TB
mendeley_tb_01784,0.3010286223143339,Normal
mendeley_tb_01785,0.9655361324548721,TB
mendeley_tb_01786,0.7461774200201035,TB
mendeley_tb_01787,0.7950372397899628,TB
mendeley_tb_01788,0.9660119861364365,TB
mendeley_tb_01789,0.9573630690574646,TB
mendeley_tb_01790,0.9543484300374985,TB
mendeley_tb_01791,0.9377239048480988,TB
mendeley_tb_01792,0.9448205828666687,TB
mendeley_tb_01793,0.8887916058301926,TB
mendeley_tb_01794,0.9562345892190933,TB
mendeley_tb_01795,0.8635602444410324,TB
mendeley_tb_01796,0.947663813829422,TB
mendeley_tb_01797,0.8852866291999817,TB
mendeley_tb_01798,0.9428603053092957,TB
mendeley_tb_01799,0.9288770854473114,TB
mendeley_tb_01800,0.9521790444850922,TB
mendeley_tb_01801,0.9383652061223984,TB
mendeley_tb_01802,0.9645419269800186,TB
mendeley_tb_01803,0.9222106486558914,TB
mendeley_tb_01804,0.8657054752111435,TB
mendeley_tb_01805,0.8001099824905396,TB
mendeley_tb_01806,0.9509817361831665,TB
mendeley_tb_01807,0.7932928055524826,TB
mendeley_tb_01808,0.812837652862072,TB
mendeley_tb_01809,0.9434575885534286,TB
mendeley_tb_01810,0.8970104306936264,TB
mendeley_tb_01811,0.9403028190135956,TB
mendeley_tb_01812,0.9222434312105179,TB
mendeley_tb_01813,0.9611453711986542,TB
mendeley_tb_01814,0.9254578351974487,TB
mendeley_tb_01815,0.9535438418388367,TB
mendeley_tb_01816,0.9335646331310272,TB
mendeley_tb_01817,0.9617136120796204,TB
mendeley_tb_01818,0.952631026506424,TB
mendeley_tb_01819,0.6330771148204803,TB
mendeley_tb_01820,0.9613681733608246,TB
mendeley_tb_01821,0.9466322809457779,TB
mendeley_tb_01822,0.9540130645036697,TB
mendeley_tb_01823,0.9456199407577515,TB
mendeley_tb_01824,0.7321487590670586,TB
mendeley_tb_01825,0.9703558683395386,TB
mendeley_tb_01826,0.9619637578725815,TB
mendeley_tb_01827,0.8752991259098053,TB
mendeley_tb_01828,0.8519589304924011,TB
mendeley_tb_01829,0.7606052681803703,TB
mendeley_tb_01830,0.880557969212532,TB
mendeley_tb_01831,0.9499509781599045,TB
mendeley_tb_01832,0.9537225663661957,TB
mendeley_tb_01833,0.7795812338590622,TB
mendeley_tb_01834,0.9262740164995193,TB
mendeley_tb_01835,0.8905749917030334,TB
mendeley_tb_01836,0.894855722784996,TB
mendeley_tb_01837,0.9339845478534698,TB
mendeley_tb_01838,0.9283692985773087,TB
mendeley_tb_01839,0.9248580485582352,TB
mendeley_tb_01840,0.9326798021793365,TB
mendeley_tb_01841,0.9105621427297592,TB
mendeley_tb_01842,0.9614572376012802,TB
mendeley_tb_01843,0.9695628434419632,TB
mendeley_tb_01844,0.9461697787046432,TB
mendeley_tb_01845,0.9694835394620895,TB
mendeley_tb_01846,0.8909214735031128,TB
mendeley_tb_01847,0.9451255947351456,TB
mendeley_tb_01848,0.954079806804657,TB
mendeley_tb_01849,0.9670973718166351,TB
mendeley_tb_01850,0.9377685189247131,TB
mendeley_tb_01851,0.7268349826335907,TB
mendeley_tb_01852,0.9521684497594833,TB
mendeley_tb_01853,0.1482781618833542,Normal
mendeley_tb_01854,0.9447294771671295,TB
mendeley_tb_01855,0.9501025825738907,TB
mendeley_tb_01856,0.9623365551233292,TB
mendeley_tb_01857,0.9357602298259735,TB
mendeley_tb_01858,0.8481357991695404,TB
mendeley_tb_01859,0.948016881942749,TB
mendeley_tb_01860,0.8447460234165192,TB
mendeley_tb_01861,0.8985800296068192,TB
mendeley_tb_01862,0.9651249498128891,TB
mendeley_tb_01863,0.808369405567646,TB
mendeley_tb_01864,0.9428240060806274,TB
mendeley_tb_01865,0.9613645523786545,TB
mendeley_tb_01866,0.9485127180814743,TB
mendeley_tb_01867,0.9404570162296295,TB
mendeley_tb_01868,0.9648618400096893,TB
mendeley_tb_01869,0.9005980044603348,TB
mendeley_tb_01870,0.9136437773704529,TB
mendeley_tb_01871,0.3442703876644373,Normal
mendeley_tb_01872,0.9452545791864395,TB
mendeley_tb_01873,0.8523685932159424,TB
mendeley_tb_01874,0.9722613990306854,TB
mendeley_tb_01875,0.9647930264472961,TB
mendeley_tb_01876,0.8386648297309875,TB
mendeley_tb_01877,0.9615830630064011,TB
mendeley_tb_01878,0.9475352913141251,TB
mendeley_tb_01879,0.9601400196552277,TB
mendeley_tb_01880,0.8581833988428116,TB
mendeley_tb_01881,0.9513518214225769,TB
mendeley_tb_01882,0.9671607911586761,TB
mendeley_tb_01883,0.9508922100067139,TB
mendeley_tb_01884,0.9600560218095779,TB
mendeley_tb_01885,0.948936939239502,TB
mendeley_tb_01886,0.8865685760974884,TB
mendeley_tb_01887,0.4952532984316349,Normal
mendeley_tb_01888,0.9528324455022812,TB
mendeley_tb_01889,0.9603186696767807,TB
mendeley_tb_01890,0.9259445816278458,TB
mendeley_tb_01891,0.9152700453996658,TB
mendeley_tb_01892,0.9721401631832123,TB
mendeley_tb_01893,0.9558977037668228,TB
mendeley_tb_01894,0.960215225815773,TB
mendeley_tb_01895,0.863762766122818,TB
mendeley_tb_01896,0.9427278637886047,TB
mendeley_tb_01897,0.8992174118757248,TB
mendeley_tb_01898,0.9607609063386917,TB
mendeley_tb_01899,0.9325400292873383,TB
mendeley_tb_01900,0.9564623981714249,TB
mendeley_tb_01901,0.8786962777376175,TB
mendeley_tb_01902,0.807001605629921,TB
mendeley_tb_01903,0.9294187277555466,TB
mendeley_tb_01904,0.9521836042404175,TB
mendeley_tb_01905,0.95684814453125,TB
mendeley_tb_01906,0.960518941283226,TB
mendeley_tb_01907,0.9136571139097214,TB
mendeley_tb_01908,0.9263996481895447,TB
mendeley_tb_01909,0.9659684002399445,TB
mendeley_tb_01910,0.9426337480545044,TB
mendeley_tb_01911,0.9404496550559998,TB
mendeley_tb_01912,0.919485330581665,TB
mendeley_tb_01913,0.6377737000584602,TB
mendeley_tb_01914,0.9625952243804932,TB
mendeley_tb_01915,0.9691408276557922,TB
mendeley_tb_01916,0.9628802835941315,TB
mendeley_tb_01917,0.8772586584091187,TB
mendeley_tb_01918,0.7928866297006607,TB
mendeley_tb_01919,0.8955935835838318,TB
mendeley_tb_01920,0.872201532125473,TB
mendeley_tb_01921,0.9445426911115646,TB
mendeley_tb_01922,0.9675910621881485,TB
mendeley_tb_01923,0.912944570183754,TB
mendeley_tb_01924,0.961666464805603,TB
mendeley_tb_01925,0.9338827729225159,TB
mendeley_tb_01926,0.911725714802742,TB
mendeley_tb_01927,0.9589788764715195,TB
mendeley_tb_01928,0.9433637410402298,TB
mendeley_tb_01929,0.8320046067237854,TB
mendeley_tb_01930,0.7940904498100281,TB
mendeley_tb_01931,0.972696378827095,TB
mendeley_tb_01932,0.9666583687067032,TB
mendeley_tb_01933,0.952251985669136,TB
mendeley_tb_01934,0.9578558951616287,TB
mendeley_tb_01935,0.9415231496095657,TB
mendeley_tb_01936,0.8365813493728638,TB
mendeley_tb_01937,0.9020124673843384,TB
mendeley_tb_01938,0.9587409198284149,TB
mendeley_tb_01939,0.8438113182783127,TB
mendeley_tb_01940,0.6185646057128906,TB
mendeley_tb_01941,0.924496665596962,TB
mendeley_tb_01942,0.9537660628557205,TB
mendeley_tb_01943,0.8483790159225464,TB
mendeley_tb_01944,0.8311966508626938,TB
mendeley_tb_01945,0.9432828724384308,TB
mendeley_tb_01946,0.9415616542100906,TB
mendeley_tb_01947,0.8938870280981064,TB
mendeley_tb_01948,0.9643229693174362,TB
mendeley_tb_01949,0.9693015366792679,TB
mendeley_tb_01950,0.7798060029745102,TB
mendeley_tb_01951,0.9393271952867508,TB
mendeley_tb_01952,0.968771293759346,TB
mendeley_tb_01953,0.9455798268318176,TB
mendeley_tb_01954,0.9113611727952957,TB
mendeley_tb_01955,0.7776584103703499,TB
mendeley_tb_01956,0.8240062519907951,TB
mendeley_tb_01957,0.907767578959465,TB
mendeley_tb_01958,0.8880597651004791,TB
mendeley_tb_01959,0.9140775203704834,TB
mendeley_tb_01960,0.9281380623579025,TB
mendeley_tb_01961,0.9217034727334976,TB
mendeley_tb_01962,0.9583175182342529,TB
mendeley_tb_01963,0.9281064122915268,TB
mendeley_tb_01964,0.9006718546152115,TB
mendeley_tb_01965,0.8757344484329224,TB
mendeley_tb_01966,0.8917945772409439,TB
mendeley_tb_01967,0.9687946140766144,TB
mendeley_tb_01968,0.770942747592926,TB
mendeley_tb_01969,0.9458571970462799,TB
mendeley_tb_01970,0.9438637346029282,TB
mendeley_tb_01971,0.9040540456771851,TB
mendeley_tb_01972,0.9538041651248932,TB
mendeley_tb_01973,0.851077139377594,TB
mendeley_tb_01974,0.7862755358219147,TB
mendeley_tb_01975,0.8088817894458771,TB
mendeley_tb_01976,0.9617505818605423,TB
mendeley_tb_01977,0.9465962499380112,TB
mendeley_tb_01978,0.9425472170114517,TB
mendeley_tb_01979,0.862034261226654,TB
mendeley_tb_01980,0.943418875336647,TB
mendeley_tb_01981,0.9386276006698608,TB
mendeley_tb_01982,0.9488798528909683,TB
mendeley_tb_01983,0.9307522177696228,TB
mendeley_tb_01984,0.957064688205719,TB
mendeley_tb_01985,0.9642519652843475,TB
mendeley_tb_01986,0.9567042589187622,TB
mendeley_tb_01987,0.9591871351003647,TB
mendeley_tb_01988,0.9561711698770523,TB
mendeley_tb_01989,0.9657790064811707,TB
mendeley_tb_01990,0.9614342749118805,TB
mendeley_tb_01991,0.9496327191591263,TB
mendeley_tb_01992,0.8933455348014832,TB
mendeley_tb_01993,0.9228281229734421,TB
mendeley_tb_01994,0.8939261585474014,TB
mendeley_tb_01995,0.9648103564977646,TB
mendeley_tb_01996,0.9253608584403992,TB
mendeley_tb_01997,0.9378078132867813,TB
mendeley_tb_01998,0.9559472650289536,TB
mendeley_tb_01999,0.9204508811235428,TB
mendeley_tb_02000,0.9663868248462677,TB
mendeley_tb_02001,0.9504968672990799,TB
mendeley_tb_02002,0.9591570496559143,TB
mendeley_tb_02003,0.9387911111116409,TB
mendeley_tb_02004,0.9630517363548279,TB
mendeley_tb_02005,0.9634107053279877,TB
mendeley_tb_02006,0.5427053645253181,TB
mendeley_tb_02007,0.9556716680526733,TB
mendeley_tb_02008,0.9194342344999313,TB
mendeley_tb_02009,0.9661467671394348,TB
mendeley_tb_02010,0.960275873541832,TB
mendeley_tb_02011,0.9644055366516113,TB
mendeley_tb_02012,0.9435669332742691,TB
mendeley_tb_02013,0.9632179886102676,TB
mendeley_tb_02014,0.9360488951206207,TB
mendeley_tb_02015,0.9257264286279678,TB
mendeley_tb_02016,0.9257517904043198,TB
mendeley_tb_02017,0.9314682483673096,TB
mendeley_tb_02018,0.8972578346729279,TB
mendeley_tb_02019,0.8819802403450012,TB
mendeley_tb_02020,0.9477965384721756,TB
mendeley_tb_02021,0.9669451713562012,TB
mendeley_tb_02022,0.9460844844579697,TB
mendeley_tb_02023,0.942885160446167,TB
mendeley_tb_02024,0.9396558403968811,TB
mendeley_tb_02025,0.8785707503557205,TB
mendeley_tb_02026,0.9306987971067429,TB
mendeley_tb_02027,0.9749304503202438,TB
mendeley_tb_02028,0.9563465863466263,TB
mendeley_tb_02029,0.9526599943637848,TB
mendeley_tb_02030,0.923656553030014,TB
mendeley_tb_02031,0.9613209217786789,TB
mendeley_tb_02032,0.9340708404779434,TB
mendeley_tb_02033,0.7759791985154152,TB
mendeley_tb_02034,0.9706411808729172,TB
mendeley_tb_02035,0.9648670703172684,TB
mendeley_tb_02036,0.9393568933010101,TB
mendeley_tb_02037,0.9574388414621353,TB
mendeley_tb_02038,0.9677191376686096,TB
mendeley_tb_02039,0.679174154996872,TB
mendeley_tb_02040,0.9595564156770706,TB
mendeley_tb_02041,0.8455395698547363,TB
mendeley_tb_02042,0.853370726108551,TB
mendeley_tb_02043,0.9442685693502426,TB
mendeley_tb_02044,0.9537917077541351,TB
mendeley_tb_02045,0.95260189473629,TB
mendeley_tb_02046,0.9496725052595139,TB
mendeley_tb_02047,0.9598240554332733,TB
mendeley_tb_02048,0.9602556973695755,TB
mendeley_tb_02049,0.9645901024341583,TB
mendeley_tb_02050,0.9200874418020248,TB
mendeley_tb_02051,0.967989981174469,TB
mendeley_tb_02052,0.964362159371376,TB
mendeley_tb_02053,0.9011542797088623,TB
mendeley_tb_02054,0.9467817097902298,TB
mendeley_tb_02055,0.9665787816047668,TB
mendeley_tb_02056,0.953554168343544,TB
mendeley_tb_02057,0.9646278023719788,TB
mendeley_tb_02058,0.8544739633798599,TB
mendeley_tb_02059,0.9548044800758362,TB
mendeley_tb_02060,0.9498046636581421,TB
mendeley_tb_02061,0.955295667052269,TB
mendeley_tb_02062,0.8998497426509857,TB
mendeley_tb_02063,0.9640943706035614,TB
mendeley_tb_02064,0.9266060292720795,TB
mendeley_tb_02065,0.9704284369945526,TB
mendeley_tb_02066,0.9637113809585571,TB
mendeley_tb_02067,0.9519746601581573,TB
mendeley_tb_02068,0.9168484508991241,TB
mendeley_tb_02069,0.9157294631004333,TB
mendeley_tb_02070,0.8998384028673172,TB
mendeley_tb_02071,0.8895729929208755,TB
mendeley_tb_02072,0.9671613872051239,TB
mendeley_tb_02073,0.9100116044282913,TB
mendeley_tb_02074,0.9576149880886078,TB
mendeley_tb_02075,0.8021507859230042,TB
mendeley_tb_02076,0.9510088115930557,TB
mendeley_tb_02077,0.8903942406177521,TB
mendeley_tb_02078,0.9529201984405518,TB
mendeley_tb_02079,0.859852522611618,TB
mendeley_tb_02080,0.9621371030807495,TB
mendeley_tb_02081,0.9345731288194656,TB
mendeley_tb_02082,0.9437001049518585,TB
mendeley_tb_02083,0.9199411422014236,TB
mendeley_tb_02084,0.5832356475293636,TB
mendeley_tb_02085,0.9460271894931793,TB
mendeley_tb_02086,0.930413544178009,TB
mendeley_tb_02087,0.9347826540470123,TB
mendeley_tb_02088,0.9535081386566162,TB
mendeley_tb_02089,0.968796044588089,TB
mendeley_tb_02090,0.9627581834793091,TB
mendeley_tb_02091,0.9518513977527618,TB
mendeley_tb_02092,0.9528567045927048,TB
mendeley_tb_02093,0.8812357634305954,TB
mendeley_tb_02094,0.9568043351173401,TB
mendeley_tb_02095,0.6911379918456078,TB
mendeley_tb_02096,0.8715785443782806,TB
mendeley_tb_02097,0.9651951640844345,TB
mendeley_tb_02098,0.9183286726474762,TB
mendeley_tb_02099,0.9302621185779572,TB
mendeley_tb_02100,0.7123050019145012,TB
mendeley_tb_02101,0.917086660861969,TB
mendeley_tb_02102,0.9478584378957748,TB
mendeley_tb_02103,0.868965670466423,TB
mendeley_tb_02104,0.9329758584499359,TB
mendeley_tb_02105,0.9013713300228119,TB
mendeley_tb_02106,0.959654226899147,TB
mendeley_tb_02107,0.9662919342517853,TB
mendeley_tb_02108,0.9196558445692062,TB
mendeley_tb_02109,0.9671538174152374,TB
mendeley_tb_02110,0.9266671538352966,TB
mendeley_tb_02111,0.9704736918210983,TB
mendeley_tb_02112,0.9572801291942596,TB
mendeley_tb_02113,0.9421783238649368,TB
mendeley_tb_02114,0.9039893597364426,TB
mendeley_tb_02115,0.8674696087837219,TB
mendeley_tb_02116,0.9065268486738205,TB
mendeley_tb_02117,0.9487802237272263,TB
mendeley_tb_02118,0.9669051319360733,TB
mendeley_tb_02119,0.9550734162330627,TB
mendeley_tb_02120,0.9662966430187225,TB
mendeley_tb_02121,0.9598912298679352,TB
mendeley_tb_02122,0.9471015930175781,TB
mendeley_tb_02123,0.948511615395546,TB
mendeley_tb_02124,0.9399129748344421,TB
mendeley_tb_02125,0.9047145396471024,TB
mendeley_tb_02126,0.941581517457962,TB
mendeley_tb_02127,0.9511220902204514,TB
mendeley_tb_02128,0.8816268891096115,TB
mendeley_tb_02129,0.9584861248731613,TB
mendeley_tb_02130,0.9655128866434097,TB
mendeley_tb_02131,0.9065268486738205,TB
mendeley_tb_02132,0.9525947123765945,TB
mendeley_tb_02133,0.9656352996826172,TB
mendeley_tb_02134,0.9326373338699341,TB
mendeley_tb_02135,0.8266499191522598,TB
mendeley_tb_02136,0.9530233442783356,TB
mendeley_tb_02137,0.9660023301839828,TB
mendeley_tb_02138,0.9282834082841873,TB
mendeley_tb_02139,0.9459358304738998,TB
mendeley_tb_02140,0.9410764575004578,TB
mendeley_tb_02141,0.9461159408092499,TB
mendeley_tb_02142,0.9392455965280533,TB
mendeley_tb_02143,0.9642747193574905,TB
mendeley_tb_02144,0.5069750342518091,TB
mendeley_tb_02145,0.8306371867656708,TB
mendeley_tb_02146,0.9550734162330627,TB
mendeley_tb_02147,0.976268082857132,TB
mendeley_tb_02148,0.9645910263061523,TB
mendeley_tb_02149,0.9738127589225769,TB
mendeley_tb_02150,0.9283010065555573,TB
mendeley_tb_02151,0.9581390917301178,TB
mendeley_tb_02152,0.9584861248731613,TB
mendeley_tb_02153,0.9464338719844818,TB
mendeley_tb_02154,0.9653293192386627,TB
mendeley_tb_02155,0.9710571467876434,TB
mendeley_tb_02156,0.8691152781248093,TB
mendeley_tb_02157,0.9559712558984756,TB
mendeley_tb_02158,0.9470477998256683,TB
mendeley_tb_02159,0.9634025245904922,TB
mendeley_tb_02160,0.896454706788063,TB
mendeley_tb_02161,0.7764312401413918,TB
mendeley_tb_02162,0.9497896134853363,TB
mendeley_tb_02163,0.8680768758058548,TB
mendeley_tb_02164,0.9549839794635773,TB
mendeley_tb_02165,0.9711101800203323,TB
mendeley_tb_02166,0.9638392329216003,TB
mendeley_tb_02167,0.8268127515912056,TB
mendeley_tb_02168,0.967375859618187,TB
mendeley_tb_02169,0.9278203099966049,TB
mendeley_tb_02170,0.8004154488444328,TB
mendeley_tb_02171,0.9246637225151062,TB
mendeley_tb_02172,0.959150418639183,TB
mendeley_tb_02173,0.9126064032316208,TB
mendeley_tb_02174,0.9221929758787155,TB
mendeley_tb_02175,0.926759734749794,TB
mendeley_tb_02176,0.9346795082092285,TB
mendeley_tb_02177,0.9361471235752106,TB
mendeley_tb_02178,0.9246637225151062,TB
mendeley_tb_02179,0.8268127515912056,TB
mendeley_tb_02180,0.9131122082471848,TB
mendeley_tb_02181,0.926759734749794,TB
mendeley_tb_02182,0.9474194794893265,TB
mendeley_tb_02183,0.9308751821517944,TB
mendeley_tb_02184,0.30930961668491364,Normal
mendeley_tb_02185,0.9706525355577469,TB
mendeley_tb_02186,0.913538247346878,TB
mendeley_tb_02187,0.9131122082471848,TB
mendeley_tb_02188,0.9642533510923386,TB
mendeley_tb_02189,0.913538247346878,TB
mendeley_tb_02190,0.8201014399528503,TB
mendeley_tb_02191,0.9006765186786652,TB
mendeley_tb_02192,0.9619999378919601,TB
mendeley_tb_02193,0.7802241966128349,TB
mendeley_tb_02194,0.9481155574321747,TB
mendeley_tb_02195,0.8613428622484207,TB
mendeley_tb_02196,0.9226492196321487,TB
mendeley_tb_02197,0.7802241966128349,TB
mendeley_tb_02198,0.9342870265245438,TB
mendeley_tb_02199,0.9376322478055954,TB
mendeley_tb_02200,0.9596391767263412,TB
mendeley_tb_02201,0.954113706946373,TB
mendeley_tb_02202,0.959150418639183,TB
mendeley_tb_02203,0.9336518496274948,TB
mendeley_tb_02204,0.8004154488444328,TB
mendeley_tb_02205,0.9308751821517944,TB
mendeley_tb_02206,0.9463857710361481,TB
mendeley_tb_02207,0.9474194794893265,TB
mendeley_tb_02208,0.9586061090230942,TB
mendeley_tb_02209,0.9561850130558014,TB
mendeley_tb_02210,0.8201014399528503,TB
mendeley_tb_02211,0.9122838377952576,TB
mendeley_tb_02212,0.9638392329216003,TB
mendeley_tb_02213,0.9631640017032623,TB
mendeley_tb_02214,0.9693956077098846,TB
mendeley_tb_02215,0.9466979801654816,TB
mendeley_tb_02216,0.9694468677043915,TB
mendeley_tb_02217,0.920028880238533,TB
mendeley_tb_02218,0.9584410041570663,TB
mendeley_tb_02219,0.965089738368988,TB
mendeley_tb_02220,0.9586061090230942,TB
mendeley_tb_02221,0.9361471235752106,TB
mendeley_tb_02222,0.967375859618187,TB
mendeley_tb_02223,0.971820130944252,TB
mendeley_tb_02224,0.9149166792631149,TB
mendeley_tb_02225,0.962449848651886,TB
mendeley_tb_02226,0.8927861750125885,TB
mendeley_tb_02227,0.8737019151449203,TB
mendeley_tb_02228,0.945217177271843,TB
mendeley_tb_02229,0.9415082782506943,TB
mendeley_tb_02230,0.9443203508853912,TB
mendeley_tb_02231,0.9561502486467361,TB
mendeley_tb_02232,0.9479358643293381,TB
mendeley_tb_02233,0.9461403340101242,TB
mendeley_tb_02234,0.9626792520284653,TB
mendeley_tb_02235,0.9642097800970078,TB
mendeley_tb_02236,0.7206105291843414,TB
mendeley_tb_02237,0.9419604539871216,TB
mendeley_tb_02238,0.8818782418966293,TB
mendeley_tb_02239,0.9632267504930496,TB
mendeley_tb_02240,0.939140647649765,TB
mendeley_tb_02241,0.9606068283319473,TB
mendeley_tb_02242,0.8361979573965073,TB
mendeley_tb_02243,0.9587864875793457,TB
mendeley_tb_02244,0.9466682225465775,TB
mendeley_tb_02245,0.918313279747963,TB
mendeley_tb_02246,0.945476159453392,TB
mendeley_tb_02247,0.8875844329595566,TB
mendeley_tb_02248,0.9025225788354874,TB
mendeley_tb_02249,0.9415082782506943,TB
mendeley_tb_02250,0.9288295656442642,TB
mendeley_tb_02251,0.9027046412229538,TB
mendeley_tb_02252,0.9689721763134003,TB
mendeley_tb_02253,0.9660679697990417,TB
mendeley_tb_02254,0.8789065927267075,TB
mendeley_tb_02255,0.8862868398427963,TB
mendeley_tb_02256,0.8961117416620255,TB
mendeley_tb_02257,0.959252342581749,TB
mendeley_tb_02258,0.9345325380563736,TB
mendeley_tb_02259,0.894718587398529,TB
mendeley_tb_02260,0.9267313331365585,TB
mendeley_tb_02261,0.9691575318574905,TB
mendeley_tb_02262,0.8818782418966293,TB
mendeley_tb_02263,0.8927196562290192,TB
mendeley_tb_02264,0.5391194298863411,TB
mendeley_tb_02265,0.8039921671152115,TB
mendeley_tb_02266,0.9570468962192535,TB
mendeley_tb_02267,0.94790118932724,TB
mendeley_tb_02268,0.9727098643779755,TB
mendeley_tb_02269,0.9564393311738968,TB
mendeley_tb_02270,0.9315309524536133,TB
mendeley_tb_02271,0.9603700637817383,TB
mendeley_tb_02272,0.9744034558534622,TB
mendeley_tb_02273,0.9653636664152145,TB
mendeley_tb_02274,0.9122924655675888,TB
mendeley_tb_02275,0.958092212677002,TB
mendeley_tb_02276,0.9566702544689178,TB
mendeley_tb_02277,0.9417609721422195,TB
mendeley_tb_02278,0.9023004174232483,TB
mendeley_tb_02279,0.9714328795671463,TB
mendeley_tb_02280,0.8884594142436981,TB
mendeley_tb_02281,0.9161203056573868,TB
mendeley_tb_02282,0.955962061882019,TB
mendeley_tb_02283,0.9408521205186844,TB
mendeley_tb_02284,0.8574318885803223,TB
mendeley_tb_02285,0.859313890337944,TB
mendeley_tb_02286,0.9663520902395248,TB
mendeley_tb_02287,0.8462312370538712,TB
mendeley_tb_02288,0.959477886557579,TB
mendeley_tb_02289,0.9574297517538071,TB
mendeley_tb_02290,0.9647108018398285,TB
mendeley_tb_02291,0.9611697643995285,TB
mendeley_tb_02292,0.9219744205474854,TB
mendeley_tb_02293,0.9304674863815308,TB
mendeley_tb_02294,0.9237555414438248,TB
mendeley_tb_02295,0.9526999145746231,TB
mendeley_tb_02296,0.94537752866745,TB
mendeley_tb_02297,0.942013680934906,TB
mendeley_tb_02298,0.7640737518668175,TB
mendeley_tb_02299,0.9763932377099991,TB
mendeley_tb_02300,0.9264111667871475,TB
mendeley_tb_02301,0.9079535007476807,TB
mendeley_tb_02302,0.8144755810499191,TB
mendeley_tb_02303,0.9730074107646942,TB
mendeley_tb_02304,0.9631672650575638,TB
mendeley_tb_02305,0.928802102804184,TB
mendeley_tb_02306,0.9642325192689896,TB
mendeley_tb_02307,0.9511402994394302,TB
mendeley_tb_02308,0.9605931639671326,TB
mendeley_tb_02309,0.9508873522281647,TB
mendeley_tb_02310,0.9390120506286621,TB
mendeley_tb_02311,0.9313170462846756,TB
mendeley_tb_02312,0.9214296340942383,TB
mendeley_tb_02313,0.9614262282848358,TB
mendeley_tb_02314,0.8704812377691269,TB
mendeley_tb_02315,0.8609096854925156,TB
mendeley_tb_02316,0.9045254290103912,TB
mendeley_tb_02317,0.8227765336632729,TB
mendeley_tb_02318,0.9524099677801132,TB
mendeley_tb_02319,0.8571344614028931,TB
mendeley_tb_02320,0.8008008897304535,TB
mendeley_tb_02321,0.8694297969341278,TB
mendeley_tb_02322,0.9394146353006363,TB
mendeley_tb_02323,0.9722721576690674,TB
mendeley_tb_02324,0.9325290620326996,TB
mendeley_tb_02325,0.8887657672166824,TB
mendeley_tb_02326,0.918463259935379,TB
mendeley_tb_02327,0.9353502094745636,TB
mendeley_tb_02328,0.908328041434288,TB
mendeley_tb_02329,0.8847170770168304,TB
mendeley_tb_02330,0.9679362773895264,TB
mendeley_tb_02331,0.791285052895546,TB
mendeley_tb_02332,0.8462677747011185,TB
mendeley_tb_02333,0.9263346642255783,TB
mendeley_tb_02334,0.965271458029747,TB
mendeley_tb_02335,0.9326917827129364,TB
mendeley_tb_02336,0.9232949912548065,TB
mendeley_tb_02337,0.9460639208555222,TB
mendeley_tb_02338,0.9657275527715683,TB
mendeley_tb_02339,0.9449838697910309,TB
mendeley_tb_02340,0.9410010427236557,TB
mendeley_tb_02341,0.9394187927246094,TB
mendeley_tb_02342,0.9597074538469315,TB
mendeley_tb_02343,0.8332304656505585,TB
mendeley_tb_02344,0.7388097196817398,TB
mendeley_tb_02345,0.9672522991895676,TB
mendeley_tb_02346,0.960258811712265,TB
mendeley_tb_02347,0.8995793163776398,TB
mendeley_tb_02348,0.9399007707834244,TB
mendeley_tb_02349,0.9496967941522598,TB
mendeley_tb_02350,0.9664455205202103,TB
mendeley_tb_02351,0.9505736082792282,TB
mendeley_tb_02352,0.9328077137470245,TB
mendeley_tb_02353,0.7186723574995995,TB
mendeley_tb_02354,0.8589923530817032,TB
mendeley_tb_02355,0.8358907252550125,TB
mendeley_tb_02356,0.8138892129063606,TB
mendeley_tb_02357,0.8762160688638687,TB
mendeley_tb_02358,0.888627752661705,TB
mendeley_tb_02359,0.9481249153614044,TB
mendeley_tb_02360,0.9427361935377121,TB
mendeley_tb_02361,0.9534083753824234,TB
mendeley_tb_02362,0.9551206231117249,TB
mendeley_tb_02363,0.7929329127073288,TB
mendeley_tb_02364,0.9604706317186356,TB
mendeley_tb_02365,0.9092353731393814,TB
mendeley_tb_02366,0.973374754190445,TB
mendeley_tb_02367,0.9690185338258743,TB
mendeley_tb_02368,0.9112289547920227,TB
mendeley_tb_02369,0.9413997530937195,TB
mendeley_tb_02370,0.950227215886116,TB
mendeley_tb_02371,0.9381469339132309,TB
mendeley_tb_02372,0.9697961062192917,TB
mendeley_tb_02373,0.9660921096801758,TB
mendeley_tb_02374,0.5669449232518673,TB
mendeley_tb_02375,0.9633531719446182,TB
mendeley_tb_02376,0.9351188540458679,TB
mendeley_tb_02377,0.9643184542655945,TB
mendeley_tb_02378,0.9362890720367432,TB
mendeley_tb_02379,0.9672387093305588,TB
mendeley_tb_02380,0.9418663829565048,TB
mendeley_tb_02381,0.9772079586982727,TB
mendeley_tb_02382,0.951448917388916,TB
mendeley_tb_02383,0.821201741695404,TB
mendeley_tb_02384,0.8999381363391876,TB
mendeley_tb_02385,0.960427850484848,TB
mendeley_tb_02386,0.8498028963804245,TB
mendeley_tb_02387,0.9646251350641251,TB
mendeley_tb_02388,0.970955953001976,TB
mendeley_tb_02389,0.9209069162607193,TB
mendeley_tb_02390,0.8757379353046417,TB
mendeley_tb_02391,0.9591030478477478,TB
mendeley_tb_02392,0.9621586799621582,TB
mendeley_tb_02393,0.9642836302518845,TB
mendeley_tb_02394,0.9662761390209198,TB
mendeley_tb_02395,0.9642234742641449,TB
mendeley_tb_02396,0.8300069198012352,TB
mendeley_tb_02397,0.9553592205047607,TB
mendeley_tb_02398,0.8730942904949188,TB
mendeley_tb_02399,0.968130350112915,TB
mendeley_tb_02400,0.8686353862285614,TB
mendeley_tb_02401,0.9620456397533417,TB
mendeley_tb_02402,0.9581158757209778,TB
mendeley_tb_02403,0.9473740607500076,TB
mendeley_tb_02404,0.941843643784523,TB
mendeley_tb_02405,0.7722084298729897,TB
mendeley_tb_02406,0.9107021689414978,TB
mendeley_tb_02407,0.9407650828361511,TB
mendeley_tb_02408,0.8245616629719734,TB
mendeley_tb_02409,0.9438276588916779,TB
mendeley_tb_02410,0.9517789781093597,TB
mendeley_tb_02411,0.7677183449268341,TB
mendeley_tb_02412,0.9398645162582397,TB
mendeley_tb_02413,0.9255693703889847,TB
mendeley_tb_02414,0.8842851966619492,TB
mendeley_tb_02415,0.9585935324430466,TB
mendeley_tb_02416,0.8898247480392456,TB
mendeley_tb_02417,0.957429051399231,TB
mendeley_tb_02418,0.957794189453125,TB
mendeley_tb_02419,0.9287793338298798,TB
mendeley_tb_02420,0.9269519150257111,TB
mendeley_tb_02421,0.9615437984466553,TB
mendeley_tb_02422,0.9333535432815552,TB
mendeley_tb_02423,0.9312821626663208,TB
mendeley_tb_02424,0.9676736742258072,TB
mendeley_tb_02425,0.8934402465820312,TB
mendeley_tb_02426,0.9141529649496078,TB
mendeley_tb_02427,0.8716733455657959,TB
mendeley_tb_02428,0.9489911049604416,TB
mendeley_tb_02429,0.7229815982282162,TB
mendeley_tb_02430,0.9251804798841476,TB
mendeley_tb_02431,0.68744807690382,TB
mendeley_tb_02432,0.9608651697635651,TB
mendeley_tb_02433,0.8969418257474899,TB
mendeley_tb_02434,0.9377273172140121,TB
mendeley_tb_02435,0.7225450910627842,TB
mendeley_tb_02436,0.8503163754940033,TB
mendeley_tb_02437,0.9272831529378891,TB
mendeley_tb_02438,0.9238827675580978,TB
mendeley_tb_02439,0.9636543393135071,TB
mendeley_tb_02440,0.9527422785758972,TB
mendeley_tb_02441,0.9668875187635422,TB
mendeley_tb_02442,0.9705386012792587,TB
mendeley_tb_02443,0.9729891568422318,TB
mendeley_tb_02444,0.7625007405877113,TB
mendeley_tb_02445,0.9300968945026398,TB
mendeley_tb_02446,0.9665153175592422,TB
mendeley_tb_02447,0.9597404301166534,TB
mendeley_tb_02448,0.9557434469461441,TB
mendeley_tb_02449,0.9638507813215256,TB
mendeley_tb_02450,0.9054451137781143,TB
mendeley_tb_02451,0.8436936438083649,TB
mendeley_tb_02452,0.7660092115402222,TB
mendeley_tb_02453,0.9458523988723755,TB
mendeley_tb_02454,0.866916611790657,TB
mendeley_tb_02455,0.9606935232877731,TB
mendeley_tb_02456,0.921106681227684,TB
mendeley_tb_02457,0.8948553502559662,TB
mendeley_tb_02458,0.9202093631029129,TB
mendeley_tb_02459,0.9585826396942139,TB
mendeley_tb_02460,0.3125460222363472,Normal
mendeley_tb_02461,0.9264681935310364,TB
mendeley_tb_02462,0.9519940912723541,TB
mendeley_tb_02463,0.9321231096982956,TB
mendeley_tb_02464,0.9552959054708481,TB
mendeley_tb_02465,0.9729224294424057,TB
mendeley_tb_02466,0.6638177558779716,TB
mendeley_tb_02467,0.9245342314243317,TB
mendeley_tb_02468,0.9490869790315628,TB
mendeley_tb_02469,0.26609857752919197,Normal
mendeley_tb_02470,0.5928691774606705,TB
mendeley_tb_02471,0.9689899533987045,TB
mendeley_tb_02472,0.9628410637378693,TB
mendeley_tb_02473,0.7955800741910934,TB
mendeley_tb_02474,0.948945939540863,TB
mendeley_tb_02475,0.899392381310463,TB
mendeley_tb_02476,0.9583950489759445,TB
mendeley_tb_02477,0.9552729725837708,TB
mendeley_tb_02478,0.9674424380064011,TB
mendeley_tb_02479,0.9636079221963882,TB
mendeley_tb_02480,0.9614858478307724,TB
mendeley_tb_02481,0.9446720778942108,TB
mendeley_tb_02482,0.9176576882600784,TB
mendeley_tb_02483,0.9014732837677002,TB
mendeley_tb_02484,0.8405560106039047,TB
mendeley_tb_02485,0.3251357488334179,Normal
mendeley_tb_02486,0.8973443657159805,TB
mendeley_tb_02487,0.9717585742473602,TB
mendeley_tb_02488,0.9655210375785828,TB
mendeley_tb_02489,0.6463265977799892,TB
mendeley_tb_02490,0.9412332773208618,TB
mendeley_tb_02491,0.8844426870346069,TB
mendeley_tb_02492,0.9533320516347885,TB
mendeley_tb_02493,0.8309693187475204,TB
