new_id,prob_tb,pred_TB/Normal
mendeley_normal_00000,0.732314296066761,TB
mendeley_normal_00001,0.49582238495349884,Normal
mendeley_normal_00002,0.6321613490581512,TB
mendeley_normal_00003,0.26671173237264156,Normal
mendeley_normal_00004,0.6407537162303925,TB
mendeley_normal_00005,0.8434928506612778,TB
mendeley_normal_00006,0.8999551683664322,TB
mendeley_normal_00007,0.4731127768754959,Normal
mendeley_normal_00008,0.8602196723222733,TB
mendeley_normal_00009,0.8125337511301041,TB
mendeley_normal_00010,0.5530931763350964,TB
mendeley_normal_00011,0.9651319831609726,TB
mendeley_normal_00012,0.7355973124504089,TB
mendeley_normal_00013,0.8374861031770706,TB
mendeley_normal_00014,0.8413390219211578,TB
mendeley_normal_00015,0.5858341082930565,TB
mendeley_normal_00016,0.3357777167111635,Normal
mendeley_normal_00017,0.458956565707922,Normal
mendeley_normal_00018,0.7331044226884842,TB
mendeley_normal_00019,0.6408469304442406,TB
mendeley_normal_00020,0.21750248223543167,Normal
mendeley_normal_00021,0.4988332986831665,Normal
mendeley_normal_00022,0.4305015876889229,Normal
mendeley_normal_00023,0.5644992087036371,TB
mendeley_normal_00024,0.8258688002824783,TB
mendeley_normal_00025,0.4358738884329796,Normal
mendeley_normal_00026,0.7380625531077385,TB
mendeley_normal_00027,0.8010326027870178,TB
mendeley_normal_00028,0.6990719884634018,TB
mendeley_normal_00029,0.8201722353696823,TB
mendeley_normal_00030,0.7122151404619217,TB
mendeley_normal_00031,0.8345147371292114,TB
mendeley_normal_00032,0.26524009369313717,Normal
mendeley_normal_00033,0.6998424902558327,TB
mendeley_normal_00034,0.656146690249443,TB
mendeley_normal_00035,0.5093932077288628,TB
mendeley_normal_00036,0.6390135511755943,TB
mendeley_normal_00037,0.5999022647738457,TB
mendeley_normal_00038,0.9322528094053268,TB
mendeley_normal_00039,0.5601726248860359,TB
mendeley_normal_00040,0.6340399831533432,TB
mendeley_normal_00041,0.7951134294271469,TB
mendeley_normal_00042,0.73307865858078,TB
mendeley_normal_00043,0.7965935170650482,TB
mendeley_normal_00044,0.07202152907848358,Normal
mendeley_normal_00045,0.5256872326135635,TB
mendeley_normal_00046,0.7631317228078842,TB
mendeley_normal_00047,0.8733787387609482,TB
mendeley_normal_00048,0.7430647015571594,TB
mendeley_normal_00049,0.6536160930991173,TB
mendeley_normal_00050,0.7713011130690575,TB
mendeley_normal_00051,0.757365994155407,TB
mendeley_normal_00052,0.5271109864115715,TB
mendeley_normal_00053,0.6248157471418381,TB
mendeley_normal_00054,0.2575355712324381,Normal
mendeley_normal_00055,0.7052807286381721,TB
mendeley_normal_00056,0.42056047543883324,Normal
mendeley_normal_00057,0.5764077678322792,TB
mendeley_normal_00058,0.7344677746295929,TB
mendeley_normal_00059,0.8192113935947418,TB
mendeley_normal_00060,0.6715386286377907,TB
mendeley_normal_00061,0.7468905001878738,TB
mendeley_normal_00062,0.9434258937835693,TB
mendeley_normal_00063,0.23130571655929089,Normal
mendeley_normal_00064,0.7376033961772919,TB
mendeley_normal_00065,0.602842204272747,TB
mendeley_normal_00066,0.6424009948968887,TB
mendeley_normal_00067,0.4967330992221832,Normal
mendeley_normal_00068,0.1559151504188776,Normal
mendeley_normal_00069,0.7562473714351654,TB
mendeley_normal_00070,0.8683548867702484,TB
mendeley_normal_00071,0.21971939783543348,Normal
mendeley_normal_00072,0.9108851999044418,TB
mendeley_normal_00073,0.6623396873474121,TB
mendeley_normal_00074,0.9186519384384155,TB
mendeley_normal_00075,0.7136408910155296,TB
mendeley_normal_00076,0.3050421327352524,Normal
mendeley_normal_00077,0.8228803128004074,TB
mendeley_normal_00078,0.9168078601360321,TB
mendeley_normal_00079,0.6552935317158699,TB
mendeley_normal_00080,0.5769360344856977,TB
mendeley_normal_00081,0.7215018793940544,TB
mendeley_normal_00082,0.49905163422226906,Normal
mendeley_normal_00083,0.3989463336765766,Normal
mendeley_normal_00084,0.82398821413517,TB
mendeley_normal_00085,0.8516298085451126,TB
mendeley_normal_00086,0.313913494348526,Normal
mendeley_normal_00087,0.5863964296877384,TB
mendeley_normal_00088,0.5765413492918015,TB
mendeley_normal_00089,0.8541121631860733,TB
mendeley_normal_00090,0.603293389081955,TB
mendeley_normal_00091,0.3186112781986594,Normal
mendeley_normal_00092,0.5009382218122482,TB
mendeley_normal_00093,0.7923257797956467,TB
mendeley_normal_00094,0.9568463414907455,TB
mendeley_normal_00095,0.8826888203620911,TB
mendeley_normal_00096,0.5983170494437218,TB
mendeley_normal_00097,0.836734339594841,TB
mendeley_normal_00098,0.7972749844193459,TB
mendeley_normal_00099,0.2216305509209633,Normal
mendeley_normal_00100,0.974721759557724,TB
mendeley_normal_00101,0.6861768960952759,TB
mendeley_normal_00102,0.4192114993929863,Normal
mendeley_normal_00103,0.849309653043747,TB
mendeley_normal_00104,0.6160301268100739,TB
mendeley_normal_00105,0.6854611933231354,TB
mendeley_normal_00106,0.8644404113292694,TB
mendeley_normal_00107,0.7981933355331421,TB
mendeley_normal_00108,0.25035499036312103,Normal
mendeley_normal_00109,0.7806122452020645,TB
mendeley_normal_00110,0.7120136469602585,TB
mendeley_normal_00111,0.8759673535823822,TB
mendeley_normal_00112,0.5492227673530579,TB
mendeley_normal_00113,0.9147789180278778,TB
mendeley_normal_00114,0.4385618604719639,Normal
mendeley_normal_00115,0.555636091157794,TB
mendeley_normal_00116,0.7850778847932816,TB
mendeley_normal_00117,0.9491670280694962,TB
mendeley_normal_00118,0.5244156718254089,TB
mendeley_normal_00119,0.7826810479164124,TB
mendeley_normal_00120,0.6359070912003517,TB
mendeley_normal_00121,0.8073219954967499,TB
mendeley_normal_00122,0.3370285965502262,Normal
mendeley_normal_00123,0.9110007584095001,TB
mendeley_normal_00124,0.8221044540405273,TB
mendeley_normal_00125,0.7663374841213226,TB
mendeley_normal_00126,0.24816513061523438,Normal
mendeley_normal_00127,0.5806217417120934,TB
mendeley_normal_00128,0.4359229579567909,Normal
mendeley_normal_00129,0.8288356065750122,TB
mendeley_normal_00130,0.5374109521508217,TB
mendeley_normal_00131,0.5354338586330414,TB
mendeley_normal_00132,0.751448467373848,TB
mendeley_normal_00133,0.8122940808534622,TB
mendeley_normal_00134,0.6998029500246048,TB
mendeley_normal_00135,0.7799472361803055,TB
mendeley_normal_00136,0.08726790267974138,Normal
mendeley_normal_00137,0.661385253071785,TB
mendeley_normal_00138,0.8888968229293823,TB
mendeley_normal_00139,0.7011854276061058,TB
mendeley_normal_00140,0.7921452969312668,TB
mendeley_normal_00141,0.9076196700334549,TB
mendeley_normal_00142,0.7122405767440796,TB
mendeley_normal_00143,0.7101905792951584,TB
mendeley_normal_00144,0.7081859223544598,TB
mendeley_normal_00145,0.7269537895917892,TB
mendeley_normal_00146,0.8463106453418732,TB
mendeley_normal_00147,0.8016875088214874,TB
mendeley_normal_00148,0.7716707587242126,TB
mendeley_normal_00149,0.6011275947093964,TB
mendeley_normal_00150,0.16389754880219698,Normal
mendeley_normal_00151,0.4189583882689476,Normal
mendeley_normal_00152,0.7337504997849464,TB
mendeley_normal_00153,0.5233846306800842,TB
mendeley_normal_00154,0.6846829429268837,TB
mendeley_normal_00155,0.6180274561047554,TB
mendeley_normal_00156,0.4662621133029461,Normal
mendeley_normal_00157,0.5794857665896416,TB
mendeley_normal_00158,0.7712258249521255,TB
mendeley_normal_00159,0.5490088686347008,TB
mendeley_normal_00160,0.7923191860318184,TB
mendeley_normal_00161,0.7047452628612518,TB
mendeley_normal_00162,0.3756094928830862,Normal
mendeley_normal_00163,0.7083369344472885,TB
mendeley_normal_00164,0.9365526884794235,TB
mendeley_normal_00165,0.7941082566976547,TB
mendeley_normal_00166,0.7461362779140472,TB
mendeley_normal_00167,0.9142145216464996,TB
mendeley_normal_00168,0.7555094361305237,TB
mendeley_normal_00169,0.5552301667630672,TB
mendeley_normal_00170,0.26343390345573425,Normal
mendeley_normal_00171,0.4424488916993141,Normal
mendeley_normal_00172,0.6448138765990734,TB
mendeley_normal_00173,0.8661308437585831,TB
mendeley_normal_00174,0.48772941902279854,Normal
mendeley_normal_00175,0.6451770216226578,TB
mendeley_normal_00176,0.9018890261650085,TB
mendeley_normal_00177,0.6330264955759048,TB
mendeley_normal_00178,0.6683946549892426,TB
mendeley_normal_00179,0.15242459997534752,Normal
mendeley_normal_00180,0.4757040273398161,Normal
mendeley_normal_00181,0.8318458646535873,TB
mendeley_normal_00182,0.7475051656365395,TB
mendeley_normal_00183,0.28577668964862823,Normal
mendeley_normal_00184,0.903506338596344,TB
mendeley_normal_00185,0.6103179156780243,TB
mendeley_normal_00186,0.2900515850633383,Normal
mendeley_normal_00187,0.8821753412485123,TB
mendeley_normal_00188,0.5261993259191513,TB
mendeley_normal_00189,0.7353183701634407,TB
mendeley_normal_00190,0.8012872487306595,TB
mendeley_normal_00191,0.8112291097640991,TB
mendeley_normal_00192,0.6677299067378044,TB
mendeley_normal_00193,0.6010008454322815,TB
mendeley_normal_00194,0.5671897158026695,TB
mendeley_normal_00195,0.5833052918314934,TB
mendeley_normal_00196,0.6693140342831612,TB
mendeley_normal_00197,0.8686318099498749,TB
mendeley_normal_00198,0.6526672840118408,TB
mendeley_normal_00199,0.20115023106336594,Normal
mendeley_normal_00200,0.09266809653490782,Normal
mendeley_normal_00201,0.6847381144762039,TB
mendeley_normal_00202,0.9035564064979553,TB
mendeley_normal_00203,0.7091180831193924,TB
mendeley_normal_00204,0.6198018901050091,TB
mendeley_normal_00205,0.8605675995349884,TB
mendeley_normal_00206,0.966578409075737,TB
mendeley_normal_00207,0.6811790466308594,TB
mendeley_normal_00208,0.765665777027607,TB
mendeley_normal_00209,0.8123169541358948,TB
mendeley_normal_00210,0.1644268725067377,Normal
mendeley_normal_00211,0.55343197286129,TB
mendeley_normal_00212,0.8041183650493622,TB
mendeley_normal_00213,0.8742366880178452,TB
mendeley_normal_00214,0.8998236954212189,TB
mendeley_normal_00215,0.5349159426987171,TB
mendeley_normal_00216,0.6992410570383072,TB
mendeley_normal_00217,0.5987028628587723,TB
mendeley_normal_00218,0.6574127227067947,TB
mendeley_normal_00219,0.7561483904719353,TB
mendeley_normal_00220,0.5365441665053368,TB
mendeley_normal_00221,0.8807806521654129,TB
mendeley_normal_00222,0.7075388506054878,TB
mendeley_normal_00223,0.9174848943948746,TB
mendeley_normal_00224,0.7808661907911301,TB
mendeley_normal_00225,0.9102829247713089,TB
mendeley_normal_00226,0.6500686854124069,TB
mendeley_normal_00227,0.34152423590421677,Normal
mendeley_normal_00228,0.9008028656244278,TB
mendeley_normal_00229,0.4204944744706154,Normal
mendeley_normal_00230,0.7859365791082382,TB
mendeley_normal_00231,0.6304851323366165,TB
mendeley_normal_00232,0.8436647057533264,TB
mendeley_normal_00233,0.5953227579593658,TB
mendeley_normal_00234,0.46368972957134247,Normal
mendeley_normal_00235,0.5951951518654823,TB
mendeley_normal_00236,0.6713148429989815,TB
mendeley_normal_00237,0.9552433341741562,TB
mendeley_normal_00238,0.860499382019043,TB
mendeley_normal_00239,0.8159250095486641,TB
mendeley_normal_00240,0.28776922076940536,Normal
mendeley_normal_00241,0.807202622294426,TB
mendeley_normal_00242,0.6655381843447685,TB
mendeley_normal_00243,0.8680196404457092,TB
mendeley_normal_00244,0.2382084932178259,Normal
mendeley_normal_00245,0.42428690008819103,Normal
mendeley_normal_00246,0.17511691711843014,Normal
mendeley_normal_00247,0.6156864389777184,TB
mendeley_normal_00248,0.8769716173410416,TB
mendeley_normal_00249,0.9167577922344208,TB
mendeley_normal_00250,0.6610088050365448,TB
mendeley_normal_00251,0.5751857869327068,TB
mendeley_normal_00252,0.5915815085172653,TB
mendeley_normal_00253,0.9508707225322723,TB
mendeley_normal_00254,0.8376504778862,TB
mendeley_normal_00255,0.18405706807971,Normal
mendeley_normal_00256,0.8933185636997223,TB
mendeley_normal_00257,0.9292998313903809,TB
mendeley_normal_00258,0.7686198502779007,TB
mendeley_normal_00259,0.6946303099393845,TB
mendeley_normal_00260,0.6055543720722198,TB
mendeley_normal_00261,0.7733187824487686,TB
mendeley_normal_00262,0.8254646807909012,TB
mendeley_normal_00263,0.39047615975141525,Normal
mendeley_normal_00264,0.8961445838212967,TB
mendeley_normal_00265,0.28659646585583687,Normal
mendeley_normal_00266,0.6530357375741005,TB
mendeley_normal_00267,0.6726546883583069,TB
mendeley_normal_00268,0.7120631039142609,TB
mendeley_normal_00269,0.7028428465127945,TB
mendeley_normal_00270,0.6859126761555672,TB
mendeley_normal_00271,0.7559361159801483,TB
mendeley_normal_00272,0.681206613779068,TB
mendeley_normal_00273,0.848347395658493,TB
mendeley_normal_00274,0.7092288881540298,TB
mendeley_normal_00275,0.6252746805548668,TB
mendeley_normal_00276,0.4801173396408558,Normal
mendeley_normal_00277,0.9362368285655975,TB
mendeley_normal_00278,0.6926786936819553,TB
mendeley_normal_00279,0.7707749307155609,TB
mendeley_normal_00280,0.8418728560209274,TB
mendeley_normal_00281,0.48457156866788864,Normal
mendeley_normal_00282,0.7778465300798416,TB
mendeley_normal_00283,0.5580828040838242,TB
mendeley_normal_00284,0.8525378704071045,TB
mendeley_normal_00285,0.5715059116482735,TB
mendeley_normal_00286,0.4309094548225403,Normal
mendeley_normal_00287,0.19828186184167862,Normal
mendeley_normal_00288,0.7386590242385864,TB
mendeley_normal_00289,0.49817822873592377,Normal
mendeley_normal_00290,0.5237138103693724,TB
mendeley_normal_00291,0.7743727564811707,TB
mendeley_normal_00292,0.7563295885920525,TB
mendeley_normal_00293,0.7375247627496719,TB
mendeley_normal_00294,0.6952545046806335,TB
mendeley_normal_00295,0.717414129525423,TB
mendeley_normal_00296,0.5935655422508717,TB
mendeley_normal_00297,0.8741414695978165,TB
mendeley_normal_00298,0.8285027891397476,TB
mendeley_normal_00299,0.516910582780838,TB
mendeley_normal_00300,0.9376247227191925,TB
mendeley_normal_00301,0.6272579059004784,TB
mendeley_normal_00302,0.3193104490637779,Normal
mendeley_normal_00303,0.17346512991935015,Normal
mendeley_normal_00304,0.6837470680475235,TB
mendeley_normal_00305,0.6432068757712841,TB
mendeley_normal_00306,0.8307686746120453,TB
mendeley_normal_00307,0.6888528615236282,TB
mendeley_normal_00308,0.3250936418771744,Normal
mendeley_normal_00309,0.8623879849910736,TB
mendeley_normal_00310,0.6473201215267181,TB
mendeley_normal_00311,0.846107542514801,TB
mendeley_normal_00312,0.8122180253267288,TB
mendeley_normal_00313,0.8854436278343201,TB
mendeley_normal_00314,0.7406577318906784,TB
mendeley_normal_00315,0.5694442391395569,TB
mendeley_normal_00316,0.641840398311615,TB
mendeley_normal_00317,0.4910454601049423,Normal
mendeley_normal_00318,0.806384950876236,TB
mendeley_normal_00319,0.4525264576077461,Normal
mendeley_normal_00320,0.530423067510128,TB
mendeley_normal_00321,0.6018498744815588,TB
mendeley_normal_00322,0.4974694475531578,Normal
mendeley_normal_00323,0.786746546626091,TB
mendeley_normal_00324,0.9224266707897186,TB
mendeley_normal_00325,0.8435552567243576,TB
mendeley_normal_00326,0.5619437918066978,TB
mendeley_normal_00327,0.6945468038320541,TB
mendeley_normal_00328,0.8953769207000732,TB
mendeley_normal_00329,0.6551439799368382,TB
mendeley_normal_00330,0.17302526719868183,Normal
mendeley_normal_00331,0.5780965909361839,TB
mendeley_normal_00332,0.3330044820904732,Normal
mendeley_normal_00333,0.4101970046758652,Normal
mendeley_normal_00334,0.8161738365888596,TB
mendeley_normal_00335,0.5308951139450073,TB
mendeley_normal_00336,0.9567258059978485,TB
mendeley_normal_00337,0.553271546959877,TB
mendeley_normal_00338,0.5460976138710976,TB
mendeley_normal_00339,0.21596523746848106,Normal
mendeley_normal_00340,0.2118737855926156,Normal
mendeley_normal_00341,0.494645357131958,Normal
mendeley_normal_00342,0.5448954254388809,TB
mendeley_normal_00343,0.6894064694643021,TB
mendeley_normal_00344,0.6143413856625557,TB
mendeley_normal_00345,0.2744200639426708,Normal
mendeley_normal_00346,0.5962043553590775,TB
mendeley_normal_00347,0.14052757481113076,Normal
mendeley_normal_00348,0.6347857043147087,TB
mendeley_normal_00349,0.6810779944062233,TB
mendeley_normal_00350,0.8361646756529808,TB
mendeley_normal_00351,0.6892877332866192,TB
mendeley_normal_00352,0.7929916530847549,TB
mendeley_normal_00353,0.809799924492836,TB
mendeley_normal_00354,0.7905986458063126,TB
mendeley_normal_00355,0.6813817769289017,TB
mendeley_normal_00356,0.8206429779529572,TB
mendeley_normal_00357,0.5717465728521347,TB
mendeley_normal_00358,0.8539741337299347,TB
mendeley_normal_00359,0.7039501294493675,TB
mendeley_normal_00360,0.815828412771225,TB
mendeley_normal_00361,0.8687511682510376,TB
mendeley_normal_00362,0.7242185771465302,TB
mendeley_normal_00363,0.7539263665676117,TB
mendeley_normal_00364,0.6700712367892265,TB
mendeley_normal_00365,0.5332054868340492,TB
mendeley_normal_00366,0.4890728071331978,Normal
mendeley_normal_00367,0.26279426738619804,Normal
mendeley_normal_00368,0.4327025040984154,Normal
mendeley_normal_00369,0.48902035504579544,Normal
mendeley_normal_00370,0.7761547714471817,TB
mendeley_normal_00371,0.8139320313930511,TB
mendeley_normal_00372,0.7523915022611618,TB
mendeley_normal_00373,0.65362698584795,TB
mendeley_normal_00374,0.7744929641485214,TB
mendeley_normal_00375,0.6470316872000694,TB
mendeley_normal_00376,0.9409486204385757,TB
mendeley_normal_00377,0.9135368317365646,TB
mendeley_normal_00378,0.8254506140947342,TB
mendeley_normal_00379,0.5124499835073948,TB
mendeley_normal_00380,0.4432719051837921,Normal
mendeley_normal_00381,0.8813291192054749,TB
mendeley_normal_00382,0.7570862770080566,TB
mendeley_normal_00383,0.7082916349172592,TB
mendeley_normal_00384,0.8681152015924454,TB
mendeley_normal_00385,0.6867669820785522,TB
mendeley_normal_00386,0.6016804873943329,TB
mendeley_normal_00387,0.7382574677467346,TB
mendeley_normal_00388,0.8638523668050766,TB
mendeley_normal_00389,0.9045293480157852,TB
mendeley_normal_00390,0.530098482966423,TB
mendeley_normal_00391,0.6798271536827087,TB
mendeley_normal_00392,0.8292959630489349,TB
mendeley_normal_00393,0.685369998216629,TB
mendeley_normal_00394,0.711874783039093,TB
mendeley_normal_00395,0.8115817308425903,TB
mendeley_normal_00396,0.685550332069397,TB
mendeley_normal_00397,0.40369734168052673,Normal
mendeley_normal_00398,0.7063487470149994,TB
mendeley_normal_00399,0.89378722012043,TB
mendeley_normal_00400,0.4995517134666443,Normal
mendeley_normal_00401,0.7199410796165466,TB
mendeley_normal_00402,0.9202229827642441,TB
mendeley_normal_00403,0.4673500955104828,Normal
mendeley_normal_00404,0.833192452788353,TB
mendeley_normal_00405,0.8383258879184723,TB
mendeley_normal_00406,0.6363695897161961,TB
mendeley_normal_00407,0.7879229336977005,TB
mendeley_normal_00408,0.5696322359144688,TB
mendeley_normal_00409,0.819551020860672,TB
mendeley_normal_00410,0.7282930836081505,TB
mendeley_normal_00411,0.27321964129805565,Normal
mendeley_normal_00412,0.4434768743813038,Normal
mendeley_normal_00413,0.2855102736502886,Normal
mendeley_normal_00414,0.3571499213576317,Normal
mendeley_normal_00415,0.4077180102467537,Normal
mendeley_normal_00416,0.22898777667433023,Normal
mendeley_normal_00417,0.3959473054856062,Normal
mendeley_normal_00418,0.23013380635529757,Normal
mendeley_normal_00419,0.5592312961816788,TB
mendeley_normal_00420,0.7056502625346184,TB
mendeley_normal_00421,0.7604865431785583,TB
mendeley_normal_00422,0.7901153862476349,TB
mendeley_normal_00423,0.3643408790230751,Normal
mendeley_normal_00424,0.37653941847383976,Normal
mendeley_normal_00425,0.688965380191803,TB
mendeley_normal_00426,0.32203138899058104,Normal
mendeley_normal_00427,0.56630514934659,TB
mendeley_normal_00428,0.7000099122524261,TB
mendeley_normal_00429,0.950858861207962,TB
mendeley_normal_00430,0.5620771944522858,TB
mendeley_normal_00431,0.8336130976676941,TB
mendeley_normal_00432,0.14330701436847448,Normal
mendeley_normal_00433,0.06092651770450175,Normal
mendeley_normal_00434,0.49995851144194603,Normal
mendeley_normal_00435,0.4594467803835869,Normal
mendeley_normal_00436,0.6315222159028053,TB
mendeley_normal_00437,0.8308333158493042,TB
mendeley_normal_00438,0.894900918006897,TB
mendeley_normal_00439,0.21316446922719479,Normal
mendeley_normal_00440,0.41029760614037514,Normal
mendeley_normal_00441,0.41323065757751465,Normal
mendeley_normal_00442,0.20153058134019375,Normal
mendeley_normal_00443,0.344818577170372,Normal
mendeley_normal_00444,0.9336828291416168,TB
mendeley_normal_00445,0.10341931041330099,Normal
mendeley_normal_00446,0.7377239167690277,TB
mendeley_normal_00447,0.6892985254526138,TB
mendeley_normal_00448,0.657680943608284,TB
mendeley_normal_00449,0.6052998676896095,TB
mendeley_normal_00450,0.7628589496016502,TB
mendeley_normal_00451,0.5775173008441925,TB
mendeley_normal_00452,0.31566417776048183,Normal
mendeley_normal_00453,0.32659178227186203,Normal
mendeley_normal_00454,0.19692733348347247,Normal
mendeley_normal_00455,0.9089426398277283,TB
mendeley_normal_00456,0.13586471951566637,Normal
mendeley_normal_00457,0.576887384057045,TB
mendeley_normal_00458,0.3334950879216194,Normal
mendeley_normal_00459,0.5697345361113548,TB
mendeley_normal_00460,0.6471671462059021,TB
mendeley_normal_00461,0.8881276398897171,TB
mendeley_normal_00462,0.07588849123567343,Normal
mendeley_normal_00463,0.8397394269704819,TB
mendeley_normal_00464,0.5234843492507935,TB
mendeley_normal_00465,0.5328230261802673,TB
mendeley_normal_00466,0.7181901782751083,TB
mendeley_normal_00467,0.7581684067845345,TB
mendeley_normal_00468,0.866648867726326,TB
mendeley_normal_00469,0.18334537651389837,Normal
mendeley_normal_00470,0.8950488418340683,TB
mendeley_normal_00471,0.4557242579758167,Normal
mendeley_normal_00472,0.41877399384975433,Normal
mendeley_normal_00473,0.5863775387406349,TB
mendeley_normal_00474,0.6011047530919313,TB
mendeley_normal_00475,0.3815150111913681,Normal
mendeley_normal_00476,0.22028609178960323,Normal
mendeley_normal_00477,0.3129187487065792,Normal
mendeley_normal_00478,0.516364086419344,TB
mendeley_normal_00479,0.5621611289680004,TB
mendeley_normal_00480,0.8732853680849075,TB
mendeley_normal_00481,0.7229536361992359,TB
mendeley_normal_00482,0.28224198147654533,Normal
mendeley_normal_00483,0.7856021970510483,TB
mendeley_normal_00484,0.8363390266895294,TB
mendeley_normal_00485,0.5045885369181633,TB
mendeley_normal_00486,0.4126834273338318,Normal
mendeley_normal_00487,0.19692733348347247,Normal
mendeley_normal_00488,0.13586471951566637,Normal
mendeley_normal_00489,0.576887384057045,TB
mendeley_normal_00490,0.3334950879216194,Normal
mendeley_normal_00491,0.8922871500253677,TB
mendeley_normal_00492,0.5697345361113548,TB
mendeley_normal_00493,0.7758390605449677,TB
mendeley_normal_00494,0.4398696534335613,Normal
mendeley_normal_00495,0.7051999047398567,TB
mendeley_normal_00496,0.6567273810505867,TB
mendeley_normal_00497,0.6434299945831299,TB
mendeley_normal_00498,0.6285867616534233,TB
mendeley_normal_00499,0.8348680138587952,TB
mendeley_normal_00500,0.7034341618418694,TB
mendeley_normal_00501,0.7845605611801147,TB
mendeley_normal_00502,0.417250894010067,Normal
mendeley_normal_00503,0.8505884557962418,TB
mendeley_normal_00504,0.6784993633627892,TB
mendeley_normal_00505,0.7003280967473984,TB
mendeley_normal_00506,0.9000224173069,TB
mendeley_normal_00507,0.4628485292196274,Normal
mendeley_normal_00508,0.2035677656531334,Normal
mendeley_normal_00509,0.08538277307525277,Normal
mendeley_normal_00510,0.5115331187844276,TB
mendeley_normal_00511,0.6823120266199112,TB
mendeley_normal_00512,0.887959286570549,TB
mendeley_tb_00000,0.9881338775157928,TB
mendeley_tb_00001,0.973540261387825,TB
mendeley_tb_00002,0.8078555911779404,TB
mendeley_tb_00003,0.9921402931213379,TB
mendeley_tb_00004,0.8560145646333694,TB
mendeley_tb_00005,0.7515379041433334,TB
mendeley_tb_00006,0.3651296766474843,Normal
mendeley_tb_00007,0.13732184749096632,Normal
mendeley_tb_00008,0.9864663183689117,TB
mendeley_tb_00009,0.9694515764713287,TB
mendeley_tb_00010,0.9590381383895874,TB
mendeley_tb_00011,0.9813311249017715,TB
mendeley_tb_00012,0.9294005632400513,TB
mendeley_tb_00013,0.9871155470609665,TB
mendeley_tb_00014,0.8504018634557724,TB
mendeley_tb_00015,0.9941475540399551,TB
mendeley_tb_00016,0.7769091129302979,TB
mendeley_tb_00017,0.9154912233352661,TB
mendeley_tb_00018,0.9882867485284805,TB
mendeley_tb_00019,0.9778953939676285,TB
mendeley_tb_00020,0.9666188061237335,TB
mendeley_tb_00021,0.9858210980892181,TB
mendeley_tb_00022,0.9770196378231049,TB
mendeley_tb_00023,0.8769467025995255,TB
mendeley_tb_00024,0.9740109294652939,TB
mendeley_tb_00025,0.7826070785522461,TB
mendeley_tb_00026,0.33019867818802595,Normal
mendeley_tb_00027,0.9726693332195282,TB
mendeley_tb_00028,0.7585449516773224,TB
mendeley_tb_00029,0.9824960827827454,TB
mendeley_tb_00030,0.6210058126598597,TB
mendeley_tb_00031,0.9859092235565186,TB
mendeley_tb_00032,0.9283536523580551,TB
mendeley_tb_00033,0.9921244531869888,TB
mendeley_tb_00034,0.9819659888744354,TB
mendeley_tb_00035,0.541012492030859,TB
mendeley_tb_00036,0.9879573583602905,TB
mendeley_tb_00037,0.9871942400932312,TB
mendeley_tb_00038,0.9771323204040527,TB
mendeley_tb_00039,0.9045150130987167,TB
mendeley_tb_00040,0.9879582524299622,TB
mendeley_tb_00041,0.9821070283651352,TB
mendeley_tb_00042,0.8504406660795212,TB
mendeley_tb_00043,0.6438786145299673,TB
mendeley_tb_00044,0.735259547829628,TB
mendeley_tb_00045,0.9501490890979767,TB
mendeley_tb_00046,0.9680754095315933,TB
mendeley_tb_00047,0.9931230545043945,TB
mendeley_tb_00048,0.9741042852401733,TB
mendeley_tb_00049,0.6438792794942856,TB
mendeley_tb_00050,0.971175953745842,TB
mendeley_tb_00051,0.9069888889789581,TB
mendeley_tb_00052,0.6432555876672268,TB
mendeley_tb_00053,0.7665395885705948,TB
mendeley_tb_00054,0.6024622116237879,TB
mendeley_tb_00055,0.9788361638784409,TB
mendeley_tb_00056,0.9914239645004272,TB
mendeley_tb_00057,0.9425992667675018,TB
mendeley_tb_00058,0.9835110306739807,TB
mendeley_tb_00059,0.9630037248134613,TB
mendeley_tb_00060,0.9536893218755722,TB
mendeley_tb_00061,0.9586856514215469,TB
mendeley_tb_00062,0.9160860180854797,TB
mendeley_tb_00063,0.9729109406471252,TB
mendeley_tb_00064,0.9871737211942673,TB
mendeley_tb_00065,0.6769616603851318,TB
mendeley_tb_00066,0.9757181257009506,TB
mendeley_tb_00067,0.5695565342903137,TB
mendeley_tb_00068,0.9868914186954498,TB
mendeley_tb_00069,0.9424348622560501,TB
mendeley_tb_00070,0.49048419669270515,Normal
mendeley_tb_00071,0.982121616601944,TB
mendeley_tb_00072,0.9899443984031677,TB
mendeley_tb_00073,0.9878177642822266,TB
mendeley_tb_00074,0.9522732943296432,TB
mendeley_tb_00075,0.9256546646356583,TB
mendeley_tb_00076,0.9835993349552155,TB
mendeley_tb_00077,0.9872234165668488,TB
mendeley_tb_00078,0.9815120100975037,TB
mendeley_tb_00079,0.878632664680481,TB
mendeley_tb_00080,0.9729428142309189,TB
mendeley_tb_00081,0.8840365409851074,TB
mendeley_tb_00082,0.9185888916254044,TB
mendeley_tb_00083,0.9557593315839767,TB
mendeley_tb_00084,0.9880091547966003,TB
mendeley_tb_00085,0.6451225578784943,TB
mendeley_tb_00086,0.9929660558700562,TB
mendeley_tb_00087,0.9738381803035736,TB
mendeley_tb_00088,0.9830989390611649,TB
mendeley_tb_00089,0.7124621532857418,TB
mendeley_tb_00090,0.9274447560310364,TB
mendeley_tb_00091,0.9366654008626938,TB
mendeley_tb_00092,0.9915580600500107,TB
mendeley_tb_00093,0.757948637008667,TB
mendeley_tb_00094,0.5227234251797199,TB
mendeley_tb_00095,0.8294923305511475,TB
mendeley_tb_00096,0.794284962117672,TB
mendeley_tb_00097,0.9236877113580704,TB
mendeley_tb_00098,0.7816692218184471,TB
mendeley_tb_00099,0.985520526766777,TB
mendeley_tb_00100,0.952841579914093,TB
mendeley_tb_00101,0.9938721805810928,TB
mendeley_tb_00102,0.989289402961731,TB
mendeley_tb_00103,0.40321578085422516,Normal
mendeley_tb_00104,0.9550307989120483,TB
mendeley_tb_00105,0.921612024307251,TB
mendeley_tb_00106,0.7120110541582108,TB
mendeley_tb_00107,0.6938782930374146,TB
mendeley_tb_00108,0.9839662313461304,TB
mendeley_tb_00109,0.9858302623033524,TB
mendeley_tb_00110,0.7596692927181721,TB
mendeley_tb_00111,0.9823141247034073,TB
mendeley_tb_00112,0.58852593973279,TB
mendeley_tb_00113,0.8565557152032852,TB
mendeley_tb_00114,0.9845305979251862,TB
mendeley_tb_00115,0.9823045283555984,TB
mendeley_tb_00116,0.8687996119260788,TB
mendeley_tb_00117,0.975937619805336,TB
mendeley_tb_00118,0.9910949319601059,TB
mendeley_tb_00119,0.9613859355449677,TB
mendeley_tb_00120,0.9712285548448563,TB
mendeley_tb_00121,0.9930289089679718,TB
mendeley_tb_00122,0.858071431517601,TB
mendeley_tb_00123,0.9648678302764893,TB
mendeley_tb_00124,0.9692500978708267,TB
mendeley_tb_00125,0.9779883921146393,TB
mendeley_tb_00126,0.38525910396128893,Normal
mendeley_tb_00127,0.9751037508249283,TB
mendeley_tb_00128,0.3349714921787381,Normal
mendeley_tb_00129,0.8317805528640747,TB
mendeley_tb_00130,0.9421534240245819,TB
mendeley_tb_00131,0.9879244267940521,TB
mendeley_tb_00132,0.9881328344345093,TB
mendeley_tb_00133,0.9673046767711639,TB
mendeley_tb_00134,0.9335834830999374,TB
mendeley_tb_00135,0.7827768921852112,TB
mendeley_tb_00136,0.3501331955194473,Normal
mendeley_tb_00137,0.3394859917461872,Normal
mendeley_tb_00138,0.9942371547222137,TB
mendeley_tb_00139,0.992930456995964,TB
mendeley_tb_00140,0.9057152271270752,TB
mendeley_tb_00141,0.983732670545578,TB
mendeley_tb_00142,0.9802362471818924,TB
mendeley_tb_00143,0.9843984991312027,TB
mendeley_tb_00144,0.980844035744667,TB
mendeley_tb_00145,0.9799319058656693,TB
mendeley_tb_00146,0.9679418206214905,TB
mendeley_tb_00147,0.9486535042524338,TB
mendeley_tb_00148,0.9808588176965714,TB
mendeley_tb_00149,0.8027615919709206,TB
mendeley_tb_00150,0.953733503818512,TB
mendeley_tb_00151,0.98452527821064,TB
mendeley_tb_00152,0.9910863935947418,TB
mendeley_tb_00153,0.8724673688411713,TB
mendeley_tb_00154,0.985106959939003,TB
mendeley_tb_00155,0.9134954512119293,TB
mendeley_tb_00156,0.947700560092926,TB
mendeley_tb_00157,0.992516279220581,TB
mendeley_tb_00158,0.7863603457808495,TB
mendeley_tb_00159,0.8512789160013199,TB
mendeley_tb_00160,0.9733287841081619,TB
mendeley_tb_00161,0.9818940460681915,TB
mendeley_tb_00162,0.9709837436676025,TB
mendeley_tb_00163,0.25095607433468103,Normal
mendeley_tb_00164,0.7830713093280792,TB
mendeley_tb_00165,0.9719737470149994,TB
mendeley_tb_00166,0.8788411021232605,TB
mendeley_tb_00167,0.9676501005887985,TB
mendeley_tb_00168,0.9802728295326233,TB
mendeley_tb_00169,0.5331796631217003,TB
mendeley_tb_00170,0.9382794946432114,TB
mendeley_tb_00171,0.9856527894735336,TB
mendeley_tb_00172,0.9743356853723526,TB
mendeley_tb_00173,0.9912324398756027,TB
mendeley_tb_00174,0.44815514236688614,Normal
mendeley_tb_00175,0.8484397083520889,TB
mendeley_tb_00176,0.9256270825862885,TB
mendeley_tb_00177,0.9924171268939972,TB
mendeley_tb_00178,0.7904121726751328,TB
mendeley_tb_00179,0.9823940992355347,TB
mendeley_tb_00180,0.9925389438867569,TB
mendeley_tb_00181,0.7361247316002846,TB
mendeley_tb_00182,0.9878500998020172,TB
mendeley_tb_00183,0.9802528321743011,TB
mendeley_tb_00184,0.6500789579004049,TB
mendeley_tb_00185,0.6164113152772188,TB
mendeley_tb_00186,0.9932702481746674,TB
mendeley_tb_00187,0.9759010076522827,TB
mendeley_tb_00188,0.9834923297166824,TB
mendeley_tb_00189,0.9918938726186752,TB
mendeley_tb_00190,0.9694689214229584,TB
mendeley_tb_00191,0.7800437957048416,TB
mendeley_tb_00192,0.8347110897302628,TB
mendeley_tb_00193,0.982768639922142,TB
mendeley_tb_00194,0.9928924143314362,TB
mendeley_tb_00195,0.9615592956542969,TB
mendeley_tb_00196,0.9883134067058563,TB
mendeley_tb_00197,0.9808984100818634,TB
mendeley_tb_00198,0.77051792293787,TB
mendeley_tb_00199,0.9947353303432465,TB
mendeley_tb_00200,0.9905502051115036,TB
mendeley_tb_00201,0.7700214311480522,TB
mendeley_tb_00202,0.9874757528305054,TB
mendeley_tb_00203,0.9801526218652725,TB
mendeley_tb_00204,0.9639479666948318,TB
mendeley_tb_00205,0.8281787633895874,TB
mendeley_tb_00206,0.985798254609108,TB
mendeley_tb_00207,0.9694154113531113,TB
mendeley_tb_00208,0.7206483259797096,TB
mendeley_tb_00209,0.9788145422935486,TB
mendeley_tb_00210,0.9715510457754135,TB
mendeley_tb_00211,0.31290646828711033,Normal
mendeley_tb_00212,0.9874861091375351,TB
mendeley_tb_00213,0.9675221890211105,TB
mendeley_tb_00214,0.9757327139377594,TB
mendeley_tb_00215,0.9721798151731491,TB
mendeley_tb_00216,0.9819276183843613,TB
mendeley_tb_00217,0.9896545559167862,TB
mendeley_tb_00218,0.8977073580026627,TB
mendeley_tb_00219,0.9912631213665009,TB
mendeley_tb_00220,0.49234482645988464,Normal
mendeley_tb_00221,0.988269254565239,TB
mendeley_tb_00222,0.9798587560653687,TB
mendeley_tb_00223,0.7986514121294022,TB
mendeley_tb_00224,0.7003061324357986,TB
mendeley_tb_00225,0.9827856570482254,TB
mendeley_tb_00226,0.963843509554863,TB
mendeley_tb_00227,0.303181666880846,Normal
mendeley_tb_00228,0.7252427116036415,TB
mendeley_tb_00229,0.9874734878540039,TB
mendeley_tb_00230,0.9850269109010696,TB
mendeley_tb_00231,0.9327962547540665,TB
mendeley_tb_00232,0.971420481801033,TB
mendeley_tb_00233,0.3798226211220026,Normal
mendeley_tb_00234,0.9790423661470413,TB
mendeley_tb_00235,0.9806223511695862,TB
mendeley_tb_00236,0.7479878179728985,TB
mendeley_tb_00237,0.9393125623464584,TB
mendeley_tb_00238,0.9931297153234482,TB
mendeley_tb_00239,0.08559715282171965,Normal
mendeley_tb_00240,0.3463103324174881,Normal
mendeley_tb_00241,0.9891595244407654,TB
mendeley_tb_00242,0.9017799496650696,TB
mendeley_tb_00243,0.9846855849027634,TB
mendeley_tb_00244,0.9745419919490814,TB
mendeley_tb_00245,0.4491901476867497,Normal
mendeley_tb_00246,0.9571070522069931,TB
mendeley_tb_00247,0.9583893865346909,TB
mendeley_tb_00248,0.9038312882184982,TB
mendeley_tb_00249,0.9628147780895233,TB
mendeley_tb_00250,0.9509197622537613,TB
mendeley_tb_00251,0.9344990402460098,TB
mendeley_tb_00252,0.5726875346153975,TB
mendeley_tb_00253,0.9669266939163208,TB
mendeley_tb_00254,0.9903979003429413,TB
mendeley_tb_00255,0.45910238940268755,Normal
mendeley_tb_00256,0.9883574992418289,TB
mendeley_tb_00257,0.8511437475681305,TB
mendeley_tb_00258,0.9749865531921387,TB
mendeley_tb_00259,0.9878222048282623,TB
mendeley_tb_00260,0.9895275384187698,TB
mendeley_tb_00261,0.9911656528711319,TB
mendeley_tb_00262,0.5734265595674515,TB
mendeley_tb_00263,0.9926483482122421,TB
mendeley_tb_00264,0.975759357213974,TB
mendeley_tb_00265,0.9910519570112228,TB
mendeley_tb_00266,0.9925051778554916,TB
mendeley_tb_00267,0.9084837436676025,TB
mendeley_tb_00268,0.825501024723053,TB
mendeley_tb_00269,0.9641820192337036,TB
mendeley_tb_00270,0.988508552312851,TB
mendeley_tb_00271,0.9046534299850464,TB
mendeley_tb_00272,0.9679615050554276,TB
mendeley_tb_00273,0.9711437821388245,TB
mendeley_tb_00274,0.9841404557228088,TB
mendeley_tb_00275,0.963749349117279,TB
mendeley_tb_00276,0.9291610866785049,TB
mendeley_tb_00277,0.6994894221425056,TB
mendeley_tb_00278,0.9418077021837234,TB
mendeley_tb_00279,0.9904305338859558,TB
mendeley_tb_00280,0.9480726569890976,TB
mendeley_tb_00281,0.7824910134077072,TB
mendeley_tb_00282,0.9926731586456299,TB
mendeley_tb_00283,0.4359334446489811,Normal
mendeley_tb_00284,0.7691506296396255,TB
mendeley_tb_00285,0.9344010353088379,TB
mendeley_tb_00286,0.9798315018415451,TB
mendeley_tb_00287,0.9858991056680679,TB
mendeley_tb_00288,0.18169349897652864,Normal
mendeley_tb_00289,0.9665226936340332,TB
mendeley_tb_00290,0.8132040649652481,TB
mendeley_tb_00291,0.9893673658370972,TB
mendeley_tb_00292,0.8856616169214249,TB
mendeley_tb_00293,0.8898986876010895,TB
mendeley_tb_00294,0.7724402099847794,TB
mendeley_tb_00295,0.755747489631176,TB
mendeley_tb_00296,0.8692463040351868,TB
mendeley_tb_00297,0.3926953598856926,Normal
mendeley_tb_00298,0.5535165444016457,TB
mendeley_tb_00299,0.9180929064750671,TB
mendeley_tb_00300,0.9826629757881165,TB
mendeley_tb_00301,0.95985047519207,TB
mendeley_tb_00302,0.9806247055530548,TB
mendeley_tb_00303,0.9811975955963135,TB
mendeley_tb_00304,0.9922670722007751,TB
mendeley_tb_00305,0.719526682049036,TB
mendeley_tb_00306,0.9918534755706787,TB
mendeley_tb_00307,0.976724848151207,TB
mendeley_tb_00308,0.9437135010957718,TB
mendeley_tb_00309,0.9882513731718063,TB
mendeley_tb_00310,0.9455230087041855,TB
mendeley_tb_00311,0.9599359035491943,TB
mendeley_tb_00312,0.9880287796258926,TB
mendeley_tb_00313,0.9258161634206772,TB
mendeley_tb_00314,0.9589595645666122,TB
mendeley_tb_00315,0.9579258859157562,TB
mendeley_tb_00316,0.9782380759716034,TB
mendeley_tb_00317,0.8555907607078552,TB
mendeley_tb_00318,0.9791063815355301,TB
mendeley_tb_00319,0.9913468807935715,TB
mendeley_tb_00320,0.9856962561607361,TB
mendeley_tb_00321,0.9909762442111969,TB
mendeley_tb_00322,0.9637557864189148,TB
mendeley_tb_00323,0.9412922412157059,TB
mendeley_tb_00324,0.8278857320547104,TB
mendeley_tb_00325,0.8745119422674179,TB
mendeley_tb_00326,0.992861270904541,TB
mendeley_tb_00327,0.9897592961788177,TB
mendeley_tb_00328,0.8016604483127594,TB
mendeley_tb_00329,0.9477555751800537,TB
mendeley_tb_00330,0.8904304653406143,TB
mendeley_tb_00331,0.9745267331600189,TB
mendeley_tb_00332,0.6893463805317879,TB
mendeley_tb_00333,0.9829678237438202,TB
mendeley_tb_00334,0.9558607190847397,TB
mendeley_tb_00335,0.9296154379844666,TB
mendeley_tb_00336,0.9565100967884064,TB
mendeley_tb_00337,0.8611220270395279,TB
mendeley_tb_00338,0.9787665009498596,TB
mendeley_tb_00339,0.9544332474470139,TB
mendeley_tb_00340,0.9792392402887344,TB
mendeley_tb_00341,0.3442859388887882,Normal
mendeley_tb_00342,0.992527648806572,TB
mendeley_tb_00343,0.9426074624061584,TB
mendeley_tb_00344,0.9839852750301361,TB
mendeley_tb_00345,0.9927876591682434,TB
mendeley_tb_00346,0.8405955880880356,TB
mendeley_tb_00347,0.9662596583366394,TB
mendeley_tb_00348,0.5117154531180859,TB
mendeley_tb_00349,0.9108578115701675,TB
mendeley_tb_00350,0.9895646572113037,TB
mendeley_tb_00351,0.1734878709539771,Normal
mendeley_tb_00352,0.5174164157360792,TB
mendeley_tb_00353,0.8818748444318771,TB
mendeley_tb_00354,0.9084453582763672,TB
mendeley_tb_00355,0.9806580990552902,TB
mendeley_tb_00356,0.652359165251255,TB
mendeley_tb_00357,0.9954351037740707,TB
mendeley_tb_00358,0.9835543185472488,TB
mendeley_tb_00359,0.9735918790102005,TB
mendeley_tb_00360,0.9378093183040619,TB
mendeley_tb_00361,0.986473798751831,TB
mendeley_tb_00362,0.9577929228544235,TB
mendeley_tb_00363,0.9712527096271515,TB
mendeley_tb_00364,0.9498047828674316,TB
mendeley_tb_00365,0.9879812449216843,TB
mendeley_tb_00366,0.9624359011650085,TB
mendeley_tb_00367,0.9660155475139618,TB
mendeley_tb_00368,0.9309248626232147,TB
mendeley_tb_00369,0.9741352796554565,TB
mendeley_tb_00370,0.9732985347509384,TB
mendeley_tb_00371,0.9841728359460831,TB
mendeley_tb_00372,0.9457625299692154,TB
mendeley_tb_00373,0.9891201853752136,TB
mendeley_tb_00374,0.9767967015504837,TB
mendeley_tb_00375,0.814008891582489,TB
mendeley_tb_00376,0.9862263798713684,TB
mendeley_tb_00377,0.9468429088592529,TB
mendeley_tb_00378,0.9547474086284637,TB
mendeley_tb_00379,0.22067238483577967,Normal
mendeley_tb_00380,0.9628070741891861,TB
mendeley_tb_00381,0.991245910525322,TB
mendeley_tb_00382,0.9795813709497452,TB
mendeley_tb_00383,0.925772100687027,TB
mendeley_tb_00384,0.9227201640605927,TB
mendeley_tb_00385,0.692056193947792,TB
mendeley_tb_00386,0.7434632815420628,TB
mendeley_tb_00387,0.9264888763427734,TB
mendeley_tb_00388,0.9604813754558563,TB
mendeley_tb_00389,0.9757136702537537,TB
mendeley_tb_00390,0.9879391938447952,TB
mendeley_tb_00391,0.994055911898613,TB
mendeley_tb_00392,0.987857922911644,TB
mendeley_tb_00393,0.9573566764593124,TB
mendeley_tb_00394,0.9920216351747513,TB
mendeley_tb_00395,0.9575702548027039,TB
mendeley_tb_00396,0.9892965406179428,TB
mendeley_tb_00397,0.9833519607782364,TB
mendeley_tb_00398,0.9480113238096237,TB
mendeley_tb_00399,0.9914487153291702,TB
mendeley_tb_00400,0.6163420267403126,TB
mendeley_tb_00401,0.9873420298099518,TB
mendeley_tb_00402,0.9884117692708969,TB
mendeley_tb_00403,0.971802368760109,TB
mendeley_tb_00404,0.9801909774541855,TB
mendeley_tb_00405,0.9893227219581604,TB
mendeley_tb_00406,0.6092824935913086,TB
mendeley_tb_00407,0.9912151098251343,TB
mendeley_tb_00408,0.7592421025037766,TB
mendeley_tb_00409,0.9519060552120209,TB
mendeley_tb_00410,0.988275021314621,TB
mendeley_tb_00411,0.9603399187326431,TB
mendeley_tb_00412,0.9883782118558884,TB
mendeley_tb_00413,0.9237290173768997,TB
mendeley_tb_00414,0.9638936817646027,TB
mendeley_tb_00415,0.990231841802597,TB
mendeley_tb_00416,0.9752101600170135,TB
mendeley_tb_00417,0.9595489054918289,TB
mendeley_tb_00418,0.9026915282011032,TB
mendeley_tb_00419,0.9185942560434341,TB
mendeley_tb_00420,0.9888644516468048,TB
mendeley_tb_00421,0.9848577082157135,TB
mendeley_tb_00422,0.9899898767471313,TB
mendeley_tb_00423,0.8724838346242905,TB
mendeley_tb_00424,0.9864134192466736,TB
mendeley_tb_00425,0.9604071080684662,TB
mendeley_tb_00426,0.9617882072925568,TB
mendeley_tb_00427,0.9706600457429886,TB
mendeley_tb_00428,0.9921392351388931,TB
mendeley_tb_00429,0.7403208017349243,TB
mendeley_tb_00430,0.7439904063940048,TB
mendeley_tb_00431,0.920203909277916,TB
mendeley_tb_00432,0.9436225891113281,TB
mendeley_tb_00433,0.987943485379219,TB
mendeley_tb_00434,0.8472953885793686,TB
mendeley_tb_00435,0.9914950430393219,TB
mendeley_tb_00436,0.9116347581148148,TB
mendeley_tb_00437,0.9874850511550903,TB
mendeley_tb_00438,0.9907160997390747,TB
mendeley_tb_00439,0.9919096231460571,TB
mendeley_tb_00440,0.6907133683562279,TB
mendeley_tb_00441,0.9737491607666016,TB
mendeley_tb_00442,0.9609925150871277,TB
mendeley_tb_00443,0.9686944037675858,TB
mendeley_tb_00444,0.9843024611473083,TB
mendeley_tb_00445,0.9814859330654144,TB
mendeley_tb_00446,0.4696970423683524,Normal
mendeley_tb_00447,0.9200934171676636,TB
mendeley_tb_00448,0.8006118535995483,TB
mendeley_tb_00449,0.9798250049352646,TB
mendeley_tb_00450,0.977792352437973,TB
mendeley_tb_00451,0.9904599785804749,TB
mendeley_tb_00452,0.9721077382564545,TB
mendeley_tb_00453,0.9618275165557861,TB
mendeley_tb_00454,0.9643038809299469,TB
mendeley_tb_00455,0.9917029142379761,TB
mendeley_tb_00456,0.9581393003463745,TB
mendeley_tb_00457,0.9890430122613907,TB
mendeley_tb_00458,0.9924796223640442,TB
mendeley_tb_00459,0.9825113266706467,TB
mendeley_tb_00460,0.9856418669223785,TB
mendeley_tb_00461,0.7538613080978394,TB
mendeley_tb_00462,0.8857185691595078,TB
mendeley_tb_00463,0.9708006829023361,TB
mendeley_tb_00464,0.9868406504392624,TB
mendeley_tb_00465,0.9894208759069443,TB
mendeley_tb_00466,0.984896332025528,TB
mendeley_tb_00467,0.7448603138327599,TB
mendeley_tb_00468,0.9857365190982819,TB
mendeley_tb_00469,0.9355713725090027,TB
mendeley_tb_00470,0.9928726851940155,TB
mendeley_tb_00471,0.9931562840938568,TB
mendeley_tb_00472,0.9908523261547089,TB
mendeley_tb_00473,0.980880931019783,TB
mendeley_tb_00474,0.9799439460039139,TB
mendeley_tb_00475,0.9658125936985016,TB
mendeley_tb_00476,0.9928481727838516,TB
mendeley_tb_00477,0.9521171897649765,TB
mendeley_tb_00478,0.8922286182641983,TB
mendeley_tb_00479,0.9764175713062286,TB
mendeley_tb_00480,0.8263421207666397,TB
mendeley_tb_00481,0.9929474741220474,TB
mendeley_tb_00482,0.9002314656972885,TB
mendeley_tb_00483,0.9764596372842789,TB
mendeley_tb_00484,0.9842524528503418,TB
mendeley_tb_00485,0.9780713766813278,TB
mendeley_tb_00486,0.9696759581565857,TB
mendeley_tb_00487,0.9797377288341522,TB
mendeley_tb_00488,0.4931544456630945,Normal
mendeley_tb_00489,0.9899096339941025,TB
mendeley_tb_00490,0.955565944314003,TB
mendeley_tb_00491,0.3827665261924267,Normal
mendeley_tb_00492,0.9086250066757202,TB
mendeley_tb_00493,0.9661325663328171,TB
mendeley_tb_00494,0.9779447913169861,TB
mendeley_tb_00495,0.9609956443309784,TB
mendeley_tb_00496,0.9871575981378555,TB
mendeley_tb_00497,0.49211735278367996,Normal
mendeley_tb_00498,0.9819104373455048,TB
mendeley_tb_00499,0.9849418699741364,TB
mendeley_tb_00500,0.908188983798027,TB
mendeley_tb_00501,0.953778862953186,TB
mendeley_tb_00502,0.9770632833242416,TB
mendeley_tb_00503,0.9165105819702148,TB
mendeley_tb_00504,0.9784334748983383,TB
mendeley_tb_00505,0.9876056611537933,TB
mendeley_tb_00506,0.9391388893127441,TB
mendeley_tb_00507,0.9292053282260895,TB
mendeley_tb_00508,0.8381741642951965,TB
mendeley_tb_00509,0.9809853285551071,TB
mendeley_tb_00510,0.984539583325386,TB
mendeley_tb_00511,0.9878982603549957,TB
mendeley_tb_00512,0.7970484048128128,TB
mendeley_tb_00513,0.9560704082250595,TB
mendeley_tb_00514,0.7400404214859009,TB
mendeley_tb_00515,0.7133212834596634,TB
mendeley_tb_00516,0.9258086979389191,TB
mendeley_tb_00517,0.9913038462400436,TB
mendeley_tb_00518,0.992852121591568,TB
mendeley_tb_00519,0.99136021733284,TB
mendeley_tb_00520,0.9815951734781265,TB
mendeley_tb_00521,0.9815872609615326,TB
mendeley_tb_00522,0.9925650656223297,TB
mendeley_tb_00523,0.938727930188179,TB
mendeley_tb_00524,0.8538787364959717,TB
mendeley_tb_00525,0.7668241076171398,TB
mendeley_tb_00526,0.9703904092311859,TB
mendeley_tb_00527,0.992964580655098,TB
mendeley_tb_00528,0.9847099930047989,TB
mendeley_tb_00529,0.9936515539884567,TB
mendeley_tb_00530,0.9515470117330551,TB
mendeley_tb_00531,0.993476077914238,TB
mendeley_tb_00532,0.611168997362256,TB
mendeley_tb_00533,0.8088239431381226,TB
mendeley_tb_00534,0.9767894744873047,TB
mendeley_tb_00535,0.9901563227176666,TB
mendeley_tb_00536,0.992657795548439,TB
mendeley_tb_00537,0.9781347662210464,TB
mendeley_tb_00538,0.9795902967453003,TB
mendeley_tb_00539,0.9831033945083618,TB
mendeley_tb_00540,0.9917309582233429,TB
mendeley_tb_00541,0.9908580332994461,TB
mendeley_tb_00542,0.8035022765398026,TB
mendeley_tb_00543,0.9710427522659302,TB
mendeley_tb_00544,0.984315499663353,TB
mendeley_tb_00545,0.979846864938736,TB
mendeley_tb_00546,0.9068136513233185,TB
mendeley_tb_00547,0.8169301971793175,TB
mendeley_tb_00548,0.9849599599838257,TB
mendeley_tb_00549,0.990154504776001,TB
mendeley_tb_00550,0.9792022705078125,TB
mendeley_tb_00551,0.9856730401515961,TB
mendeley_tb_00552,0.9742288440465927,TB
mendeley_tb_00553,0.9856598228216171,TB
mendeley_tb_00554,0.7283756285905838,TB
mendeley_tb_00555,0.8462868183851242,TB
mendeley_tb_00556,0.9419635236263275,TB
mendeley_tb_00557,0.980109915137291,TB
mendeley_tb_00558,0.8301255851984024,TB
mendeley_tb_00559,0.4495817655697465,Normal
mendeley_tb_00560,0.4537351727485657,Normal
mendeley_tb_00561,0.8412536755204201,TB
mendeley_tb_00562,0.9453469812870026,TB
mendeley_tb_00563,0.26610666420310736,Normal
mendeley_tb_00564,0.5393636543303728,TB
mendeley_tb_00565,0.9579437673091888,TB
mendeley_tb_00566,0.9253084063529968,TB
mendeley_tb_00567,0.5965773388743401,TB
mendeley_tb_00568,0.9932760298252106,TB
mendeley_tb_00569,0.7255708500742912,TB
mendeley_tb_00570,0.9613406956195831,TB
mendeley_tb_00571,0.7839463651180267,TB
mendeley_tb_00572,0.8289831578731537,TB
mendeley_tb_00573,0.6769796907901764,TB
mendeley_tb_00574,0.9056903421878815,TB
mendeley_tb_00575,0.9919620752334595,TB
mendeley_tb_00576,0.9893743395805359,TB
mendeley_tb_00577,0.8049830943346024,TB
mendeley_tb_00578,0.9703106433153152,TB
mendeley_tb_00579,0.9691756963729858,TB
mendeley_tb_00580,0.9843213260173798,TB
mendeley_tb_00581,0.41151173785328865,Normal
mendeley_tb_00582,0.49366161972284317,Normal
mendeley_tb_00583,0.4049244886264205,Normal
mendeley_tb_00584,0.9259026348590851,TB
mendeley_tb_00585,0.9950654655694962,TB
mendeley_tb_00586,0.9852523952722549,TB
mendeley_tb_00587,0.9598200917243958,TB
mendeley_tb_00588,0.978960707783699,TB
mendeley_tb_00589,0.849498450756073,TB
mendeley_tb_00590,0.9824986010789871,TB
mendeley_tb_00591,0.5272771110758185,TB
mendeley_tb_00592,0.7919852286577225,TB
mendeley_tb_00593,0.9706209003925323,TB
mendeley_tb_00594,0.8683299571275711,TB
mendeley_tb_00595,0.9855241626501083,TB
mendeley_tb_00596,0.3958394378423691,Normal
mendeley_tb_00597,0.9854294955730438,TB
mendeley_tb_00598,0.9907930344343185,TB
mendeley_tb_00599,0.9930128455162048,TB
mendeley_tb_00600,0.8337734639644623,TB
mendeley_tb_00601,0.9514366388320923,TB
mendeley_tb_00602,0.9712155610322952,TB
mendeley_tb_00603,0.5481132939457893,TB
mendeley_tb_00604,0.9722419679164886,TB
mendeley_tb_00605,0.9806061089038849,TB
mendeley_tb_00606,0.27535840030759573,Normal
mendeley_tb_00607,0.7291515022516251,TB
mendeley_tb_00608,0.9559484869241714,TB
mendeley_tb_00609,0.9887802600860596,TB
mendeley_tb_00610,0.9862481504678726,TB
mendeley_tb_00611,0.576581783592701,TB
mendeley_tb_00612,0.9926544427871704,TB
mendeley_tb_00613,0.9917627274990082,TB
mendeley_tb_00614,0.9847207963466644,TB
mendeley_tb_00615,0.9887291491031647,TB
mendeley_tb_00616,0.9921888411045074,TB
mendeley_tb_00617,0.9811315387487411,TB
mendeley_tb_00618,0.9933809041976929,TB
mendeley_tb_00619,0.9932492822408676,TB
mendeley_tb_00620,0.9702839553356171,TB
mendeley_tb_00621,0.9947930127382278,TB
mendeley_tb_00622,0.9833321869373322,TB
mendeley_tb_00623,0.9120089411735535,TB
mendeley_tb_00624,0.9931847602128983,TB
mendeley_tb_00625,0.9888747185468674,TB
mendeley_tb_00626,0.8746112138032913,TB
mendeley_tb_00627,0.9812574088573456,TB
mendeley_tb_00628,0.9873403608798981,TB
mendeley_tb_00629,0.9641387760639191,TB
mendeley_tb_00630,0.977736234664917,TB
mendeley_tb_00631,0.9656784683465958,TB
mendeley_tb_00632,0.896137148141861,TB
mendeley_tb_00633,0.8510769009590149,TB
mendeley_tb_00634,0.9900118708610535,TB
mendeley_tb_00635,0.749648317694664,TB
mendeley_tb_00636,0.9145385921001434,TB
mendeley_tb_00637,0.9777060151100159,TB
mendeley_tb_00638,0.9903544485569,TB
mendeley_tb_00639,0.9887238442897797,TB
mendeley_tb_00640,0.9589195996522903,TB
mendeley_tb_00641,0.9586955308914185,TB
mendeley_tb_00642,0.9833821356296539,TB
mendeley_tb_00643,0.9011300802230835,TB
mendeley_tb_00644,0.7792577520012856,TB
mendeley_tb_00645,0.984883651137352,TB
mendeley_tb_00646,0.9629982709884644,TB
mendeley_tb_00647,0.9516225159168243,TB
mendeley_tb_00648,0.9776117652654648,TB
mendeley_tb_00649,0.9893165230751038,TB
mendeley_tb_00650,0.9351112097501755,TB
mendeley_tb_00651,0.9933499544858932,TB
mendeley_tb_00652,0.9481762945652008,TB
mendeley_tb_00653,0.7044931948184967,TB
mendeley_tb_00654,0.9662051200866699,TB
mendeley_tb_00655,0.7933014631271362,TB
mendeley_tb_00656,0.9807820469141006,TB
mendeley_tb_00657,0.9819535315036774,TB
mendeley_tb_00658,0.48025280609726906,Normal
mendeley_tb_00659,0.9790811091661453,TB
mendeley_tb_00660,0.9860348105430603,TB
mendeley_tb_00661,0.9692268222570419,TB
mendeley_tb_00662,0.729698434472084,TB
mendeley_tb_00663,0.9896081984043121,TB
mendeley_tb_00664,0.9220407158136368,TB
mendeley_tb_00665,0.9169909805059433,TB
mendeley_tb_00666,0.9802251011133194,TB
mendeley_tb_00667,0.9821669161319733,TB
mendeley_tb_00668,0.45146872103214264,Normal
mendeley_tb_00669,0.9890030324459076,TB
mendeley_tb_00670,0.5888022230938077,TB
mendeley_tb_00671,0.9839335829019547,TB
mendeley_tb_00672,0.9862331748008728,TB
mendeley_tb_00673,0.9824689626693726,TB
mendeley_tb_00674,0.9842741638422012,TB
mendeley_tb_00675,0.9876841455698013,TB
mendeley_tb_00676,0.7784421890974045,TB
mendeley_tb_00677,0.9827904254198074,TB
mendeley_tb_00678,0.8652340173721313,TB
mendeley_tb_00679,0.9801544100046158,TB
mendeley_tb_00680,0.6464377827942371,TB
mendeley_tb_00681,0.8546501249074936,TB
mendeley_tb_00682,0.6524663381278515,TB
mendeley_tb_00683,0.9741957485675812,TB
mendeley_tb_00684,0.9926406145095825,TB
mendeley_tb_00685,0.9895603358745575,TB
mendeley_tb_00686,0.8813106119632721,TB
mendeley_tb_00687,0.9802900403738022,TB
mendeley_tb_00688,0.9905899465084076,TB
mendeley_tb_00689,0.9484086036682129,TB
mendeley_tb_00690,0.8820679485797882,TB
mendeley_tb_00691,0.8542914688587189,TB
mendeley_tb_00692,0.9888288378715515,TB
mendeley_tb_00693,0.7536793202161789,TB
mendeley_tb_00694,0.9544442892074585,TB
mendeley_tb_00695,0.9850484877824783,TB
mendeley_tb_00696,0.9731776565313339,TB
mendeley_tb_00697,0.9691229313611984,TB
mendeley_tb_00698,0.9890545308589935,TB
mendeley_tb_00699,0.9760577082633972,TB
mendeley_tb_00700,0.7790040373802185,TB
mendeley_tb_00701,0.9420387893915176,TB
mendeley_tb_00702,0.9227595329284668,TB
mendeley_tb_00703,0.7540498301386833,TB
mendeley_tb_00704,0.7734181731939316,TB
mendeley_tb_00705,0.8342271894216537,TB
mendeley_tb_00706,0.8973989635705948,TB
mendeley_tb_00707,0.9899225234985352,TB
mendeley_tb_00708,0.909853145480156,TB
mendeley_tb_00709,0.9912337213754654,TB
mendeley_tb_00710,0.5433561140671372,TB
mendeley_tb_00711,0.9518742114305496,TB
mendeley_tb_00712,0.9351374953985214,TB
mendeley_tb_00713,0.7631159424781799,TB
mendeley_tb_00714,0.9923751205205917,TB
mendeley_tb_00715,0.12635706015862525,Normal
mendeley_tb_00716,0.09812288731336594,Normal
mendeley_tb_00717,0.43811025843024254,Normal
mendeley_tb_00718,0.14733430335763842,Normal
mendeley_tb_00719,0.9861649572849274,TB
mendeley_tb_00720,0.9773651659488678,TB
mendeley_tb_00721,0.9807242155075073,TB
mendeley_tb_00722,0.9544835537672043,TB
mendeley_tb_00723,0.9868077784776688,TB
mendeley_tb_00724,0.9175898134708405,TB
mendeley_tb_00725,0.9589850306510925,TB
mendeley_tb_00726,0.9069027155637741,TB
mendeley_tb_00727,0.9040976464748383,TB
mendeley_tb_00728,0.9500923752784729,TB
mendeley_tb_00729,0.9894583225250244,TB
mendeley_tb_00730,0.9612598270177841,TB
mendeley_tb_00731,0.9588255286216736,TB
mendeley_tb_00732,0.9287611991167068,TB
mendeley_tb_00733,0.8011293858289719,TB
mendeley_tb_00734,0.9886665046215057,TB
mendeley_tb_00735,0.7711520567536354,TB
mendeley_tb_00736,0.9872368425130844,TB
mendeley_tb_00737,0.9911840260028839,TB
mendeley_tb_00738,0.9826712012290955,TB
mendeley_tb_00739,0.9807997941970825,TB
mendeley_tb_00740,0.6583866216242313,TB
mendeley_tb_00741,0.9787754267454147,TB
mendeley_tb_00742,0.9476973861455917,TB
mendeley_tb_00743,0.982274979352951,TB
mendeley_tb_00744,0.9652319401502609,TB
mendeley_tb_00745,0.9900354743003845,TB
mendeley_tb_00746,0.12878884375095367,Normal
mendeley_tb_00747,0.9911130964756012,TB
mendeley_tb_00748,0.9732439070940018,TB
mendeley_tb_00749,0.9330549091100693,TB
mendeley_tb_00750,0.9662770628929138,TB
mendeley_tb_00751,0.972192794084549,TB
mendeley_tb_00752,0.9491911381483078,TB
mendeley_tb_00753,0.9883583784103394,TB
mendeley_tb_00754,0.8702881783246994,TB
mendeley_tb_00755,0.7594799771904945,TB
mendeley_tb_00756,0.9676042795181274,TB
mendeley_tb_00757,0.9783220291137695,TB
mendeley_tb_00758,0.9908874928951263,TB
mendeley_tb_00759,0.8642884939908981,TB
mendeley_tb_00760,0.9811504185199738,TB
mendeley_tb_00761,0.9912079125642776,TB
mendeley_tb_00762,0.9675216376781464,TB
mendeley_tb_00763,0.9773913472890854,TB
mendeley_tb_00764,0.9845968335866928,TB
mendeley_tb_00765,0.9833942949771881,TB
mendeley_tb_00766,0.9805056750774384,TB
mendeley_tb_00767,0.7059014141559601,TB
mendeley_tb_00768,0.993427038192749,TB
mendeley_tb_00769,0.9928260892629623,TB
mendeley_tb_00770,0.9931325763463974,TB
mendeley_tb_00771,0.9848475903272629,TB
mendeley_tb_00772,0.9887037426233292,TB
mendeley_tb_00773,0.9588501900434494,TB
mendeley_tb_00774,0.947180449962616,TB
mendeley_tb_00775,0.9902071952819824,TB
mendeley_tb_00776,0.9841862767934799,TB
mendeley_tb_00777,0.7736438512802124,TB
mendeley_tb_00778,0.9917914271354675,TB
mendeley_tb_00779,0.9770034104585648,TB
mendeley_tb_00780,0.9929844290018082,TB
mendeley_tb_00781,0.9655221402645111,TB
mendeley_tb_00782,0.9888473004102707,TB
mendeley_tb_00783,0.7297670692205429,TB
mendeley_tb_00784,0.9495372027158737,TB
mendeley_tb_00785,0.9906482398509979,TB
mendeley_tb_00786,0.9916613101959229,TB
mendeley_tb_00787,0.9336587190628052,TB
mendeley_tb_00788,0.9561549872159958,TB
mendeley_tb_00789,0.49106795340776443,Normal
mendeley_tb_00790,0.5337456725537777,TB
mendeley_tb_00791,0.9884563237428665,TB
mendeley_tb_00792,0.9915250986814499,TB
mendeley_tb_00793,0.9446780979633331,TB
mendeley_tb_00794,0.9653279334306717,TB
mendeley_tb_00795,0.8712407052516937,TB
mendeley_tb_00796,0.9939244240522385,TB
mendeley_tb_00797,0.9924353659152985,TB
mendeley_tb_00798,0.9810658693313599,TB
mendeley_tb_00799,0.9915153235197067,TB
mendeley_tb_00800,0.9902893751859665,TB
mendeley_tb_00801,0.9854215681552887,TB
mendeley_tb_00802,0.7255246862769127,TB
mendeley_tb_00803,0.9899067729711533,TB
mendeley_tb_00804,0.9918849766254425,TB
mendeley_tb_00805,0.9897570312023163,TB
mendeley_tb_00806,0.9933873116970062,TB
mendeley_tb_00807,0.9072001874446869,TB
mendeley_tb_00808,0.9640341997146606,TB
mendeley_tb_00809,0.9850271493196487,TB
mendeley_tb_00810,0.9858953803777695,TB
mendeley_tb_00811,0.9899372607469559,TB
mendeley_tb_00812,0.986254021525383,TB
mendeley_tb_00813,0.9930566847324371,TB
mendeley_tb_00814,0.8523248583078384,TB
mendeley_tb_00815,0.9563110172748566,TB
mendeley_tb_00816,0.4125836594030261,Normal
mendeley_tb_00817,0.8657639622688293,TB
mendeley_tb_00818,0.9860891401767731,TB
mendeley_tb_00819,0.8194362074136734,TB
mendeley_tb_00820,0.8931226432323456,TB
mendeley_tb_00821,0.9715045243501663,TB
mendeley_tb_00822,0.9899604767560959,TB
mendeley_tb_00823,0.35787944681942463,Normal
mendeley_tb_00824,0.8544248342514038,TB
mendeley_tb_00825,0.6947381496429443,TB
mendeley_tb_00826,0.9866960644721985,TB
mendeley_tb_00827,0.9806880801916122,TB
mendeley_tb_00828,0.9617329686880112,TB
mendeley_tb_00829,0.9618749469518661,TB
mendeley_tb_00830,0.991522952914238,TB
mendeley_tb_00831,0.9100477397441864,TB
mendeley_tb_00832,0.771974042057991,TB
mendeley_tb_00833,0.9886198043823242,TB
mendeley_tb_00834,0.9715415388345718,TB
mendeley_tb_00835,0.9864901900291443,TB
mendeley_tb_00836,0.8303101435303688,TB
mendeley_tb_00837,0.9371332973241806,TB
mendeley_tb_00838,0.8652651757001877,TB
mendeley_tb_00839,0.9830005466938019,TB
mendeley_tb_00840,0.9104496240615845,TB
mendeley_tb_00841,0.9917261004447937,TB
mendeley_tb_00842,0.9904332607984543,TB
mendeley_tb_00843,0.948253870010376,TB
mendeley_tb_00844,0.9683263748884201,TB
mendeley_tb_00845,0.9470992982387543,TB
mendeley_tb_00846,0.9438131153583527,TB
mendeley_tb_00847,0.9789872169494629,TB
mendeley_tb_00848,0.990369126200676,TB
mendeley_tb_00849,0.877456322312355,TB
mendeley_tb_00850,0.9858118146657944,TB
mendeley_tb_00851,0.9677574783563614,TB
mendeley_tb_00852,0.9381790310144424,TB
mendeley_tb_00853,0.7657973244786263,TB
mendeley_tb_00854,0.7241468206048012,TB
mendeley_tb_00855,0.9701833724975586,TB
mendeley_tb_00856,0.8429767489433289,TB
mendeley_tb_00857,0.9628562927246094,TB
mendeley_tb_00858,0.8971967399120331,TB
mendeley_tb_00859,0.9791991710662842,TB
mendeley_tb_00860,0.9880921244621277,TB
mendeley_tb_00861,0.9335589110851288,TB
mendeley_tb_00862,0.9751108884811401,TB
mendeley_tb_00863,0.7895471081137657,TB
mendeley_tb_00864,0.9496663212776184,TB
mendeley_tb_00865,0.7445167377591133,TB
mendeley_tb_00866,0.8533598333597183,TB
mendeley_tb_00867,0.9592094719409943,TB
mendeley_tb_00868,0.9959137439727783,TB
mendeley_tb_00869,0.6886638216674328,TB
mendeley_tb_00870,0.9849202632904053,TB
mendeley_tb_00871,0.6772821992635727,TB
mendeley_tb_00872,0.9781144112348557,TB
mendeley_tb_00873,0.9865242689847946,TB
mendeley_tb_00874,0.9909123033285141,TB
mendeley_tb_00875,0.8728068470954895,TB
mendeley_tb_00876,0.9876479804515839,TB
mendeley_tb_00877,0.9652785062789917,TB
mendeley_tb_00878,0.9903118759393692,TB
mendeley_tb_00879,0.8537033945322037,TB
mendeley_tb_00880,0.9910479038953781,TB
mendeley_tb_00881,0.9897541701793671,TB
mendeley_tb_00882,0.9872060716152191,TB
mendeley_tb_00883,0.9857340455055237,TB
mendeley_tb_00884,0.9730831831693649,TB
mendeley_tb_00885,0.9775145500898361,TB
mendeley_tb_00886,0.9668993800878525,TB
mendeley_tb_00887,0.9251193702220917,TB
mendeley_tb_00888,0.8190934881567955,TB
mendeley_tb_00889,0.49283203668892384,Normal
mendeley_tb_00890,0.782450258731842,TB
mendeley_tb_00891,0.9696670323610306,TB
mendeley_tb_00892,0.9896202087402344,TB
mendeley_tb_00893,0.8723606318235397,TB
mendeley_tb_00894,0.9419502019882202,TB
mendeley_tb_00895,0.9923063665628433,TB
mendeley_tb_00896,0.9604207277297974,TB
mendeley_tb_00897,0.9759799391031265,TB
mendeley_tb_00898,0.41916199401021004,Normal
mendeley_tb_00899,0.9102021604776382,TB
mendeley_tb_00900,0.6181203760206699,TB
mendeley_tb_00901,0.8724339157342911,TB
mendeley_tb_00902,0.9846583306789398,TB
mendeley_tb_00903,0.5364957433193922,TB
mendeley_tb_00904,0.496381301432848,Normal
mendeley_tb_00905,0.9702181071043015,TB
mendeley_tb_00906,0.5786369666457176,TB
mendeley_tb_00907,0.9428374022245407,TB
mendeley_tb_00908,0.889474019408226,TB
mendeley_tb_00909,0.6969664171338081,TB
mendeley_tb_00910,0.9660805761814117,TB
mendeley_tb_00911,0.9069293886423111,TB
mendeley_tb_00912,0.9640879929065704,TB
mendeley_tb_00913,0.9418651908636093,TB
mendeley_tb_00914,0.9767545461654663,TB
mendeley_tb_00915,0.9372517168521881,TB
mendeley_tb_00916,0.9855063855648041,TB
mendeley_tb_00917,0.9371157288551331,TB
mendeley_tb_00918,0.975597009062767,TB
mendeley_tb_00919,0.9862212240695953,TB
mendeley_tb_00920,0.9845504462718964,TB
mendeley_tb_00921,0.9852428436279297,TB
mendeley_tb_00922,0.9493506997823715,TB
mendeley_tb_00923,0.8087402135133743,TB
mendeley_tb_00924,0.9781088531017303,TB
mendeley_tb_00925,0.9917673617601395,TB
mendeley_tb_00926,0.9609869718551636,TB
mendeley_tb_00927,0.9792164862155914,TB
mendeley_tb_00928,0.9831537008285522,TB
mendeley_tb_00929,0.8135834634304047,TB
mendeley_tb_00930,0.9406988024711609,TB
mendeley_tb_00931,0.9510300159454346,TB
mendeley_tb_00932,0.8992749005556107,TB
mendeley_tb_00933,0.9109122157096863,TB
mendeley_tb_00934,0.9559437781572342,TB
mendeley_tb_00935,0.3176434803754091,Normal
mendeley_tb_00936,0.8340694904327393,TB
mendeley_tb_00937,0.9799249768257141,TB
mendeley_tb_00938,0.7397381104528904,TB
mendeley_tb_00939,0.959198921918869,TB
mendeley_tb_00940,0.9875828921794891,TB
mendeley_tb_00941,0.8530180528759956,TB
mendeley_tb_00942,0.8296726197004318,TB
mendeley_tb_00943,0.9487065076828003,TB
mendeley_tb_00944,0.962525948882103,TB
mendeley_tb_00945,0.9433344155550003,TB
mendeley_tb_00946,0.9773206114768982,TB
mendeley_tb_00947,0.9896959662437439,TB
mendeley_tb_00948,0.8889272958040237,TB
mendeley_tb_00949,0.9929718226194382,TB
mendeley_tb_00950,0.9894737005233765,TB
mendeley_tb_00951,0.7738831788301468,TB
mendeley_tb_00952,0.9601690173149109,TB
mendeley_tb_00953,0.8323310762643814,TB
mendeley_tb_00954,0.41162779461592436,Normal
mendeley_tb_00955,0.6270983126014471,TB
mendeley_tb_00956,0.9640811085700989,TB
mendeley_tb_00957,0.9540634304285049,TB
mendeley_tb_00958,0.9314802885055542,TB
mendeley_tb_00959,0.9906141757965088,TB
mendeley_tb_00960,0.9680517017841339,TB
mendeley_tb_00961,0.7823517918586731,TB
mendeley_tb_00962,0.6592285893857479,TB
mendeley_tb_00963,0.9294833838939667,TB
mendeley_tb_00964,0.9556047022342682,TB
mendeley_tb_00965,0.9675905853509903,TB
mendeley_tb_00966,0.9815315902233124,TB
mendeley_tb_00967,0.9792139232158661,TB
mendeley_tb_00968,0.8464550077915192,TB
mendeley_tb_00969,0.9829273670911789,TB
mendeley_tb_00970,0.981624647974968,TB
mendeley_tb_00971,0.17969704791903496,Normal
mendeley_tb_00972,0.9557520300149918,TB
mendeley_tb_00973,0.6962483823299408,TB
mendeley_tb_00974,0.9914570450782776,TB
mendeley_tb_00975,0.9891395270824432,TB
mendeley_tb_00976,0.9475408047437668,TB
mendeley_tb_00977,0.9914300590753555,TB
mendeley_tb_00978,0.9361668080091476,TB
mendeley_tb_00979,0.9775744825601578,TB
mendeley_tb_00980,0.595399983227253,TB
mendeley_tb_00981,0.8993962705135345,TB
mendeley_tb_00982,0.9824271202087402,TB
mendeley_tb_00983,0.3787438403815031,Normal
mendeley_tb_00984,0.8287608176469803,TB
mendeley_tb_00985,0.9839756339788437,TB
mendeley_tb_00986,0.7028724700212479,TB
mendeley_tb_00987,0.9642619490623474,TB
mendeley_tb_00988,0.6595068871974945,TB
mendeley_tb_00989,0.9914033114910126,TB
mendeley_tb_00990,0.9194008260965347,TB
mendeley_tb_00991,0.9765976071357727,TB
mendeley_tb_00992,0.6929551586508751,TB
mendeley_tb_00993,0.9853042960166931,TB
mendeley_tb_00994,0.8390168100595474,TB
mendeley_tb_00995,0.9140588194131851,TB
mendeley_tb_00996,0.9774632453918457,TB
mendeley_tb_00997,0.9329061210155487,TB
mendeley_tb_00998,0.9898783564567566,TB
mendeley_tb_00999,0.9713590890169144,TB
mendeley_tb_01000,0.907191663980484,TB
mendeley_tb_01001,0.9667730182409286,TB
mendeley_tb_01002,0.9871242642402649,TB
mendeley_tb_01003,0.9803957492113113,TB
mendeley_tb_01004,0.9848245829343796,TB
mendeley_tb_01005,0.9123240411281586,TB
mendeley_tb_01006,0.9752747416496277,TB
mendeley_tb_01007,0.9831301718950272,TB
mendeley_tb_01008,0.9887068718671799,TB
mendeley_tb_01009,0.7880319356918335,TB
mendeley_tb_01010,0.9828619807958603,TB
mendeley_tb_01011,0.9257255345582962,TB
mendeley_tb_01012,0.9454556852579117,TB
mendeley_tb_01013,0.6508060060441494,TB
mendeley_tb_01014,0.9859493970870972,TB
mendeley_tb_01015,0.9924735724925995,TB
mendeley_tb_01016,0.9476747363805771,TB
mendeley_tb_01017,0.7685588300228119,TB
mendeley_tb_01018,0.9819750189781189,TB
mendeley_tb_01019,0.9062663316726685,TB
mendeley_tb_01020,0.9865621030330658,TB
mendeley_tb_01021,0.5234086029231548,TB
mendeley_tb_01022,0.8452167958021164,TB
mendeley_tb_01023,0.7309548184275627,TB
mendeley_tb_01024,0.9921935647726059,TB
mendeley_tb_01025,0.9854195713996887,TB
mendeley_tb_01026,0.9726509898900986,TB
mendeley_tb_01027,0.8785247057676315,TB
mendeley_tb_01028,0.5773199591785669,TB
mendeley_tb_01029,0.5373403541743755,TB
mendeley_tb_01030,0.9829045683145523,TB
mendeley_tb_01031,0.9766028225421906,TB
mendeley_tb_01032,0.9536243975162506,TB
mendeley_tb_01033,0.988033339381218,TB
mendeley_tb_01034,0.9551903903484344,TB
mendeley_tb_01035,0.6486976332962513,TB
mendeley_tb_01036,0.8213895857334137,TB
mendeley_tb_01037,0.9686180204153061,TB
mendeley_tb_01038,0.8537145704030991,TB
mendeley_tb_01039,0.7092552445828915,TB
mendeley_tb_01040,0.6348818484693766,TB
mendeley_tb_01041,0.9725468456745148,TB
mendeley_tb_01042,0.9610065519809723,TB
mendeley_tb_01043,0.9013995826244354,TB
mendeley_tb_01044,0.9125790745019913,TB
mendeley_tb_01045,0.771115280687809,TB
mendeley_tb_01046,0.9658581465482712,TB
mendeley_tb_01047,0.9899410009384155,TB
mendeley_tb_01048,0.9814949929714203,TB
mendeley_tb_01049,0.9824148416519165,TB
mendeley_tb_01050,0.8834136575460434,TB
mendeley_tb_01051,0.9618517011404037,TB
mendeley_tb_01052,0.9670897871255875,TB
mendeley_tb_01053,0.9853925108909607,TB
mendeley_tb_01054,0.9360160082578659,TB
mendeley_tb_01055,0.9902265965938568,TB
mendeley_tb_01056,0.9241576492786407,TB
mendeley_tb_01057,0.5859372019767761,TB
mendeley_tb_01058,0.9914209097623825,TB
mendeley_tb_01059,0.9719264358282089,TB
mendeley_tb_01060,0.9716883301734924,TB
mendeley_tb_01061,0.9824521839618683,TB
mendeley_tb_01062,0.7984701916575432,TB
mendeley_tb_01063,0.9919350892305374,TB
mendeley_tb_01064,0.9938730895519257,TB
mendeley_tb_01065,0.951591968536377,TB
mendeley_tb_01066,0.9946791231632233,TB
mendeley_tb_01067,0.9885355532169342,TB
mendeley_tb_01068,0.587918795645237,TB
mendeley_tb_01069,0.9883958101272583,TB
mendeley_tb_01070,0.9828466325998306,TB
mendeley_tb_01071,0.9823074787855148,TB
mendeley_tb_01072,0.8805840015411377,TB
mendeley_tb_01073,0.623224250972271,TB
mendeley_tb_01074,0.9893864542245865,TB
mendeley_tb_01075,0.9702690094709396,TB
mendeley_tb_01076,0.9504428058862686,TB
mendeley_tb_01077,0.9584322869777679,TB
mendeley_tb_01078,0.9762763530015945,TB
mendeley_tb_01079,0.9861135184764862,TB
mendeley_tb_01080,0.8570097833871841,TB
mendeley_tb_01081,0.9340838342905045,TB
mendeley_tb_01082,0.990574985742569,TB
mendeley_tb_01083,0.9674578607082367,TB
mendeley_tb_01084,0.9716465622186661,TB
mendeley_tb_01085,0.8944361656904221,TB
mendeley_tb_01086,0.9238728284835815,TB
mendeley_tb_01087,0.8353617414832115,TB
mendeley_tb_01088,0.9854502230882645,TB
mendeley_tb_01089,0.9752252697944641,TB
mendeley_tb_01090,0.9788240641355515,TB
mendeley_tb_01091,0.9001661092042923,TB
mendeley_tb_01092,0.9335903972387314,TB
mendeley_tb_01093,0.7991537824273109,TB
mendeley_tb_01094,0.9201007187366486,TB
mendeley_tb_01095,0.9804544299840927,TB
mendeley_tb_01096,0.8572534620761871,TB
mendeley_tb_01097,0.9788937270641327,TB
mendeley_tb_01098,0.6330437436699867,TB
mendeley_tb_01099,0.9812041819095612,TB
mendeley_tb_01100,0.9660480916500092,TB
mendeley_tb_01101,0.9559637308120728,TB
mendeley_tb_01102,0.8215022087097168,TB
mendeley_tb_01103,0.9771073013544083,TB
mendeley_tb_01104,0.9920776188373566,TB
mendeley_tb_01105,0.9094657003879547,TB
mendeley_tb_01106,0.9441114813089371,TB
mendeley_tb_01107,0.9832205772399902,TB
mendeley_tb_01108,0.9890958666801453,TB
mendeley_tb_01109,0.9612569510936737,TB
mendeley_tb_01110,0.9890688210725784,TB
mendeley_tb_01111,0.9803198724985123,TB
mendeley_tb_01112,0.8281123712658882,TB
mendeley_tb_01113,0.9818406701087952,TB
mendeley_tb_01114,0.9712488502264023,TB
mendeley_tb_01115,0.9854744225740433,TB
mendeley_tb_01116,0.9751546680927277,TB
mendeley_tb_01117,0.8417985513806343,TB
mendeley_tb_01118,0.928955927491188,TB
mendeley_tb_01119,0.9715120792388916,TB
mendeley_tb_01120,0.9854143112897873,TB
mendeley_tb_01121,0.928795576095581,TB
mendeley_tb_01122,0.7300150468945503,TB
mendeley_tb_01123,0.5544608328491449,TB
mendeley_tb_01124,0.9533501118421555,TB
mendeley_tb_01125,0.9844241738319397,TB
mendeley_tb_01126,0.8882347196340561,TB
mendeley_tb_01127,0.8818306028842926,TB
mendeley_tb_01128,0.9210661202669144,TB
mendeley_tb_01129,0.4496997930109501,Normal
mendeley_tb_01130,0.6117559969425201,TB
mendeley_tb_01131,0.9836750775575638,TB
mendeley_tb_01132,0.9902922809123993,TB
mendeley_tb_01133,0.9918181747198105,TB
mendeley_tb_01134,0.9896821975708008,TB
mendeley_tb_01135,0.6228144019842148,TB
mendeley_tb_01136,0.9787995219230652,TB
mendeley_tb_01137,0.9755010604858398,TB
mendeley_tb_01138,0.9356746673583984,TB
mendeley_tb_01139,0.8393271714448929,TB
mendeley_tb_01140,0.9818593412637711,TB
mendeley_tb_01141,0.9892404526472092,TB
mendeley_tb_01142,0.8516898453235626,TB
mendeley_tb_01143,0.9878865778446198,TB
mendeley_tb_01144,0.8360276967287064,TB
mendeley_tb_01145,0.6193879097700119,TB
mendeley_tb_01146,0.7668188661336899,TB
mendeley_tb_01147,0.6035710871219635,TB
mendeley_tb_01148,0.9528534412384033,TB
mendeley_tb_01149,0.9777696132659912,TB
mendeley_tb_01150,0.973101869225502,TB
mendeley_tb_01151,0.9548098891973495,TB
mendeley_tb_01152,0.6972820609807968,TB
mendeley_tb_01153,0.934844896197319,TB
mendeley_tb_01154,0.9810034930706024,TB
mendeley_tb_01155,0.6268218085169792,TB
mendeley_tb_01156,0.9922739863395691,TB
mendeley_tb_01157,0.9921402931213379,TB
mendeley_tb_01158,0.9872217923402786,TB
mendeley_tb_01159,0.9249836504459381,TB
mendeley_tb_01160,0.9148691296577454,TB
mendeley_tb_01161,0.6393697503954172,TB
mendeley_tb_01162,0.9874304980039597,TB
mendeley_tb_01163,0.9726842790842056,TB
mendeley_tb_01164,0.8753719627857208,TB
mendeley_tb_01165,0.9901865720748901,TB
mendeley_tb_01166,0.9775008410215378,TB
mendeley_tb_01167,0.9115610718727112,TB
mendeley_tb_01168,0.6783385835587978,TB
mendeley_tb_01169,0.9412024021148682,TB
mendeley_tb_01170,0.9787478446960449,TB
mendeley_tb_01171,0.9775392860174179,TB
mendeley_tb_01172,0.7066290453076363,TB
mendeley_tb_01173,0.7562281340360641,TB
mendeley_tb_01174,0.9211227893829346,TB
mendeley_tb_01175,0.9893449544906616,TB
mendeley_tb_01176,0.9686110317707062,TB
mendeley_tb_01177,0.9707054644823074,TB
mendeley_tb_01178,0.9857009053230286,TB
mendeley_tb_01179,0.9731500744819641,TB
mendeley_tb_01180,0.9865965396165848,TB
mendeley_tb_01181,0.4625702425837517,Normal
mendeley_tb_01182,0.990505039691925,TB
mendeley_tb_01183,0.9313050657510757,TB
mendeley_tb_01184,0.3973913211375475,Normal
mendeley_tb_01185,0.9878690093755722,TB
mendeley_tb_01186,0.5065113566815853,TB
mendeley_tb_01187,0.8584620505571365,TB
mendeley_tb_01188,0.9513350576162338,TB
mendeley_tb_01189,0.43304721266031265,Normal
mendeley_tb_01190,0.9450415074825287,TB
mendeley_tb_01191,0.9579438269138336,TB
mendeley_tb_01192,0.9706143289804459,TB
mendeley_tb_01193,0.9865317791700363,TB
mendeley_tb_01194,0.6256420984864235,TB
mendeley_tb_01195,0.6244769468903542,TB
mendeley_tb_01196,0.9346148073673248,TB
mendeley_tb_01197,0.9915724098682404,TB
mendeley_tb_01198,0.9913064539432526,TB
mendeley_tb_01199,0.7617913782596588,TB
mendeley_tb_01200,0.9886980652809143,TB
mendeley_tb_01201,0.9838948100805283,TB
mendeley_tb_01202,0.9567337781190872,TB
mendeley_tb_01203,0.9304931610822678,TB
mendeley_tb_01204,0.9497576951980591,TB
mendeley_tb_01205,0.9822994619607925,TB
mendeley_tb_01206,0.9811470806598663,TB
mendeley_tb_01207,0.9808361232280731,TB
mendeley_tb_01208,0.9763435274362564,TB
mendeley_tb_01209,0.7907144874334335,TB
mendeley_tb_01210,0.9614883065223694,TB
mendeley_tb_01211,0.9216079413890839,TB
mendeley_tb_01212,0.8143127039074898,TB
mendeley_tb_01213,0.9741317480802536,TB
mendeley_tb_01214,0.9349603056907654,TB
mendeley_tb_01215,0.6956669837236404,TB
mendeley_tb_01216,0.7916437461972237,TB
mendeley_tb_01217,0.9728652983903885,TB
mendeley_tb_01218,0.9792725741863251,TB
mendeley_tb_01219,0.9340416640043259,TB
mendeley_tb_01220,0.8421054482460022,TB
mendeley_tb_01221,0.9579744040966034,TB
mendeley_tb_01222,0.9788930267095566,TB
mendeley_tb_01223,0.8903468996286392,TB
mendeley_tb_01224,0.9728134721517563,TB
mendeley_tb_01225,0.9577419459819794,TB
mendeley_tb_01226,0.8492607027292252,TB
mendeley_tb_01227,0.9882950931787491,TB
mendeley_tb_01228,0.9779340326786041,TB
mendeley_tb_01229,0.991485595703125,TB
mendeley_tb_01230,0.9754374623298645,TB
mendeley_tb_01231,0.8796630650758743,TB
mendeley_tb_01232,0.9859368056058884,TB
mendeley_tb_01233,0.9404109716415405,TB
mendeley_tb_01234,0.9822168052196503,TB
mendeley_tb_01235,0.9681172370910645,TB
mendeley_tb_01236,0.7798838093876839,TB
mendeley_tb_01237,0.9834907799959183,TB
mendeley_tb_01238,0.7435356825590134,TB
mendeley_tb_01239,0.9433345794677734,TB
mendeley_tb_01240,0.9578947871923447,TB
mendeley_tb_01241,0.9910694062709808,TB
mendeley_tb_01242,0.9853144288063049,TB
mendeley_tb_01243,0.7733429819345474,TB
mendeley_tb_01244,0.9779220670461655,TB
mendeley_tb_01245,0.9621914327144623,TB
mendeley_tb_01246,0.9559285193681717,TB
mendeley_tb_01247,0.9831227660179138,TB
mendeley_tb_01248,0.40982302837073803,Normal
mendeley_tb_01249,0.9929737746715546,TB
mendeley_tb_01250,0.9370159655809402,TB
mendeley_tb_01251,0.9880701750516891,TB
mendeley_tb_01252,0.9850974529981613,TB
mendeley_tb_01253,0.9599770754575729,TB
mendeley_tb_01254,0.9885375499725342,TB
mendeley_tb_01255,0.5760129168629646,TB
mendeley_tb_01256,0.9766083657741547,TB
mendeley_tb_01257,0.964036762714386,TB
mendeley_tb_01258,0.9674758613109589,TB
mendeley_tb_01259,0.9432981461286545,TB
mendeley_tb_01260,0.8161612302064896,TB
mendeley_tb_01261,0.9817705303430557,TB
mendeley_tb_01262,0.9736903011798859,TB
mendeley_tb_01263,0.5505216307938099,TB
mendeley_tb_01264,0.9622757434844971,TB
mendeley_tb_01265,0.9798826277256012,TB
mendeley_tb_01266,0.9385746568441391,TB
mendeley_tb_01267,0.8268279284238815,TB
mendeley_tb_01268,0.9876803904771805,TB
mendeley_tb_01269,0.9922250509262085,TB
mendeley_tb_01270,0.9827201217412949,TB
mendeley_tb_01271,0.9746272563934326,TB
mendeley_tb_01272,0.9685414731502533,TB
mendeley_tb_01273,0.9162232130765915,TB
mendeley_tb_01274,0.9831995368003845,TB
mendeley_tb_01275,0.9830963462591171,TB
mendeley_tb_01276,0.9659430533647537,TB
mendeley_tb_01277,0.9363764375448227,TB
mendeley_tb_01278,0.8647818267345428,TB
mendeley_tb_01279,0.9742055386304855,TB
mendeley_tb_01280,0.9693603217601776,TB
mendeley_tb_01281,0.9375920742750168,TB
mendeley_tb_01282,0.9756609052419662,TB
mendeley_tb_01283,0.9609977602958679,TB
mendeley_tb_01284,0.6536465287208557,TB
mendeley_tb_01285,0.706613302230835,TB
mendeley_tb_01286,0.9734844118356705,TB
mendeley_tb_01287,0.9664649069309235,TB
mendeley_tb_01288,0.9661076813936234,TB
mendeley_tb_01289,0.9575402140617371,TB
mendeley_tb_01290,0.9879216700792313,TB
mendeley_tb_01291,0.9776930212974548,TB
mendeley_tb_01292,0.6693669557571411,TB
mendeley_tb_01293,0.4777110107243061,Normal
mendeley_tb_01294,0.3035331005230546,Normal
mendeley_tb_01295,0.17943710088729858,Normal
mendeley_tb_01296,0.9510473012924194,TB
mendeley_tb_01297,0.9631336182355881,TB
mendeley_tb_01298,0.9805306494235992,TB
mendeley_tb_01299,0.208883972838521,Normal
mendeley_tb_01300,0.9686675369739532,TB
mendeley_tb_01301,0.8851327449083328,TB
mendeley_tb_01302,0.5525705181062222,TB
mendeley_tb_01303,0.9516367763280869,TB
mendeley_tb_01304,0.9788548201322556,TB
mendeley_tb_01305,0.9673996567726135,TB
mendeley_tb_01306,0.9860131442546844,TB
mendeley_tb_01307,0.6309301294386387,TB
mendeley_tb_01308,0.8730714917182922,TB
mendeley_tb_01309,0.9872801899909973,TB
mendeley_tb_01310,0.9860393702983856,TB
mendeley_tb_01311,0.827261433005333,TB
mendeley_tb_01312,0.9924006313085556,TB
mendeley_tb_01313,0.9939564168453217,TB
mendeley_tb_01314,0.9924529641866684,TB
mendeley_tb_01315,0.9740726500749588,TB
mendeley_tb_01316,0.8500553220510483,TB
mendeley_tb_01317,0.9710364937782288,TB
mendeley_tb_01318,0.9914794713258743,TB
mendeley_tb_01319,0.9737891852855682,TB
mendeley_tb_01320,0.978945255279541,TB
mendeley_tb_01321,0.9883786290884018,TB
mendeley_tb_01322,0.5886797495186329,TB
mendeley_tb_01323,0.9820140153169632,TB
mendeley_tb_01324,0.9881160110235214,TB
mendeley_tb_01325,0.8865518420934677,TB
mendeley_tb_01326,0.9740190356969833,TB
mendeley_tb_01327,0.9676269590854645,TB
mendeley_tb_01328,0.9758300185203552,TB
mendeley_tb_01329,0.5722997859120369,TB
mendeley_tb_01330,0.8387771993875504,TB
mendeley_tb_01331,0.960329219698906,TB
mendeley_tb_01332,0.9782485365867615,TB
mendeley_tb_01333,0.7511141002178192,TB
mendeley_tb_01334,0.5589078422635794,TB
mendeley_tb_01335,0.9413564801216125,TB
mendeley_tb_01336,0.9875745922327042,TB
mendeley_tb_01337,0.9681797474622726,TB
mendeley_tb_01338,0.972589373588562,TB
mendeley_tb_01339,0.9434829652309418,TB
mendeley_tb_01340,0.9810084998607635,TB
mendeley_tb_01341,0.8070318102836609,TB
mendeley_tb_01342,0.9787550866603851,TB
mendeley_tb_01343,0.6820935159921646,TB
mendeley_tb_01344,0.9747394621372223,TB
mendeley_tb_01345,0.9802173674106598,TB
mendeley_tb_01346,0.9784124046564102,TB
mendeley_tb_01347,0.9713245630264282,TB
mendeley_tb_01348,0.9750308990478516,TB
mendeley_tb_01349,0.8475163578987122,TB
mendeley_tb_01350,0.8814700990915298,TB
mendeley_tb_01351,0.9938948899507523,TB
mendeley_tb_01352,0.624683640897274,TB
mendeley_tb_01353,0.9791447669267654,TB
mendeley_tb_01354,0.9351177215576172,TB
mendeley_tb_01355,0.9764834493398666,TB
mendeley_tb_01356,0.9671573042869568,TB
mendeley_tb_01357,0.8098201155662537,TB
mendeley_tb_01358,0.971343532204628,TB
mendeley_tb_01359,0.7457052543759346,TB
mendeley_tb_01360,0.9700430333614349,TB
mendeley_tb_01361,0.9921930581331253,TB
mendeley_tb_01362,0.8596569001674652,TB
mendeley_tb_01363,0.9757775515317917,TB
mendeley_tb_01364,0.9914847314357758,TB
mendeley_tb_01365,0.9893500208854675,TB
mendeley_tb_01366,0.9923989027738571,TB
mendeley_tb_01367,0.8344439715147018,TB
mendeley_tb_01368,0.9635796546936035,TB
mendeley_tb_01369,0.9933042079210281,TB
mendeley_tb_01370,0.45004827901721,Normal
mendeley_tb_01371,0.9036130607128143,TB
mendeley_tb_01372,0.9604880809783936,TB
mendeley_tb_01373,0.9611261188983917,TB
mendeley_tb_01374,0.9902387708425522,TB
mendeley_tb_01375,0.9921156167984009,TB
mendeley_tb_01376,0.9902022182941437,TB
mendeley_tb_01377,0.9877616763114929,TB
mendeley_tb_01378,0.906832680106163,TB
mendeley_tb_01379,0.7675793617963791,TB
mendeley_tb_01380,0.8488215506076813,TB
mendeley_tb_01381,0.8929918259382248,TB
mendeley_tb_01382,0.9670189321041107,TB
mendeley_tb_01383,0.5611300021409988,TB
mendeley_tb_01384,0.9499842524528503,TB
mendeley_tb_01385,0.944454237818718,TB
mendeley_tb_01386,0.9915738701820374,TB
mendeley_tb_01387,0.9915710985660553,TB
mendeley_tb_01388,0.8207034766674042,TB
mendeley_tb_01389,0.9823940247297287,TB
mendeley_tb_01390,0.6474811062216759,TB
mendeley_tb_01391,0.909222275018692,TB
mendeley_tb_01392,0.9866210371255875,TB
mendeley_tb_01393,0.986625075340271,TB
mendeley_tb_01394,0.9830564558506012,TB
mendeley_tb_01395,0.9369389861822128,TB
mendeley_tb_01396,0.7211952358484268,TB
mendeley_tb_01397,0.9929952174425125,TB
mendeley_tb_01398,0.9471597224473953,TB
mendeley_tb_01399,0.9048223495483398,TB
mendeley_tb_01400,0.9811827093362808,TB
mendeley_tb_01401,0.9703485071659088,TB
mendeley_tb_01402,0.988905668258667,TB
mendeley_tb_01403,0.8393978923559189,TB
mendeley_tb_01404,0.5692694112658501,TB
mendeley_tb_01405,0.9816532880067825,TB
mendeley_tb_01406,0.9022076427936554,TB
mendeley_tb_01407,0.9476033449172974,TB
mendeley_tb_01408,0.8220186308026314,TB
mendeley_tb_01409,0.694974984973669,TB
mendeley_tb_01410,0.9819652289152145,TB
mendeley_tb_01411,0.9806590974330902,TB
mendeley_tb_01412,0.9275074601173401,TB
mendeley_tb_01413,0.7204637303948402,TB
mendeley_tb_01414,0.9899352639913559,TB
mendeley_tb_01415,0.5666802749037743,TB
mendeley_tb_01416,0.9866821616888046,TB
mendeley_tb_01417,0.7743480876088142,TB
mendeley_tb_01418,0.5824257433414459,TB
mendeley_tb_01419,0.6794818453490734,TB
mendeley_tb_01420,0.6266622617840767,TB
mendeley_tb_01421,0.9720090329647064,TB
mendeley_tb_01422,0.974520206451416,TB
mendeley_tb_01423,0.9903606474399567,TB
mendeley_tb_01424,0.9885568767786026,TB
mendeley_tb_01425,0.9721809476613998,TB
mendeley_tb_01426,0.9763177335262299,TB
mendeley_tb_01427,0.9914533942937851,TB
mendeley_tb_01428,0.6999484673142433,TB
mendeley_tb_01429,0.9810627847909927,TB
mendeley_tb_01430,0.496277317404747,Normal
mendeley_tb_01431,0.9813607186079025,TB
mendeley_tb_01432,0.987951248884201,TB
mendeley_tb_01433,0.9563440680503845,TB
mendeley_tb_01434,0.9948062896728516,TB
mendeley_tb_01435,0.7828051298856735,TB
mendeley_tb_01436,0.9740571826696396,TB
mendeley_tb_01437,0.9742672890424728,TB
mendeley_tb_01438,0.8864894807338715,TB
mendeley_tb_01439,0.9526915848255157,TB
mendeley_tb_01440,0.9854371100664139,TB
mendeley_tb_01441,0.9408458471298218,TB
mendeley_tb_01442,0.9730261713266373,TB
mendeley_tb_01443,0.9815736413002014,TB
mendeley_tb_01444,0.9929019808769226,TB
mendeley_tb_01445,0.9406945258378983,TB
mendeley_tb_01446,0.9726893454790115,TB
mendeley_tb_01447,0.6872646175324917,TB
mendeley_tb_01448,0.9939966946840286,TB
mendeley_tb_01449,0.9918707311153412,TB
mendeley_tb_01450,0.9680748730897903,TB
mendeley_tb_01451,0.9281152337789536,TB
mendeley_tb_01452,0.9641277492046356,TB
mendeley_tb_01453,0.6455352455377579,TB
mendeley_tb_01454,0.6748653165996075,TB
mendeley_tb_01455,0.9886286556720734,TB
mendeley_tb_01456,0.8439698070287704,TB
mendeley_tb_01457,0.8792633712291718,TB
mendeley_tb_01458,0.961375966668129,TB
mendeley_tb_01459,0.9293425977230072,TB
mendeley_tb_01460,0.9535547643899918,TB
mendeley_tb_01461,0.7368718534708023,TB
mendeley_tb_01462,0.9258427917957306,TB
mendeley_tb_01463,0.9841658771038055,TB
mendeley_tb_01464,0.9313853532075882,TB
mendeley_tb_01465,0.9576500058174133,TB
mendeley_tb_01466,0.8012432232499123,TB
mendeley_tb_01467,0.9841757565736771,TB
mendeley_tb_01468,0.6419625729322433,TB
mendeley_tb_01469,0.9631674885749817,TB
mendeley_tb_01470,0.8580881953239441,TB
mendeley_tb_01471,0.9940946400165558,TB
mendeley_tb_01472,0.9611359983682632,TB
mendeley_tb_01473,0.9789171665906906,TB
mendeley_tb_01474,0.9832731932401657,TB
mendeley_tb_01475,0.9908387959003448,TB
mendeley_tb_01476,0.9750021547079086,TB
mendeley_tb_01477,0.8873211294412613,TB
mendeley_tb_01478,0.48361985944211483,Normal
mendeley_tb_01479,0.9622587710618973,TB
mendeley_tb_01480,0.992797389626503,TB
mendeley_tb_01481,0.7323307618498802,TB
mendeley_tb_01482,0.8698868155479431,TB
mendeley_tb_01483,0.8805084377527237,TB
mendeley_tb_01484,0.6738525480031967,TB
mendeley_tb_01485,0.974852055311203,TB
mendeley_tb_01486,0.9821309447288513,TB
mendeley_tb_01487,0.8292828947305679,TB
mendeley_tb_01488,0.9781225770711899,TB
mendeley_tb_01489,0.9671992659568787,TB
mendeley_tb_01490,0.5516041275113821,TB
mendeley_tb_01491,0.520926846191287,TB
mendeley_tb_01492,0.5918884444981813,TB
mendeley_tb_01493,0.9819235354661942,TB
mendeley_tb_01494,0.993193194270134,TB
mendeley_tb_01495,0.4580734823830426,Normal
mendeley_tb_01496,0.9602693915367126,TB
mendeley_tb_01497,0.9617508798837662,TB
mendeley_tb_01498,0.421257825801149,Normal
mendeley_tb_01499,0.2391313025727868,Normal
mendeley_tb_01500,0.8783267885446548,TB
mendeley_tb_01501,0.9662345200777054,TB
mendeley_tb_01502,0.8811608105897903,TB
mendeley_tb_01503,0.8068988546729088,TB
mendeley_tb_01504,0.9864681661128998,TB
mendeley_tb_01505,0.9736009985208511,TB
mendeley_tb_01506,0.9360140264034271,TB
mendeley_tb_01507,0.9763049930334091,TB
mendeley_tb_01508,0.9465056955814362,TB
mendeley_tb_01509,0.989014744758606,TB
mendeley_tb_01510,0.9298311173915863,TB
mendeley_tb_01511,0.7176765240728855,TB
mendeley_tb_01512,0.9284815341234207,TB
mendeley_tb_01513,0.9755328148603439,TB
mendeley_tb_01514,0.41119235940277576,Normal
mendeley_tb_01515,0.9062304645776749,TB
mendeley_tb_01516,0.8994596153497696,TB
mendeley_tb_01517,0.9895992577075958,TB
mendeley_tb_01518,0.9425634145736694,TB
mendeley_tb_01519,0.9832719564437866,TB
mendeley_tb_01520,0.2656952850520611,Normal
mendeley_tb_01521,0.979147881269455,TB
mendeley_tb_01522,0.9816557765007019,TB
mendeley_tb_01523,0.9168252348899841,TB
mendeley_tb_01524,0.9821141809225082,TB
mendeley_tb_01525,0.7413241937756538,TB
mendeley_tb_01526,0.9893210828304291,TB
mendeley_tb_01527,0.9748101085424423,TB
mendeley_tb_01528,0.9879632145166397,TB
mendeley_tb_01529,0.805277556180954,TB
mendeley_tb_01530,0.9698371589183807,TB
mendeley_tb_01531,0.9655679762363434,TB
mendeley_tb_01532,0.6628799475729465,TB
mendeley_tb_01533,0.9859779626131058,TB
mendeley_tb_01534,0.9838048219680786,TB
mendeley_tb_01535,0.9486334770917892,TB
mendeley_tb_01536,0.4153326526284218,Normal
mendeley_tb_01537,0.4153670370578766,Normal
mendeley_tb_01538,0.9814631789922714,TB
mendeley_tb_01539,0.9697075933218002,TB
mendeley_tb_01540,0.9220250844955444,TB
mendeley_tb_01541,0.6950683742761612,TB
mendeley_tb_01542,0.7389443218708038,TB
mendeley_tb_01543,0.6865342035889626,TB
mendeley_tb_01544,0.9750226885080338,TB
mendeley_tb_01545,0.42152366135269403,Normal
mendeley_tb_01546,0.979340597987175,TB
mendeley_tb_01547,0.9135997891426086,TB
mendeley_tb_01548,0.33136602118611336,Normal
mendeley_tb_01549,0.5569688100367785,TB
mendeley_tb_01550,0.7418252825737,TB
mendeley_tb_01551,0.9844354689121246,TB
mendeley_tb_01552,0.9916284084320068,TB
mendeley_tb_01553,0.8505812138319016,TB
mendeley_tb_01554,0.9574465751647949,TB
mendeley_tb_01555,0.9717536717653275,TB
mendeley_tb_01556,0.9848421216011047,TB
mendeley_tb_01557,0.9185376465320587,TB
mendeley_tb_01558,0.9878801554441452,TB
mendeley_tb_01559,0.9810442328453064,TB
mendeley_tb_01560,0.35232052067294717,Normal
mendeley_tb_01561,0.7354010194540024,TB
mendeley_tb_01562,0.9714751690626144,TB
mendeley_tb_01563,0.9865372031927109,TB
mendeley_tb_01564,0.985529214143753,TB
mendeley_tb_01565,0.8872372508049011,TB
mendeley_tb_01566,0.6086649522185326,TB
mendeley_tb_01567,0.9682655483484268,TB
mendeley_tb_01568,0.5359702967107296,TB
mendeley_tb_01569,0.9469113796949387,TB
mendeley_tb_01570,0.8182854652404785,TB
mendeley_tb_01571,0.9760982394218445,TB
mendeley_tb_01572,0.8478052392601967,TB
mendeley_tb_01573,0.21760062035173178,Normal
mendeley_tb_01574,0.8144436925649643,TB
mendeley_tb_01575,0.9858589172363281,TB
mendeley_tb_01576,0.9670141041278839,TB
mendeley_tb_01577,0.9874277710914612,TB
mendeley_tb_01578,0.9555136412382126,TB
mendeley_tb_01579,0.3303459510207176,Normal
mendeley_tb_01580,0.7567292153835297,TB
mendeley_tb_01581,0.4902775208465755,Normal
mendeley_tb_01582,0.6602774672210217,TB
mendeley_tb_01583,0.9733375459909439,TB
mendeley_tb_01584,0.9845163077116013,TB
mendeley_tb_01585,0.9351613521575928,TB
mendeley_tb_01586,0.7309668306261301,TB
mendeley_tb_01587,0.7441378310322762,TB
mendeley_tb_01588,0.8999345302581787,TB
mendeley_tb_01589,0.9902155101299286,TB
mendeley_tb_01590,0.8620800226926804,TB
mendeley_tb_01591,0.599609762430191,TB
mendeley_tb_01592,0.8099987730383873,TB
mendeley_tb_01593,0.9413720518350601,TB
mendeley_tb_01594,0.8395451307296753,TB
mendeley_tb_01595,0.9038236141204834,TB
mendeley_tb_01596,0.9908678531646729,TB
mendeley_tb_01597,0.6248512044548988,TB
mendeley_tb_01598,0.7118921652436256,TB
mendeley_tb_01599,0.9646753221750259,TB
mendeley_tb_01600,0.9475733935832977,TB
mendeley_tb_01601,0.886486291885376,TB
mendeley_tb_01602,0.9259784668684006,TB
mendeley_tb_01603,0.7452944032847881,TB
mendeley_tb_01604,0.9881726503372192,TB
mendeley_tb_01605,0.573691226541996,TB
mendeley_tb_01606,0.9653922766447067,TB
mendeley_tb_01607,0.6838116534054279,TB
mendeley_tb_01608,0.9928387850522995,TB
mendeley_tb_01609,0.8539669960737228,TB
mendeley_tb_01610,0.9325407892465591,TB
mendeley_tb_01611,0.9540639370679855,TB
mendeley_tb_01612,0.7283959090709686,TB
mendeley_tb_01613,0.7701216712594032,TB
mendeley_tb_01614,0.7694588899612427,TB
mendeley_tb_01615,0.9692317843437195,TB
mendeley_tb_01616,0.9668491780757904,TB
mendeley_tb_01617,0.9915577620267868,TB
mendeley_tb_01618,0.9521521925926208,TB
mendeley_tb_01619,0.9324024170637131,TB
mendeley_tb_01620,0.5858374796807766,TB
mendeley_tb_01621,0.9868097752332687,TB
mendeley_tb_01622,0.8212387561798096,TB
mendeley_tb_01623,0.9873999655246735,TB
mendeley_tb_01624,0.9546613544225693,TB
mendeley_tb_01625,0.8272921219468117,TB
mendeley_tb_01626,0.9850871860980988,TB
mendeley_tb_01627,0.9814958721399307,TB
mendeley_tb_01628,0.9749146401882172,TB
mendeley_tb_01629,0.6950241448357701,TB
mendeley_tb_01630,0.9729408919811249,TB
mendeley_tb_01631,0.6028351932764053,TB
mendeley_tb_01632,0.6580080762505531,TB
mendeley_tb_01633,0.9875525236129761,TB
mendeley_tb_01634,0.6895851641893387,TB
mendeley_tb_01635,0.9856149256229401,TB
mendeley_tb_01636,0.8742008358240128,TB
mendeley_tb_01637,0.9759449660778046,TB
mendeley_tb_01638,0.762630395591259,TB
mendeley_tb_01639,0.7686084732413292,TB
mendeley_tb_01640,0.9894275069236755,TB
mendeley_tb_01641,0.91472028195858,TB
mendeley_tb_01642,0.9804063588380814,TB
mendeley_tb_01643,0.9804297238588333,TB
mendeley_tb_01644,0.9894867241382599,TB
mendeley_tb_01645,0.8161391690373421,TB
mendeley_tb_01646,0.9950883984565735,TB
mendeley_tb_01647,0.40399687085300684,Normal
mendeley_tb_01648,0.8787148743867874,TB
mendeley_tb_01649,0.6414090692996979,TB
mendeley_tb_01650,0.9902434051036835,TB
mendeley_tb_01651,0.9776719808578491,TB
mendeley_tb_01652,0.871349573135376,TB
mendeley_tb_01653,0.544315529987216,TB
mendeley_tb_01654,0.6429545767605305,TB
mendeley_tb_01655,0.9674830585718155,TB
mendeley_tb_01656,0.7269144859164953,TB
mendeley_tb_01657,0.9561549872159958,TB
mendeley_tb_01658,0.8637999892234802,TB
mendeley_tb_01659,0.9903392046689987,TB
mendeley_tb_01660,0.9656028300523758,TB
mendeley_tb_01661,0.9905507117509842,TB
mendeley_tb_01662,0.898335263133049,TB
mendeley_tb_01663,0.9850080013275146,TB
mendeley_tb_01664,0.8160067796707153,TB
mendeley_tb_01665,0.6169992834329605,TB
mendeley_tb_01666,0.9774091243743896,TB
mendeley_tb_01667,0.9874780774116516,TB
mendeley_tb_01668,0.8273800611495972,TB
mendeley_tb_01669,0.679770216345787,TB
mendeley_tb_01670,0.9616007953882217,TB
mendeley_tb_01671,0.6151650696992874,TB
mendeley_tb_01672,0.5433488860726357,TB
mendeley_tb_01673,0.9693807512521744,TB
mendeley_tb_01674,0.8433237671852112,TB
mendeley_tb_01675,0.9538740962743759,TB
mendeley_tb_01676,0.5654632560908794,TB
mendeley_tb_01677,0.9804689735174179,TB
mendeley_tb_01678,0.7992792278528214,TB
mendeley_tb_01679,0.7867197394371033,TB
mendeley_tb_01680,0.9623265564441681,TB
mendeley_tb_01681,0.9563200026750565,TB
mendeley_tb_01682,0.8311281502246857,TB
mendeley_tb_01683,0.9852079451084137,TB
mendeley_tb_01684,0.9874602109193802,TB
mendeley_tb_01685,0.9441138803958893,TB
mendeley_tb_01686,0.9727575033903122,TB
mendeley_tb_01687,0.986383780837059,TB
mendeley_tb_01688,0.7580653820186853,TB
mendeley_tb_01689,0.9905109256505966,TB
mendeley_tb_01690,0.93255715072155,TB
mendeley_tb_01691,0.9582131654024124,TB
mendeley_tb_01692,0.9485548138618469,TB
mendeley_tb_01693,0.942090705037117,TB
mendeley_tb_01694,0.9840059578418732,TB
mendeley_tb_01695,0.9561500251293182,TB
mendeley_tb_01696,0.9638558477163315,TB
mendeley_tb_01697,0.9911139160394669,TB
mendeley_tb_01698,0.5170493442565203,TB
mendeley_tb_01699,0.9934526979923248,TB
mendeley_tb_01700,0.9616460204124451,TB
mendeley_tb_01701,0.9331597536802292,TB
mendeley_tb_01702,0.9812207669019699,TB
mendeley_tb_01703,0.6236875802278519,TB
mendeley_tb_01704,0.9724895507097244,TB
mendeley_tb_01705,0.938168004155159,TB
mendeley_tb_01706,0.9652896821498871,TB
mendeley_tb_01707,0.9504757076501846,TB
mendeley_tb_01708,0.9873381704092026,TB
mendeley_tb_01709,0.9207098931074142,TB
mendeley_tb_01710,0.9433097392320633,TB
mendeley_tb_01711,0.9033994078636169,TB
mendeley_tb_01712,0.9917037934064865,TB
mendeley_tb_01713,0.927415281534195,TB
mendeley_tb_01714,0.9805892109870911,TB
mendeley_tb_01715,0.9543085247278214,TB
mendeley_tb_01716,0.9693702459335327,TB
mendeley_tb_01717,0.9785407781600952,TB
mendeley_tb_01718,0.8345863148570061,TB
mendeley_tb_01719,0.6722686300054193,TB
mendeley_tb_01720,0.663123831152916,TB
mendeley_tb_01721,0.9638161063194275,TB
mendeley_tb_01722,0.9891606271266937,TB
mendeley_tb_01723,0.8240746855735779,TB
mendeley_tb_01724,0.9847753494977951,TB
mendeley_tb_01725,0.9896159768104553,TB
mendeley_tb_01726,0.9835947155952454,TB
mendeley_tb_01727,0.832658439874649,TB
mendeley_tb_01728,0.8899965286254883,TB
mendeley_tb_01729,0.9700300246477127,TB
mendeley_tb_01730,0.9911055713891983,TB
mendeley_tb_01731,0.9443090111017227,TB
mendeley_tb_01732,0.22607534006237984,Normal
mendeley_tb_01733,0.8419855982065201,TB
mendeley_tb_01734,0.713274285197258,TB
mendeley_tb_01735,0.98893903195858,TB
mendeley_tb_01736,0.9865737557411194,TB
mendeley_tb_01737,0.8364411741495132,TB
mendeley_tb_01738,0.9731135815382004,TB
mendeley_tb_01739,0.9903228282928467,TB
mendeley_tb_01740,0.9809684902429581,TB
mendeley_tb_01741,0.9861999005079269,TB
mendeley_tb_01742,0.9782294034957886,TB
mendeley_tb_01743,0.905356764793396,TB
mendeley_tb_01744,0.9849512726068497,TB
mendeley_tb_01745,0.6665530279278755,TB
mendeley_tb_01746,0.7477122247219086,TB
mendeley_tb_01747,0.9669047296047211,TB
mendeley_tb_01748,0.9787286520004272,TB
mendeley_tb_01749,0.716678112745285,TB
mendeley_tb_01750,0.8468325287103653,TB
mendeley_tb_01751,0.9860357344150543,TB
mendeley_tb_01752,0.9925037771463394,TB
mendeley_tb_01753,0.8892392069101334,TB
mendeley_tb_01754,0.9806459248065948,TB
mendeley_tb_01755,0.9065008610486984,TB
mendeley_tb_01756,0.9446747153997421,TB
mendeley_tb_01757,0.9895525723695755,TB
mendeley_tb_01758,0.928459420800209,TB
mendeley_tb_01759,0.7479070872068405,TB
mendeley_tb_01760,0.7960302084684372,TB
mendeley_tb_01761,0.9852135926485062,TB
mendeley_tb_01762,0.9128684401512146,TB
mendeley_tb_01763,0.889498844742775,TB
mendeley_tb_01764,0.9018324017524719,TB
mendeley_tb_01765,0.2469861600548029,Normal
mendeley_tb_01766,0.959523618221283,TB
mendeley_tb_01767,0.9780376851558685,TB
mendeley_tb_01768,0.9880702793598175,TB
mendeley_tb_01769,0.9770689606666565,TB
mendeley_tb_01770,0.9306812137365341,TB
mendeley_tb_01771,0.9857894778251648,TB
mendeley_tb_01772,0.9887836873531342,TB
mendeley_tb_01773,0.9517006129026413,TB
mendeley_tb_01774,0.9774009734392166,TB
mendeley_tb_01775,0.4234187714755535,Normal
mendeley_tb_01776,0.9821436554193497,TB
mendeley_tb_01777,0.987860769033432,TB
mendeley_tb_01778,0.9746419340372086,TB
mendeley_tb_01779,0.9877168387174606,TB
mendeley_tb_01780,0.5865593701601028,TB
mendeley_tb_01781,0.9934262335300446,TB
mendeley_tb_01782,0.9876112639904022,TB
mendeley_tb_01783,0.9827475398778915,TB
mendeley_tb_01784,0.20635183481499553,Normal
mendeley_tb_01785,0.9787876456975937,TB
mendeley_tb_01786,0.9625405520200729,TB
mendeley_tb_01787,0.8600199669599533,TB
mendeley_tb_01788,0.9850859940052032,TB
mendeley_tb_01789,0.9844916462898254,TB
mendeley_tb_01790,0.9804855585098267,TB
mendeley_tb_01791,0.9620094746351242,TB
mendeley_tb_01792,0.984434649348259,TB
mendeley_tb_01793,0.9214213937520981,TB
mendeley_tb_01794,0.9818169176578522,TB
mendeley_tb_01795,0.8022391647100449,TB
mendeley_tb_01796,0.930783212184906,TB
mendeley_tb_01797,0.9169555008411407,TB
mendeley_tb_01798,0.9743326157331467,TB
mendeley_tb_01799,0.9006819576025009,TB
mendeley_tb_01800,0.9640896767377853,TB
mendeley_tb_01801,0.7322597652673721,TB
mendeley_tb_01802,0.9877483695745468,TB
mendeley_tb_01803,0.9740847498178482,TB
mendeley_tb_01804,0.8072614297270775,TB
mendeley_tb_01805,0.8048706203699112,TB
mendeley_tb_01806,0.9856710433959961,TB
mendeley_tb_01807,0.8936224281787872,TB
mendeley_tb_01808,0.844187781214714,TB
mendeley_tb_01809,0.9855152815580368,TB
mendeley_tb_01810,0.9496216177940369,TB
mendeley_tb_01811,0.9824575036764145,TB
mendeley_tb_01812,0.9482899457216263,TB
mendeley_tb_01813,0.9922430366277695,TB
mendeley_tb_01814,0.9643124043941498,TB
mendeley_tb_01815,0.9292112737894058,TB
mendeley_tb_01816,0.8959041684865952,TB
mendeley_tb_01817,0.9927430748939514,TB
mendeley_tb_01818,0.9773173481225967,TB
mendeley_tb_01819,0.5358306597918272,TB
mendeley_tb_01820,0.9828856140375137,TB
mendeley_tb_01821,0.9605735689401627,TB
mendeley_tb_01822,0.9690031558275223,TB
mendeley_tb_01823,0.9690172970294952,TB
mendeley_tb_01824,0.6056339293718338,TB
mendeley_tb_01825,0.9903173893690109,TB
mendeley_tb_01826,0.9555376470088959,TB
mendeley_tb_01827,0.9053307771682739,TB
mendeley_tb_01828,0.9747233092784882,TB
mendeley_tb_01829,0.6699590180069208,TB
mendeley_tb_01830,0.9342606663703918,TB
mendeley_tb_01831,0.9893965572118759,TB
mendeley_tb_01832,0.9837067276239395,TB
mendeley_tb_01833,0.8409381806850433,TB
mendeley_tb_01834,0.9517296552658081,TB
mendeley_tb_01835,0.9498687535524368,TB
mendeley_tb_01836,0.980082631111145,TB
mendeley_tb_01837,0.9576021134853363,TB
mendeley_tb_01838,0.9656384736299515,TB
mendeley_tb_01839,0.931294783949852,TB
mendeley_tb_01840,0.9722016602754593,TB
mendeley_tb_01841,0.7105822004377842,TB
mendeley_tb_01842,0.9754245430231094,TB
mendeley_tb_01843,0.9910560250282288,TB
mendeley_tb_01844,0.9852417260408401,TB
mendeley_tb_01845,0.9891633242368698,TB
mendeley_tb_01846,0.8939231485128403,TB
mendeley_tb_01847,0.9792864620685577,TB
mendeley_tb_01848,0.9910883605480194,TB
mendeley_tb_01849,0.979084238409996,TB
mendeley_tb_01850,0.9595135897397995,TB
mendeley_tb_01851,0.7765406146645546,TB
mendeley_tb_01852,0.9865098595619202,TB
mendeley_tb_01853,0.29086049331817776,Normal
mendeley_tb_01854,0.9796004593372345,TB
mendeley_tb_01855,0.93824802339077,TB
mendeley_tb_01856,0.9678623676300049,TB
mendeley_tb_01857,0.9863069951534271,TB
mendeley_tb_01858,0.9493265897035599,TB
mendeley_tb_01859,0.9501315653324127,TB
mendeley_tb_01860,0.9551449120044708,TB
mendeley_tb_01861,0.7236930429935455,TB
mendeley_tb_01862,0.9858012497425079,TB
mendeley_tb_01863,0.8987034857273102,TB
mendeley_tb_01864,0.8905099779367447,TB
mendeley_tb_01865,0.9714046120643616,TB
mendeley_tb_01866,0.9824538975954056,TB
mendeley_tb_01867,0.8892749547958374,TB
mendeley_tb_01868,0.9923249632120132,TB
mendeley_tb_01869,0.946953296661377,TB
mendeley_tb_01870,0.8492599725723267,TB
mendeley_tb_01871,0.4571064654737711,Normal
mendeley_tb_01872,0.9539805948734283,TB
mendeley_tb_01873,0.9775475859642029,TB
mendeley_tb_01874,0.9874982088804245,TB
mendeley_tb_01875,0.9773487597703934,TB
mendeley_tb_01876,0.6989431902766228,TB
mendeley_tb_01877,0.9885676503181458,TB
mendeley_tb_01878,0.965485468506813,TB
mendeley_tb_01879,0.9899378716945648,TB
mendeley_tb_01880,0.769503228366375,TB
mendeley_tb_01881,0.9611733108758926,TB
mendeley_tb_01882,0.9891168177127838,TB
mendeley_tb_01883,0.8752019554376602,TB
mendeley_tb_01884,0.9886393547058105,TB
mendeley_tb_01885,0.9655350893735886,TB
mendeley_tb_01886,0.9351218640804291,TB
mendeley_tb_01887,0.2097982745617628,Normal
mendeley_tb_01888,0.9835882186889648,TB
mendeley_tb_01889,0.990830197930336,TB
mendeley_tb_01890,0.9550019204616547,TB
mendeley_tb_01891,0.9326180070638657,TB
mendeley_tb_01892,0.9914834201335907,TB
mendeley_tb_01893,0.9604228436946869,TB
mendeley_tb_01894,0.9716222882270813,TB
mendeley_tb_01895,0.6243633907288313,TB
mendeley_tb_01896,0.9793966263532639,TB
mendeley_tb_01897,0.9748214185237885,TB
mendeley_tb_01898,0.9871446490287781,TB
mendeley_tb_01899,0.8031906187534332,TB
mendeley_tb_01900,0.9846311807632446,TB
mendeley_tb_01901,0.8413808941841125,TB
mendeley_tb_01902,0.4194604316726327,Normal
mendeley_tb_01903,0.9605884253978729,TB
mendeley_tb_01904,0.9765207916498184,TB
mendeley_tb_01905,0.9746356755495071,TB
mendeley_tb_01906,0.9808395951986313,TB
mendeley_tb_01907,0.9140478223562241,TB
mendeley_tb_01908,0.9925493597984314,TB
mendeley_tb_01909,0.9822061359882355,TB
mendeley_tb_01910,0.95928955078125,TB
mendeley_tb_01911,0.9185691624879837,TB
mendeley_tb_01912,0.9672871381044388,TB
mendeley_tb_01913,0.3343587713316083,Normal
mendeley_tb_01914,0.9655509293079376,TB
mendeley_tb_01915,0.9907959252595901,TB
mendeley_tb_01916,0.9867211878299713,TB
mendeley_tb_01917,0.9170242249965668,TB
mendeley_tb_01918,0.9584225565195084,TB
mendeley_tb_01919,0.9580945074558258,TB
mendeley_tb_01920,0.8485182523727417,TB
mendeley_tb_01921,0.9604847282171249,TB
mendeley_tb_01922,0.9930892139673233,TB
mendeley_tb_01923,0.8871228396892548,TB
mendeley_tb_01924,0.9833462685346603,TB
mendeley_tb_01925,0.9663633853197098,TB
mendeley_tb_01926,0.9550766944885254,TB
mendeley_tb_01927,0.9898120313882828,TB
mendeley_tb_01928,0.9858947098255157,TB
mendeley_tb_01929,0.9742310494184494,TB
mendeley_tb_01930,0.7295399159193039,TB
mendeley_tb_01931,0.992828905582428,TB
mendeley_tb_01932,0.9534309953451157,TB
mendeley_tb_01933,0.9852912276983261,TB
mendeley_tb_01934,0.9853256195783615,TB
mendeley_tb_01935,0.9640990048646927,TB
mendeley_tb_01936,0.8854268193244934,TB
mendeley_tb_01937,0.919799730181694,TB
mendeley_tb_01938,0.9912911057472229,TB
mendeley_tb_01939,0.9584238976240158,TB
mendeley_tb_01940,0.4469097666442394,Normal
mendeley_tb_01941,0.9751375466585159,TB
mendeley_tb_01942,0.9719481617212296,TB
mendeley_tb_01943,0.7693989649415016,TB
mendeley_tb_01944,0.8300590664148331,TB
mendeley_tb_01945,0.9703923463821411,TB
mendeley_tb_01946,0.980617344379425,TB
mendeley_tb_01947,0.9474661201238632,TB
mendeley_tb_01948,0.9843459129333496,TB
mendeley_tb_01949,0.9834374040365219,TB
mendeley_tb_01950,0.7123780027031898,TB
mendeley_tb_01951,0.9873017966747284,TB
mendeley_tb_01952,0.9868892431259155,TB
mendeley_tb_01953,0.949604332447052,TB
mendeley_tb_01954,0.9327318519353867,TB
mendeley_tb_01955,0.6764936819672585,TB
mendeley_tb_01956,0.9390915185213089,TB
mendeley_tb_01957,0.9257810264825821,TB
mendeley_tb_01958,0.967634454369545,TB
mendeley_tb_01959,0.9064622074365616,TB
mendeley_tb_01960,0.9764293730258942,TB
mendeley_tb_01961,0.9725461006164551,TB
mendeley_tb_01962,0.9785521030426025,TB
mendeley_tb_01963,0.919307291507721,TB
mendeley_tb_01964,0.9497115612030029,TB
mendeley_tb_01965,0.7961735650897026,TB
mendeley_tb_01966,0.9852506667375565,TB
mendeley_tb_01967,0.9797776490449905,TB
mendeley_tb_01968,0.9119893908500671,TB
mendeley_tb_01969,0.9839097559452057,TB
mendeley_tb_01970,0.9372619539499283,TB
mendeley_tb_01971,0.905768632888794,TB
mendeley_tb_01972,0.9874230623245239,TB
mendeley_tb_01973,0.8952784240245819,TB
mendeley_tb_01974,0.923652172088623,TB
mendeley_tb_01975,0.7485036700963974,TB
mendeley_tb_01976,0.9734764397144318,TB
mendeley_tb_01977,0.9745916873216629,TB
mendeley_tb_01978,0.9763114303350449,TB
mendeley_tb_01979,0.9072520434856415,TB
mendeley_tb_01980,0.9849458038806915,TB
mendeley_tb_01981,0.9886851906776428,TB
mendeley_tb_01982,0.9809355437755585,TB
mendeley_tb_01983,0.9605674296617508,TB
mendeley_tb_01984,0.9889898896217346,TB
mendeley_tb_01985,0.9777674674987793,TB
mendeley_tb_01986,0.9692581593990326,TB
mendeley_tb_01987,0.9881244003772736,TB
mendeley_tb_01988,0.9734056442975998,TB
mendeley_tb_01989,0.9913944900035858,TB
mendeley_tb_01990,0.9885630756616592,TB
mendeley_tb_01991,0.9740464091300964,TB
mendeley_tb_01992,0.9515094459056854,TB
mendeley_tb_01993,0.9844885021448135,TB
mendeley_tb_01994,0.9554565697908401,TB
mendeley_tb_01995,0.9923542737960815,TB
mendeley_tb_01996,0.9878901839256287,TB
mendeley_tb_01997,0.9712399393320084,TB
mendeley_tb_01998,0.9876996874809265,TB
mendeley_tb_01999,0.9857804924249649,TB
mendeley_tb_02000,0.9886295795440674,TB
mendeley_tb_02001,0.9496849924325943,TB
mendeley_tb_02002,0.9870088696479797,TB
mendeley_tb_02003,0.9350813776254654,TB
mendeley_tb_02004,0.9903892427682877,TB
mendeley_tb_02005,0.9703305661678314,TB
mendeley_tb_02006,0.5447300337255001,TB
mendeley_tb_02007,0.9851220995187759,TB
mendeley_tb_02008,0.9404866844415665,TB
mendeley_tb_02009,0.9727260917425156,TB
mendeley_tb_02010,0.9841302782297134,TB
mendeley_tb_02011,0.9829825609922409,TB
mendeley_tb_02012,0.9478932172060013,TB
mendeley_tb_02013,0.9588105380535126,TB
mendeley_tb_02014,0.9278333634138107,TB
mendeley_tb_02015,0.9764454960823059,TB
mendeley_tb_02016,0.9058312028646469,TB
mendeley_tb_02017,0.9855706095695496,TB
mendeley_tb_02018,0.9160620123147964,TB
mendeley_tb_02019,0.9316589385271072,TB
mendeley_tb_02020,0.9705405086278915,TB
mendeley_tb_02021,0.9779220819473267,TB
mendeley_tb_02022,0.9461545944213867,TB
mendeley_tb_02023,0.9891671538352966,TB
mendeley_tb_02024,0.9574552029371262,TB
mendeley_tb_02025,0.9219624698162079,TB
mendeley_tb_02026,0.9667755365371704,TB
mendeley_tb_02027,0.9886738806962967,TB
mendeley_tb_02028,0.9812144488096237,TB
mendeley_tb_02029,0.9728051722049713,TB
mendeley_tb_02030,0.9863206446170807,TB
mendeley_tb_02031,0.9749906063079834,TB
mendeley_tb_02032,0.964363157749176,TB
mendeley_tb_02033,0.8439828604459763,TB
mendeley_tb_02034,0.9852747172117233,TB
mendeley_tb_02035,0.9786388278007507,TB
mendeley_tb_02036,0.9806380569934845,TB
mendeley_tb_02037,0.9795625954866409,TB
mendeley_tb_02038,0.9853220134973526,TB
mendeley_tb_02039,0.7676971852779388,TB
mendeley_tb_02040,0.9844647943973541,TB
mendeley_tb_02041,0.9682631492614746,TB
mendeley_tb_02042,0.9363582134246826,TB
mendeley_tb_02043,0.9914525002241135,TB
mendeley_tb_02044,0.9786475449800491,TB
mendeley_tb_02045,0.9784004539251328,TB
mendeley_tb_02046,0.9782549887895584,TB
mendeley_tb_02047,0.9770846515893936,TB
mendeley_tb_02048,0.9008872509002686,TB
mendeley_tb_02049,0.9893997758626938,TB
mendeley_tb_02050,0.6131974253803492,TB
mendeley_tb_02051,0.9898122251033783,TB
mendeley_tb_02052,0.9859064370393753,TB
mendeley_tb_02053,0.8863316029310226,TB
mendeley_tb_02054,0.9815778583288193,TB
mendeley_tb_02055,0.96546670794487,TB
mendeley_tb_02056,0.9767851382493973,TB
mendeley_tb_02057,0.9896639734506607,TB
mendeley_tb_02058,0.8849659115076065,TB
mendeley_tb_02059,0.9857217371463776,TB
mendeley_tb_02060,0.9678661227226257,TB
mendeley_tb_02061,0.9911708682775497,TB
mendeley_tb_02062,0.9668931663036346,TB
mendeley_tb_02063,0.9903482496738434,TB
mendeley_tb_02064,0.9553628265857697,TB
mendeley_tb_02065,0.9872337132692337,TB
mendeley_tb_02066,0.9909328818321228,TB
mendeley_tb_02067,0.9742744415998459,TB
mendeley_tb_02068,0.8793130069971085,TB
mendeley_tb_02069,0.8978827893733978,TB
mendeley_tb_02070,0.9015311002731323,TB
mendeley_tb_02071,0.958750993013382,TB
mendeley_tb_02072,0.9818233251571655,TB
mendeley_tb_02073,0.9789331555366516,TB
mendeley_tb_02074,0.9849752485752106,TB
mendeley_tb_02075,0.67323924228549,TB
mendeley_tb_02076,0.9936359375715256,TB
mendeley_tb_02077,0.9694233685731888,TB
mendeley_tb_02078,0.9676916003227234,TB
mendeley_tb_02079,0.9381455034017563,TB
mendeley_tb_02080,0.9918462187051773,TB
mendeley_tb_02081,0.9830887019634247,TB
mendeley_tb_02082,0.9916272312402725,TB
mendeley_tb_02083,0.9556729346513748,TB
mendeley_tb_02084,0.5153504237532616,TB
mendeley_tb_02085,0.927116870880127,TB
mendeley_tb_02086,0.971234917640686,TB
mendeley_tb_02087,0.980095162987709,TB
mendeley_tb_02088,0.9919034838676453,TB
mendeley_tb_02089,0.9876042753458023,TB
mendeley_tb_02090,0.9895163476467133,TB
mendeley_tb_02091,0.9939815551042557,TB
mendeley_tb_02092,0.977405771613121,TB
mendeley_tb_02093,0.9794337749481201,TB
mendeley_tb_02094,0.9452850520610809,TB
mendeley_tb_02095,0.7462505549192429,TB
mendeley_tb_02096,0.6670134738087654,TB
mendeley_tb_02097,0.9890311509370804,TB
mendeley_tb_02098,0.991705983877182,TB
mendeley_tb_02099,0.98099385201931,TB
mendeley_tb_02100,0.8201656937599182,TB
mendeley_tb_02101,0.9342800229787827,TB
mendeley_tb_02102,0.9769832193851471,TB
mendeley_tb_02103,0.9330539554357529,TB
mendeley_tb_02104,0.9764699786901474,TB
mendeley_tb_02105,0.8969597667455673,TB
mendeley_tb_02106,0.9909315705299377,TB
mendeley_tb_02107,0.9928376525640488,TB
mendeley_tb_02108,0.9289082288742065,TB
mendeley_tb_02109,0.992362916469574,TB
mendeley_tb_02110,0.9729224145412445,TB
mendeley_tb_02111,0.9862715154886246,TB
mendeley_tb_02112,0.9877201914787292,TB
mendeley_tb_02113,0.9755553305149078,TB
mendeley_tb_02114,0.8961264491081238,TB
mendeley_tb_02115,0.8252093493938446,TB
mendeley_tb_02116,0.9609998464584351,TB
mendeley_tb_02117,0.9874279052019119,TB
mendeley_tb_02118,0.9926621615886688,TB
mendeley_tb_02119,0.9781764000654221,TB
mendeley_tb_02120,0.9891975075006485,TB
mendeley_tb_02121,0.9911940693855286,TB
mendeley_tb_02122,0.9879057556390762,TB
mendeley_tb_02123,0.982498288154602,TB
mendeley_tb_02124,0.9914359748363495,TB
mendeley_tb_02125,0.8316490352153778,TB
mendeley_tb_02126,0.9510723799467087,TB
mendeley_tb_02127,0.9632781147956848,TB
mendeley_tb_02128,0.7948976010084152,TB
mendeley_tb_02129,0.9767956435680389,TB
mendeley_tb_02130,0.991855189204216,TB
mendeley_tb_02131,0.9609998464584351,TB
mendeley_tb_02132,0.9810898751020432,TB
mendeley_tb_02133,0.9871871620416641,TB
mendeley_tb_02134,0.9827291965484619,TB
mendeley_tb_02135,0.8459097743034363,TB
mendeley_tb_02136,0.9698184281587601,TB
mendeley_tb_02137,0.9872251152992249,TB
mendeley_tb_02138,0.9582937508821487,TB
mendeley_tb_02139,0.9851539582014084,TB
mendeley_tb_02140,0.9657326340675354,TB
mendeley_tb_02141,0.94923035800457,TB
mendeley_tb_02142,0.956398144364357,TB
mendeley_tb_02143,0.9760621637105942,TB
mendeley_tb_02144,0.4632817320525646,Normal
mendeley_tb_02145,0.8902568370103836,TB
mendeley_tb_02146,0.9781764000654221,TB
mendeley_tb_02147,0.9896771162748337,TB
mendeley_tb_02148,0.9885896742343903,TB
mendeley_tb_02149,0.9872439801692963,TB
mendeley_tb_02150,0.952297106385231,TB
mendeley_tb_02151,0.9673821777105331,TB
mendeley_tb_02152,0.9767956435680389,TB
mendeley_tb_02153,0.974702000617981,TB
mendeley_tb_02154,0.9854421317577362,TB
mendeley_tb_02155,0.9910204410552979,TB
mendeley_tb_02156,0.9722390919923782,TB
mendeley_tb_02157,0.989405944943428,TB
mendeley_tb_02158,0.9903106987476349,TB
mendeley_tb_02159,0.9914431422948837,TB
mendeley_tb_02160,0.9677045941352844,TB
mendeley_tb_02161,0.8691954165697098,TB
mendeley_tb_02162,0.9873348772525787,TB
mendeley_tb_02163,0.8437783420085907,TB
mendeley_tb_02164,0.9838583171367645,TB
mendeley_tb_02165,0.9789507389068604,TB
mendeley_tb_02166,0.9902696162462234,TB
mendeley_tb_02167,0.9387642443180084,TB
mendeley_tb_02168,0.9865590929985046,TB
mendeley_tb_02169,0.9763959348201752,TB
mendeley_tb_02170,0.859809160232544,TB
mendeley_tb_02171,0.9764446318149567,TB
mendeley_tb_02172,0.9903084188699722,TB
mendeley_tb_02173,0.9498497247695923,TB
mendeley_tb_02174,0.9870381355285645,TB
mendeley_tb_02175,0.9854429066181183,TB
mendeley_tb_02176,0.9813254326581955,TB
mendeley_tb_02177,0.9673504680395126,TB
mendeley_tb_02178,0.9764446318149567,TB
mendeley_tb_02179,0.9387642443180084,TB
mendeley_tb_02180,0.9774906933307648,TB
mendeley_tb_02181,0.9854429066181183,TB
mendeley_tb_02182,0.826783075928688,TB
mendeley_tb_02183,0.9853549897670746,TB
mendeley_tb_02184,0.5389803387224674,TB
mendeley_tb_02185,0.99282106757164,TB
mendeley_tb_02186,0.9719550609588623,TB
mendeley_tb_02187,0.9774906933307648,TB
mendeley_tb_02188,0.9888494461774826,TB
mendeley_tb_02189,0.9719550609588623,TB
mendeley_tb_02190,0.8626389652490616,TB
mendeley_tb_02191,0.9817111492156982,TB
mendeley_tb_02192,0.9916318506002426,TB
mendeley_tb_02193,0.9086052924394608,TB
mendeley_tb_02194,0.9805489033460617,TB
mendeley_tb_02195,0.7026792615652084,TB
mendeley_tb_02196,0.972140297293663,TB
mendeley_tb_02197,0.9086052924394608,TB
mendeley_tb_02198,0.9571697860956192,TB
mendeley_tb_02199,0.9826147854328156,TB
mendeley_tb_02200,0.9629268050193787,TB
mendeley_tb_02201,0.9798695892095566,TB
mendeley_tb_02202,0.9903084188699722,TB
mendeley_tb_02203,0.9791967272758484,TB
mendeley_tb_02204,0.859809160232544,TB
mendeley_tb_02205,0.9853549897670746,TB
mendeley_tb_02206,0.9624865055084229,TB
mendeley_tb_02207,0.826783075928688,TB
mendeley_tb_02208,0.9791740924119949,TB
mendeley_tb_02209,0.9921938180923462,TB
mendeley_tb_02210,0.8626389652490616,TB
mendeley_tb_02211,0.9739916026592255,TB
mendeley_tb_02212,0.9902696162462234,TB
mendeley_tb_02213,0.976692721247673,TB
mendeley_tb_02214,0.9866033792495728,TB
mendeley_tb_02215,0.9791939407587051,TB
mendeley_tb_02216,0.9901752322912216,TB
mendeley_tb_02217,0.9613693952560425,TB
mendeley_tb_02218,0.9884882271289825,TB
mendeley_tb_02219,0.9834109991788864,TB
mendeley_tb_02220,0.9791740924119949,TB
mendeley_tb_02221,0.9673504680395126,TB
mendeley_tb_02222,0.9865590929985046,TB
mendeley_tb_02223,0.9807888269424438,TB
mendeley_tb_02224,0.9778794646263123,TB
mendeley_tb_02225,0.9891833066940308,TB
mendeley_tb_02226,0.9761742800474167,TB
mendeley_tb_02227,0.7528715990483761,TB
mendeley_tb_02228,0.9192144423723221,TB
mendeley_tb_02229,0.9830287247896194,TB
mendeley_tb_02230,0.9782345741987228,TB
mendeley_tb_02231,0.9910209625959396,TB
mendeley_tb_02232,0.9824001789093018,TB
mendeley_tb_02233,0.9848122745752335,TB
mendeley_tb_02234,0.9870126247406006,TB
mendeley_tb_02235,0.9807918071746826,TB
mendeley_tb_02236,0.5894300304353237,TB
mendeley_tb_02237,0.9383898675441742,TB
mendeley_tb_02238,0.9023702442646027,TB
mendeley_tb_02239,0.986208364367485,TB
mendeley_tb_02240,0.951958566904068,TB
mendeley_tb_02241,0.9582734853029251,TB
mendeley_tb_02242,0.7558039501309395,TB
mendeley_tb_02243,0.9813983887434006,TB
mendeley_tb_02244,0.9904829561710358,TB
mendeley_tb_02245,0.9319755584001541,TB
mendeley_tb_02246,0.9860253632068634,TB
mendeley_tb_02247,0.888345941901207,TB
mendeley_tb_02248,0.8943387269973755,TB
mendeley_tb_02249,0.9830287247896194,TB
mendeley_tb_02250,0.860788956284523,TB
mendeley_tb_02251,0.968646377325058,TB
mendeley_tb_02252,0.9926400184631348,TB
mendeley_tb_02253,0.9921264499425888,TB
mendeley_tb_02254,0.8236785978078842,TB
mendeley_tb_02255,0.9218124747276306,TB
mendeley_tb_02256,0.9785301685333252,TB
mendeley_tb_02257,0.9924637079238892,TB
mendeley_tb_02258,0.8150943219661713,TB
mendeley_tb_02259,0.9673795849084854,TB
mendeley_tb_02260,0.9843047112226486,TB
mendeley_tb_02261,0.9845982640981674,TB
mendeley_tb_02262,0.9023702442646027,TB
mendeley_tb_02263,0.9855244606733322,TB
mendeley_tb_02264,0.4420206816866994,Normal
mendeley_tb_02265,0.8637903332710266,TB
mendeley_tb_02266,0.9899112433195114,TB
mendeley_tb_02267,0.9925170838832855,TB
mendeley_tb_02268,0.9941843748092651,TB
mendeley_tb_02269,0.988995298743248,TB
mendeley_tb_02270,0.9448163062334061,TB
mendeley_tb_02271,0.9898292273283005,TB
mendeley_tb_02272,0.988820493221283,TB
mendeley_tb_02273,0.9910528361797333,TB
mendeley_tb_02274,0.9737526029348373,TB
mendeley_tb_02275,0.9918506294488907,TB
mendeley_tb_02276,0.9901991188526154,TB
mendeley_tb_02277,0.7980024516582489,TB
mendeley_tb_02278,0.9649536311626434,TB
mendeley_tb_02279,0.9899085164070129,TB
mendeley_tb_02280,0.9171531647443771,TB
mendeley_tb_02281,0.9528331607580185,TB
mendeley_tb_02282,0.9591826945543289,TB
mendeley_tb_02283,0.9911956787109375,TB
mendeley_tb_02284,0.6470038667321205,TB
mendeley_tb_02285,0.8148220181465149,TB
mendeley_tb_02286,0.9934625774621964,TB
mendeley_tb_02287,0.6035747900605202,TB
mendeley_tb_02288,0.9886140376329422,TB
mendeley_tb_02289,0.9895909428596497,TB
mendeley_tb_02290,0.990979328751564,TB
mendeley_tb_02291,0.9833405911922455,TB
mendeley_tb_02292,0.9852794408798218,TB
mendeley_tb_02293,0.9810482263565063,TB
mendeley_tb_02294,0.9707292169332504,TB
mendeley_tb_02295,0.9928350448608398,TB
mendeley_tb_02296,0.9936077147722244,TB
mendeley_tb_02297,0.9835197180509567,TB
mendeley_tb_02298,0.7160149663686752,TB
mendeley_tb_02299,0.9934992045164108,TB
mendeley_tb_02300,0.9756803959608078,TB
mendeley_tb_02301,0.9829007834196091,TB
mendeley_tb_02302,0.7819487228989601,TB
mendeley_tb_02303,0.9911002516746521,TB
mendeley_tb_02304,0.9857041835784912,TB
mendeley_tb_02305,0.9898936301469803,TB
mendeley_tb_02306,0.9889179021120071,TB
mendeley_tb_02307,0.9939094632863998,TB
mendeley_tb_02308,0.9907784461975098,TB
mendeley_tb_02309,0.9831808358430862,TB
mendeley_tb_02310,0.9797279983758926,TB
mendeley_tb_02311,0.9875230938196182,TB
mendeley_tb_02312,0.9899066537618637,TB
mendeley_tb_02313,0.9918350428342819,TB
mendeley_tb_02314,0.9682774841785431,TB
mendeley_tb_02315,0.8764861226081848,TB
mendeley_tb_02316,0.9919659644365311,TB
mendeley_tb_02317,0.9099915772676468,TB
mendeley_tb_02318,0.9881692677736282,TB
mendeley_tb_02319,0.7648651599884033,TB
mendeley_tb_02320,0.9689504206180573,TB
mendeley_tb_02321,0.9180586934089661,TB
mendeley_tb_02322,0.9906965047121048,TB
mendeley_tb_02323,0.9917479157447815,TB
mendeley_tb_02324,0.9724545031785965,TB
mendeley_tb_02325,0.896094024181366,TB
mendeley_tb_02326,0.954052060842514,TB
mendeley_tb_02327,0.9909279495477676,TB
mendeley_tb_02328,0.7867642492055893,TB
mendeley_tb_02329,0.9562204629182816,TB
mendeley_tb_02330,0.9506395906209946,TB
mendeley_tb_02331,0.884365513920784,TB
mendeley_tb_02332,0.9598318934440613,TB
mendeley_tb_02333,0.9899934232234955,TB
mendeley_tb_02334,0.990358829498291,TB
mendeley_tb_02335,0.9796883761882782,TB
mendeley_tb_02336,0.9490153640508652,TB
mendeley_tb_02337,0.9208812266588211,TB
mendeley_tb_02338,0.9807688593864441,TB
mendeley_tb_02339,0.9919279962778091,TB
mendeley_tb_02340,0.9908017069101334,TB
mendeley_tb_02341,0.9536825716495514,TB
mendeley_tb_02342,0.9847435653209686,TB
mendeley_tb_02343,0.9504596590995789,TB
mendeley_tb_02344,0.7700234577059746,TB
mendeley_tb_02345,0.9903148859739304,TB
mendeley_tb_02346,0.9941908121109009,TB
mendeley_tb_02347,0.9710068553686142,TB
mendeley_tb_02348,0.9914825409650803,TB
mendeley_tb_02349,0.9843681156635284,TB
mendeley_tb_02350,0.9929185062646866,TB
mendeley_tb_02351,0.9846731126308441,TB
mendeley_tb_02352,0.9867174923419952,TB
mendeley_tb_02353,0.5458578504621983,TB
mendeley_tb_02354,0.9796114861965179,TB
mendeley_tb_02355,0.7001198828220367,TB
mendeley_tb_02356,0.8999814540147781,TB
mendeley_tb_02357,0.9082520455121994,TB
mendeley_tb_02358,0.974681556224823,TB
mendeley_tb_02359,0.9870652705430984,TB
mendeley_tb_02360,0.9724159389734268,TB
mendeley_tb_02361,0.9773608148097992,TB
mendeley_tb_02362,0.9769903868436813,TB
mendeley_tb_02363,0.803534522652626,TB
mendeley_tb_02364,0.9894093126058578,TB
mendeley_tb_02365,0.9552050828933716,TB
mendeley_tb_02366,0.9938863217830658,TB
mendeley_tb_02367,0.9909430295228958,TB
mendeley_tb_02368,0.9516552686691284,TB
mendeley_tb_02369,0.9704914391040802,TB
mendeley_tb_02370,0.9896466732025146,TB
mendeley_tb_02371,0.9652220904827118,TB
mendeley_tb_02372,0.9894636422395706,TB
mendeley_tb_02373,0.9875443577766418,TB
mendeley_tb_02374,0.5693490151315928,TB
mendeley_tb_02375,0.9589590132236481,TB
mendeley_tb_02376,0.993543416261673,TB
mendeley_tb_02377,0.9913341552019119,TB
mendeley_tb_02378,0.9382007569074631,TB
mendeley_tb_02379,0.981471911072731,TB
mendeley_tb_02380,0.9884810447692871,TB
mendeley_tb_02381,0.9935501962900162,TB
mendeley_tb_02382,0.9887816607952118,TB
mendeley_tb_02383,0.9157845079898834,TB
mendeley_tb_02384,0.9256285279989243,TB
mendeley_tb_02385,0.9902685880661011,TB
mendeley_tb_02386,0.753588855266571,TB
mendeley_tb_02387,0.9858127385377884,TB
mendeley_tb_02388,0.9929910153150558,TB
mendeley_tb_02389,0.9752639830112457,TB
mendeley_tb_02390,0.8982008695602417,TB
mendeley_tb_02391,0.9886346608400345,TB
mendeley_tb_02392,0.9817806631326675,TB
mendeley_tb_02393,0.988708883523941,TB
mendeley_tb_02394,0.99470454454422,TB
mendeley_tb_02395,0.9891593903303146,TB
mendeley_tb_02396,0.9845248907804489,TB
mendeley_tb_02397,0.9725260883569717,TB
mendeley_tb_02398,0.8450679183006287,TB
mendeley_tb_02399,0.9934158623218536,TB
mendeley_tb_02400,0.8191355019807816,TB
mendeley_tb_02401,0.9789097607135773,TB
mendeley_tb_02402,0.9822129458189011,TB
mendeley_tb_02403,0.9884543418884277,TB
mendeley_tb_02404,0.8739748895168304,TB
mendeley_tb_02405,0.9642783999443054,TB
mendeley_tb_02406,0.9704347401857376,TB
mendeley_tb_02407,0.9804739952087402,TB
mendeley_tb_02408,0.9668708294630051,TB
mendeley_tb_02409,0.9515891820192337,TB
mendeley_tb_02410,0.9611588269472122,TB
mendeley_tb_02411,0.9598474651575089,TB
mendeley_tb_02412,0.9799590855836868,TB
mendeley_tb_02413,0.9848026633262634,TB
mendeley_tb_02414,0.9555831253528595,TB
mendeley_tb_02415,0.9868640303611755,TB
mendeley_tb_02416,0.9595917463302612,TB
mendeley_tb_02417,0.9899705797433853,TB
mendeley_tb_02418,0.9716484099626541,TB
mendeley_tb_02419,0.8394761085510254,TB
mendeley_tb_02420,0.897571474313736,TB
mendeley_tb_02421,0.9932213723659515,TB
mendeley_tb_02422,0.8720473647117615,TB
mendeley_tb_02423,0.8348771780729294,TB
mendeley_tb_02424,0.9930880069732666,TB
mendeley_tb_02425,0.9374226480722427,TB
mendeley_tb_02426,0.7576240599155426,TB
mendeley_tb_02427,0.9716603308916092,TB
mendeley_tb_02428,0.9590470492839813,TB
mendeley_tb_02429,0.7569405734539032,TB
mendeley_tb_02430,0.9767306745052338,TB
mendeley_tb_02431,0.527486726641655,TB
mendeley_tb_02432,0.9557352513074875,TB
mendeley_tb_02433,0.793653666973114,TB
mendeley_tb_02434,0.9367490410804749,TB
mendeley_tb_02435,0.8086595386266708,TB
mendeley_tb_02436,0.719524659216404,TB
mendeley_tb_02437,0.9785557985305786,TB
mendeley_tb_02438,0.8648354113101959,TB
mendeley_tb_02439,0.992065355181694,TB
mendeley_tb_02440,0.9913334548473358,TB
mendeley_tb_02441,0.9888406544923782,TB
mendeley_tb_02442,0.9878061711788177,TB
mendeley_tb_02443,0.9952448308467865,TB
mendeley_tb_02444,0.7069317251443863,TB
mendeley_tb_02445,0.9851212054491043,TB
mendeley_tb_02446,0.9858087301254272,TB
mendeley_tb_02447,0.9879372417926788,TB
mendeley_tb_02448,0.9857759475708008,TB
mendeley_tb_02449,0.9929630160331726,TB
mendeley_tb_02450,0.868548184633255,TB
mendeley_tb_02451,0.879431277513504,TB
mendeley_tb_02452,0.6615434288978577,TB
mendeley_tb_02453,0.9889354556798935,TB
mendeley_tb_02454,0.9206047207117081,TB
mendeley_tb_02455,0.9874509125947952,TB
mendeley_tb_02456,0.9491191655397415,TB
mendeley_tb_02457,0.9098150879144669,TB
mendeley_tb_02458,0.9573790282011032,TB
mendeley_tb_02459,0.9592638462781906,TB
mendeley_tb_02460,0.28375865146517754,Normal
mendeley_tb_02461,0.9545354396104813,TB
mendeley_tb_02462,0.9885147362947464,TB
mendeley_tb_02463,0.9524497389793396,TB
mendeley_tb_02464,0.9880362004041672,TB
mendeley_tb_02465,0.9897196441888809,TB
mendeley_tb_02466,0.7072167992591858,TB
mendeley_tb_02467,0.9674863666296005,TB
mendeley_tb_02468,0.9830630123615265,TB
mendeley_tb_02469,0.13140377216041088,Normal
mendeley_tb_02470,0.2433849354274571,Normal
mendeley_tb_02471,0.992166742682457,TB
mendeley_tb_02472,0.9790214747190475,TB
mendeley_tb_02473,0.5773750394582748,TB
mendeley_tb_02474,0.9599573761224747,TB
mendeley_tb_02475,0.942262202501297,TB
mendeley_tb_02476,0.9906695783138275,TB
mendeley_tb_02477,0.9887168109416962,TB
mendeley_tb_02478,0.9909476339817047,TB
mendeley_tb_02479,0.9921516925096512,TB
mendeley_tb_02480,0.9910826981067657,TB
mendeley_tb_02481,0.980397954583168,TB
mendeley_tb_02482,0.8835915625095367,TB
mendeley_tb_02483,0.9155607372522354,TB
mendeley_tb_02484,0.961038738489151,TB
mendeley_tb_02485,0.2832721269223839,Normal
mendeley_tb_02486,0.9689673781394958,TB
mendeley_tb_02487,0.9899691194295883,TB
mendeley_tb_02488,0.9907037913799286,TB
mendeley_tb_02489,0.5363739281892776,TB
mendeley_tb_02490,0.9792606383562088,TB
mendeley_tb_02491,0.7000072002410889,TB
mendeley_tb_02492,0.9255630522966385,TB
mendeley_tb_02493,0.7884755283594131,TB
