new_id,prob_tb,pred_TB/Normal
mendeley_normal_00000,0.90625961124897,TB
mendeley_normal_00001,0.5364406853914261,TB
mendeley_normal_00002,0.6349547281861305,TB
mendeley_normal_00003,0.6001618932932615,TB
mendeley_normal_00004,0.745404414832592,TB
mendeley_normal_00005,0.8737847357988358,TB
mendeley_normal_00006,0.9202931672334671,TB
mendeley_normal_00007,0.4585118112154305,Normal
mendeley_normal_00008,0.8586137741804123,TB
mendeley_normal_00009,0.9141304194927216,TB
mendeley_normal_00010,0.560340216383338,TB
mendeley_normal_00011,0.917141392827034,TB
mendeley_normal_00012,0.9364546090364456,TB
mendeley_normal_00013,0.8724617809057236,TB
mendeley_normal_00014,0.7854094356298447,TB
mendeley_normal_00015,0.8058509230613708,TB
mendeley_normal_00016,0.04526205244474113,Normal
mendeley_normal_00017,0.4485824415460229,Normal
mendeley_normal_00018,0.8907159566879272,TB
mendeley_normal_00019,0.8642059117555618,TB
mendeley_normal_00020,0.3757068086415529,Normal
mendeley_normal_00021,0.47949851490557194,Normal
mendeley_normal_00022,0.15772917214781046,Normal
mendeley_normal_00023,0.8352978974580765,TB
mendeley_normal_00024,0.8851157426834106,TB
mendeley_normal_00025,0.852362647652626,TB
mendeley_normal_00026,0.896567702293396,TB
mendeley_normal_00027,0.9430749863386154,TB
mendeley_normal_00028,0.873589962720871,TB
mendeley_normal_00029,0.9083362370729446,TB
mendeley_normal_00030,0.8189955800771713,TB
mendeley_normal_00031,0.8308019042015076,TB
mendeley_normal_00032,0.6468399614095688,TB
mendeley_normal_00033,0.8743057996034622,TB
mendeley_normal_00034,0.894015371799469,TB
mendeley_normal_00035,0.8051008880138397,TB
mendeley_normal_00036,0.8253813683986664,TB
mendeley_normal_00037,0.7832226008176804,TB
mendeley_normal_00038,0.866968497633934,TB
mendeley_normal_00039,0.5444258879870176,TB
mendeley_normal_00040,0.6946129947900772,TB
mendeley_normal_00041,0.7304189056158066,TB
mendeley_normal_00042,0.8948377817869186,TB
mendeley_normal_00043,0.8494486957788467,TB
mendeley_normal_00044,0.3544616987928748,Normal
mendeley_normal_00045,0.7394922375679016,TB
mendeley_normal_00046,0.8183598071336746,TB
mendeley_normal_00047,0.8989682793617249,TB
mendeley_normal_00048,0.8114890605211258,TB
mendeley_normal_00049,0.9079694896936417,TB
mendeley_normal_00050,0.9333370476961136,TB
mendeley_normal_00051,0.9322009831666946,TB
mendeley_normal_00052,0.46627795323729515,Normal
mendeley_normal_00053,0.7643883675336838,TB
mendeley_normal_00054,0.32160938903689384,Normal
mendeley_normal_00055,0.8431235551834106,TB
mendeley_normal_00056,0.4990150835365057,Normal
mendeley_normal_00057,0.9037893712520599,TB
mendeley_normal_00058,0.9319155663251877,TB
mendeley_normal_00059,0.9174662679433823,TB
mendeley_normal_00060,0.8630354702472687,TB
mendeley_normal_00061,0.8884457945823669,TB
mendeley_normal_00062,0.9290672838687897,TB
mendeley_normal_00063,0.8341393023729324,TB
mendeley_normal_00064,0.8347229212522507,TB
mendeley_normal_00065,0.728592723608017,TB
mendeley_normal_00066,0.7051457017660141,TB
mendeley_normal_00067,0.8945359885692596,TB
mendeley_normal_00068,0.7416344583034515,TB
mendeley_normal_00069,0.9324004650115967,TB
mendeley_normal_00070,0.8648028522729874,TB
mendeley_normal_00071,0.6384395472705364,TB
mendeley_normal_00072,0.899710550904274,TB
mendeley_normal_00073,0.8151893615722656,TB
mendeley_normal_00074,0.9472132176160812,TB
mendeley_normal_00075,0.8977133333683014,TB
mendeley_normal_00076,0.3982036281377077,Normal
mendeley_normal_00077,0.802443265914917,TB
mendeley_normal_00078,0.8949038982391357,TB
mendeley_normal_00079,0.5824283957481384,TB
mendeley_normal_00080,0.6293717175722122,TB
mendeley_normal_00081,0.7228741943836212,TB
mendeley_normal_00082,0.8507150262594223,TB
mendeley_normal_00083,0.8965482711791992,TB
mendeley_normal_00084,0.8334254026412964,TB
mendeley_normal_00085,0.7411134839057922,TB
mendeley_normal_00086,0.5448401048779488,TB
mendeley_normal_00087,0.8644352406263351,TB
mendeley_normal_00088,0.6541733220219612,TB
mendeley_normal_00089,0.9269182980060577,TB
mendeley_normal_00090,0.733319379389286,TB
mendeley_normal_00091,0.4278684929013252,Normal
mendeley_normal_00092,0.38027134351432323,Normal
mendeley_normal_00093,0.894013836979866,TB
mendeley_normal_00094,0.9429011195898056,TB
mendeley_normal_00095,0.9237364828586578,TB
mendeley_normal_00096,0.6646396145224571,TB
mendeley_normal_00097,0.9221302568912506,TB
mendeley_normal_00098,0.8970800936222076,TB
mendeley_normal_00099,0.2866676300764084,Normal
mendeley_normal_00100,0.9316004514694214,TB
mendeley_normal_00101,0.6335441470146179,TB
mendeley_normal_00102,0.43453625217080116,Normal
mendeley_normal_00103,0.9262543171644211,TB
mendeley_normal_00104,0.6744339689612389,TB
mendeley_normal_00105,0.8816463798284531,TB
mendeley_normal_00106,0.8912771195173264,TB
mendeley_normal_00107,0.8842287212610245,TB
mendeley_normal_00108,0.5407784506678581,TB
mendeley_normal_00109,0.9178672730922699,TB
mendeley_normal_00110,0.7852851897478104,TB
mendeley_normal_00111,0.8966740518808365,TB
mendeley_normal_00112,0.6648906394839287,TB
mendeley_normal_00113,0.9083670079708099,TB
mendeley_normal_00114,0.9269460588693619,TB
mendeley_normal_00115,0.7274239808320999,TB
mendeley_normal_00116,0.9309347718954086,TB
mendeley_normal_00117,0.9133596420288086,TB
mendeley_normal_00118,0.8570723980665207,TB
mendeley_normal_00119,0.9106643348932266,TB
mendeley_normal_00120,0.7230923026800156,TB
mendeley_normal_00121,0.9394485652446747,TB
mendeley_normal_00122,0.7134999930858612,TB
mendeley_normal_00123,0.864272341132164,TB
mendeley_normal_00124,0.9437056928873062,TB
mendeley_normal_00125,0.9018829166889191,TB
mendeley_normal_00126,0.5880330055952072,TB
mendeley_normal_00127,0.939213290810585,TB
mendeley_normal_00128,0.5420558042824268,TB
mendeley_normal_00129,0.8894295990467072,TB
mendeley_normal_00130,0.9177369922399521,TB
mendeley_normal_00131,0.6022512875497341,TB
mendeley_normal_00132,0.7868724018335342,TB
mendeley_normal_00133,0.7883937507867813,TB
mendeley_normal_00134,0.9179257452487946,TB
mendeley_normal_00135,0.917391911149025,TB
mendeley_normal_00136,0.08231263188645244,Normal
mendeley_normal_00137,0.6912913396954536,TB
mendeley_normal_00138,0.9050955474376678,TB
mendeley_normal_00139,0.7840090095996857,TB
mendeley_normal_00140,0.7864272594451904,TB
mendeley_normal_00141,0.9391041696071625,TB
mendeley_normal_00142,0.9171088486909866,TB
mendeley_normal_00143,0.9376066327095032,TB
mendeley_normal_00144,0.5954064875841141,TB
mendeley_normal_00145,0.902866005897522,TB
mendeley_normal_00146,0.8915140330791473,TB
mendeley_normal_00147,0.9219400733709335,TB
mendeley_normal_00148,0.8447999358177185,TB
mendeley_normal_00149,0.7101186811923981,TB
mendeley_normal_00150,0.44956202059984207,Normal
mendeley_normal_00151,0.3454156406223774,Normal
mendeley_normal_00152,0.8867287933826447,TB
mendeley_normal_00153,0.22402244294062257,Normal
mendeley_normal_00154,0.9040840864181519,TB
mendeley_normal_00155,0.8634688407182693,TB
mendeley_normal_00156,0.8133687824010849,TB
mendeley_normal_00157,0.7763536870479584,TB
mendeley_normal_00158,0.682825967669487,TB
mendeley_normal_00159,0.8810221552848816,TB
mendeley_normal_00160,0.8736642599105835,TB
mendeley_normal_00161,0.8821372985839844,TB
mendeley_normal_00162,0.4945038706064224,Normal
mendeley_normal_00163,0.8016156554222107,TB
mendeley_normal_00164,0.9252042472362518,TB
mendeley_normal_00165,0.9419946223497391,TB
mendeley_normal_00166,0.8013323992490768,TB
mendeley_normal_00167,0.7972621023654938,TB
mendeley_normal_00168,0.8454194515943527,TB
mendeley_normal_00169,0.7515965402126312,TB
mendeley_normal_00170,0.1937767113558948,Normal
mendeley_normal_00171,0.7307494580745697,TB
mendeley_normal_00172,0.5175781082361937,TB
mendeley_normal_00173,0.5561797060072422,TB
mendeley_normal_00174,0.561804473400116,TB
mendeley_normal_00175,0.8162658512592316,TB
mendeley_normal_00176,0.9114688634872437,TB
mendeley_normal_00177,0.5193341802805662,TB
mendeley_normal_00178,0.6788076013326645,TB
mendeley_normal_00179,0.41303686425089836,Normal
mendeley_normal_00180,0.5308733880519867,TB
mendeley_normal_00181,0.539186418056488,TB
mendeley_normal_00182,0.5124985985457897,TB
mendeley_normal_00183,0.3203901192173362,Normal
mendeley_normal_00184,0.9314442873001099,TB
mendeley_normal_00185,0.780450239777565,TB
mendeley_normal_00186,0.7254689484834671,TB
mendeley_normal_00187,0.9152588546276093,TB
mendeley_normal_00188,0.8822131752967834,TB
mendeley_normal_00189,0.9036097675561905,TB
mendeley_normal_00190,0.6674670279026031,TB
mendeley_normal_00191,0.8984421938657761,TB
mendeley_normal_00192,0.7595570683479309,TB
mendeley_normal_00193,0.9090437442064285,TB
mendeley_normal_00194,0.6110106464475393,TB
mendeley_normal_00195,0.8543191999197006,TB
mendeley_normal_00196,0.8231258541345596,TB
mendeley_normal_00197,0.9289859980344772,TB
mendeley_normal_00198,0.8741328716278076,TB
mendeley_normal_00199,0.26182046346366405,Normal
mendeley_normal_00200,0.07488835230469704,Normal
mendeley_normal_00201,0.9166218191385269,TB
mendeley_normal_00202,0.9301693886518478,TB
mendeley_normal_00203,0.4654198531061411,Normal
mendeley_normal_00204,0.6608004719018936,TB
mendeley_normal_00205,0.9260698556900024,TB
mendeley_normal_00206,0.8884733766317368,TB
mendeley_normal_00207,0.3260054010897875,Normal
mendeley_normal_00208,0.8653033524751663,TB
mendeley_normal_00209,0.8561617732048035,TB
mendeley_normal_00210,0.17177954246290028,Normal
mendeley_normal_00211,0.883537769317627,TB
mendeley_normal_00212,0.8425300419330597,TB
mendeley_normal_00213,0.8986353725194931,TB
mendeley_normal_00214,0.9083518236875534,TB
mendeley_normal_00215,0.5903976839035749,TB
mendeley_normal_00216,0.8650828450918198,TB
mendeley_normal_00217,0.8124789446592331,TB
mendeley_normal_00218,0.6998562850058079,TB
mendeley_normal_00219,0.9353400319814682,TB
mendeley_normal_00220,0.6546992808580399,TB
mendeley_normal_00221,0.9282281547784805,TB
mendeley_normal_00222,0.8934415727853775,TB
mendeley_normal_00223,0.9339373409748077,TB
mendeley_normal_00224,0.8047671169042587,TB
mendeley_normal_00225,0.8677190691232681,TB
mendeley_normal_00226,0.6303010359406471,TB
mendeley_normal_00227,0.48584695160388947,Normal
mendeley_normal_00228,0.9402453303337097,TB
mendeley_normal_00229,0.7019218057394028,TB
mendeley_normal_00230,0.7215115875005722,TB
mendeley_normal_00231,0.7054076790809631,TB
mendeley_normal_00232,0.43890271335840225,Normal
mendeley_normal_00233,0.5329160839319229,TB
mendeley_normal_00234,0.22747059632092714,Normal
mendeley_normal_00235,0.6019992455840111,TB
mendeley_normal_00236,0.8834462761878967,TB
mendeley_normal_00237,0.9114929139614105,TB
mendeley_normal_00238,0.8474370092153549,TB
mendeley_normal_00239,0.907666876912117,TB
mendeley_normal_00240,0.07587159075774252,Normal
mendeley_normal_00241,0.8271555453538895,TB
mendeley_normal_00242,0.6073640137910843,TB
mendeley_normal_00243,0.9124707281589508,TB
mendeley_normal_00244,0.03825763042550534,Normal
mendeley_normal_00245,0.6874630451202393,TB
mendeley_normal_00246,0.4925992665812373,Normal
mendeley_normal_00247,0.8604013025760651,TB
mendeley_normal_00248,0.8701978027820587,TB
mendeley_normal_00249,0.5931850876659155,TB
mendeley_normal_00250,0.751530259847641,TB
mendeley_normal_00251,0.8741368800401688,TB
mendeley_normal_00252,0.8081198781728745,TB
mendeley_normal_00253,0.8790391683578491,TB
mendeley_normal_00254,0.9028653204441071,TB
mendeley_normal_00255,0.23821747675538063,Normal
mendeley_normal_00256,0.9290277510881424,TB
mendeley_normal_00257,0.9379680156707764,TB
mendeley_normal_00258,0.8549665212631226,TB
mendeley_normal_00259,0.6827247068285942,TB
mendeley_normal_00260,0.8562735170125961,TB
mendeley_normal_00261,0.9122359305620193,TB
mendeley_normal_00262,0.9276112467050552,TB
mendeley_normal_00263,0.3396978788077831,Normal
mendeley_normal_00264,0.953205868601799,TB
mendeley_normal_00265,0.49762674421072006,Normal
mendeley_normal_00266,0.7961402833461761,TB
mendeley_normal_00267,0.764617346227169,TB
mendeley_normal_00268,0.7314133495092392,TB
mendeley_normal_00269,0.7881267666816711,TB
mendeley_normal_00270,0.851180911064148,TB
mendeley_normal_00271,0.4257662110030651,Normal
mendeley_normal_00272,0.9213185161352158,TB
mendeley_normal_00273,0.9346301704645157,TB
mendeley_normal_00274,0.8952877074480057,TB
mendeley_normal_00275,0.8730257600545883,TB
mendeley_normal_00276,0.43540681060403585,Normal
mendeley_normal_00277,0.938681349158287,TB
mendeley_normal_00278,0.7401152849197388,TB
mendeley_normal_00279,0.8333683609962463,TB
mendeley_normal_00280,0.922368198633194,TB
mendeley_normal_00281,0.6687780916690826,TB
mendeley_normal_00282,0.8127177804708481,TB
mendeley_normal_00283,0.6232403144240379,TB
mendeley_normal_00284,0.9096733182668686,TB
mendeley_normal_00285,0.37843096256256104,Normal
mendeley_normal_00286,0.663530744612217,TB
mendeley_normal_00287,0.4206168679520488,Normal
mendeley_normal_00288,0.6103491289541125,TB
mendeley_normal_00289,0.8274244070053101,TB
mendeley_normal_00290,0.5672802403569221,TB
mendeley_normal_00291,0.8050685077905655,TB
mendeley_normal_00292,0.825678288936615,TB
mendeley_normal_00293,0.8171263188123703,TB
mendeley_normal_00294,0.9142963290214539,TB
mendeley_normal_00295,0.9173889011144638,TB
mendeley_normal_00296,0.5686691924929619,TB
mendeley_normal_00297,0.92446169257164,TB
mendeley_normal_00298,0.8636351376771927,TB
mendeley_normal_00299,0.7403840124607086,TB
mendeley_normal_00300,0.9221779108047485,TB
mendeley_normal_00301,0.48668152652680874,Normal
mendeley_normal_00302,0.6683325916528702,TB
mendeley_normal_00303,0.08175757504068315,Normal
mendeley_normal_00304,0.7859253585338593,TB
mendeley_normal_00305,0.8254328817129135,TB
mendeley_normal_00306,0.945129007101059,TB
mendeley_normal_00307,0.9063835889101028,TB
mendeley_normal_00308,0.608601875603199,TB
mendeley_normal_00309,0.9482818096876144,TB
mendeley_normal_00310,0.8816610872745514,TB
mendeley_normal_00311,0.9230712652206421,TB
mendeley_normal_00312,0.8341604918241501,TB
mendeley_normal_00313,0.8630518466234207,TB
mendeley_normal_00314,0.8304979801177979,TB
mendeley_normal_00315,0.4275356773287058,Normal
mendeley_normal_00316,0.3910100571811199,Normal
mendeley_normal_00317,0.6071709170937538,TB
mendeley_normal_00318,0.821346253156662,TB
mendeley_normal_00319,0.731190949678421,TB
mendeley_normal_00320,0.8728099167346954,TB
mendeley_normal_00321,0.7465259283781052,TB
mendeley_normal_00322,0.36677516624331474,Normal
mendeley_normal_00323,0.8548282235860825,TB
mendeley_normal_00324,0.7588311433792114,TB
mendeley_normal_00325,0.9132061302661896,TB
mendeley_normal_00326,0.8716011643409729,TB
mendeley_normal_00327,0.7113292068243027,TB
mendeley_normal_00328,0.9198970943689346,TB
mendeley_normal_00329,0.8937854170799255,TB
mendeley_normal_00330,0.0977517340797931,Normal
mendeley_normal_00331,0.7210296839475632,TB
mendeley_normal_00332,0.628654520958662,TB
mendeley_normal_00333,0.610105536878109,TB
mendeley_normal_00334,0.8983724415302277,TB
mendeley_normal_00335,0.5310852527618408,TB
mendeley_normal_00336,0.9282342940568924,TB
mendeley_normal_00337,0.4510292783379555,Normal
mendeley_normal_00338,0.6975012645125389,TB
mendeley_normal_00339,0.4401341788470745,Normal
mendeley_normal_00340,0.1111714644357562,Normal
mendeley_normal_00341,0.8746720403432846,TB
mendeley_normal_00342,0.8519581705331802,TB
mendeley_normal_00343,0.6403991840779781,TB
mendeley_normal_00344,0.7993387579917908,TB
mendeley_normal_00345,0.22507639415562153,Normal
mendeley_normal_00346,0.9024292081594467,TB
mendeley_normal_00347,0.422954935580492,Normal
mendeley_normal_00348,0.9053952544927597,TB
mendeley_normal_00349,0.8675325661897659,TB
mendeley_normal_00350,0.901455357670784,TB
mendeley_normal_00351,0.9277429282665253,TB
mendeley_normal_00352,0.9114429205656052,TB
mendeley_normal_00353,0.9258086383342743,TB
mendeley_normal_00354,0.8152743577957153,TB
mendeley_normal_00355,0.7673528790473938,TB
mendeley_normal_00356,0.7391679733991623,TB
mendeley_normal_00357,0.8907098174095154,TB
mendeley_normal_00358,0.8703214973211288,TB
mendeley_normal_00359,0.8325930237770081,TB
mendeley_normal_00360,0.8803411275148392,TB
mendeley_normal_00361,0.7988459169864655,TB
mendeley_normal_00362,0.9285244047641754,TB
mendeley_normal_00363,0.7500546276569366,TB
mendeley_normal_00364,0.7644315510988235,TB
mendeley_normal_00365,0.9380196630954742,TB
mendeley_normal_00366,0.28245410695672035,Normal
mendeley_normal_00367,0.29449198697693646,Normal
mendeley_normal_00368,0.7951269745826721,TB
mendeley_normal_00369,0.5693797245621681,TB
mendeley_normal_00370,0.8723460733890533,TB
mendeley_normal_00371,0.6683495342731476,TB
mendeley_normal_00372,0.8417002111673355,TB
mendeley_normal_00373,0.6357759945094585,TB
mendeley_normal_00374,0.9145167022943497,TB
mendeley_normal_00375,0.716622456908226,TB
mendeley_normal_00376,0.838283970952034,TB
mendeley_normal_00377,0.7833008170127869,TB
mendeley_normal_00378,0.9208061695098877,TB
mendeley_normal_00379,0.8261979520320892,TB
mendeley_normal_00380,0.35109294205904007,Normal
mendeley_normal_00381,0.9228095561265945,TB
mendeley_normal_00382,0.6217735111713409,TB
mendeley_normal_00383,0.8884468078613281,TB
mendeley_normal_00384,0.8853992819786072,TB
mendeley_normal_00385,0.5529215633869171,TB
mendeley_normal_00386,0.779496930539608,TB
mendeley_normal_00387,0.635805269703269,TB
mendeley_normal_00388,0.9179747551679611,TB
mendeley_normal_00389,0.8958925604820251,TB
mendeley_normal_00390,0.8796662390232086,TB
mendeley_normal_00391,0.8550660759210587,TB
mendeley_normal_00392,0.5249088145792484,TB
mendeley_normal_00393,0.8106385320425034,TB
mendeley_normal_00394,0.687242865562439,TB
mendeley_normal_00395,0.7731849402189255,TB
mendeley_normal_00396,0.9040374755859375,TB
mendeley_normal_00397,0.31410206388682127,Normal
mendeley_normal_00398,0.9290469288825989,TB
mendeley_normal_00399,0.9163622409105301,TB
mendeley_normal_00400,0.5927683860063553,TB
mendeley_normal_00401,0.7605062946677208,TB
mendeley_normal_00402,0.8872117549180984,TB
mendeley_normal_00403,0.16480618715286255,Normal
mendeley_normal_00404,0.3556162901222706,Normal
mendeley_normal_00405,0.87974414229393,TB
mendeley_normal_00406,0.9231081157922745,TB
mendeley_normal_00407,0.8842915445566177,TB
mendeley_normal_00408,0.43698535300791264,Normal
mendeley_normal_00409,0.8499877452850342,TB
mendeley_normal_00410,0.8828246295452118,TB
mendeley_normal_00411,0.47613703925162554,Normal
mendeley_normal_00412,0.4717208482325077,Normal
mendeley_normal_00413,0.38982143253088,Normal
mendeley_normal_00414,0.22934775706380606,Normal
mendeley_normal_00415,0.8105384856462479,TB
mendeley_normal_00416,0.25334453489631414,Normal
mendeley_normal_00417,0.8143992871046066,TB
mendeley_normal_00418,0.31208900082856417,Normal
mendeley_normal_00419,0.8934118002653122,TB
mendeley_normal_00420,0.8896642774343491,TB
mendeley_normal_00421,0.8924511075019836,TB
mendeley_normal_00422,0.9186325669288635,TB
mendeley_normal_00423,0.8049722760915756,TB
mendeley_normal_00424,0.17618682142347097,Normal
mendeley_normal_00425,0.777785949409008,TB
mendeley_normal_00426,0.3071249797940254,Normal
mendeley_normal_00427,0.4762507677078247,Normal
mendeley_normal_00428,0.8789877891540527,TB
mendeley_normal_00429,0.9172818809747696,TB
mendeley_normal_00430,0.8878254592418671,TB
mendeley_normal_00431,0.8792519122362137,TB
mendeley_normal_00432,0.21156130079180002,Normal
mendeley_normal_00433,0.07439374597743154,Normal
mendeley_normal_00434,0.7845905870199203,TB
mendeley_normal_00435,0.13124094437807798,Normal
mendeley_normal_00436,0.7173008173704147,TB
mendeley_normal_00437,0.6291015408933163,TB
mendeley_normal_00438,0.9384869039058685,TB
mendeley_normal_00439,0.22314740670844913,Normal
mendeley_normal_00440,0.4925883449614048,Normal
mendeley_normal_00441,0.3870823858305812,Normal
mendeley_normal_00442,0.09084937395527959,Normal
mendeley_normal_00443,0.7430068105459213,TB
mendeley_normal_00444,0.9216767996549606,TB
mendeley_normal_00445,0.14198239031247795,Normal
mendeley_normal_00446,0.9077317267656326,TB
mendeley_normal_00447,0.6006732098758221,TB
mendeley_normal_00448,0.8853150755167007,TB
mendeley_normal_00449,0.63595225289464,TB
mendeley_normal_00450,0.8573631197214127,TB
mendeley_normal_00451,0.47090241964906454,Normal
mendeley_normal_00452,0.3517237340565771,Normal
mendeley_normal_00453,0.5075568156316876,TB
mendeley_normal_00454,0.0981337851844728,Normal
mendeley_normal_00455,0.9020509570837021,TB
mendeley_normal_00456,0.316851538605988,Normal
mendeley_normal_00457,0.8723065555095673,TB
mendeley_normal_00458,0.681551605463028,TB
mendeley_normal_00459,0.88140669465065,TB
mendeley_normal_00460,0.8492714911699295,TB
mendeley_normal_00461,0.746141254901886,TB
mendeley_normal_00462,0.09742032759822905,Normal
mendeley_normal_00463,0.8512515872716904,TB
mendeley_normal_00464,0.8555119186639786,TB
mendeley_normal_00465,0.6559239774942398,TB
mendeley_normal_00466,0.6955462098121643,TB
mendeley_normal_00467,0.8651993423700333,TB
mendeley_normal_00468,0.927245706319809,TB
mendeley_normal_00469,0.6794070973992348,TB
mendeley_normal_00470,0.9201558530330658,TB
mendeley_normal_00471,0.29548968747258186,Normal
mendeley_normal_00472,0.858071818947792,TB
mendeley_normal_00473,0.4648594632744789,Normal
mendeley_normal_00474,0.5688189752399921,TB
mendeley_normal_00475,0.7294618338346481,TB
mendeley_normal_00476,0.3008694900199771,Normal
mendeley_normal_00477,0.19993746653199196,Normal
mendeley_normal_00478,0.3617007788270712,Normal
mendeley_normal_00479,0.8770184218883514,TB
mendeley_normal_00480,0.46497065760195255,Normal
mendeley_normal_00481,0.9263652265071869,TB
mendeley_normal_00482,0.4087499526795,Normal
mendeley_normal_00483,0.906762570142746,TB
mendeley_normal_00484,0.8041677922010422,TB
mendeley_normal_00485,0.23663204070180655,Normal
mendeley_normal_00486,0.6199080944061279,TB
mendeley_normal_00487,0.0981337851844728,Normal
mendeley_normal_00488,0.316851538605988,Normal
mendeley_normal_00489,0.8723065555095673,TB
mendeley_normal_00490,0.681551605463028,TB
mendeley_normal_00491,0.9066293388605118,TB
mendeley_normal_00492,0.88140669465065,TB
mendeley_normal_00493,0.8590855896472931,TB
mendeley_normal_00494,0.6985234022140503,TB
mendeley_normal_00495,0.8888885378837585,TB
mendeley_normal_00496,0.7242760956287384,TB
mendeley_normal_00497,0.3226878494024277,Normal
mendeley_normal_00498,0.6748512834310532,TB
mendeley_normal_00499,0.6535318493843079,TB
mendeley_normal_00500,0.9007739424705505,TB
mendeley_normal_00501,0.8683787882328033,TB
mendeley_normal_00502,0.6347412839531898,TB
mendeley_normal_00503,0.8445693850517273,TB
mendeley_normal_00504,0.5729699917137623,TB
mendeley_normal_00505,0.7310733199119568,TB
mendeley_normal_00506,0.8743671476840973,TB
mendeley_normal_00507,0.4274652525782585,Normal
mendeley_normal_00508,0.1030127527192235,Normal
mendeley_normal_00509,0.20278838463127613,Normal
mendeley_normal_00510,0.5568150631152093,TB
mendeley_normal_00511,0.34428951889276505,Normal
mendeley_normal_00512,0.8593566566705704,TB
mendeley_tb_00000,0.9587937444448471,TB
mendeley_tb_00001,0.9119080007076263,TB
mendeley_tb_00002,0.9030342400074005,TB
mendeley_tb_00003,0.9583159685134888,TB
mendeley_tb_00004,0.9433155059814453,TB
mendeley_tb_00005,0.41795357689261436,Normal
mendeley_tb_00006,0.32808321015909314,Normal
mendeley_tb_00007,0.04091570223681629,Normal
mendeley_tb_00008,0.9409175664186478,TB
mendeley_tb_00009,0.9462092369794846,TB
mendeley_tb_00010,0.9389344751834869,TB
mendeley_tb_00011,0.8852485567331314,TB
mendeley_tb_00012,0.929270938038826,TB
mendeley_tb_00013,0.9470202773809433,TB
mendeley_tb_00014,0.9293665438890457,TB
mendeley_tb_00015,0.9454681277275085,TB
mendeley_tb_00016,0.9017471075057983,TB
mendeley_tb_00017,0.9182672798633575,TB
mendeley_tb_00018,0.9587340801954269,TB
mendeley_tb_00019,0.9236549735069275,TB
mendeley_tb_00020,0.899463951587677,TB
mendeley_tb_00021,0.9446769952774048,TB
mendeley_tb_00022,0.6920314282178879,TB
mendeley_tb_00023,0.937911719083786,TB
mendeley_tb_00024,0.9186207205057144,TB
mendeley_tb_00025,0.6275271531194448,TB
mendeley_tb_00026,0.30917228921316564,Normal
mendeley_tb_00027,0.9347231686115265,TB
mendeley_tb_00028,0.9228361994028091,TB
mendeley_tb_00029,0.9241091161966324,TB
mendeley_tb_00030,0.8404200226068497,TB
mendeley_tb_00031,0.9423224180936813,TB
mendeley_tb_00032,0.6684596501290798,TB
mendeley_tb_00033,0.9129282087087631,TB
mendeley_tb_00034,0.9381567686796188,TB
mendeley_tb_00035,0.8522456586360931,TB
mendeley_tb_00036,0.9617728292942047,TB
mendeley_tb_00037,0.9353768974542618,TB
mendeley_tb_00038,0.9098392128944397,TB
mendeley_tb_00039,0.9292147010564804,TB
mendeley_tb_00040,0.9611256569623947,TB
mendeley_tb_00041,0.9074432253837585,TB
mendeley_tb_00042,0.919800728559494,TB
mendeley_tb_00043,0.5545357167720795,TB
mendeley_tb_00044,0.8629810065031052,TB
mendeley_tb_00045,0.9320559352636337,TB
mendeley_tb_00046,0.9258634895086288,TB
mendeley_tb_00047,0.9523207247257233,TB
mendeley_tb_00048,0.8848753273487091,TB
mendeley_tb_00049,0.9036482870578766,TB
mendeley_tb_00050,0.94964300096035,TB
mendeley_tb_00051,0.8931775838136673,TB
mendeley_tb_00052,0.5860498398542404,TB
mendeley_tb_00053,0.9218559116125107,TB
mendeley_tb_00054,0.3643995225429535,Normal
mendeley_tb_00055,0.9422558099031448,TB
mendeley_tb_00056,0.9464130401611328,TB
mendeley_tb_00057,0.9241781383752823,TB
mendeley_tb_00058,0.9517032653093338,TB
mendeley_tb_00059,0.9172332882881165,TB
mendeley_tb_00060,0.8638630509376526,TB
mendeley_tb_00061,0.9257789552211761,TB
mendeley_tb_00062,0.9135145097970963,TB
mendeley_tb_00063,0.8887268155813217,TB
mendeley_tb_00064,0.948934480547905,TB
mendeley_tb_00065,0.6685207039117813,TB
mendeley_tb_00066,0.8576038181781769,TB
mendeley_tb_00067,0.25451661460101604,Normal
mendeley_tb_00068,0.9378379732370377,TB
mendeley_tb_00069,0.870697095990181,TB
mendeley_tb_00070,0.7587273716926575,TB
mendeley_tb_00071,0.936964750289917,TB
mendeley_tb_00072,0.9167198538780212,TB
mendeley_tb_00073,0.9434522539377213,TB
mendeley_tb_00074,0.9164146482944489,TB
mendeley_tb_00075,0.9096167236566544,TB
mendeley_tb_00076,0.9247195571660995,TB
mendeley_tb_00077,0.9315730780363083,TB
mendeley_tb_00078,0.9607414305210114,TB
mendeley_tb_00079,0.8084305375814438,TB
mendeley_tb_00080,0.9102206528186798,TB
mendeley_tb_00081,0.9439501762390137,TB
mendeley_tb_00082,0.9339087903499603,TB
mendeley_tb_00083,0.937889501452446,TB
mendeley_tb_00084,0.9406751990318298,TB
mendeley_tb_00085,0.7703657373785973,TB
mendeley_tb_00086,0.9380534142255783,TB
mendeley_tb_00087,0.940582737326622,TB
mendeley_tb_00088,0.948481947183609,TB
mendeley_tb_00089,0.892323300242424,TB
mendeley_tb_00090,0.8655902594327927,TB
mendeley_tb_00091,0.7242313325405121,TB
mendeley_tb_00092,0.9462426006793976,TB
mendeley_tb_00093,0.9270612448453903,TB
mendeley_tb_00094,0.614904385060072,TB
mendeley_tb_00095,0.8986841589212418,TB
mendeley_tb_00096,0.6436060070991516,TB
mendeley_tb_00097,0.9482614994049072,TB
mendeley_tb_00098,0.6060475185513496,TB
mendeley_tb_00099,0.9486851096153259,TB
mendeley_tb_00100,0.7070324420928955,TB
mendeley_tb_00101,0.9223925620317459,TB
mendeley_tb_00102,0.9525775015354156,TB
mendeley_tb_00103,0.5282285362482071,TB
mendeley_tb_00104,0.7237031236290932,TB
mendeley_tb_00105,0.8104620277881622,TB
mendeley_tb_00106,0.7673017233610153,TB
mendeley_tb_00107,0.8092833161354065,TB
mendeley_tb_00108,0.9504935294389725,TB
mendeley_tb_00109,0.8771300464868546,TB
mendeley_tb_00110,0.9022416919469833,TB
mendeley_tb_00111,0.9346163123846054,TB
mendeley_tb_00112,0.6569526717066765,TB
mendeley_tb_00113,0.8806883096694946,TB
mendeley_tb_00114,0.9443842321634293,TB
mendeley_tb_00115,0.9516692757606506,TB
mendeley_tb_00116,0.9217321127653122,TB
mendeley_tb_00117,0.9454156756401062,TB
mendeley_tb_00118,0.9428135901689529,TB
mendeley_tb_00119,0.9351941049098969,TB
mendeley_tb_00120,0.9587606340646744,TB
mendeley_tb_00121,0.9247314631938934,TB
mendeley_tb_00122,0.877103254199028,TB
mendeley_tb_00123,0.9563751667737961,TB
mendeley_tb_00124,0.9162240624427795,TB
mendeley_tb_00125,0.8692468851804733,TB
mendeley_tb_00126,0.4373840466141701,Normal
mendeley_tb_00127,0.9525023698806763,TB
mendeley_tb_00128,0.44889555126428604,Normal
mendeley_tb_00129,0.8036184012889862,TB
mendeley_tb_00130,0.9467116594314575,TB
mendeley_tb_00131,0.9288291931152344,TB
mendeley_tb_00132,0.9317513853311539,TB
mendeley_tb_00133,0.9162818640470505,TB
mendeley_tb_00134,0.8852724879980087,TB
mendeley_tb_00135,0.9398515522480011,TB
mendeley_tb_00136,0.2467533489689231,Normal
mendeley_tb_00137,0.32693149521946907,Normal
mendeley_tb_00138,0.9602614045143127,TB
mendeley_tb_00139,0.940806582570076,TB
mendeley_tb_00140,0.9278850257396698,TB
mendeley_tb_00141,0.8997208625078201,TB
mendeley_tb_00142,0.9464682787656784,TB
mendeley_tb_00143,0.9563910514116287,TB
mendeley_tb_00144,0.9549726843833923,TB
mendeley_tb_00145,0.9210098385810852,TB
mendeley_tb_00146,0.9242323637008667,TB
mendeley_tb_00147,0.9643534272909164,TB
mendeley_tb_00148,0.9506578147411346,TB
mendeley_tb_00149,0.9351459592580795,TB
mendeley_tb_00150,0.9377103596925735,TB
mendeley_tb_00151,0.9609333872795105,TB
mendeley_tb_00152,0.9531576484441757,TB
mendeley_tb_00153,0.9082199484109879,TB
mendeley_tb_00154,0.9011330157518387,TB
mendeley_tb_00155,0.8808311372995377,TB
mendeley_tb_00156,0.9208909571170807,TB
mendeley_tb_00157,0.9289428740739822,TB
mendeley_tb_00158,0.5400457819923759,TB
mendeley_tb_00159,0.7931702435016632,TB
mendeley_tb_00160,0.9489999413490295,TB
mendeley_tb_00161,0.9218318909406662,TB
mendeley_tb_00162,0.953449159860611,TB
mendeley_tb_00163,0.1453999129589647,Normal
mendeley_tb_00164,0.9309231042861938,TB
mendeley_tb_00165,0.9475958198308945,TB
mendeley_tb_00166,0.7311655282974243,TB
mendeley_tb_00167,0.8667440116405487,TB
mendeley_tb_00168,0.9052891135215759,TB
mendeley_tb_00169,0.8289062082767487,TB
mendeley_tb_00170,0.8428473919630051,TB
mendeley_tb_00171,0.951376423239708,TB
mendeley_tb_00172,0.9397501051425934,TB
mendeley_tb_00173,0.9518877863883972,TB
mendeley_tb_00174,0.8467036634683609,TB
mendeley_tb_00175,0.9522138237953186,TB
mendeley_tb_00176,0.4947167569771409,Normal
mendeley_tb_00177,0.9590124934911728,TB
mendeley_tb_00178,0.8057232201099396,TB
mendeley_tb_00179,0.9223046600818634,TB
mendeley_tb_00180,0.9424034059047699,TB
mendeley_tb_00181,0.8616156876087189,TB
mendeley_tb_00182,0.9548419862985611,TB
mendeley_tb_00183,0.9264141172170639,TB
mendeley_tb_00184,0.6120854960754514,TB
mendeley_tb_00185,0.6178120970726013,TB
mendeley_tb_00186,0.9144003689289093,TB
mendeley_tb_00187,0.8253736644983292,TB
mendeley_tb_00188,0.9396354556083679,TB
mendeley_tb_00189,0.941831424832344,TB
mendeley_tb_00190,0.9683723598718643,TB
mendeley_tb_00191,0.41943435184657574,Normal
mendeley_tb_00192,0.6573280021548271,TB
mendeley_tb_00193,0.9325377494096756,TB
mendeley_tb_00194,0.9252766072750092,TB
mendeley_tb_00195,0.9378403276205063,TB
mendeley_tb_00196,0.942857638001442,TB
mendeley_tb_00197,0.9382957369089127,TB
mendeley_tb_00198,0.6447147838771343,TB
mendeley_tb_00199,0.9341526031494141,TB
mendeley_tb_00200,0.9505409449338913,TB
mendeley_tb_00201,0.8422212451696396,TB
mendeley_tb_00202,0.9424111247062683,TB
mendeley_tb_00203,0.9474654644727707,TB
mendeley_tb_00204,0.905485063791275,TB
mendeley_tb_00205,0.9068380892276764,TB
mendeley_tb_00206,0.9236726462841034,TB
mendeley_tb_00207,0.9523358643054962,TB
mendeley_tb_00208,0.8844387531280518,TB
mendeley_tb_00209,0.9225486665964127,TB
mendeley_tb_00210,0.8967262506484985,TB
mendeley_tb_00211,0.38330204505473375,Normal
mendeley_tb_00212,0.8904397487640381,TB
mendeley_tb_00213,0.9394719153642654,TB
mendeley_tb_00214,0.9342554807662964,TB
mendeley_tb_00215,0.9445419609546661,TB
mendeley_tb_00216,0.9195613116025925,TB
mendeley_tb_00217,0.9381342530250549,TB
mendeley_tb_00218,0.6468169018626213,TB
mendeley_tb_00219,0.8901149481534958,TB
mendeley_tb_00220,0.5823323950171471,TB
mendeley_tb_00221,0.9581090211868286,TB
mendeley_tb_00222,0.8945314735174179,TB
mendeley_tb_00223,0.9235885888338089,TB
mendeley_tb_00224,0.752798855304718,TB
mendeley_tb_00225,0.9465633034706116,TB
mendeley_tb_00226,0.9352047145366669,TB
mendeley_tb_00227,0.1373518304899335,Normal
mendeley_tb_00228,0.9473916590213776,TB
mendeley_tb_00229,0.9084441512823105,TB
mendeley_tb_00230,0.9087156057357788,TB
mendeley_tb_00231,0.8644562363624573,TB
mendeley_tb_00232,0.9058166742324829,TB
mendeley_tb_00233,0.568617720156908,TB
mendeley_tb_00234,0.9373717457056046,TB
mendeley_tb_00235,0.9411455392837524,TB
mendeley_tb_00236,0.8866696655750275,TB
mendeley_tb_00237,0.8508370965719223,TB
mendeley_tb_00238,0.9403541386127472,TB
mendeley_tb_00239,0.08942969795316458,Normal
mendeley_tb_00240,0.8452802300453186,TB
mendeley_tb_00241,0.9632923454046249,TB
mendeley_tb_00242,0.8735103160142899,TB
mendeley_tb_00243,0.9576539248228073,TB
mendeley_tb_00244,0.9310410469770432,TB
mendeley_tb_00245,0.22037706151604652,Normal
mendeley_tb_00246,0.843828409910202,TB
mendeley_tb_00247,0.9488044828176498,TB
mendeley_tb_00248,0.848394513130188,TB
mendeley_tb_00249,0.9120917022228241,TB
mendeley_tb_00250,0.8567322492599487,TB
mendeley_tb_00251,0.9372033029794693,TB
mendeley_tb_00252,0.7925594598054886,TB
mendeley_tb_00253,0.9358623027801514,TB
mendeley_tb_00254,0.942752793431282,TB
mendeley_tb_00255,0.3078972091898322,Normal
mendeley_tb_00256,0.9602205157279968,TB
mendeley_tb_00257,0.9081467539072037,TB
mendeley_tb_00258,0.9270574897527695,TB
mendeley_tb_00259,0.9482079893350601,TB
mendeley_tb_00260,0.9589020609855652,TB
mendeley_tb_00261,0.9515215307474136,TB
mendeley_tb_00262,0.4659189060330391,Normal
mendeley_tb_00263,0.9318561404943466,TB
mendeley_tb_00264,0.9456684589385986,TB
mendeley_tb_00265,0.9455083161592484,TB
mendeley_tb_00266,0.9418066293001175,TB
mendeley_tb_00267,0.7358628213405609,TB
mendeley_tb_00268,0.8624835461378098,TB
mendeley_tb_00269,0.9352683573961258,TB
mendeley_tb_00270,0.9494026005268097,TB
mendeley_tb_00271,0.9780838638544083,TB
mendeley_tb_00272,0.9183979034423828,TB
mendeley_tb_00273,0.9550809115171432,TB
mendeley_tb_00274,0.9318442195653915,TB
mendeley_tb_00275,0.9375703185796738,TB
mendeley_tb_00276,0.9370352029800415,TB
mendeley_tb_00277,0.9434764236211777,TB
mendeley_tb_00278,0.8924939930438995,TB
mendeley_tb_00279,0.9389269351959229,TB
mendeley_tb_00280,0.9185287803411484,TB
mendeley_tb_00281,0.9086919575929642,TB
mendeley_tb_00282,0.9471365809440613,TB
mendeley_tb_00283,0.41361552476882935,Normal
mendeley_tb_00284,0.7189070656895638,TB
mendeley_tb_00285,0.9494708776473999,TB
mendeley_tb_00286,0.9281122535467148,TB
mendeley_tb_00287,0.948728397488594,TB
mendeley_tb_00288,0.2032754523679614,Normal
mendeley_tb_00289,0.9379470497369766,TB
mendeley_tb_00290,0.9229689091444016,TB
mendeley_tb_00291,0.9506658911705017,TB
mendeley_tb_00292,0.6887578442692757,TB
mendeley_tb_00293,0.8697303980588913,TB
mendeley_tb_00294,0.6150854751467705,TB
mendeley_tb_00295,0.80936299264431,TB
mendeley_tb_00296,0.9051787108182907,TB
mendeley_tb_00297,0.792224183678627,TB
mendeley_tb_00298,0.25490914518013597,Normal
mendeley_tb_00299,0.9268317073583603,TB
mendeley_tb_00300,0.8871933966875076,TB
mendeley_tb_00301,0.9277707189321518,TB
mendeley_tb_00302,0.8490895479917526,TB
mendeley_tb_00303,0.94698765873909,TB
mendeley_tb_00304,0.9348492175340652,TB
mendeley_tb_00305,0.9015914052724838,TB
mendeley_tb_00306,0.9408889412879944,TB
mendeley_tb_00307,0.9488306641578674,TB
mendeley_tb_00308,0.9580070525407791,TB
mendeley_tb_00309,0.968326210975647,TB
mendeley_tb_00310,0.9595004767179489,TB
mendeley_tb_00311,0.9502227157354355,TB
mendeley_tb_00312,0.8742133677005768,TB
mendeley_tb_00313,0.9044089466333389,TB
mendeley_tb_00314,0.9116194993257523,TB
mendeley_tb_00315,0.9285435229539871,TB
mendeley_tb_00316,0.9388381391763687,TB
mendeley_tb_00317,0.8592038452625275,TB
mendeley_tb_00318,0.9373855292797089,TB
mendeley_tb_00319,0.9600396007299423,TB
mendeley_tb_00320,0.9264523983001709,TB
mendeley_tb_00321,0.9462938904762268,TB
mendeley_tb_00322,0.8907672613859177,TB
mendeley_tb_00323,0.7510546706616879,TB
mendeley_tb_00324,0.9394719898700714,TB
mendeley_tb_00325,0.8629365563392639,TB
mendeley_tb_00326,0.9369043856859207,TB
mendeley_tb_00327,0.9627414643764496,TB
mendeley_tb_00328,0.8884023129940033,TB
mendeley_tb_00329,0.8490201979875565,TB
mendeley_tb_00330,0.8701033741235733,TB
mendeley_tb_00331,0.9262694716453552,TB
mendeley_tb_00332,0.862782746553421,TB
mendeley_tb_00333,0.9530700594186783,TB
mendeley_tb_00334,0.8892740905284882,TB
mendeley_tb_00335,0.953000545501709,TB
mendeley_tb_00336,0.8842479586601257,TB
mendeley_tb_00337,0.8431525528430939,TB
mendeley_tb_00338,0.9409724175930023,TB
mendeley_tb_00339,0.9439907670021057,TB
mendeley_tb_00340,0.9173333644866943,TB
mendeley_tb_00341,0.321010222658515,Normal
mendeley_tb_00342,0.9604035317897797,TB
mendeley_tb_00343,0.962715819478035,TB
mendeley_tb_00344,0.9364653527736664,TB
mendeley_tb_00345,0.9529066383838654,TB
mendeley_tb_00346,0.842411532998085,TB
mendeley_tb_00347,0.9024932235479355,TB
mendeley_tb_00348,0.29039932787418365,Normal
mendeley_tb_00349,0.8964511007070541,TB
mendeley_tb_00350,0.9553115367889404,TB
mendeley_tb_00351,0.7695456966757774,TB
mendeley_tb_00352,0.21548209711909294,Normal
mendeley_tb_00353,0.8917712867259979,TB
mendeley_tb_00354,0.6432561278343201,TB
mendeley_tb_00355,0.9324317574501038,TB
mendeley_tb_00356,0.8611181378364563,TB
mendeley_tb_00357,0.9437931478023529,TB
mendeley_tb_00358,0.9442045837640762,TB
mendeley_tb_00359,0.8099607527256012,TB
mendeley_tb_00360,0.9000732451677322,TB
mendeley_tb_00361,0.9322338402271271,TB
mendeley_tb_00362,0.9382359087467194,TB
mendeley_tb_00363,0.9140574336051941,TB
mendeley_tb_00364,0.6790257897228003,TB
mendeley_tb_00365,0.9470701664686203,TB
mendeley_tb_00366,0.9691558927297592,TB
mendeley_tb_00367,0.9519557952880859,TB
mendeley_tb_00368,0.9611698389053345,TB
mendeley_tb_00369,0.9370432049036026,TB
mendeley_tb_00370,0.9363850951194763,TB
mendeley_tb_00371,0.9535112828016281,TB
mendeley_tb_00372,0.9206320196390152,TB
mendeley_tb_00373,0.9606901258230209,TB
mendeley_tb_00374,0.9274518340826035,TB
mendeley_tb_00375,0.7563935667276382,TB
mendeley_tb_00376,0.9375002235174179,TB
mendeley_tb_00377,0.9557785391807556,TB
mendeley_tb_00378,0.897460088133812,TB
mendeley_tb_00379,0.33809735300019383,Normal
mendeley_tb_00380,0.9194637537002563,TB
mendeley_tb_00381,0.9355569034814835,TB
mendeley_tb_00382,0.931981772184372,TB
mendeley_tb_00383,0.9427861273288727,TB
mendeley_tb_00384,0.9456077367067337,TB
mendeley_tb_00385,0.846197247505188,TB
mendeley_tb_00386,0.7473720461130142,TB
mendeley_tb_00387,0.9523281455039978,TB
mendeley_tb_00388,0.9338556826114655,TB
mendeley_tb_00389,0.932981476187706,TB
mendeley_tb_00390,0.9456468671560287,TB
mendeley_tb_00391,0.9240724444389343,TB
mendeley_tb_00392,0.9458151012659073,TB
mendeley_tb_00393,0.9605895727872849,TB
mendeley_tb_00394,0.9648131728172302,TB
mendeley_tb_00395,0.9279105365276337,TB
mendeley_tb_00396,0.9399465918540955,TB
mendeley_tb_00397,0.8687595576047897,TB
mendeley_tb_00398,0.9023868292570114,TB
mendeley_tb_00399,0.9670430570840836,TB
mendeley_tb_00400,0.6379382200539112,TB
mendeley_tb_00401,0.9315421879291534,TB
mendeley_tb_00402,0.9594748020172119,TB
mendeley_tb_00403,0.9232892841100693,TB
mendeley_tb_00404,0.9255209118127823,TB
mendeley_tb_00405,0.9594905823469162,TB
mendeley_tb_00406,0.464592806994915,Normal
mendeley_tb_00407,0.9559731632471085,TB
mendeley_tb_00408,0.8842981904745102,TB
mendeley_tb_00409,0.9368849098682404,TB
mendeley_tb_00410,0.9533442854881287,TB
mendeley_tb_00411,0.970700278878212,TB
mendeley_tb_00412,0.9178296625614166,TB
mendeley_tb_00413,0.9183961898088455,TB
mendeley_tb_00414,0.8992277085781097,TB
mendeley_tb_00415,0.926649272441864,TB
mendeley_tb_00416,0.934908390045166,TB
mendeley_tb_00417,0.9587079435586929,TB
mendeley_tb_00418,0.933008462190628,TB
mendeley_tb_00419,0.9237964451313019,TB
mendeley_tb_00420,0.9161756336688995,TB
mendeley_tb_00421,0.9296199828386307,TB
mendeley_tb_00422,0.9660187363624573,TB
mendeley_tb_00423,0.6726970076560974,TB
mendeley_tb_00424,0.9606558978557587,TB
mendeley_tb_00425,0.9538490772247314,TB
mendeley_tb_00426,0.8900314569473267,TB
mendeley_tb_00427,0.9567486643791199,TB
mendeley_tb_00428,0.9545056968927383,TB
mendeley_tb_00429,0.7405702620744705,TB
mendeley_tb_00430,0.8366501033306122,TB
mendeley_tb_00431,0.9332647621631622,TB
mendeley_tb_00432,0.9255099892616272,TB
mendeley_tb_00433,0.9175244569778442,TB
mendeley_tb_00434,0.8768841326236725,TB
mendeley_tb_00435,0.8776797354221344,TB
mendeley_tb_00436,0.9546037465333939,TB
mendeley_tb_00437,0.9282361268997192,TB
mendeley_tb_00438,0.9363343268632889,TB
mendeley_tb_00439,0.9654535502195358,TB
mendeley_tb_00440,0.7519784644246101,TB
mendeley_tb_00441,0.9403306394815445,TB
mendeley_tb_00442,0.9156472980976105,TB
mendeley_tb_00443,0.9346227198839188,TB
mendeley_tb_00444,0.9315197318792343,TB
mendeley_tb_00445,0.916497990489006,TB
mendeley_tb_00446,0.6254724860191345,TB
mendeley_tb_00447,0.8349801152944565,TB
mendeley_tb_00448,0.877411961555481,TB
mendeley_tb_00449,0.9218747913837433,TB
mendeley_tb_00450,0.9335874319076538,TB
mendeley_tb_00451,0.9432383626699448,TB
mendeley_tb_00452,0.9322903603315353,TB
mendeley_tb_00453,0.9074061661958694,TB
mendeley_tb_00454,0.9346245378255844,TB
mendeley_tb_00455,0.9416346549987793,TB
mendeley_tb_00456,0.8743419498205185,TB
mendeley_tb_00457,0.9480250626802444,TB
mendeley_tb_00458,0.9524187594652176,TB
mendeley_tb_00459,0.9545871466398239,TB
mendeley_tb_00460,0.9322943985462189,TB
mendeley_tb_00461,0.8511210083961487,TB
mendeley_tb_00462,0.9149572998285294,TB
mendeley_tb_00463,0.9452871978282928,TB
mendeley_tb_00464,0.9500232636928558,TB
mendeley_tb_00465,0.9542907327413559,TB
mendeley_tb_00466,0.9374823719263077,TB
mendeley_tb_00467,0.8493575304746628,TB
mendeley_tb_00468,0.9621940106153488,TB
mendeley_tb_00469,0.9059858024120331,TB
mendeley_tb_00470,0.9524676501750946,TB
mendeley_tb_00471,0.9464004188776016,TB
mendeley_tb_00472,0.9454821646213531,TB
mendeley_tb_00473,0.9522540420293808,TB
mendeley_tb_00474,0.9176622778177261,TB
mendeley_tb_00475,0.8727689683437347,TB
mendeley_tb_00476,0.9512193948030472,TB
mendeley_tb_00477,0.9367059916257858,TB
mendeley_tb_00478,0.9351669400930405,TB
mendeley_tb_00479,0.9433656483888626,TB
mendeley_tb_00480,0.8028454482555389,TB
mendeley_tb_00481,0.96944959461689,TB
mendeley_tb_00482,0.7874925881624222,TB
mendeley_tb_00483,0.9308095723390579,TB
mendeley_tb_00484,0.9412907809019089,TB
mendeley_tb_00485,0.9225701540708542,TB
mendeley_tb_00486,0.8790800869464874,TB
mendeley_tb_00487,0.9452334940433502,TB
mendeley_tb_00488,0.7081639766693115,TB
mendeley_tb_00489,0.9464738219976425,TB
mendeley_tb_00490,0.9556595683097839,TB
mendeley_tb_00491,0.4830547869205475,Normal
mendeley_tb_00492,0.9288728088140488,TB
mendeley_tb_00493,0.894108310341835,TB
mendeley_tb_00494,0.9294781535863876,TB
mendeley_tb_00495,0.9514947086572647,TB
mendeley_tb_00496,0.9554165154695511,TB
mendeley_tb_00497,0.47127172350883484,Normal
mendeley_tb_00498,0.9195666611194611,TB
mendeley_tb_00499,0.8914205431938171,TB
mendeley_tb_00500,0.8109571188688278,TB
mendeley_tb_00501,0.9045078009366989,TB
mendeley_tb_00502,0.9197858273983002,TB
mendeley_tb_00503,0.9182227551937103,TB
mendeley_tb_00504,0.9425820857286453,TB
mendeley_tb_00505,0.929520383477211,TB
mendeley_tb_00506,0.9261085391044617,TB
mendeley_tb_00507,0.8469043374061584,TB
mendeley_tb_00508,0.8917876780033112,TB
mendeley_tb_00509,0.9335962235927582,TB
mendeley_tb_00510,0.9663543254137039,TB
mendeley_tb_00511,0.928036630153656,TB
mendeley_tb_00512,0.9064000099897385,TB
mendeley_tb_00513,0.800662636756897,TB
mendeley_tb_00514,0.7452104836702347,TB
mendeley_tb_00515,0.8968586921691895,TB
mendeley_tb_00516,0.9007425904273987,TB
mendeley_tb_00517,0.9503465890884399,TB
mendeley_tb_00518,0.9393679797649384,TB
mendeley_tb_00519,0.9614605009555817,TB
mendeley_tb_00520,0.9229004234075546,TB
mendeley_tb_00521,0.9279804229736328,TB
mendeley_tb_00522,0.9375044405460358,TB
mendeley_tb_00523,0.927534356713295,TB
mendeley_tb_00524,0.7722620517015457,TB
mendeley_tb_00525,0.9124429076910019,TB
mendeley_tb_00526,0.9616202861070633,TB
mendeley_tb_00527,0.9324399083852768,TB
mendeley_tb_00528,0.9297812283039093,TB
mendeley_tb_00529,0.9337537288665771,TB
mendeley_tb_00530,0.920223206281662,TB
mendeley_tb_00531,0.9343228936195374,TB
mendeley_tb_00532,0.5849615633487701,TB
mendeley_tb_00533,0.8668386340141296,TB
mendeley_tb_00534,0.9283535182476044,TB
mendeley_tb_00535,0.9478527307510376,TB
mendeley_tb_00536,0.9633537530899048,TB
mendeley_tb_00537,0.9137608855962753,TB
mendeley_tb_00538,0.9320052564144135,TB
mendeley_tb_00539,0.9363286644220352,TB
mendeley_tb_00540,0.9458961188793182,TB
mendeley_tb_00541,0.9433824419975281,TB
mendeley_tb_00542,0.9012065827846527,TB
mendeley_tb_00543,0.9554806798696518,TB
mendeley_tb_00544,0.9270666390657425,TB
mendeley_tb_00545,0.9244197905063629,TB
mendeley_tb_00546,0.8554395288228989,TB
mendeley_tb_00547,0.9608444273471832,TB
mendeley_tb_00548,0.9361948072910309,TB
mendeley_tb_00549,0.9309773147106171,TB
mendeley_tb_00550,0.9509049504995346,TB
mendeley_tb_00551,0.9609704613685608,TB
mendeley_tb_00552,0.9267902225255966,TB
mendeley_tb_00553,0.9462137669324875,TB
mendeley_tb_00554,0.8869532644748688,TB
mendeley_tb_00555,0.8582289963960648,TB
mendeley_tb_00556,0.9243141710758209,TB
mendeley_tb_00557,0.9262343049049377,TB
mendeley_tb_00558,0.9067091792821884,TB
mendeley_tb_00559,0.441134050488472,Normal
mendeley_tb_00560,0.7432340532541275,TB
mendeley_tb_00561,0.8698520958423615,TB
mendeley_tb_00562,0.912832111120224,TB
mendeley_tb_00563,0.23639638116583228,Normal
mendeley_tb_00564,0.5180304327514023,TB
mendeley_tb_00565,0.830590233206749,TB
mendeley_tb_00566,0.8744191974401474,TB
mendeley_tb_00567,0.6003876328468323,TB
mendeley_tb_00568,0.9544383585453033,TB
mendeley_tb_00569,0.9087535738945007,TB
mendeley_tb_00570,0.9482943266630173,TB
mendeley_tb_00571,0.6965289376676083,TB
mendeley_tb_00572,0.9298944026231766,TB
mendeley_tb_00573,0.7013081312179565,TB
mendeley_tb_00574,0.9244537055492401,TB
mendeley_tb_00575,0.9492374509572983,TB
mendeley_tb_00576,0.899696558713913,TB
mendeley_tb_00577,0.909640371799469,TB
mendeley_tb_00578,0.9237382411956787,TB
mendeley_tb_00579,0.9199126958847046,TB
mendeley_tb_00580,0.9458082914352417,TB
mendeley_tb_00581,0.40507980063557625,Normal
mendeley_tb_00582,0.2854084996506572,Normal
mendeley_tb_00583,0.3911988358013332,Normal
mendeley_tb_00584,0.9002784341573715,TB
mendeley_tb_00585,0.9548163712024689,TB
mendeley_tb_00586,0.9360409379005432,TB
mendeley_tb_00587,0.9444442093372345,TB
mendeley_tb_00588,0.9451525062322617,TB
mendeley_tb_00589,0.8684661388397217,TB
mendeley_tb_00590,0.9489870369434357,TB
mendeley_tb_00591,0.7345240712165833,TB
mendeley_tb_00592,0.8356280475854874,TB
mendeley_tb_00593,0.9525915533304214,TB
mendeley_tb_00594,0.9022010713815689,TB
mendeley_tb_00595,0.9521512389183044,TB
mendeley_tb_00596,0.641531229019165,TB
mendeley_tb_00597,0.8797762542963028,TB
mendeley_tb_00598,0.9381573647260666,TB
mendeley_tb_00599,0.9356827884912491,TB
mendeley_tb_00600,0.9170792400836945,TB
mendeley_tb_00601,0.9216366559267044,TB
mendeley_tb_00602,0.9574251025915146,TB
mendeley_tb_00603,0.879367008805275,TB
mendeley_tb_00604,0.8468285351991653,TB
mendeley_tb_00605,0.9401023387908936,TB
mendeley_tb_00606,0.4128129165619612,Normal
mendeley_tb_00607,0.6210412457585335,TB
mendeley_tb_00608,0.9334422200918198,TB
mendeley_tb_00609,0.9625098556280136,TB
mendeley_tb_00610,0.9426443725824356,TB
mendeley_tb_00611,0.33524992200545967,Normal
mendeley_tb_00612,0.9496510475873947,TB
mendeley_tb_00613,0.936775729060173,TB
mendeley_tb_00614,0.9291569590568542,TB
mendeley_tb_00615,0.9262094646692276,TB
mendeley_tb_00616,0.9294690191745758,TB
mendeley_tb_00617,0.9689180254936218,TB
mendeley_tb_00618,0.947956845164299,TB
mendeley_tb_00619,0.9583385735750198,TB
mendeley_tb_00620,0.9304670542478561,TB
mendeley_tb_00621,0.9648125916719437,TB
mendeley_tb_00622,0.9262075126171112,TB
mendeley_tb_00623,0.9237983822822571,TB
mendeley_tb_00624,0.9375620633363724,TB
mendeley_tb_00625,0.909237876534462,TB
mendeley_tb_00626,0.8169716149568558,TB
mendeley_tb_00627,0.9353406429290771,TB
mendeley_tb_00628,0.9439763873815536,TB
mendeley_tb_00629,0.9014846831560135,TB
mendeley_tb_00630,0.931182011961937,TB
mendeley_tb_00631,0.9641353040933609,TB
mendeley_tb_00632,0.8951317071914673,TB
mendeley_tb_00633,0.8917133659124374,TB
mendeley_tb_00634,0.946340337395668,TB
mendeley_tb_00635,0.7863838821649551,TB
mendeley_tb_00636,0.9399697035551071,TB
mendeley_tb_00637,0.9278021603822708,TB
mendeley_tb_00638,0.9373977184295654,TB
mendeley_tb_00639,0.9357844889163971,TB
mendeley_tb_00640,0.9340436607599258,TB
mendeley_tb_00641,0.8784331679344177,TB
mendeley_tb_00642,0.9355769008398056,TB
mendeley_tb_00643,0.8465082198381424,TB
mendeley_tb_00644,0.8403109163045883,TB
mendeley_tb_00645,0.9261558353900909,TB
mendeley_tb_00646,0.9392445832490921,TB
mendeley_tb_00647,0.8790666162967682,TB
mendeley_tb_00648,0.9438625574111938,TB
mendeley_tb_00649,0.938721552491188,TB
mendeley_tb_00650,0.9309961050748825,TB
mendeley_tb_00651,0.9332589358091354,TB
mendeley_tb_00652,0.9555115103721619,TB
mendeley_tb_00653,0.527603879570961,TB
mendeley_tb_00654,0.9161125123500824,TB
mendeley_tb_00655,0.906609520316124,TB
mendeley_tb_00656,0.6969254314899445,TB
mendeley_tb_00657,0.9242930561304092,TB
mendeley_tb_00658,0.5186970941722393,TB
mendeley_tb_00659,0.8722850233316422,TB
mendeley_tb_00660,0.940799817442894,TB
mendeley_tb_00661,0.9315142780542374,TB
mendeley_tb_00662,0.588787529617548,TB
mendeley_tb_00663,0.9244484603404999,TB
mendeley_tb_00664,0.9439938068389893,TB
mendeley_tb_00665,0.807748481631279,TB
mendeley_tb_00666,0.9289012998342514,TB
mendeley_tb_00667,0.9548450112342834,TB
mendeley_tb_00668,0.37488686107099056,Normal
mendeley_tb_00669,0.9459938853979111,TB
mendeley_tb_00670,0.6406557261943817,TB
mendeley_tb_00671,0.944110095500946,TB
mendeley_tb_00672,0.9336203634738922,TB
mendeley_tb_00673,0.9401190429925919,TB
mendeley_tb_00674,0.9279349893331528,TB
mendeley_tb_00675,0.9299870729446411,TB
mendeley_tb_00676,0.8680332154035568,TB
mendeley_tb_00677,0.9474302679300308,TB
mendeley_tb_00678,0.7411001473665237,TB
mendeley_tb_00679,0.9377348273992538,TB
mendeley_tb_00680,0.6269740089774132,TB
mendeley_tb_00681,0.924702987074852,TB
mendeley_tb_00682,0.8674494326114655,TB
mendeley_tb_00683,0.9515740275382996,TB
mendeley_tb_00684,0.9231803864240646,TB
mendeley_tb_00685,0.9384801685810089,TB
mendeley_tb_00686,0.8238614648580551,TB
mendeley_tb_00687,0.9518350660800934,TB
mendeley_tb_00688,0.927075058221817,TB
mendeley_tb_00689,0.9121269881725311,TB
mendeley_tb_00690,0.8870620429515839,TB
mendeley_tb_00691,0.8653093874454498,TB
mendeley_tb_00692,0.9130075871944427,TB
mendeley_tb_00693,0.5304373279213905,TB
mendeley_tb_00694,0.9245030879974365,TB
mendeley_tb_00695,0.9365666657686234,TB
mendeley_tb_00696,0.9399329423904419,TB
mendeley_tb_00697,0.9103032052516937,TB
mendeley_tb_00698,0.9441652446985245,TB
mendeley_tb_00699,0.9189781844615936,TB
mendeley_tb_00700,0.7727711945772171,TB
mendeley_tb_00701,0.9264728873968124,TB
mendeley_tb_00702,0.9032468348741531,TB
mendeley_tb_00703,0.873974621295929,TB
mendeley_tb_00704,0.8375395312905312,TB
mendeley_tb_00705,0.856503039598465,TB
mendeley_tb_00706,0.9385684579610825,TB
mendeley_tb_00707,0.9621150940656662,TB
mendeley_tb_00708,0.8897129893302917,TB
mendeley_tb_00709,0.953032061457634,TB
mendeley_tb_00710,0.4577444205060601,Normal
mendeley_tb_00711,0.6555884778499603,TB
mendeley_tb_00712,0.8894330710172653,TB
mendeley_tb_00713,0.9013331383466721,TB
mendeley_tb_00714,0.9462859332561493,TB
mendeley_tb_00715,0.2019699460361153,Normal
mendeley_tb_00716,0.0902795996516943,Normal
mendeley_tb_00717,0.6002763286232948,TB
mendeley_tb_00718,0.21449025254696608,Normal
mendeley_tb_00719,0.9384937882423401,TB
mendeley_tb_00720,0.950375959277153,TB
mendeley_tb_00721,0.9236328899860382,TB
mendeley_tb_00722,0.9088591188192368,TB
mendeley_tb_00723,0.9577438235282898,TB
mendeley_tb_00724,0.8494189083576202,TB
mendeley_tb_00725,0.9178571850061417,TB
mendeley_tb_00726,0.6396944969892502,TB
mendeley_tb_00727,0.8996502161026001,TB
mendeley_tb_00728,0.934528037905693,TB
mendeley_tb_00729,0.9433223903179169,TB
mendeley_tb_00730,0.9452097117900848,TB
mendeley_tb_00731,0.9400366246700287,TB
mendeley_tb_00732,0.6476712748408318,TB
mendeley_tb_00733,0.6792650520801544,TB
mendeley_tb_00734,0.9257665276527405,TB
mendeley_tb_00735,0.820496678352356,TB
mendeley_tb_00736,0.9366056621074677,TB
mendeley_tb_00737,0.9614545404911041,TB
mendeley_tb_00738,0.9319944977760315,TB
mendeley_tb_00739,0.9456584006547928,TB
mendeley_tb_00740,0.7147326841950417,TB
mendeley_tb_00741,0.9273829907178879,TB
mendeley_tb_00742,0.9378467947244644,TB
mendeley_tb_00743,0.9353213757276535,TB
mendeley_tb_00744,0.8932301551103592,TB
mendeley_tb_00745,0.9602399915456772,TB
mendeley_tb_00746,0.09169022226706147,Normal
mendeley_tb_00747,0.9320243299007416,TB
mendeley_tb_00748,0.8643011450767517,TB
mendeley_tb_00749,0.8703848123550415,TB
mendeley_tb_00750,0.9380981922149658,TB
mendeley_tb_00751,0.9375651776790619,TB
mendeley_tb_00752,0.9508692473173141,TB
mendeley_tb_00753,0.9629523605108261,TB
mendeley_tb_00754,0.9409182518720627,TB
mendeley_tb_00755,0.7523609399795532,TB
mendeley_tb_00756,0.9372930377721786,TB
mendeley_tb_00757,0.9467344135046005,TB
mendeley_tb_00758,0.9448284804821014,TB
mendeley_tb_00759,0.931769847869873,TB
mendeley_tb_00760,0.9371847063302994,TB
mendeley_tb_00761,0.9364487081766129,TB
mendeley_tb_00762,0.9478849470615387,TB
mendeley_tb_00763,0.9396196901798248,TB
mendeley_tb_00764,0.9569359868764877,TB
mendeley_tb_00765,0.9384350478649139,TB
mendeley_tb_00766,0.8848386108875275,TB
mendeley_tb_00767,0.8480373919010162,TB
mendeley_tb_00768,0.9441138952970505,TB
mendeley_tb_00769,0.9592167139053345,TB
mendeley_tb_00770,0.9250153750181198,TB
mendeley_tb_00771,0.9379701763391495,TB
mendeley_tb_00772,0.9429338574409485,TB
mendeley_tb_00773,0.8948318958282471,TB
mendeley_tb_00774,0.9192653596401215,TB
mendeley_tb_00775,0.9519569128751755,TB
mendeley_tb_00776,0.9381743967533112,TB
mendeley_tb_00777,0.5705282688140869,TB
mendeley_tb_00778,0.9472795724868774,TB
mendeley_tb_00779,0.9230524748563766,TB
mendeley_tb_00780,0.9440009742975235,TB
mendeley_tb_00781,0.8340917825698853,TB
mendeley_tb_00782,0.9406947791576385,TB
mendeley_tb_00783,0.8552751988172531,TB
mendeley_tb_00784,0.8777464479207993,TB
mendeley_tb_00785,0.9503126740455627,TB
mendeley_tb_00786,0.9693604409694672,TB
mendeley_tb_00787,0.9099941402673721,TB
mendeley_tb_00788,0.8720572739839554,TB
mendeley_tb_00789,0.5100511126220226,TB
mendeley_tb_00790,0.4737711735069752,Normal
mendeley_tb_00791,0.9452183246612549,TB
mendeley_tb_00792,0.9429995864629745,TB
mendeley_tb_00793,0.9608013927936554,TB
mendeley_tb_00794,0.9129432290792465,TB
mendeley_tb_00795,0.8907493203878403,TB
mendeley_tb_00796,0.9538760036230087,TB
mendeley_tb_00797,0.9398108273744583,TB
mendeley_tb_00798,0.960338220000267,TB
mendeley_tb_00799,0.9594321846961975,TB
mendeley_tb_00800,0.9430986046791077,TB
mendeley_tb_00801,0.9520845711231232,TB
mendeley_tb_00802,0.9170917719602585,TB
mendeley_tb_00803,0.9511149674654007,TB
mendeley_tb_00804,0.9620402753353119,TB
mendeley_tb_00805,0.9635310471057892,TB
mendeley_tb_00806,0.9590757489204407,TB
mendeley_tb_00807,0.7748434394598007,TB
mendeley_tb_00808,0.9706291854381561,TB
mendeley_tb_00809,0.9717725515365601,TB
mendeley_tb_00810,0.9498946815729141,TB
mendeley_tb_00811,0.9420511275529861,TB
mendeley_tb_00812,0.9564117789268494,TB
mendeley_tb_00813,0.9370179176330566,TB
mendeley_tb_00814,0.8614336103200912,TB
mendeley_tb_00815,0.9271547198295593,TB
mendeley_tb_00816,0.4822348188608885,Normal
mendeley_tb_00817,0.8753286004066467,TB
mendeley_tb_00818,0.9363851845264435,TB
mendeley_tb_00819,0.6386569887399673,TB
mendeley_tb_00820,0.6594556756317616,TB
mendeley_tb_00821,0.940786823630333,TB
mendeley_tb_00822,0.9466034322977066,TB
mendeley_tb_00823,0.4785882569849491,Normal
mendeley_tb_00824,0.7673764675855637,TB
mendeley_tb_00825,0.7542542815208435,TB
mendeley_tb_00826,0.9452908784151077,TB
mendeley_tb_00827,0.9104341119527817,TB
mendeley_tb_00828,0.9367289692163467,TB
mendeley_tb_00829,0.9329109787940979,TB
mendeley_tb_00830,0.9497880935668945,TB
mendeley_tb_00831,0.8924339264631271,TB
mendeley_tb_00832,0.8235202580690384,TB
mendeley_tb_00833,0.9572049081325531,TB
mendeley_tb_00834,0.9677314907312393,TB
mendeley_tb_00835,0.9426072239875793,TB
mendeley_tb_00836,0.7467472031712532,TB
mendeley_tb_00837,0.9470741897821426,TB
mendeley_tb_00838,0.8507846146821976,TB
mendeley_tb_00839,0.931612640619278,TB
mendeley_tb_00840,0.8955081701278687,TB
mendeley_tb_00841,0.9249574393033981,TB
mendeley_tb_00842,0.9369345009326935,TB
mendeley_tb_00843,0.902161255478859,TB
mendeley_tb_00844,0.9369054138660431,TB
mendeley_tb_00845,0.9217885732650757,TB
mendeley_tb_00846,0.9023113697767258,TB
mendeley_tb_00847,0.9175973236560822,TB
mendeley_tb_00848,0.9230266213417053,TB
mendeley_tb_00849,0.753478080034256,TB
mendeley_tb_00850,0.9532590955495834,TB
mendeley_tb_00851,0.829072505235672,TB
mendeley_tb_00852,0.9471359997987747,TB
mendeley_tb_00853,0.7840979695320129,TB
mendeley_tb_00854,0.8998243659734726,TB
mendeley_tb_00855,0.9304986745119095,TB
mendeley_tb_00856,0.8691606670618057,TB
mendeley_tb_00857,0.9237414002418518,TB
mendeley_tb_00858,0.8830033391714096,TB
mendeley_tb_00859,0.9403374493122101,TB
mendeley_tb_00860,0.9421691745519638,TB
mendeley_tb_00861,0.915858268737793,TB
mendeley_tb_00862,0.9550023525953293,TB
mendeley_tb_00863,0.9203194826841354,TB
mendeley_tb_00864,0.9316948503255844,TB
mendeley_tb_00865,0.7747132182121277,TB
mendeley_tb_00866,0.8797285705804825,TB
mendeley_tb_00867,0.9547771960496902,TB
mendeley_tb_00868,0.9704547077417374,TB
mendeley_tb_00869,0.8354299813508987,TB
mendeley_tb_00870,0.9504458904266357,TB
mendeley_tb_00871,0.6783465128391981,TB
mendeley_tb_00872,0.9444856494665146,TB
mendeley_tb_00873,0.9647769629955292,TB
mendeley_tb_00874,0.9328144639730453,TB
mendeley_tb_00875,0.8471898883581161,TB
mendeley_tb_00876,0.9491416066884995,TB
mendeley_tb_00877,0.8403749614953995,TB
mendeley_tb_00878,0.9240098297595978,TB
mendeley_tb_00879,0.8920649439096451,TB
mendeley_tb_00880,0.9506018757820129,TB
mendeley_tb_00881,0.9393700659275055,TB
mendeley_tb_00882,0.9379432797431946,TB
mendeley_tb_00883,0.9368348270654678,TB
mendeley_tb_00884,0.8756581842899323,TB
mendeley_tb_00885,0.9513191729784012,TB
mendeley_tb_00886,0.9210272133350372,TB
mendeley_tb_00887,0.9320272505283356,TB
mendeley_tb_00888,0.9246506541967392,TB
mendeley_tb_00889,0.2362669836729765,Normal
mendeley_tb_00890,0.8076357990503311,TB
mendeley_tb_00891,0.9353268146514893,TB
mendeley_tb_00892,0.9427902102470398,TB
mendeley_tb_00893,0.9450125396251678,TB
mendeley_tb_00894,0.9207704663276672,TB
mendeley_tb_00895,0.9564679861068726,TB
mendeley_tb_00896,0.8908224403858185,TB
mendeley_tb_00897,0.9293747246265411,TB
mendeley_tb_00898,0.3212978499941528,Normal
mendeley_tb_00899,0.9038856327533722,TB
mendeley_tb_00900,0.24766088090837002,Normal
mendeley_tb_00901,0.7203375399112701,TB
mendeley_tb_00902,0.9643871784210205,TB
mendeley_tb_00903,0.05939239403232932,Normal
mendeley_tb_00904,0.8039747923612595,TB
mendeley_tb_00905,0.9150430560112,TB
mendeley_tb_00906,0.4585521202534437,Normal
mendeley_tb_00907,0.9492438584566116,TB
mendeley_tb_00908,0.892573744058609,TB
mendeley_tb_00909,0.86673803627491,TB
mendeley_tb_00910,0.9178609251976013,TB
mendeley_tb_00911,0.8999537974596024,TB
mendeley_tb_00912,0.930809810757637,TB
mendeley_tb_00913,0.941457137465477,TB
mendeley_tb_00914,0.9546507894992828,TB
mendeley_tb_00915,0.9360690265893936,TB
mendeley_tb_00916,0.9023082256317139,TB
mendeley_tb_00917,0.9354033917188644,TB
mendeley_tb_00918,0.9544385969638824,TB
mendeley_tb_00919,0.9624062925577164,TB
mendeley_tb_00920,0.9538336396217346,TB
mendeley_tb_00921,0.9082277566194534,TB
mendeley_tb_00922,0.8758504241704941,TB
mendeley_tb_00923,0.7897908240556717,TB
mendeley_tb_00924,0.9448333829641342,TB
mendeley_tb_00925,0.9649725407361984,TB
mendeley_tb_00926,0.9195095300674438,TB
mendeley_tb_00927,0.8646682500839233,TB
mendeley_tb_00928,0.9029474705457687,TB
mendeley_tb_00929,0.8883224427700043,TB
mendeley_tb_00930,0.84705750644207,TB
mendeley_tb_00931,0.8950986564159393,TB
mendeley_tb_00932,0.8929931074380875,TB
mendeley_tb_00933,0.9204687178134918,TB
mendeley_tb_00934,0.9297753274440765,TB
mendeley_tb_00935,0.23188759246841073,Normal
mendeley_tb_00936,0.6046102270483971,TB
mendeley_tb_00937,0.8894177377223969,TB
mendeley_tb_00938,0.8113976269960403,TB
mendeley_tb_00939,0.9266427755355835,TB
mendeley_tb_00940,0.9610513746738434,TB
mendeley_tb_00941,0.9237009286880493,TB
mendeley_tb_00942,0.8133146166801453,TB
mendeley_tb_00943,0.8803658187389374,TB
mendeley_tb_00944,0.9551701247692108,TB
mendeley_tb_00945,0.9686459302902222,TB
mendeley_tb_00946,0.9501735866069794,TB
mendeley_tb_00947,0.939039021730423,TB
mendeley_tb_00948,0.9362603425979614,TB
mendeley_tb_00949,0.9392514079809189,TB
mendeley_tb_00950,0.9596144109964371,TB
mendeley_tb_00951,0.5835759937763214,TB
mendeley_tb_00952,0.898061066865921,TB
mendeley_tb_00953,0.687076173722744,TB
mendeley_tb_00954,0.4259763937443495,Normal
mendeley_tb_00955,0.5130893215537071,TB
mendeley_tb_00956,0.8201066851615906,TB
mendeley_tb_00957,0.8995168209075928,TB
mendeley_tb_00958,0.9479729384183884,TB
mendeley_tb_00959,0.9447192847728729,TB
mendeley_tb_00960,0.9392878860235214,TB
mendeley_tb_00961,0.9233054369688034,TB
mendeley_tb_00962,0.9232269376516342,TB
mendeley_tb_00963,0.7386444509029388,TB
mendeley_tb_00964,0.856431856751442,TB
mendeley_tb_00965,0.9346418678760529,TB
mendeley_tb_00966,0.9573610723018646,TB
mendeley_tb_00967,0.9314369410276413,TB
mendeley_tb_00968,0.9049217104911804,TB
mendeley_tb_00969,0.9330997914075851,TB
mendeley_tb_00970,0.9572584629058838,TB
mendeley_tb_00971,0.06261925818398595,Normal
mendeley_tb_00972,0.8775223344564438,TB
mendeley_tb_00973,0.8568724095821381,TB
mendeley_tb_00974,0.9642136842012405,TB
mendeley_tb_00975,0.9088623225688934,TB
mendeley_tb_00976,0.922467902302742,TB
mendeley_tb_00977,0.9483084082603455,TB
mendeley_tb_00978,0.8925195187330246,TB
mendeley_tb_00979,0.9145469218492508,TB
mendeley_tb_00980,0.5889076367020607,TB
mendeley_tb_00981,0.9042979031801224,TB
mendeley_tb_00982,0.9368718713521957,TB
mendeley_tb_00983,0.8634103536605835,TB
mendeley_tb_00984,0.8184636980295181,TB
mendeley_tb_00985,0.9455067068338394,TB
mendeley_tb_00986,0.8110051900148392,TB
mendeley_tb_00987,0.9390258938074112,TB
mendeley_tb_00988,0.5730913579463959,TB
mendeley_tb_00989,0.9506149888038635,TB
mendeley_tb_00990,0.8324896544218063,TB
mendeley_tb_00991,0.9504284709692001,TB
mendeley_tb_00992,0.2619958471041173,Normal
mendeley_tb_00993,0.8578159958124161,TB
mendeley_tb_00994,0.8620528876781464,TB
mendeley_tb_00995,0.9239987134933472,TB
mendeley_tb_00996,0.9258910417556763,TB
mendeley_tb_00997,0.9121042937040329,TB
mendeley_tb_00998,0.9558208286762238,TB
mendeley_tb_00999,0.9197592735290527,TB
mendeley_tb_01000,0.9404365867376328,TB
mendeley_tb_01001,0.9244928061962128,TB
mendeley_tb_01002,0.9361696690320969,TB
mendeley_tb_01003,0.9522833675146103,TB
mendeley_tb_01004,0.9482013434171677,TB
mendeley_tb_01005,0.9249426871538162,TB
mendeley_tb_01006,0.9434160888195038,TB
mendeley_tb_01007,0.9322178959846497,TB
mendeley_tb_01008,0.9583115428686142,TB
mendeley_tb_01009,0.7521242499351501,TB
mendeley_tb_01010,0.9545435905456543,TB
mendeley_tb_01011,0.9552566260099411,TB
mendeley_tb_01012,0.9387576580047607,TB
mendeley_tb_01013,0.45157788321375847,Normal
mendeley_tb_01014,0.9570502489805222,TB
mendeley_tb_01015,0.9565011262893677,TB
mendeley_tb_01016,0.9350927770137787,TB
mendeley_tb_01017,0.9026779681444168,TB
mendeley_tb_01018,0.8969337046146393,TB
mendeley_tb_01019,0.9399197548627853,TB
mendeley_tb_01020,0.9233749657869339,TB
mendeley_tb_01021,0.4316579019650817,Normal
mendeley_tb_01022,0.9233122617006302,TB
mendeley_tb_01023,0.4858853816986084,Normal
mendeley_tb_01024,0.9060731828212738,TB
mendeley_tb_01025,0.9575497210025787,TB
mendeley_tb_01026,0.9299567341804504,TB
mendeley_tb_01027,0.846406564116478,TB
mendeley_tb_01028,0.6080327406525612,TB
mendeley_tb_01029,0.6121517717838287,TB
mendeley_tb_01030,0.9588926881551743,TB
mendeley_tb_01031,0.9166576415300369,TB
mendeley_tb_01032,0.9116097092628479,TB
mendeley_tb_01033,0.9228853732347488,TB
mendeley_tb_01034,0.9420118033885956,TB
mendeley_tb_01035,0.6964477300643921,TB
mendeley_tb_01036,0.5961479828692973,TB
mendeley_tb_01037,0.8762969970703125,TB
mendeley_tb_01038,0.6996427513659,TB
mendeley_tb_01039,0.5904642641544342,TB
mendeley_tb_01040,0.5009421668946743,TB
mendeley_tb_01041,0.9281195104122162,TB
mendeley_tb_01042,0.9251135587692261,TB
mendeley_tb_01043,0.9482743591070175,TB
mendeley_tb_01044,0.890142634510994,TB
mendeley_tb_01045,0.7554858326911926,TB
mendeley_tb_01046,0.9523227363824844,TB
mendeley_tb_01047,0.9495210498571396,TB
mendeley_tb_01048,0.9164523035287857,TB
mendeley_tb_01049,0.9497954249382019,TB
mendeley_tb_01050,0.9440121054649353,TB
mendeley_tb_01051,0.9129720330238342,TB
mendeley_tb_01052,0.9234160035848618,TB
mendeley_tb_01053,0.9440589100122452,TB
mendeley_tb_01054,0.9348665624856949,TB
mendeley_tb_01055,0.9610771238803864,TB
mendeley_tb_01056,0.9083002060651779,TB
mendeley_tb_01057,0.4123349227011204,Normal
mendeley_tb_01058,0.9438778609037399,TB
mendeley_tb_01059,0.9176390469074249,TB
mendeley_tb_01060,0.9459126889705658,TB
mendeley_tb_01061,0.9538576602935791,TB
mendeley_tb_01062,0.934236004948616,TB
mendeley_tb_01063,0.962420716881752,TB
mendeley_tb_01064,0.9597628563642502,TB
mendeley_tb_01065,0.9456509947776794,TB
mendeley_tb_01066,0.9338055551052094,TB
mendeley_tb_01067,0.9143761992454529,TB
mendeley_tb_01068,0.5313787721097469,TB
mendeley_tb_01069,0.9364419132471085,TB
mendeley_tb_01070,0.8715629428625107,TB
mendeley_tb_01071,0.9515388458967209,TB
mendeley_tb_01072,0.9580500572919846,TB
mendeley_tb_01073,0.27650506142526865,Normal
mendeley_tb_01074,0.9687025547027588,TB
mendeley_tb_01075,0.9251997470855713,TB
mendeley_tb_01076,0.930619552731514,TB
mendeley_tb_01077,0.7578218951821327,TB
mendeley_tb_01078,0.862854465842247,TB
mendeley_tb_01079,0.9334996938705444,TB
mendeley_tb_01080,0.7679382115602493,TB
mendeley_tb_01081,0.8691762685775757,TB
mendeley_tb_01082,0.9537831544876099,TB
mendeley_tb_01083,0.923846110701561,TB
mendeley_tb_01084,0.920799046754837,TB
mendeley_tb_01085,0.9076021462678909,TB
mendeley_tb_01086,0.8416644781827927,TB
mendeley_tb_01087,0.9387005418539047,TB
mendeley_tb_01088,0.9435196369886398,TB
mendeley_tb_01089,0.8964335322380066,TB
mendeley_tb_01090,0.7805577665567398,TB
mendeley_tb_01091,0.7291276454925537,TB
mendeley_tb_01092,0.8067073971033096,TB
mendeley_tb_01093,0.8516740649938583,TB
mendeley_tb_01094,0.9150505214929581,TB
mendeley_tb_01095,0.9585813283920288,TB
mendeley_tb_01096,0.9546434730291367,TB
mendeley_tb_01097,0.9467094093561172,TB
mendeley_tb_01098,0.2591591104865074,Normal
mendeley_tb_01099,0.9536482989788055,TB
mendeley_tb_01100,0.9169388264417648,TB
mendeley_tb_01101,0.951331302523613,TB
mendeley_tb_01102,0.8485803306102753,TB
mendeley_tb_01103,0.9076068550348282,TB
mendeley_tb_01104,0.9646540582180023,TB
mendeley_tb_01105,0.9158910810947418,TB
mendeley_tb_01106,0.9301172494888306,TB
mendeley_tb_01107,0.9476365149021149,TB
mendeley_tb_01108,0.949707880616188,TB
mendeley_tb_01109,0.9179084748029709,TB
mendeley_tb_01110,0.9437283724546432,TB
mendeley_tb_01111,0.931945189833641,TB
mendeley_tb_01112,0.6356111168861389,TB
mendeley_tb_01113,0.9266519546508789,TB
mendeley_tb_01114,0.9330961406230927,TB
mendeley_tb_01115,0.9477766007184982,TB
mendeley_tb_01116,0.9504425972700119,TB
mendeley_tb_01117,0.9556577205657959,TB
mendeley_tb_01118,0.885809451341629,TB
mendeley_tb_01119,0.9317582249641418,TB
mendeley_tb_01120,0.9414090216159821,TB
mendeley_tb_01121,0.8194415867328644,TB
mendeley_tb_01122,0.7444619983434677,TB
mendeley_tb_01123,0.6831835359334946,TB
mendeley_tb_01124,0.7231943532824516,TB
mendeley_tb_01125,0.9611748903989792,TB
mendeley_tb_01126,0.9123194366693497,TB
mendeley_tb_01127,0.7387693673372269,TB
mendeley_tb_01128,0.9245032519102097,TB
mendeley_tb_01129,0.5806537568569183,TB
mendeley_tb_01130,0.6279500797390938,TB
mendeley_tb_01131,0.937590092420578,TB
mendeley_tb_01132,0.9410538226366043,TB
mendeley_tb_01133,0.9536793828010559,TB
mendeley_tb_01134,0.9544878751039505,TB
mendeley_tb_01135,0.7861725017428398,TB
mendeley_tb_01136,0.9452999234199524,TB
mendeley_tb_01137,0.9019048511981964,TB
mendeley_tb_01138,0.9349540621042252,TB
mendeley_tb_01139,0.7938910573720932,TB
mendeley_tb_01140,0.939248189330101,TB
mendeley_tb_01141,0.9392370581626892,TB
mendeley_tb_01142,0.9249874800443649,TB
mendeley_tb_01143,0.9224493205547333,TB
mendeley_tb_01144,0.9234612286090851,TB
mendeley_tb_01145,0.7968256920576096,TB
mendeley_tb_01146,0.8852469623088837,TB
mendeley_tb_01147,0.6101820766925812,TB
mendeley_tb_01148,0.9368448257446289,TB
mendeley_tb_01149,0.9324624091386795,TB
mendeley_tb_01150,0.9400274753570557,TB
mendeley_tb_01151,0.9063920229673386,TB
mendeley_tb_01152,0.8723852336406708,TB
mendeley_tb_01153,0.7852979451417923,TB
mendeley_tb_01154,0.9254382848739624,TB
mendeley_tb_01155,0.8501052260398865,TB
mendeley_tb_01156,0.9457549154758453,TB
mendeley_tb_01157,0.9583159685134888,TB
mendeley_tb_01158,0.9412745982408524,TB
mendeley_tb_01159,0.9214452505111694,TB
mendeley_tb_01160,0.7172680571675301,TB
mendeley_tb_01161,0.6695680618286133,TB
mendeley_tb_01162,0.9298104643821716,TB
mendeley_tb_01163,0.9482865631580353,TB
mendeley_tb_01164,0.8509171605110168,TB
mendeley_tb_01165,0.9484782516956329,TB
mendeley_tb_01166,0.9212465733289719,TB
mendeley_tb_01167,0.9223496615886688,TB
mendeley_tb_01168,0.9116562753915787,TB
mendeley_tb_01169,0.9149797260761261,TB
mendeley_tb_01170,0.9563730955123901,TB
mendeley_tb_01171,0.9535001963376999,TB
mendeley_tb_01172,0.9303108602762222,TB
mendeley_tb_01173,0.6408627033233643,TB
mendeley_tb_01174,0.9173507988452911,TB
mendeley_tb_01175,0.8851776272058487,TB
mendeley_tb_01176,0.9277697801589966,TB
mendeley_tb_01177,0.9118774682283401,TB
mendeley_tb_01178,0.9585385620594025,TB
mendeley_tb_01179,0.9374929666519165,TB
mendeley_tb_01180,0.9636199325323105,TB
mendeley_tb_01181,0.48004450649023056,Normal
mendeley_tb_01182,0.9698779284954071,TB
mendeley_tb_01183,0.8967486917972565,TB
mendeley_tb_01184,0.45559511333703995,Normal
mendeley_tb_01185,0.9386209100484848,TB
mendeley_tb_01186,0.6193766593933105,TB
mendeley_tb_01187,0.8728135228157043,TB
mendeley_tb_01188,0.8733752220869064,TB
mendeley_tb_01189,0.47006775438785553,Normal
mendeley_tb_01190,0.9213128685951233,TB
mendeley_tb_01191,0.9347987473011017,TB
mendeley_tb_01192,0.9417064636945724,TB
mendeley_tb_01193,0.9483451098203659,TB
mendeley_tb_01194,0.47460373491048813,Normal
mendeley_tb_01195,0.6248819530010223,TB
mendeley_tb_01196,0.9286775290966034,TB
mendeley_tb_01197,0.9404792189598083,TB
mendeley_tb_01198,0.9318134784698486,TB
mendeley_tb_01199,0.5038105417042971,TB
mendeley_tb_01200,0.9483518153429031,TB
mendeley_tb_01201,0.8869336694478989,TB
mendeley_tb_01202,0.8642313480377197,TB
mendeley_tb_01203,0.867259219288826,TB
mendeley_tb_01204,0.9012663513422012,TB
mendeley_tb_01205,0.9635254144668579,TB
mendeley_tb_01206,0.9198229014873505,TB
mendeley_tb_01207,0.9428932368755341,TB
mendeley_tb_01208,0.9173822551965714,TB
mendeley_tb_01209,0.9230118989944458,TB
mendeley_tb_01210,0.9002706855535507,TB
mendeley_tb_01211,0.9114287197589874,TB
mendeley_tb_01212,0.912857785820961,TB
mendeley_tb_01213,0.9378900080919266,TB
mendeley_tb_01214,0.8973065614700317,TB
mendeley_tb_01215,0.6938575729727745,TB
mendeley_tb_01216,0.7707013338804245,TB
mendeley_tb_01217,0.9631281048059464,TB
mendeley_tb_01218,0.9091937243938446,TB
mendeley_tb_01219,0.9488620907068253,TB
mendeley_tb_01220,0.9095360338687897,TB
mendeley_tb_01221,0.9117735028266907,TB
mendeley_tb_01222,0.958576112985611,TB
mendeley_tb_01223,0.6717488393187523,TB
mendeley_tb_01224,0.9088462293148041,TB
mendeley_tb_01225,0.9227043092250824,TB
mendeley_tb_01226,0.9483616203069687,TB
mendeley_tb_01227,0.9365819245576859,TB
mendeley_tb_01228,0.9496114104986191,TB
mendeley_tb_01229,0.947586178779602,TB
mendeley_tb_01230,0.91643126308918,TB
mendeley_tb_01231,0.9022203683853149,TB
mendeley_tb_01232,0.9094025790691376,TB
mendeley_tb_01233,0.9580907821655273,TB
mendeley_tb_01234,0.9397992640733719,TB
mendeley_tb_01235,0.9204533845186234,TB
mendeley_tb_01236,0.7870796024799347,TB
mendeley_tb_01237,0.9144119471311569,TB
mendeley_tb_01238,0.4649039637297392,Normal
mendeley_tb_01239,0.8929753303527832,TB
mendeley_tb_01240,0.9237198680639267,TB
mendeley_tb_01241,0.9414906650781631,TB
mendeley_tb_01242,0.9118638783693314,TB
mendeley_tb_01243,0.7037024050951004,TB
mendeley_tb_01244,0.9056854248046875,TB
mendeley_tb_01245,0.7592809423804283,TB
mendeley_tb_01246,0.9218520075082779,TB
mendeley_tb_01247,0.9065276384353638,TB
mendeley_tb_01248,0.40476095769554377,Normal
mendeley_tb_01249,0.9557550847530365,TB
mendeley_tb_01250,0.7099369764328003,TB
mendeley_tb_01251,0.9239105731248856,TB
mendeley_tb_01252,0.9347246140241623,TB
mendeley_tb_01253,0.8814916014671326,TB
mendeley_tb_01254,0.9271185547113419,TB
mendeley_tb_01255,0.6821878552436829,TB
mendeley_tb_01256,0.9400476068258286,TB
mendeley_tb_01257,0.9419896453619003,TB
mendeley_tb_01258,0.9393628984689713,TB
mendeley_tb_01259,0.9056634455919266,TB
mendeley_tb_01260,0.9027921557426453,TB
mendeley_tb_01261,0.9345250725746155,TB
mendeley_tb_01262,0.9219863414764404,TB
mendeley_tb_01263,0.8051349818706512,TB
mendeley_tb_01264,0.9409472346305847,TB
mendeley_tb_01265,0.9014124274253845,TB
mendeley_tb_01266,0.9444516599178314,TB
mendeley_tb_01267,0.9352938830852509,TB
mendeley_tb_01268,0.93551205098629,TB
mendeley_tb_01269,0.9288891702890396,TB
mendeley_tb_01270,0.938175305724144,TB
mendeley_tb_01271,0.9459235072135925,TB
mendeley_tb_01272,0.9275379925966263,TB
mendeley_tb_01273,0.9193704724311829,TB
mendeley_tb_01274,0.9616764783859253,TB
mendeley_tb_01275,0.9410848021507263,TB
mendeley_tb_01276,0.810094952583313,TB
mendeley_tb_01277,0.8129774034023285,TB
mendeley_tb_01278,0.9308659583330154,TB
mendeley_tb_01279,0.9559352695941925,TB
mendeley_tb_01280,0.8810283839702606,TB
mendeley_tb_01281,0.9433512687683105,TB
mendeley_tb_01282,0.9341614842414856,TB
mendeley_tb_01283,0.8735532909631729,TB
mendeley_tb_01284,0.6372388452291489,TB
mendeley_tb_01285,0.7679608315229416,TB
mendeley_tb_01286,0.9521597027778625,TB
mendeley_tb_01287,0.9094417989253998,TB
mendeley_tb_01288,0.9433250278234482,TB
mendeley_tb_01289,0.8921799808740616,TB
mendeley_tb_01290,0.9423138648271561,TB
mendeley_tb_01291,0.960018202662468,TB
mendeley_tb_01292,0.7079409509897232,TB
mendeley_tb_01293,0.2574913874268532,Normal
mendeley_tb_01294,0.4207911901175976,Normal
mendeley_tb_01295,0.2529913317412138,Normal
mendeley_tb_01296,0.9262061417102814,TB
mendeley_tb_01297,0.9369605481624603,TB
mendeley_tb_01298,0.9478044509887695,TB
mendeley_tb_01299,0.5425822688266635,TB
mendeley_tb_01300,0.9464642107486725,TB
mendeley_tb_01301,0.9276519864797592,TB
mendeley_tb_01302,0.46265270188450813,Normal
mendeley_tb_01303,0.9383942633867264,TB
mendeley_tb_01304,0.9436705261468887,TB
mendeley_tb_01305,0.9366254955530167,TB
mendeley_tb_01306,0.9149246960878372,TB
mendeley_tb_01307,0.683727815747261,TB
mendeley_tb_01308,0.8948589265346527,TB
mendeley_tb_01309,0.9103780537843704,TB
mendeley_tb_01310,0.9283718019723892,TB
mendeley_tb_01311,0.9071366339921951,TB
mendeley_tb_01312,0.9641466587781906,TB
mendeley_tb_01313,0.9599572569131851,TB
mendeley_tb_01314,0.932494506239891,TB
mendeley_tb_01315,0.9032425731420517,TB
mendeley_tb_01316,0.9141139984130859,TB
mendeley_tb_01317,0.9165747910737991,TB
mendeley_tb_01318,0.9522236287593842,TB
mendeley_tb_01319,0.9205031543970108,TB
mendeley_tb_01320,0.9451513737440109,TB
mendeley_tb_01321,0.9370201528072357,TB
mendeley_tb_01322,0.6520896404981613,TB
mendeley_tb_01323,0.9668893218040466,TB
mendeley_tb_01324,0.9590147435665131,TB
mendeley_tb_01325,0.7973840087652206,TB
mendeley_tb_01326,0.8851403295993805,TB
mendeley_tb_01327,0.9164044559001923,TB
mendeley_tb_01328,0.9034616500139236,TB
mendeley_tb_01329,0.8551567196846008,TB
mendeley_tb_01330,0.9329934865236282,TB
mendeley_tb_01331,0.9593223035335541,TB
mendeley_tb_01332,0.9438364505767822,TB
mendeley_tb_01333,0.8566905707120895,TB
mendeley_tb_01334,0.9211398065090179,TB
mendeley_tb_01335,0.8511377424001694,TB
mendeley_tb_01336,0.9511695802211761,TB
mendeley_tb_01337,0.9462674856185913,TB
mendeley_tb_01338,0.9343771487474442,TB
mendeley_tb_01339,0.902202695608139,TB
mendeley_tb_01340,0.926670029759407,TB
mendeley_tb_01341,0.86042819917202,TB
mendeley_tb_01342,0.9431253373622894,TB
mendeley_tb_01343,0.9040115028619766,TB
mendeley_tb_01344,0.9433477520942688,TB
mendeley_tb_01345,0.932413324713707,TB
mendeley_tb_01346,0.9143095016479492,TB
mendeley_tb_01347,0.9422410875558853,TB
mendeley_tb_01348,0.9065491110086441,TB
mendeley_tb_01349,0.8867050111293793,TB
mendeley_tb_01350,0.951548844575882,TB
mendeley_tb_01351,0.9494482576847076,TB
mendeley_tb_01352,0.5836103782057762,TB
mendeley_tb_01353,0.9284007996320724,TB
mendeley_tb_01354,0.9157782047986984,TB
mendeley_tb_01355,0.9217426627874374,TB
mendeley_tb_01356,0.9247944205999374,TB
mendeley_tb_01357,0.8920496851205826,TB
mendeley_tb_01358,0.9438790529966354,TB
mendeley_tb_01359,0.8430466651916504,TB
mendeley_tb_01360,0.950270801782608,TB
mendeley_tb_01361,0.9328679740428925,TB
mendeley_tb_01362,0.918305441737175,TB
mendeley_tb_01363,0.875310942530632,TB
mendeley_tb_01364,0.9515322744846344,TB
mendeley_tb_01365,0.9501348286867142,TB
mendeley_tb_01366,0.9447792768478394,TB
mendeley_tb_01367,0.9476886093616486,TB
mendeley_tb_01368,0.9249720275402069,TB
mendeley_tb_01369,0.9584490805864334,TB
mendeley_tb_01370,0.2410234259441495,Normal
mendeley_tb_01371,0.8431347906589508,TB
mendeley_tb_01372,0.8381437659263611,TB
mendeley_tb_01373,0.8990483731031418,TB
mendeley_tb_01374,0.9580217450857162,TB
mendeley_tb_01375,0.952252596616745,TB
mendeley_tb_01376,0.9298319667577744,TB
mendeley_tb_01377,0.9203571826219559,TB
mendeley_tb_01378,0.940388485789299,TB
mendeley_tb_01379,0.6606869399547577,TB
mendeley_tb_01380,0.8370215743780136,TB
mendeley_tb_01381,0.8955774754285812,TB
mendeley_tb_01382,0.9275778830051422,TB
mendeley_tb_01383,0.7569576650857925,TB
mendeley_tb_01384,0.8919408768415451,TB
mendeley_tb_01385,0.9391637444496155,TB
mendeley_tb_01386,0.938184916973114,TB
mendeley_tb_01387,0.9714381247758865,TB
mendeley_tb_01388,0.959134504199028,TB
mendeley_tb_01389,0.779858261346817,TB
mendeley_tb_01390,0.700220376253128,TB
mendeley_tb_01391,0.9435812830924988,TB
mendeley_tb_01392,0.8758911192417145,TB
mendeley_tb_01393,0.9422121196985245,TB
mendeley_tb_01394,0.8996461778879166,TB
mendeley_tb_01395,0.928841307759285,TB
mendeley_tb_01396,0.9363667219877243,TB
mendeley_tb_01397,0.9560358673334122,TB
mendeley_tb_01398,0.9409849941730499,TB
mendeley_tb_01399,0.8065880537033081,TB
mendeley_tb_01400,0.9282754957675934,TB
mendeley_tb_01401,0.9293268769979477,TB
mendeley_tb_01402,0.9289201945066452,TB
mendeley_tb_01403,0.9319114834070206,TB
mendeley_tb_01404,0.6427691280841827,TB
mendeley_tb_01405,0.960389569401741,TB
mendeley_tb_01406,0.924569308757782,TB
mendeley_tb_01407,0.9259785115718842,TB
mendeley_tb_01408,0.9359900206327438,TB
mendeley_tb_01409,0.5158777311444283,TB
mendeley_tb_01410,0.8745030760765076,TB
mendeley_tb_01411,0.9493938237428665,TB
mendeley_tb_01412,0.8681455105543137,TB
mendeley_tb_01413,0.5548741319216788,TB
mendeley_tb_01414,0.969657763838768,TB
mendeley_tb_01415,0.6739260256290436,TB
mendeley_tb_01416,0.9289172142744064,TB
mendeley_tb_01417,0.9022950083017349,TB
mendeley_tb_01418,0.47685398533940315,Normal
mendeley_tb_01419,0.6029646815732121,TB
mendeley_tb_01420,0.502720445394516,TB
mendeley_tb_01421,0.9550523906946182,TB
mendeley_tb_01422,0.9382379651069641,TB
mendeley_tb_01423,0.9541982412338257,TB
mendeley_tb_01424,0.9472627341747284,TB
mendeley_tb_01425,0.9311421662569046,TB
mendeley_tb_01426,0.9452487826347351,TB
mendeley_tb_01427,0.953374519944191,TB
mendeley_tb_01428,0.745760127902031,TB
mendeley_tb_01429,0.9249869287014008,TB
mendeley_tb_01430,0.5682626739144325,TB
mendeley_tb_01431,0.9390248656272888,TB
mendeley_tb_01432,0.9256565421819687,TB
mendeley_tb_01433,0.8883700519800186,TB
mendeley_tb_01434,0.9534394145011902,TB
mendeley_tb_01435,0.7059782892465591,TB
mendeley_tb_01436,0.9349085241556168,TB
mendeley_tb_01437,0.9312718659639359,TB
mendeley_tb_01438,0.9012581557035446,TB
mendeley_tb_01439,0.9279005974531174,TB
mendeley_tb_01440,0.9165443778038025,TB
mendeley_tb_01441,0.902334451675415,TB
mendeley_tb_01442,0.9471128284931183,TB
mendeley_tb_01443,0.9219654500484467,TB
mendeley_tb_01444,0.9439466446638107,TB
mendeley_tb_01445,0.9241886734962463,TB
mendeley_tb_01446,0.9369273632764816,TB
mendeley_tb_01447,0.564248576760292,TB
mendeley_tb_01448,0.9629848003387451,TB
mendeley_tb_01449,0.943304106593132,TB
mendeley_tb_01450,0.8608847111463547,TB
mendeley_tb_01451,0.8501102179288864,TB
mendeley_tb_01452,0.9030024409294128,TB
mendeley_tb_01453,0.6754810363054276,TB
mendeley_tb_01454,0.8080394864082336,TB
mendeley_tb_01455,0.938733384013176,TB
mendeley_tb_01456,0.7966487258672714,TB
mendeley_tb_01457,0.9211736023426056,TB
mendeley_tb_01458,0.9369262009859085,TB
mendeley_tb_01459,0.941381186246872,TB
mendeley_tb_01460,0.9188142269849777,TB
mendeley_tb_01461,0.859698086977005,TB
mendeley_tb_01462,0.8202795386314392,TB
mendeley_tb_01463,0.9333446025848389,TB
mendeley_tb_01464,0.9248343855142593,TB
mendeley_tb_01465,0.9297655820846558,TB
mendeley_tb_01466,0.9064512252807617,TB
mendeley_tb_01467,0.9418709874153137,TB
mendeley_tb_01468,0.8265018463134766,TB
mendeley_tb_01469,0.9186615943908691,TB
mendeley_tb_01470,0.9382324665784836,TB
mendeley_tb_01471,0.9370971471071243,TB
mendeley_tb_01472,0.8965560346841812,TB
mendeley_tb_01473,0.9211084395647049,TB
mendeley_tb_01474,0.9293528348207474,TB
mendeley_tb_01475,0.9423620700836182,TB
mendeley_tb_01476,0.9370111376047134,TB
mendeley_tb_01477,0.9226778298616409,TB
mendeley_tb_01478,0.881337895989418,TB
mendeley_tb_01479,0.8973017334938049,TB
mendeley_tb_01480,0.9458520263433456,TB
mendeley_tb_01481,0.6488668397068977,TB
mendeley_tb_01482,0.8724494874477386,TB
mendeley_tb_01483,0.9376984089612961,TB
mendeley_tb_01484,0.9089972078800201,TB
mendeley_tb_01485,0.9506477564573288,TB
mendeley_tb_01486,0.8163569569587708,TB
mendeley_tb_01487,0.8565296679735184,TB
mendeley_tb_01488,0.8334949910640717,TB
mendeley_tb_01489,0.9128140211105347,TB
mendeley_tb_01490,0.7992356866598129,TB
mendeley_tb_01491,0.2586402101442218,Normal
mendeley_tb_01492,0.4395185261964798,Normal
mendeley_tb_01493,0.8916539549827576,TB
mendeley_tb_01494,0.9758389294147491,TB
mendeley_tb_01495,0.3219565753825009,Normal
mendeley_tb_01496,0.91135673224926,TB
mendeley_tb_01497,0.9270566999912262,TB
mendeley_tb_01498,0.0896593201905489,Normal
mendeley_tb_01499,0.2081662118434906,Normal
mendeley_tb_01500,0.9416802674531937,TB
mendeley_tb_01501,0.9131275564432144,TB
mendeley_tb_01502,0.9244517683982849,TB
mendeley_tb_01503,0.8249790668487549,TB
mendeley_tb_01504,0.9331926703453064,TB
mendeley_tb_01505,0.9335567653179169,TB
mendeley_tb_01506,0.9567626118659973,TB
mendeley_tb_01507,0.8252224624156952,TB
mendeley_tb_01508,0.9204001873731613,TB
mendeley_tb_01509,0.9358261227607727,TB
mendeley_tb_01510,0.9139164835214615,TB
mendeley_tb_01511,0.5513467360287905,TB
mendeley_tb_01512,0.9256331026554108,TB
mendeley_tb_01513,0.9372712820768356,TB
mendeley_tb_01514,0.50872359611094,TB
mendeley_tb_01515,0.8761409819126129,TB
mendeley_tb_01516,0.931065708398819,TB
mendeley_tb_01517,0.9330338835716248,TB
mendeley_tb_01518,0.8662137985229492,TB
mendeley_tb_01519,0.9359040707349777,TB
mendeley_tb_01520,0.4994233874604106,Normal
mendeley_tb_01521,0.9452704191207886,TB
mendeley_tb_01522,0.914102628827095,TB
mendeley_tb_01523,0.9205204099416733,TB
mendeley_tb_01524,0.9277287125587463,TB
mendeley_tb_01525,0.6040935069322586,TB
mendeley_tb_01526,0.9382593333721161,TB
mendeley_tb_01527,0.9560945928096771,TB
mendeley_tb_01528,0.9278795272111893,TB
mendeley_tb_01529,0.9017310291528702,TB
mendeley_tb_01530,0.9398600608110428,TB
mendeley_tb_01531,0.9486130326986313,TB
mendeley_tb_01532,0.8358297944068909,TB
mendeley_tb_01533,0.9265649318695068,TB
mendeley_tb_01534,0.8989256322383881,TB
mendeley_tb_01535,0.9351910054683685,TB
mendeley_tb_01536,0.18839288596063852,Normal
mendeley_tb_01537,0.5611975863575935,TB
mendeley_tb_01538,0.929816722869873,TB
mendeley_tb_01539,0.9434930682182312,TB
mendeley_tb_01540,0.9182227253913879,TB
mendeley_tb_01541,0.6228526309132576,TB
mendeley_tb_01542,0.6559168994426727,TB
mendeley_tb_01543,0.8906841725111008,TB
mendeley_tb_01544,0.9225253015756607,TB
mendeley_tb_01545,0.4132017679512501,Normal
mendeley_tb_01546,0.9660002440214157,TB
mendeley_tb_01547,0.9063712656497955,TB
mendeley_tb_01548,0.4137721620500088,Normal
mendeley_tb_01549,0.7268146723508835,TB
mendeley_tb_01550,0.8547330647706985,TB
mendeley_tb_01551,0.9213722050189972,TB
mendeley_tb_01552,0.9381612539291382,TB
mendeley_tb_01553,0.648125670850277,TB
mendeley_tb_01554,0.9362737238407135,TB
mendeley_tb_01555,0.9570020437240601,TB
mendeley_tb_01556,0.919772133231163,TB
mendeley_tb_01557,0.9331384003162384,TB
mendeley_tb_01558,0.8902759104967117,TB
mendeley_tb_01559,0.9385469406843185,TB
mendeley_tb_01560,0.2388884061947465,Normal
mendeley_tb_01561,0.9066216498613358,TB
mendeley_tb_01562,0.9196216315031052,TB
mendeley_tb_01563,0.9303581714630127,TB
mendeley_tb_01564,0.9557977765798569,TB
mendeley_tb_01565,0.9050652533769608,TB
mendeley_tb_01566,0.5821886509656906,TB
mendeley_tb_01567,0.9581589698791504,TB
mendeley_tb_01568,0.6021672338247299,TB
mendeley_tb_01569,0.913422167301178,TB
mendeley_tb_01570,0.774766132235527,TB
mendeley_tb_01571,0.9425627291202545,TB
mendeley_tb_01572,0.8192439526319504,TB
mendeley_tb_01573,0.49711596220731735,Normal
mendeley_tb_01574,0.9127195179462433,TB
mendeley_tb_01575,0.9235444664955139,TB
mendeley_tb_01576,0.8595133423805237,TB
mendeley_tb_01577,0.9449008107185364,TB
mendeley_tb_01578,0.8879131078720093,TB
mendeley_tb_01579,0.15465864911675453,Normal
mendeley_tb_01580,0.8456968069076538,TB
mendeley_tb_01581,0.47245831973850727,Normal
mendeley_tb_01582,0.9296088516712189,TB
mendeley_tb_01583,0.9433800429105759,TB
mendeley_tb_01584,0.9333490133285522,TB
mendeley_tb_01585,0.7767332047224045,TB
mendeley_tb_01586,0.6405816860496998,TB
mendeley_tb_01587,0.8733517080545425,TB
mendeley_tb_01588,0.9434564411640167,TB
mendeley_tb_01589,0.9573283195495605,TB
mendeley_tb_01590,0.7527685314416885,TB
mendeley_tb_01591,0.5279816756956279,TB
mendeley_tb_01592,0.9094328433275223,TB
mendeley_tb_01593,0.9313311725854874,TB
mendeley_tb_01594,0.9103028327226639,TB
mendeley_tb_01595,0.8982337117195129,TB
mendeley_tb_01596,0.944105252623558,TB
mendeley_tb_01597,0.4706608299165964,Normal
mendeley_tb_01598,0.5522231003269553,TB
mendeley_tb_01599,0.6655626744031906,TB
mendeley_tb_01600,0.9589453488588333,TB
mendeley_tb_01601,0.9209817200899124,TB
mendeley_tb_01602,0.93143630027771,TB
mendeley_tb_01603,0.6944019161164761,TB
mendeley_tb_01604,0.9546066075563431,TB
mendeley_tb_01605,0.644833005964756,TB
mendeley_tb_01606,0.9200705140829086,TB
mendeley_tb_01607,0.9088010787963867,TB
mendeley_tb_01608,0.9484213143587112,TB
mendeley_tb_01609,0.8278455436229706,TB
mendeley_tb_01610,0.7778606861829758,TB
mendeley_tb_01611,0.9476344734430313,TB
mendeley_tb_01612,0.8898791968822479,TB
mendeley_tb_01613,0.7432941272854805,TB
mendeley_tb_01614,0.8406862616539001,TB
mendeley_tb_01615,0.7965294271707535,TB
mendeley_tb_01616,0.9536018222570419,TB
mendeley_tb_01617,0.9683745801448822,TB
mendeley_tb_01618,0.871659517288208,TB
mendeley_tb_01619,0.9126538187265396,TB
mendeley_tb_01620,0.6420539747923613,TB
mendeley_tb_01621,0.9422707706689835,TB
mendeley_tb_01622,0.904864564538002,TB
mendeley_tb_01623,0.9394309669733047,TB
mendeley_tb_01624,0.8945770263671875,TB
mendeley_tb_01625,0.8511865437030792,TB
mendeley_tb_01626,0.9067998826503754,TB
mendeley_tb_01627,0.9318410456180573,TB
mendeley_tb_01628,0.9391528218984604,TB
mendeley_tb_01629,0.6590551435947418,TB
mendeley_tb_01630,0.9082443118095398,TB
mendeley_tb_01631,0.8897076845169067,TB
mendeley_tb_01632,0.7408924549818039,TB
mendeley_tb_01633,0.9378518462181091,TB
mendeley_tb_01634,0.9110595285892487,TB
mendeley_tb_01635,0.9478448033332825,TB
mendeley_tb_01636,0.836107149720192,TB
mendeley_tb_01637,0.8905806392431259,TB
mendeley_tb_01638,0.6931857913732529,TB
mendeley_tb_01639,0.8908227980136871,TB
mendeley_tb_01640,0.9341561645269394,TB
mendeley_tb_01641,0.6922418847680092,TB
mendeley_tb_01642,0.9444417059421539,TB
mendeley_tb_01643,0.9449144899845123,TB
mendeley_tb_01644,0.9405709803104401,TB
mendeley_tb_01645,0.715154729783535,TB
mendeley_tb_01646,0.9254432171583176,TB
mendeley_tb_01647,0.3689307626336813,Normal
mendeley_tb_01648,0.9437154829502106,TB
mendeley_tb_01649,0.6346339657902718,TB
mendeley_tb_01650,0.9455062001943588,TB
mendeley_tb_01651,0.9644519984722137,TB
mendeley_tb_01652,0.9097869098186493,TB
mendeley_tb_01653,0.7972316294908524,TB
mendeley_tb_01654,0.49034832417964935,Normal
mendeley_tb_01655,0.9391957521438599,TB
mendeley_tb_01656,0.44305509328842163,Normal
mendeley_tb_01657,0.9282820224761963,TB
mendeley_tb_01658,0.6108193472027779,TB
mendeley_tb_01659,0.9630903154611588,TB
mendeley_tb_01660,0.9269869476556778,TB
mendeley_tb_01661,0.940108135342598,TB
mendeley_tb_01662,0.8214570581912994,TB
mendeley_tb_01663,0.9236991703510284,TB
mendeley_tb_01664,0.7170160636305809,TB
mendeley_tb_01665,0.8112696707248688,TB
mendeley_tb_01666,0.9563330858945847,TB
mendeley_tb_01667,0.9387028366327286,TB
mendeley_tb_01668,0.8241543024778366,TB
mendeley_tb_01669,0.5047373734414577,TB
mendeley_tb_01670,0.8241344392299652,TB
mendeley_tb_01671,0.15544648468494415,Normal
mendeley_tb_01672,0.5010306742042303,TB
mendeley_tb_01673,0.9266842305660248,TB
mendeley_tb_01674,0.9266493916511536,TB
mendeley_tb_01675,0.9503973722457886,TB
mendeley_tb_01676,0.2625372882466763,Normal
mendeley_tb_01677,0.9095988571643829,TB
mendeley_tb_01678,0.6934741735458374,TB
mendeley_tb_01679,0.9136967808008194,TB
mendeley_tb_01680,0.8920866400003433,TB
mendeley_tb_01681,0.8645502179861069,TB
mendeley_tb_01682,0.9220593869686127,TB
mendeley_tb_01683,0.9312333315610886,TB
mendeley_tb_01684,0.9514382034540176,TB
mendeley_tb_01685,0.9211273044347763,TB
mendeley_tb_01686,0.917475089430809,TB
mendeley_tb_01687,0.9610632658004761,TB
mendeley_tb_01688,0.9348580986261368,TB
mendeley_tb_01689,0.9473123401403427,TB
mendeley_tb_01690,0.9410764276981354,TB
mendeley_tb_01691,0.952191948890686,TB
mendeley_tb_01692,0.8619306832551956,TB
mendeley_tb_01693,0.9239469915628433,TB
mendeley_tb_01694,0.9198601245880127,TB
mendeley_tb_01695,0.9397482722997665,TB
mendeley_tb_01696,0.9404135942459106,TB
mendeley_tb_01697,0.9579445272684097,TB
mendeley_tb_01698,0.5657853037118912,TB
mendeley_tb_01699,0.9143034815788269,TB
mendeley_tb_01700,0.8191869258880615,TB
mendeley_tb_01701,0.8938014507293701,TB
mendeley_tb_01702,0.9440170377492905,TB
mendeley_tb_01703,0.3931087292730808,Normal
mendeley_tb_01704,0.8621659278869629,TB
mendeley_tb_01705,0.9181836545467377,TB
mendeley_tb_01706,0.8327521532773972,TB
mendeley_tb_01707,0.9360204935073853,TB
mendeley_tb_01708,0.931089386343956,TB
mendeley_tb_01709,0.9273209869861603,TB
mendeley_tb_01710,0.9570343345403671,TB
mendeley_tb_01711,0.8892486095428467,TB
mendeley_tb_01712,0.9591884166002274,TB
mendeley_tb_01713,0.923306792974472,TB
mendeley_tb_01714,0.9522006660699844,TB
mendeley_tb_01715,0.9143870919942856,TB
mendeley_tb_01716,0.8824181258678436,TB
mendeley_tb_01717,0.9214959442615509,TB
mendeley_tb_01718,0.5926990360021591,TB
mendeley_tb_01719,0.5674983561038971,TB
mendeley_tb_01720,0.6319931577891111,TB
mendeley_tb_01721,0.9084851294755936,TB
mendeley_tb_01722,0.9560976922512054,TB
mendeley_tb_01723,0.9130982607603073,TB
mendeley_tb_01724,0.967770591378212,TB
mendeley_tb_01725,0.9669324308633804,TB
mendeley_tb_01726,0.8947116583585739,TB
mendeley_tb_01727,0.8616355657577515,TB
mendeley_tb_01728,0.8974542319774628,TB
mendeley_tb_01729,0.9365767538547516,TB
mendeley_tb_01730,0.9435481131076813,TB
mendeley_tb_01731,0.9515511989593506,TB
mendeley_tb_01732,0.5197677314281464,TB
mendeley_tb_01733,0.8808299601078033,TB
mendeley_tb_01734,0.8801610022783279,TB
mendeley_tb_01735,0.9495025873184204,TB
mendeley_tb_01736,0.956369012594223,TB
mendeley_tb_01737,0.864070788025856,TB
mendeley_tb_01738,0.9299720227718353,TB
mendeley_tb_01739,0.9344186931848526,TB
mendeley_tb_01740,0.9602379351854324,TB
mendeley_tb_01741,0.9689182490110397,TB
mendeley_tb_01742,0.9274015426635742,TB
mendeley_tb_01743,0.940329447388649,TB
mendeley_tb_01744,0.9506596326828003,TB
mendeley_tb_01745,0.41344246454536915,Normal
mendeley_tb_01746,0.8136841952800751,TB
mendeley_tb_01747,0.7980559021234512,TB
mendeley_tb_01748,0.9382432997226715,TB
mendeley_tb_01749,0.8957989513874054,TB
mendeley_tb_01750,0.4937170706689358,Normal
mendeley_tb_01751,0.94106625020504,TB
mendeley_tb_01752,0.956264466047287,TB
mendeley_tb_01753,0.8648085594177246,TB
mendeley_tb_01754,0.943840816617012,TB
mendeley_tb_01755,0.9397616982460022,TB
mendeley_tb_01756,0.9469364881515503,TB
mendeley_tb_01757,0.9598068594932556,TB
mendeley_tb_01758,0.9417604506015778,TB
mendeley_tb_01759,0.8502359986305237,TB
mendeley_tb_01760,0.6248179078102112,TB
mendeley_tb_01761,0.9361728578805923,TB
mendeley_tb_01762,0.8782192766666412,TB
mendeley_tb_01763,0.8672348111867905,TB
mendeley_tb_01764,0.8448699116706848,TB
mendeley_tb_01765,0.047022401820868254,Normal
mendeley_tb_01766,0.9318922758102417,TB
mendeley_tb_01767,0.8590317219495773,TB
mendeley_tb_01768,0.9351863861083984,TB
mendeley_tb_01769,0.9384337514638901,TB
mendeley_tb_01770,0.8366758674383163,TB
mendeley_tb_01771,0.9550034403800964,TB
mendeley_tb_01772,0.916141539812088,TB
mendeley_tb_01773,0.815861314535141,TB
mendeley_tb_01774,0.937678650021553,TB
mendeley_tb_01775,0.8527137786149979,TB
mendeley_tb_01776,0.925384446978569,TB
mendeley_tb_01777,0.9556244611740112,TB
mendeley_tb_01778,0.9468516558408737,TB
mendeley_tb_01779,0.9407268315553665,TB
mendeley_tb_01780,0.8464635461568832,TB
mendeley_tb_01781,0.9481508582830429,TB
mendeley_tb_01782,0.9603745639324188,TB
mendeley_tb_01783,0.9277499914169312,TB
mendeley_tb_01784,0.03780696215108037,Normal
mendeley_tb_01785,0.9521039575338364,TB
mendeley_tb_01786,0.7290826067328453,TB
mendeley_tb_01787,0.819428950548172,TB
mendeley_tb_01788,0.9573390036821365,TB
mendeley_tb_01789,0.9575059711933136,TB
mendeley_tb_01790,0.916999414563179,TB
mendeley_tb_01791,0.9230583757162094,TB
mendeley_tb_01792,0.9297203570604324,TB
mendeley_tb_01793,0.9046229124069214,TB
mendeley_tb_01794,0.9492204487323761,TB
mendeley_tb_01795,0.916122555732727,TB
mendeley_tb_01796,0.9063891619443893,TB
mendeley_tb_01797,0.6389768198132515,TB
mendeley_tb_01798,0.9133249223232269,TB
mendeley_tb_01799,0.8812792897224426,TB
mendeley_tb_01800,0.9393589794635773,TB
mendeley_tb_01801,0.9009289294481277,TB
mendeley_tb_01802,0.9633664488792419,TB
mendeley_tb_01803,0.8917774856090546,TB
mendeley_tb_01804,0.9134066551923752,TB
mendeley_tb_01805,0.5731728486716747,TB
mendeley_tb_01806,0.9553335160017014,TB
mendeley_tb_01807,0.4759781286120415,Normal
mendeley_tb_01808,0.8876584321260452,TB
mendeley_tb_01809,0.9441661685705185,TB
mendeley_tb_01810,0.9354369193315506,TB
mendeley_tb_01811,0.9200833886861801,TB
mendeley_tb_01812,0.9187384843826294,TB
mendeley_tb_01813,0.9595765769481659,TB
mendeley_tb_01814,0.9261710047721863,TB
mendeley_tb_01815,0.9386320561170578,TB
mendeley_tb_01816,0.9195758104324341,TB
mendeley_tb_01817,0.9347053170204163,TB
mendeley_tb_01818,0.9610117822885513,TB
mendeley_tb_01819,0.23892101645469666,Normal
mendeley_tb_01820,0.9135144799947739,TB
mendeley_tb_01821,0.93645279109478,TB
mendeley_tb_01822,0.9511238932609558,TB
mendeley_tb_01823,0.9164174944162369,TB
mendeley_tb_01824,0.8419467955827713,TB
mendeley_tb_01825,0.9624387323856354,TB
mendeley_tb_01826,0.9119282960891724,TB
mendeley_tb_01827,0.8698662370443344,TB
mendeley_tb_01828,0.8841886669397354,TB
mendeley_tb_01829,0.46070463582873344,Normal
mendeley_tb_01830,0.9089339226484299,TB
mendeley_tb_01831,0.899189218878746,TB
mendeley_tb_01832,0.9360918402671814,TB
mendeley_tb_01833,0.7928151041269302,TB
mendeley_tb_01834,0.9125245958566666,TB
mendeley_tb_01835,0.9145973771810532,TB
mendeley_tb_01836,0.8901561200618744,TB
mendeley_tb_01837,0.9443994611501694,TB
mendeley_tb_01838,0.9363485276699066,TB
mendeley_tb_01839,0.9518787413835526,TB
mendeley_tb_01840,0.9511734992265701,TB
mendeley_tb_01841,0.807009369134903,TB
mendeley_tb_01842,0.9556044638156891,TB
mendeley_tb_01843,0.9574684649705887,TB
mendeley_tb_01844,0.9633648693561554,TB
mendeley_tb_01845,0.9628661572933197,TB
mendeley_tb_01846,0.8733011782169342,TB
mendeley_tb_01847,0.9353963881731033,TB
mendeley_tb_01848,0.9393980950117111,TB
mendeley_tb_01849,0.9605465531349182,TB
mendeley_tb_01850,0.9221850335597992,TB
mendeley_tb_01851,0.4744955226778984,Normal
mendeley_tb_01852,0.9722380191087723,TB
mendeley_tb_01853,0.061903259716928005,Normal
mendeley_tb_01854,0.9638973474502563,TB
mendeley_tb_01855,0.9520954489707947,TB
mendeley_tb_01856,0.9554939419031143,TB
mendeley_tb_01857,0.9224961698055267,TB
mendeley_tb_01858,0.9306669384241104,TB
mendeley_tb_01859,0.9530031830072403,TB
mendeley_tb_01860,0.8742447942495346,TB
mendeley_tb_01861,0.8640092313289642,TB
mendeley_tb_01862,0.920132651925087,TB
mendeley_tb_01863,0.7749394327402115,TB
mendeley_tb_01864,0.9175742119550705,TB
mendeley_tb_01865,0.9365074187517166,TB
mendeley_tb_01866,0.9599274098873138,TB
mendeley_tb_01867,0.9062008112668991,TB
mendeley_tb_01868,0.9653370231389999,TB
mendeley_tb_01869,0.9258862286806107,TB
mendeley_tb_01870,0.9125266075134277,TB
mendeley_tb_01871,0.3150178249925375,Normal
mendeley_tb_01872,0.9079624116420746,TB
mendeley_tb_01873,0.8898711800575256,TB
mendeley_tb_01874,0.9574320018291473,TB
mendeley_tb_01875,0.9627103507518768,TB
mendeley_tb_01876,0.824794664978981,TB
mendeley_tb_01877,0.9445555508136749,TB
mendeley_tb_01878,0.9377224445343018,TB
mendeley_tb_01879,0.9452402740716934,TB
mendeley_tb_01880,0.8517381548881531,TB
mendeley_tb_01881,0.9290449172258377,TB
mendeley_tb_01882,0.942614272236824,TB
mendeley_tb_01883,0.9296814501285553,TB
mendeley_tb_01884,0.9238961040973663,TB
mendeley_tb_01885,0.9573567658662796,TB
mendeley_tb_01886,0.8751363158226013,TB
mendeley_tb_01887,0.39410998532548547,Normal
mendeley_tb_01888,0.9261776655912399,TB
mendeley_tb_01889,0.9489394873380661,TB
mendeley_tb_01890,0.9178946763277054,TB
mendeley_tb_01891,0.9307542741298676,TB
mendeley_tb_01892,0.9672138392925262,TB
mendeley_tb_01893,0.940084919333458,TB
mendeley_tb_01894,0.947587326169014,TB
mendeley_tb_01895,0.8154561221599579,TB
mendeley_tb_01896,0.9739767760038376,TB
mendeley_tb_01897,0.9447954297065735,TB
mendeley_tb_01898,0.9328581988811493,TB
mendeley_tb_01899,0.8944931328296661,TB
mendeley_tb_01900,0.9400824755430222,TB
mendeley_tb_01901,0.9603452086448669,TB
mendeley_tb_01902,0.6494828760623932,TB
mendeley_tb_01903,0.9383701980113983,TB
mendeley_tb_01904,0.9256952702999115,TB
mendeley_tb_01905,0.9468269497156143,TB
mendeley_tb_01906,0.9515622705221176,TB
mendeley_tb_01907,0.8799767792224884,TB
mendeley_tb_01908,0.938367947936058,TB
mendeley_tb_01909,0.9514861702919006,TB
mendeley_tb_01910,0.924251914024353,TB
mendeley_tb_01911,0.9099143296480179,TB
mendeley_tb_01912,0.9608274102210999,TB
mendeley_tb_01913,0.30615317821502686,Normal
mendeley_tb_01914,0.9311917126178741,TB
mendeley_tb_01915,0.955561563372612,TB
mendeley_tb_01916,0.9443017840385437,TB
mendeley_tb_01917,0.8989696651697159,TB
mendeley_tb_01918,0.8512606024742126,TB
mendeley_tb_01919,0.914577916264534,TB
mendeley_tb_01920,0.8876833468675613,TB
mendeley_tb_01921,0.9046280533075333,TB
mendeley_tb_01922,0.9649055004119873,TB
mendeley_tb_01923,0.9465882033109665,TB
mendeley_tb_01924,0.9534660577774048,TB
mendeley_tb_01925,0.9318234026432037,TB
mendeley_tb_01926,0.9214121848344803,TB
mendeley_tb_01927,0.9452818632125854,TB
mendeley_tb_01928,0.907242476940155,TB
mendeley_tb_01929,0.8147648274898529,TB
mendeley_tb_01930,0.6579747572541237,TB
mendeley_tb_01931,0.9521285146474838,TB
mendeley_tb_01932,0.9395021349191666,TB
mendeley_tb_01933,0.9052741676568985,TB
mendeley_tb_01934,0.9467721730470657,TB
mendeley_tb_01935,0.8680839389562607,TB
mendeley_tb_01936,0.6945066787302494,TB
mendeley_tb_01937,0.8831435292959213,TB
mendeley_tb_01938,0.9244589954614639,TB
mendeley_tb_01939,0.8845836073160172,TB
mendeley_tb_01940,0.4384161978960037,Normal
mendeley_tb_01941,0.9209531843662262,TB
mendeley_tb_01942,0.9245480448007584,TB
mendeley_tb_01943,0.8975955098867416,TB
mendeley_tb_01944,0.7190335839986801,TB
mendeley_tb_01945,0.9419966787099838,TB
mendeley_tb_01946,0.957868292927742,TB
mendeley_tb_01947,0.8821300566196442,TB
mendeley_tb_01948,0.919788584113121,TB
mendeley_tb_01949,0.9724703282117844,TB
mendeley_tb_01950,0.6711256206035614,TB
mendeley_tb_01951,0.947081595659256,TB
mendeley_tb_01952,0.9549144059419632,TB
mendeley_tb_01953,0.9015220105648041,TB
mendeley_tb_01954,0.9501288086175919,TB
mendeley_tb_01955,0.666221134364605,TB
mendeley_tb_01956,0.922555536031723,TB
mendeley_tb_01957,0.9287466257810593,TB
mendeley_tb_01958,0.8996541351079941,TB
mendeley_tb_01959,0.8514536172151566,TB
mendeley_tb_01960,0.9606475085020065,TB
mendeley_tb_01961,0.9279382675886154,TB
mendeley_tb_01962,0.9329050332307816,TB
mendeley_tb_01963,0.9368762522935867,TB
mendeley_tb_01964,0.9326280355453491,TB
mendeley_tb_01965,0.844645231962204,TB
mendeley_tb_01966,0.9490674585103989,TB
mendeley_tb_01967,0.9546436816453934,TB
mendeley_tb_01968,0.8640326857566833,TB
mendeley_tb_01969,0.950983926653862,TB
mendeley_tb_01970,0.9588102847337723,TB
mendeley_tb_01971,0.9290042519569397,TB
mendeley_tb_01972,0.962827280163765,TB
mendeley_tb_01973,0.8005768060684204,TB
mendeley_tb_01974,0.8500949293375015,TB
mendeley_tb_01975,0.7334364876151085,TB
mendeley_tb_01976,0.9388377815485001,TB
mendeley_tb_01977,0.963709831237793,TB
mendeley_tb_01978,0.9288500249385834,TB
mendeley_tb_01979,0.9054757058620453,TB
mendeley_tb_01980,0.9668914973735809,TB
mendeley_tb_01981,0.937028780579567,TB
mendeley_tb_01982,0.9605029225349426,TB
mendeley_tb_01983,0.9331895858049393,TB
mendeley_tb_01984,0.9685053825378418,TB
mendeley_tb_01985,0.96528659760952,TB
mendeley_tb_01986,0.9609790146350861,TB
mendeley_tb_01987,0.9725695252418518,TB
mendeley_tb_01988,0.930860698223114,TB
mendeley_tb_01989,0.9668936878442764,TB
mendeley_tb_01990,0.9631735384464264,TB
mendeley_tb_01991,0.9332478940486908,TB
mendeley_tb_01992,0.9483490437269211,TB
mendeley_tb_01993,0.9552173763513565,TB
mendeley_tb_01994,0.9075838476419449,TB
mendeley_tb_01995,0.9350821673870087,TB
mendeley_tb_01996,0.9580826610326767,TB
mendeley_tb_01997,0.9355541169643402,TB
mendeley_tb_01998,0.9659021198749542,TB
mendeley_tb_01999,0.9656442105770111,TB
mendeley_tb_02000,0.9588939398527145,TB
mendeley_tb_02001,0.8872806578874588,TB
mendeley_tb_02002,0.9626058489084244,TB
mendeley_tb_02003,0.9422499686479568,TB
mendeley_tb_02004,0.9589539170265198,TB
mendeley_tb_02005,0.9227446019649506,TB
mendeley_tb_02006,0.2972389757633209,Normal
mendeley_tb_02007,0.9627008438110352,TB
mendeley_tb_02008,0.9318652451038361,TB
mendeley_tb_02009,0.9662152379751205,TB
mendeley_tb_02010,0.9608470946550369,TB
mendeley_tb_02011,0.9612881988286972,TB
mendeley_tb_02012,0.9344072937965393,TB
mendeley_tb_02013,0.9425307661294937,TB
mendeley_tb_02014,0.9441592693328857,TB
mendeley_tb_02015,0.9330098778009415,TB
mendeley_tb_02016,0.9319324195384979,TB
mendeley_tb_02017,0.9282641708850861,TB
mendeley_tb_02018,0.954154446721077,TB
mendeley_tb_02019,0.903082475066185,TB
mendeley_tb_02020,0.9128595292568207,TB
mendeley_tb_02021,0.9571773260831833,TB
mendeley_tb_02022,0.9095223993062973,TB
mendeley_tb_02023,0.9371837824583054,TB
mendeley_tb_02024,0.9346681833267212,TB
mendeley_tb_02025,0.858821451663971,TB
mendeley_tb_02026,0.9426310211420059,TB
mendeley_tb_02027,0.935159832239151,TB
mendeley_tb_02028,0.9196487814188004,TB
mendeley_tb_02029,0.9140361249446869,TB
mendeley_tb_02030,0.9646380692720413,TB
mendeley_tb_02031,0.9593431949615479,TB
mendeley_tb_02032,0.9325845688581467,TB
mendeley_tb_02033,0.8590808212757111,TB
mendeley_tb_02034,0.9578783214092255,TB
mendeley_tb_02035,0.9713564366102219,TB
mendeley_tb_02036,0.9394817799329758,TB
mendeley_tb_02037,0.9573000073432922,TB
mendeley_tb_02038,0.9505876004695892,TB
mendeley_tb_02039,0.6191937029361725,TB
mendeley_tb_02040,0.9496744722127914,TB
mendeley_tb_02041,0.9507676810026169,TB
mendeley_tb_02042,0.8612211048603058,TB
mendeley_tb_02043,0.9535961151123047,TB
mendeley_tb_02044,0.9766306579113007,TB
mendeley_tb_02045,0.9467582553625107,TB
mendeley_tb_02046,0.9512082785367966,TB
mendeley_tb_02047,0.9443362802267075,TB
mendeley_tb_02048,0.9486465603113174,TB
mendeley_tb_02049,0.9552929699420929,TB
mendeley_tb_02050,0.9428424388170242,TB
mendeley_tb_02051,0.9403798282146454,TB
mendeley_tb_02052,0.9273626655340195,TB
mendeley_tb_02053,0.9664700776338577,TB
mendeley_tb_02054,0.9393240511417389,TB
mendeley_tb_02055,0.9625564366579056,TB
mendeley_tb_02056,0.9609894305467606,TB
mendeley_tb_02057,0.9433578997850418,TB
mendeley_tb_02058,0.848248079419136,TB
mendeley_tb_02059,0.9501372426748276,TB
mendeley_tb_02060,0.9586753994226456,TB
mendeley_tb_02061,0.9522889256477356,TB
mendeley_tb_02062,0.8998859524726868,TB
mendeley_tb_02063,0.9539362639188766,TB
mendeley_tb_02064,0.9429865032434464,TB
mendeley_tb_02065,0.9610729217529297,TB
mendeley_tb_02066,0.9648481458425522,TB
mendeley_tb_02067,0.9565014988183975,TB
mendeley_tb_02068,0.9099594056606293,TB
mendeley_tb_02069,0.9219535440206528,TB
mendeley_tb_02070,0.9493900239467621,TB
mendeley_tb_02071,0.9162480235099792,TB
mendeley_tb_02072,0.9687324315309525,TB
mendeley_tb_02073,0.9261146038770676,TB
mendeley_tb_02074,0.9466775357723236,TB
mendeley_tb_02075,0.816968098282814,TB
mendeley_tb_02076,0.956018716096878,TB
mendeley_tb_02077,0.9563579261302948,TB
mendeley_tb_02078,0.9537742435932159,TB
mendeley_tb_02079,0.9426863342523575,TB
mendeley_tb_02080,0.9561941027641296,TB
mendeley_tb_02081,0.964126706123352,TB
mendeley_tb_02082,0.9571183919906616,TB
mendeley_tb_02083,0.9601883888244629,TB
mendeley_tb_02084,0.41614814568310976,Normal
mendeley_tb_02085,0.9586419761180878,TB
mendeley_tb_02086,0.9559231102466583,TB
mendeley_tb_02087,0.9554373770952225,TB
mendeley_tb_02088,0.9556438624858856,TB
mendeley_tb_02089,0.9576027542352676,TB
mendeley_tb_02090,0.9461660534143448,TB
mendeley_tb_02091,0.9593028128147125,TB
mendeley_tb_02092,0.935845211148262,TB
mendeley_tb_02093,0.9576785266399384,TB
mendeley_tb_02094,0.9355368465185165,TB
mendeley_tb_02095,0.7068658173084259,TB
mendeley_tb_02096,0.7678718194365501,TB
mendeley_tb_02097,0.9497544318437576,TB
mendeley_tb_02098,0.9556103199720383,TB
mendeley_tb_02099,0.9492915868759155,TB
mendeley_tb_02100,0.6158575341105461,TB
mendeley_tb_02101,0.9499766975641251,TB
mendeley_tb_02102,0.9530327469110489,TB
mendeley_tb_02103,0.9073151648044586,TB
mendeley_tb_02104,0.9516137689352036,TB
mendeley_tb_02105,0.9186569601297379,TB
mendeley_tb_02106,0.9130230247974396,TB
mendeley_tb_02107,0.9575179368257523,TB
mendeley_tb_02108,0.8909532129764557,TB
mendeley_tb_02109,0.9560122042894363,TB
mendeley_tb_02110,0.9488469064235687,TB
mendeley_tb_02111,0.9475195556879044,TB
mendeley_tb_02112,0.957209974527359,TB
mendeley_tb_02113,0.936593621969223,TB
mendeley_tb_02114,0.8628381639719009,TB
mendeley_tb_02115,0.935706228017807,TB
mendeley_tb_02116,0.9395599067211151,TB
mendeley_tb_02117,0.9133474379777908,TB
mendeley_tb_02118,0.96623095870018,TB
mendeley_tb_02119,0.9428224712610245,TB
mendeley_tb_02120,0.9665215760469437,TB
mendeley_tb_02121,0.9637557417154312,TB
mendeley_tb_02122,0.9653468281030655,TB
mendeley_tb_02123,0.9613795578479767,TB
mendeley_tb_02124,0.9697055220603943,TB
mendeley_tb_02125,0.9395180940628052,TB
mendeley_tb_02126,0.9521809220314026,TB
mendeley_tb_02127,0.9681381732225418,TB
mendeley_tb_02128,0.8283185511827469,TB
mendeley_tb_02129,0.9397827386856079,TB
mendeley_tb_02130,0.9534785151481628,TB
mendeley_tb_02131,0.9395599067211151,TB
mendeley_tb_02132,0.9466002881526947,TB
mendeley_tb_02133,0.9573235958814621,TB
mendeley_tb_02134,0.9155748337507248,TB
mendeley_tb_02135,0.8931147903203964,TB
mendeley_tb_02136,0.9454962313175201,TB
mendeley_tb_02137,0.9623463153839111,TB
mendeley_tb_02138,0.935872495174408,TB
mendeley_tb_02139,0.9695468842983246,TB
mendeley_tb_02140,0.915108323097229,TB
mendeley_tb_02141,0.9751660972833633,TB
mendeley_tb_02142,0.9550100415945053,TB
mendeley_tb_02143,0.9627862274646759,TB
mendeley_tb_02144,0.4108048379421234,Normal
mendeley_tb_02145,0.8628279268741608,TB
mendeley_tb_02146,0.9428224712610245,TB
mendeley_tb_02147,0.9712584018707275,TB
mendeley_tb_02148,0.9668309241533279,TB
mendeley_tb_02149,0.9509071111679077,TB
mendeley_tb_02150,0.9438871741294861,TB
mendeley_tb_02151,0.9522313624620438,TB
mendeley_tb_02152,0.9397827386856079,TB
mendeley_tb_02153,0.9626975953578949,TB
mendeley_tb_02154,0.963303416967392,TB
mendeley_tb_02155,0.9538556486368179,TB
mendeley_tb_02156,0.9599196165800095,TB
mendeley_tb_02157,0.9459447413682938,TB
mendeley_tb_02158,0.9435764700174332,TB
mendeley_tb_02159,0.966195285320282,TB
mendeley_tb_02160,0.9684349000453949,TB
mendeley_tb_02161,0.7140206396579742,TB
mendeley_tb_02162,0.9283391535282135,TB
mendeley_tb_02163,0.8827087134122849,TB
mendeley_tb_02164,0.9727266728878021,TB
mendeley_tb_02165,0.9457011669874191,TB
mendeley_tb_02166,0.9615647047758102,TB
mendeley_tb_02167,0.9541354477405548,TB
mendeley_tb_02168,0.9612457454204559,TB
mendeley_tb_02169,0.9359205812215805,TB
mendeley_tb_02170,0.7586853504180908,TB
mendeley_tb_02171,0.9551669061183929,TB
mendeley_tb_02172,0.9576988369226456,TB
mendeley_tb_02173,0.7988104820251465,TB
mendeley_tb_02174,0.9439293444156647,TB
mendeley_tb_02175,0.9555516839027405,TB
mendeley_tb_02176,0.9337420761585236,TB
mendeley_tb_02177,0.9581967145204544,TB
mendeley_tb_02178,0.9551669061183929,TB
mendeley_tb_02179,0.9541354477405548,TB
mendeley_tb_02180,0.9433068782091141,TB
mendeley_tb_02181,0.9555516839027405,TB
mendeley_tb_02182,0.8673084229230881,TB
mendeley_tb_02183,0.9488954097032547,TB
mendeley_tb_02184,0.3094538180157542,Normal
mendeley_tb_02185,0.961756244301796,TB
mendeley_tb_02186,0.9434402734041214,TB
mendeley_tb_02187,0.9433068782091141,TB
mendeley_tb_02188,0.9483574032783508,TB
mendeley_tb_02189,0.9434402734041214,TB
mendeley_tb_02190,0.8402672111988068,TB
mendeley_tb_02191,0.9119865596294403,TB
mendeley_tb_02192,0.9565899074077606,TB
mendeley_tb_02193,0.8846663534641266,TB
mendeley_tb_02194,0.9482991248369217,TB
mendeley_tb_02195,0.9338318556547165,TB
mendeley_tb_02196,0.9264538288116455,TB
mendeley_tb_02197,0.8846663534641266,TB
mendeley_tb_02198,0.9358164519071579,TB
mendeley_tb_02199,0.9291029274463654,TB
mendeley_tb_02200,0.9702039211988449,TB
mendeley_tb_02201,0.9444650411605835,TB
mendeley_tb_02202,0.9576988369226456,TB
mendeley_tb_02203,0.9436766803264618,TB
mendeley_tb_02204,0.7586853504180908,TB
mendeley_tb_02205,0.9488954097032547,TB
mendeley_tb_02206,0.9175022542476654,TB
mendeley_tb_02207,0.8673084229230881,TB
mendeley_tb_02208,0.954247385263443,TB
mendeley_tb_02209,0.9581860303878784,TB
mendeley_tb_02210,0.8402672111988068,TB
mendeley_tb_02211,0.9534087926149368,TB
mendeley_tb_02212,0.9615647047758102,TB
mendeley_tb_02213,0.9652261137962341,TB
mendeley_tb_02214,0.9579780697822571,TB
mendeley_tb_02215,0.9496051371097565,TB
mendeley_tb_02216,0.9479222744703293,TB
mendeley_tb_02217,0.7826721370220184,TB
mendeley_tb_02218,0.9426384121179581,TB
mendeley_tb_02219,0.9628710895776749,TB
mendeley_tb_02220,0.954247385263443,TB
mendeley_tb_02221,0.9581967145204544,TB
mendeley_tb_02222,0.9612457454204559,TB
mendeley_tb_02223,0.9530235528945923,TB
mendeley_tb_02224,0.942609965801239,TB
mendeley_tb_02225,0.9376394152641296,TB
mendeley_tb_02226,0.9036075323820114,TB
mendeley_tb_02227,0.893448606133461,TB
mendeley_tb_02228,0.9246149659156799,TB
mendeley_tb_02229,0.9530040919780731,TB
mendeley_tb_02230,0.9690470844507217,TB
mendeley_tb_02231,0.962654635310173,TB
mendeley_tb_02232,0.9630166292190552,TB
mendeley_tb_02233,0.9472221881151199,TB
mendeley_tb_02234,0.9563256353139877,TB
mendeley_tb_02235,0.9640539139509201,TB
mendeley_tb_02236,0.7973267883062363,TB
mendeley_tb_02237,0.9321585148572922,TB
mendeley_tb_02238,0.9692977964878082,TB
mendeley_tb_02239,0.9476046115159988,TB
mendeley_tb_02240,0.9030137807130814,TB
mendeley_tb_02241,0.9534955620765686,TB
mendeley_tb_02242,0.952110692858696,TB
mendeley_tb_02243,0.9467564970254898,TB
mendeley_tb_02244,0.9346451759338379,TB
mendeley_tb_02245,0.9383646994829178,TB
mendeley_tb_02246,0.944709524512291,TB
mendeley_tb_02247,0.9394306987524033,TB
mendeley_tb_02248,0.9117312133312225,TB
mendeley_tb_02249,0.9530040919780731,TB
mendeley_tb_02250,0.8868113607168198,TB
mendeley_tb_02251,0.9113711416721344,TB
mendeley_tb_02252,0.9623739123344421,TB
mendeley_tb_02253,0.96819768846035,TB
mendeley_tb_02254,0.9038010537624359,TB
mendeley_tb_02255,0.8909226208925247,TB
mendeley_tb_02256,0.940319687128067,TB
mendeley_tb_02257,0.9544887691736221,TB
mendeley_tb_02258,0.9122219532728195,TB
mendeley_tb_02259,0.9265917986631393,TB
mendeley_tb_02260,0.9550065249204636,TB
mendeley_tb_02261,0.9499883204698563,TB
mendeley_tb_02262,0.9692977964878082,TB
mendeley_tb_02263,0.9084863066673279,TB
mendeley_tb_02264,0.2916389866732061,Normal
mendeley_tb_02265,0.8527470380067825,TB
mendeley_tb_02266,0.9382339119911194,TB
mendeley_tb_02267,0.9653040170669556,TB
mendeley_tb_02268,0.9606185257434845,TB
mendeley_tb_02269,0.9554108828306198,TB
mendeley_tb_02270,0.9388572424650192,TB
mendeley_tb_02271,0.9426126033067703,TB
mendeley_tb_02272,0.954972892999649,TB
mendeley_tb_02273,0.9476214200258255,TB
mendeley_tb_02274,0.8886979669332504,TB
mendeley_tb_02275,0.9576940983533859,TB
mendeley_tb_02276,0.943342000246048,TB
mendeley_tb_02277,0.9290256649255753,TB
mendeley_tb_02278,0.9473093152046204,TB
mendeley_tb_02279,0.9474846571683884,TB
mendeley_tb_02280,0.9439785182476044,TB
mendeley_tb_02281,0.9212380200624466,TB
mendeley_tb_02282,0.9509560912847519,TB
mendeley_tb_02283,0.9202404320240021,TB
mendeley_tb_02284,0.8182111084461212,TB
mendeley_tb_02285,0.9427918642759323,TB
mendeley_tb_02286,0.96259506046772,TB
mendeley_tb_02287,0.8550911545753479,TB
mendeley_tb_02288,0.9559831768274307,TB
mendeley_tb_02289,0.930429995059967,TB
mendeley_tb_02290,0.9521416574716568,TB
mendeley_tb_02291,0.9516377449035645,TB
mendeley_tb_02292,0.918257400393486,TB
mendeley_tb_02293,0.9403454959392548,TB
mendeley_tb_02294,0.9550261795520782,TB
mendeley_tb_02295,0.9656759798526764,TB
mendeley_tb_02296,0.954177051782608,TB
mendeley_tb_02297,0.9427349865436554,TB
mendeley_tb_02298,0.6680945008993149,TB
mendeley_tb_02299,0.9549905806779861,TB
mendeley_tb_02300,0.9425330460071564,TB
mendeley_tb_02301,0.9547269493341446,TB
mendeley_tb_02302,0.8248690217733383,TB
mendeley_tb_02303,0.9650422781705856,TB
mendeley_tb_02304,0.9494127184152603,TB
mendeley_tb_02305,0.9507633149623871,TB
mendeley_tb_02306,0.9711538702249527,TB
mendeley_tb_02307,0.9454518705606461,TB
mendeley_tb_02308,0.9328112006187439,TB
mendeley_tb_02309,0.9378013610839844,TB
mendeley_tb_02310,0.9623205363750458,TB
mendeley_tb_02311,0.9301959127187729,TB
mendeley_tb_02312,0.9517669826745987,TB
mendeley_tb_02313,0.9494317322969437,TB
mendeley_tb_02314,0.9509824812412262,TB
mendeley_tb_02315,0.9397550225257874,TB
mendeley_tb_02316,0.9367946535348892,TB
mendeley_tb_02317,0.8882926553487778,TB
mendeley_tb_02318,0.9652630835771561,TB
mendeley_tb_02319,0.9421266168355942,TB
mendeley_tb_02320,0.93609519302845,TB
mendeley_tb_02321,0.704303652048111,TB
mendeley_tb_02322,0.9526770859956741,TB
mendeley_tb_02323,0.9435416013002396,TB
mendeley_tb_02324,0.9567664265632629,TB
mendeley_tb_02325,0.9367324113845825,TB
mendeley_tb_02326,0.8924691379070282,TB
mendeley_tb_02327,0.9300993978977203,TB
mendeley_tb_02328,0.8835290670394897,TB
mendeley_tb_02329,0.9147254526615143,TB
mendeley_tb_02330,0.9596229046583176,TB
mendeley_tb_02331,0.8920929133892059,TB
mendeley_tb_02332,0.9408115893602371,TB
mendeley_tb_02333,0.9575681388378143,TB
mendeley_tb_02334,0.9675959348678589,TB
mendeley_tb_02335,0.9476273953914642,TB
mendeley_tb_02336,0.9371195733547211,TB
mendeley_tb_02337,0.924066498875618,TB
mendeley_tb_02338,0.9676846116781235,TB
mendeley_tb_02339,0.9355294555425644,TB
mendeley_tb_02340,0.9632686674594879,TB
mendeley_tb_02341,0.9685982465744019,TB
mendeley_tb_02342,0.9449068009853363,TB
mendeley_tb_02343,0.8137297630310059,TB
mendeley_tb_02344,0.8972140252590179,TB
mendeley_tb_02345,0.9629784822463989,TB
mendeley_tb_02346,0.9577009230852127,TB
mendeley_tb_02347,0.9479465633630753,TB
mendeley_tb_02348,0.9629677683115005,TB
mendeley_tb_02349,0.9422301948070526,TB
mendeley_tb_02350,0.9670258164405823,TB
mendeley_tb_02351,0.9503606110811234,TB
mendeley_tb_02352,0.9217796623706818,TB
mendeley_tb_02353,0.8630339056253433,TB
mendeley_tb_02354,0.9131162762641907,TB
mendeley_tb_02355,0.9298495650291443,TB
mendeley_tb_02356,0.925043985247612,TB
mendeley_tb_02357,0.9432211518287659,TB
mendeley_tb_02358,0.9464190155267715,TB
mendeley_tb_02359,0.9488267302513123,TB
mendeley_tb_02360,0.9603711366653442,TB
mendeley_tb_02361,0.9353943765163422,TB
mendeley_tb_02362,0.9354588389396667,TB
mendeley_tb_02363,0.8848006129264832,TB
mendeley_tb_02364,0.9543339014053345,TB
mendeley_tb_02365,0.8628880381584167,TB
mendeley_tb_02366,0.9608029127120972,TB
mendeley_tb_02367,0.9560090899467468,TB
mendeley_tb_02368,0.8745018541812897,TB
mendeley_tb_02369,0.9127058535814285,TB
mendeley_tb_02370,0.9297924190759659,TB
mendeley_tb_02371,0.9253997057676315,TB
mendeley_tb_02372,0.9263068288564682,TB
mendeley_tb_02373,0.9682523161172867,TB
mendeley_tb_02374,0.6645307466387749,TB
mendeley_tb_02375,0.9661956578493118,TB
mendeley_tb_02376,0.9591757506132126,TB
mendeley_tb_02377,0.9613194763660431,TB
mendeley_tb_02378,0.9414557367563248,TB
mendeley_tb_02379,0.9590943604707718,TB
mendeley_tb_02380,0.9281692057847977,TB
mendeley_tb_02381,0.9755822867155075,TB
mendeley_tb_02382,0.9466763734817505,TB
mendeley_tb_02383,0.9202405363321304,TB
mendeley_tb_02384,0.9196692854166031,TB
mendeley_tb_02385,0.9480445384979248,TB
mendeley_tb_02386,0.86895552277565,TB
mendeley_tb_02387,0.957185909152031,TB
mendeley_tb_02388,0.9625343084335327,TB
mendeley_tb_02389,0.8914932757616043,TB
mendeley_tb_02390,0.9323464632034302,TB
mendeley_tb_02391,0.9613743424415588,TB
mendeley_tb_02392,0.9598194509744644,TB
mendeley_tb_02393,0.9615877270698547,TB
mendeley_tb_02394,0.9551167637109756,TB
mendeley_tb_02395,0.9033291786909103,TB
mendeley_tb_02396,0.882745549082756,TB
mendeley_tb_02397,0.9659063220024109,TB
mendeley_tb_02398,0.8495485484600067,TB
mendeley_tb_02399,0.962626114487648,TB
mendeley_tb_02400,0.9557638466358185,TB
mendeley_tb_02401,0.9573614299297333,TB
mendeley_tb_02402,0.9487734436988831,TB
mendeley_tb_02403,0.9257852137088776,TB
mendeley_tb_02404,0.916859969496727,TB
mendeley_tb_02405,0.9141009002923965,TB
mendeley_tb_02406,0.9551662504673004,TB
mendeley_tb_02407,0.8990780562162399,TB
mendeley_tb_02408,0.8936060070991516,TB
mendeley_tb_02409,0.8789259344339371,TB
mendeley_tb_02410,0.9422268271446228,TB
mendeley_tb_02411,0.8207835257053375,TB
mendeley_tb_02412,0.9519236087799072,TB
mendeley_tb_02413,0.9284692704677582,TB
mendeley_tb_02414,0.8602053076028824,TB
mendeley_tb_02415,0.9393163472414017,TB
mendeley_tb_02416,0.9270867258310318,TB
mendeley_tb_02417,0.9563078880310059,TB
mendeley_tb_02418,0.9343942999839783,TB
mendeley_tb_02419,0.9551650732755661,TB
mendeley_tb_02420,0.9292813986539841,TB
mendeley_tb_02421,0.9493169784545898,TB
mendeley_tb_02422,0.8815524876117706,TB
mendeley_tb_02423,0.9038548320531845,TB
mendeley_tb_02424,0.9437970072031021,TB
mendeley_tb_02425,0.9520646780729294,TB
mendeley_tb_02426,0.881668210029602,TB
mendeley_tb_02427,0.8147935271263123,TB
mendeley_tb_02428,0.9240148663520813,TB
mendeley_tb_02429,0.528940518386662,TB
mendeley_tb_02430,0.9095991998910904,TB
mendeley_tb_02431,0.6914162114262581,TB
mendeley_tb_02432,0.9599115997552872,TB
mendeley_tb_02433,0.8914182931184769,TB
mendeley_tb_02434,0.9220640510320663,TB
mendeley_tb_02435,0.8004017919301987,TB
mendeley_tb_02436,0.8906890153884888,TB
mendeley_tb_02437,0.9301369041204453,TB
mendeley_tb_02438,0.9068421125411987,TB
mendeley_tb_02439,0.9531878978013992,TB
mendeley_tb_02440,0.9431085884571075,TB
mendeley_tb_02441,0.9347701519727707,TB
mendeley_tb_02442,0.9441349804401398,TB
mendeley_tb_02443,0.9389407187700272,TB
mendeley_tb_02444,0.8107753396034241,TB
mendeley_tb_02445,0.9220383763313293,TB
mendeley_tb_02446,0.9526123553514481,TB
mendeley_tb_02447,0.9294615536928177,TB
mendeley_tb_02448,0.9127521812915802,TB
mendeley_tb_02449,0.9365896433591843,TB
mendeley_tb_02450,0.9474768936634064,TB
mendeley_tb_02451,0.7645273506641388,TB
mendeley_tb_02452,0.580357070080936,TB
mendeley_tb_02453,0.9486702680587769,TB
mendeley_tb_02454,0.8499951660633087,TB
mendeley_tb_02455,0.9337447434663773,TB
mendeley_tb_02456,0.9486150294542313,TB
mendeley_tb_02457,0.8882862031459808,TB
mendeley_tb_02458,0.9034867286682129,TB
mendeley_tb_02459,0.9482294917106628,TB
mendeley_tb_02460,0.31147057516500354,Normal
mendeley_tb_02461,0.9118029475212097,TB
mendeley_tb_02462,0.9323885440826416,TB
mendeley_tb_02463,0.9048547148704529,TB
mendeley_tb_02464,0.9482138007879257,TB
mendeley_tb_02465,0.9297847002744675,TB
mendeley_tb_02466,0.5649730935692787,TB
mendeley_tb_02467,0.8969048112630844,TB
mendeley_tb_02468,0.9460028111934662,TB
mendeley_tb_02469,0.25756778847426176,Normal
mendeley_tb_02470,0.38509701006114483,Normal
mendeley_tb_02471,0.9648044407367706,TB
mendeley_tb_02472,0.9411505609750748,TB
mendeley_tb_02473,0.6720382496714592,TB
mendeley_tb_02474,0.9506474584341049,TB
mendeley_tb_02475,0.8848744183778763,TB
mendeley_tb_02476,0.947645753622055,TB
mendeley_tb_02477,0.9464370608329773,TB
mendeley_tb_02478,0.9530914127826691,TB
mendeley_tb_02479,0.9222489893436432,TB
mendeley_tb_02480,0.9485327303409576,TB
mendeley_tb_02481,0.8795008957386017,TB
mendeley_tb_02482,0.9160160571336746,TB
mendeley_tb_02483,0.8301046341657639,TB
mendeley_tb_02484,0.9277555644512177,TB
mendeley_tb_02485,0.11171620339155197,Normal
mendeley_tb_02486,0.9486180394887924,TB
mendeley_tb_02487,0.9470150321722031,TB
mendeley_tb_02488,0.9511674791574478,TB
mendeley_tb_02489,0.6520544178783894,TB
mendeley_tb_02490,0.9547421336174011,TB
mendeley_tb_02491,0.8972491770982742,TB
mendeley_tb_02492,0.9363904446363449,TB
mendeley_tb_02493,0.6199963688850403,TB
