new_id,prob_tb,pred_TB/Normal
tb0003,0.3164939982816577,Normal
tb0004,0.10437282407656312,Normal
tb0005,0.09730560146272182,Normal
tb0006,0.938883051276207,TB
tb0007,0.9601636976003647,TB
tb0009,0.33220283687114716,Normal
tb0012,0.8502172827720642,TB
tb0014,0.904104620218277,TB
tb0015,0.07334562065079808,Normal
tb0017,0.8265064358711243,TB
tb0018,0.9159083664417267,TB
tb0019,0.4574621468782425,Normal
tb0020,0.9175670742988586,TB
tb0021,0.935513898730278,TB
tb0024,0.8079696893692017,TB
tb0026,0.377882270142436,Normal
tb0027,0.37759074196219444,Normal
tb0028,0.8267754465341568,TB
tb0029,0.7012898921966553,TB
tb0030,0.9196086078882217,TB
tb0031,0.8891317695379257,TB
tb0032,0.8823312669992447,TB
tb0033,0.9201605468988419,TB
tb0034,0.8988863080739975,TB
tb0036,0.8315671980381012,TB
tb0037,0.9062501043081284,TB
tb0040,0.6670950055122375,TB
tb0042,0.8738463222980499,TB
tb0043,0.30939213978126645,Normal
tb0045,0.9427255243062973,TB
tb0047,0.9556147903203964,TB
tb0049,0.8545997887849808,TB
tb0050,0.6322857886552811,TB
tb0051,0.27580487728118896,Normal
tb0052,0.020435377024114132,Normal
tb0053,0.94438736140728,TB
tb0054,0.04619488352909684,Normal
tb0056,0.8726432025432587,TB
tb0057,0.5255105756223202,TB
tb0059,0.886462539434433,TB
tb0062,0.5556193143129349,TB
tb0063,0.9399811327457428,TB
tb0065,0.9398158937692642,TB
tb0066,0.9101193994283676,TB
tb0068,0.49588629603385925,Normal
tb0069,0.884500190615654,TB
tb0071,0.0573005611076951,Normal
tb0073,0.9172296077013016,TB
tb0075,0.5985949784517288,TB
tb0076,0.06069560907781124,Normal
tb0077,0.8961373418569565,TB
tb0079,0.6454071551561356,TB
tb0080,0.401939264498651,Normal
tb0081,0.9412308931350708,TB
tb0082,0.8982706367969513,TB
tb0083,0.9236265122890472,TB
tb0084,0.9381101280450821,TB
tb0085,0.9340249449014664,TB
tb0086,0.7849678993225098,TB
tb0087,0.1648874394595623,Normal
tb0088,0.40698967315256596,Normal
tb0089,0.7541245669126511,TB
tb0090,0.7358465492725372,TB
tb0091,0.9363152384757996,TB
tb0092,0.9222174882888794,TB
tb0094,0.8827844858169556,TB
tb0095,0.42580851446837187,Normal
tb0096,0.8979397118091583,TB
tb0098,0.21601516660302877,Normal
tb0100,0.8961242437362671,TB
tb0103,0.9425760954618454,TB
tb0104,0.3777923658490181,Normal
tb0107,0.9144150018692017,TB
tb0108,0.9325734674930573,TB
tb0114,0.907996267080307,TB
tb0115,0.9014479070901871,TB
tb0117,0.4477786123752594,Normal
tb0118,0.4796500578522682,Normal
tb0120,0.9244608730077744,TB
tb0124,0.6862491220235825,TB
tb0125,0.567412132397294,TB
tb0126,0.823826402425766,TB
tb0128,0.8494672924280167,TB
tb0129,0.7040668502449989,TB
tb0132,0.710840031504631,TB
tb0133,0.8413541167974472,TB
tb0134,0.24771153624169528,Normal
tb0135,0.9435977637767792,TB
tb0136,0.04751744540408254,Normal
tb0137,0.3928063758648932,Normal
tb0138,0.8655746877193451,TB
tb0139,0.4056127145886421,Normal
tb0140,0.7155159264802933,TB
tb0141,0.909069374203682,TB
tb0142,0.5726797729730606,TB
tb0145,0.6571910753846169,TB
tb0146,0.24442039243876934,Normal
tb0147,0.9519940167665482,TB
tb0148,0.7991076111793518,TB
tb0150,0.9428491741418839,TB
tb0151,0.058946274453774095,Normal
tb0153,0.7866766303777695,TB
tb0154,0.2890448197722435,Normal
tb0155,0.7465398758649826,TB
tb0156,0.843902587890625,TB
tb0162,0.7406812310218811,TB
tb0163,0.9326953738927841,TB
tb0164,0.8105294331908226,TB
tb0166,0.2966772522777319,Normal
tb0167,0.8580605983734131,TB
tb0168,0.7495979592204094,TB
tb0170,0.36377252638339996,Normal
tb0174,0.32356771966442466,Normal
tb0175,0.3042462691664696,Normal
tb0176,0.9077440947294235,TB
tb0177,0.9299733191728592,TB
tb0179,0.3366882789414376,Normal
tb0183,0.9284259378910065,TB
tb0184,0.03876284067519009,Normal
tb0186,0.6379683651030064,TB
tb0190,0.9554286450147629,TB
tb0191,0.7881398499011993,TB
tb0192,0.8768020272254944,TB
tb0193,0.2601876244880259,Normal
tb0194,0.08161671739071608,Normal
tb0196,0.8948282152414322,TB
tb0197,0.4146614745259285,Normal
tb0199,0.9454514384269714,TB
tb0200,0.9133660346269608,TB
tb0201,0.91408571600914,TB
tb0202,0.8389731496572495,TB
tb0203,0.5548697728663683,TB
tb0205,0.5075261034071445,TB
tb0206,0.3529615141451359,Normal
tb0208,0.7512892037630081,TB
tb0209,0.9537240713834763,TB
tb0212,0.6966659799218178,TB
tb0216,0.06637334497645497,Normal
tb0217,0.12582484912127256,Normal
tb0219,0.6625525206327438,TB
tb0221,0.9290865659713745,TB
tb0223,0.8281792849302292,TB
tb0226,0.10057344008237123,Normal
tb0227,0.9342646151781082,TB
tb0228,0.703905388712883,TB
tb0229,0.05631053727120161,Normal
tb0231,0.05789812607690692,Normal
tb0232,0.9170221984386444,TB
tb0234,0.5935280993580818,TB
tb0235,0.6333161517977715,TB
tb0236,0.9485788643360138,TB
tb0237,0.9182724803686142,TB
tb0238,0.7256922200322151,TB
tb0239,0.9410062581300735,TB
tb0240,0.939401775598526,TB
tb0241,0.8577964156866074,TB
tb0242,0.7241846024990082,TB
tb0244,0.6403376460075378,TB
tb0246,0.35576000437140465,Normal
tb0248,0.47810416854918003,Normal
tb0250,0.8788437247276306,TB
tb0251,0.6252271607518196,TB
tb0252,0.7463585585355759,TB
tb0253,0.03786102728918195,Normal
tb0255,0.8575359582901001,TB
tb0256,0.8637815415859222,TB
tb0260,0.7691027820110321,TB
tb0262,0.7152639552950859,TB
tb0264,0.28450734075158834,Normal
tb0266,0.6075508184731007,TB
tb0267,0.9453409314155579,TB
tb0269,0.8985170125961304,TB
tb0270,0.9317599236965179,TB
tb0271,0.5048376657068729,TB
tb0273,0.936798170208931,TB
tb0274,0.9264489114284515,TB
tb0275,0.9462354630231857,TB
tb0277,0.6484269797801971,TB
tb0279,0.9272101521492004,TB
tb0280,0.9576267451047897,TB
tb0282,0.8255986869335175,TB
tb0283,0.9418986737728119,TB
tb0284,0.8034345656633377,TB
tb0285,0.9113852679729462,TB
tb0286,0.9207699149847031,TB
tb0287,0.9119288772344589,TB
tb0288,0.8949816524982452,TB
tb0289,0.7636354565620422,TB
tb0290,0.7549030184745789,TB
tb0291,0.9397749453783035,TB
tb0292,0.42969850078225136,Normal
tb0293,0.9289667308330536,TB
tb0294,0.698912963271141,TB
tb0297,0.89456807076931,TB
tb0298,0.9201961904764175,TB
tb0299,0.4545081164687872,Normal
tb0300,0.1765555664896965,Normal
tb0301,0.9283386766910553,TB
tb0303,0.3555414527654648,Normal
tb0305,0.8691790848970413,TB
tb0306,0.7266284972429276,TB
tb0307,0.8961415588855743,TB
tb0309,0.8984680026769638,TB
tb0311,0.8950279951095581,TB
tb0313,0.5280036926269531,TB
tb0315,0.9280068427324295,TB
tb0316,0.9513475596904755,TB
tb0317,0.803213506937027,TB
tb0318,0.6418556869029999,TB
tb0319,0.8757745325565338,TB
tb0321,0.24853243306279182,Normal
tb0322,0.8577314466238022,TB
tb0323,0.926861360669136,TB
tb0324,0.732754111289978,TB
tb0325,0.8390714526176453,TB
tb0326,0.48387063294649124,Normal
tb0327,0.7543516010046005,TB
tb0329,0.6227263547480106,TB
tb0330,0.9344146847724915,TB
tb0332,0.6072851717472076,TB
tb0333,0.8948472738265991,TB
tb0335,0.8579490035772324,TB
tb0336,0.8213784545660019,TB
tb0337,0.9049965441226959,TB
tb0338,0.9426833689212799,TB
tb0342,0.2257764618843794,Normal
tb0343,0.9159451425075531,TB
tb0345,0.7180533856153488,TB
tb0346,0.9501364678144455,TB
tb0347,0.7031386643648148,TB
tb0348,0.9334520250558853,TB
tb0349,0.7820505797863007,TB
tb0350,0.23679435707163066,Normal
tb0352,0.8401351720094681,TB
tb0353,0.9451818764209747,TB
tb0354,0.9344630241394043,TB
tb0355,0.12571951933205128,Normal
tb0356,0.736985981464386,TB
tb0357,0.20466178841888905,Normal
tb0360,0.9330312311649323,TB
tb0361,0.03243764117360115,Normal
tb0362,0.5569416470825672,TB
tb0364,0.10535415029153228,Normal
tb0365,0.847790077328682,TB
tb0366,0.23521963879466057,Normal
tb0369,0.9334454238414764,TB
tb0370,0.014543724013492465,Normal
tb0371,0.14821727480739355,Normal
tb0372,0.9058795124292374,TB
tb0373,0.3935191798955202,Normal
tb0374,0.8968914896249771,TB
tb0376,0.9025568217039108,TB
tb0377,0.9566140323877335,TB
tb0378,0.936168983578682,TB
tb0380,0.9364241510629654,TB
tb0382,0.5300999283790588,TB
tb0383,0.9007949233055115,TB
tb0386,0.8959454298019409,TB
tb0388,0.9500470459461212,TB
tb0389,0.9191708862781525,TB
tb0390,0.8834281265735626,TB
tb0391,0.09150351490825415,Normal
tb0392,0.9563015401363373,TB
tb0393,0.9380007237195969,TB
tb0395,0.8713860511779785,TB
tb0397,0.8855098783969879,TB
tb0398,0.9460553675889969,TB
tb0399,0.715688481926918,TB
tb0402,0.7816462069749832,TB
tb0404,0.44995836913585663,Normal
tb0405,0.26049661822617054,Normal
tb0406,0.7559397518634796,TB
tb0407,0.39044209476560354,Normal
tb0408,0.677032470703125,TB
tb0409,0.901580736041069,TB
tb0413,0.9314190149307251,TB
tb0417,0.9242202490568161,TB
tb0418,0.5512762926518917,TB
tb0419,0.9381291568279266,TB
tb0420,0.9320230334997177,TB
tb0424,0.8165159970521927,TB
tb0425,0.9111137688159943,TB
tb0427,0.5266311727464199,TB
tb0429,0.9100395292043686,TB
tb0431,0.22969653271138668,Normal
tb0433,0.4280021097511053,Normal
tb0434,0.15855055302381516,Normal
tb0435,0.956206202507019,TB
tb0439,0.8388794362545013,TB
tb0441,0.9612335860729218,TB
tb0442,0.8211744278669357,TB
tb0443,0.9488846063613892,TB
tb0445,0.9173884987831116,TB
tb0446,0.9199641346931458,TB
tb0447,0.05885250982828438,Normal
tb0449,0.9062616527080536,TB
tb0450,0.17667172336950898,Normal
tb0451,0.9409564137458801,TB
tb0452,0.8917468041181564,TB
tb0453,0.9261336326599121,TB
tb0455,0.36463732086122036,Normal
tb0456,0.7576649188995361,TB
tb0459,0.45407781191170216,Normal
tb0460,0.8837062865495682,TB
tb0463,0.871538370847702,TB
tb0465,0.9072460830211639,TB
tb0467,0.3323190687224269,Normal
tb0469,0.6680589690804482,TB
tb0470,0.5213545635342598,TB
tb0472,0.9334509372711182,TB
tb0473,0.5956522822380066,TB
tb0474,0.9240504503250122,TB
tb0475,0.7095675319433212,TB
tb0476,0.497176693752408,Normal
tb0477,0.8000999838113785,TB
tb0478,0.8950911313295364,TB
tb0479,0.9215502738952637,TB
tb0480,0.06633149785920978,Normal
tb0484,0.7117252945899963,TB
tb0485,0.6901260316371918,TB
tb0487,0.059717861004173756,Normal
tb0489,0.812769889831543,TB
tb0492,0.935274139046669,TB
tb0493,0.8924344927072525,TB
tb0494,0.052181602688506246,Normal
tb0495,0.48197782784700394,Normal
tb0496,0.9359957724809647,TB
tb0497,0.9542052745819092,TB
tb0498,0.9308034032583237,TB
tb0499,0.7030757665634155,TB
tb0500,0.8675338625907898,TB
tb0501,0.9492628276348114,TB
tb0503,0.6230286583304405,TB
tb0504,0.9155240207910538,TB
tb0505,0.904117614030838,TB
tb0506,0.8757263571023941,TB
tb0507,0.06996910320594907,Normal
tb0508,0.9417830258607864,TB
tb0509,0.8546873927116394,TB
tb0510,0.9311866611242294,TB
tb0512,0.23514534439891577,Normal
tb0514,0.6423078775405884,TB
tb0515,0.9389257878065109,TB
tb0518,0.05242818221449852,Normal
tb0520,0.8838685303926468,TB
tb0521,0.8766026794910431,TB
tb0523,0.9309219866991043,TB
tb0524,0.7713226675987244,TB
tb0526,0.8887718766927719,TB
tb0527,0.8928915113210678,TB
tb0528,0.9485754072666168,TB
tb0529,0.9440729320049286,TB
tb0530,0.9338522553443909,TB
tb0532,0.8372789621353149,TB
tb0533,0.791176900267601,TB
tb0535,0.26471215300261974,Normal
tb0536,0.8132385462522507,TB
tb0537,0.8245822936296463,TB
tb0538,0.866754412651062,TB
tb0539,0.026625972241163254,Normal
tb0540,0.5244649648666382,TB
tb0541,0.9396311491727829,TB
tb0542,0.7075836360454559,TB
tb0543,0.9149821698665619,TB
tb0544,0.8818424940109253,TB
tb0545,0.674200028181076,TB
tb0548,0.8794836401939392,TB
tb0549,0.823704183101654,TB
tb0550,0.9469918757677078,TB
tb0552,0.011903255246579647,Normal
tb0553,0.9342343956232071,TB
tb0554,0.8915808498859406,TB
tb0555,0.2315204469487071,Normal
tb0556,0.9091996550559998,TB
tb0558,0.6165690906345844,TB
tb0559,0.8768894374370575,TB
tb0562,0.9514669626951218,TB
tb0563,0.47492243349552155,Normal
tb0564,0.9095288515090942,TB
tb0566,0.6275563072413206,TB
tb0567,0.8712080866098404,TB
tb0569,0.94640251994133,TB
tb0570,0.9401515126228333,TB
tb0571,0.5537244696170092,TB
tb0573,0.950441911816597,TB
tb0574,0.5865267179906368,TB
tb0575,0.9496584385633469,TB
tb0576,0.2105295266956091,Normal
tb0577,0.9421592801809311,TB
tb0579,0.8340092748403549,TB
tb0581,0.17373545188456774,Normal
tb0582,0.6157957166433334,TB
tb0583,0.7775162011384964,TB
tb0584,0.4907415471971035,Normal
tb0585,0.8420786708593369,TB
tb0586,0.7253022938966751,TB
tb0587,0.9566885828971863,TB
tb0591,0.8915543407201767,TB
tb0592,0.565190639346838,TB
tb0593,0.7959089279174805,TB
tb0594,0.9013288617134094,TB
tb0595,0.7718179672956467,TB
tb0596,0.12456046557053924,Normal
tb0598,0.8328230232000351,TB
tb0600,0.8639571815729141,TB
tb0601,0.6353500038385391,TB
tb0602,0.42969994619488716,Normal
tb0603,0.9094941765069962,TB
tb0606,0.6393435522913933,TB
tb0607,0.9591029435396194,TB
tb0608,0.11920966487377882,Normal
tb0609,0.9527798146009445,TB
tb0610,0.9018547087907791,TB
tb0611,0.7898235768079758,TB
tb0612,0.556655079126358,TB
tb0615,0.22928378358483315,Normal
tb0616,0.2035085684619844,Normal
tb0617,0.06405778927728534,Normal
tb0618,0.8056175410747528,TB
tb0619,0.587718091905117,TB
tb0620,0.9460574239492416,TB
tb0621,0.9214680790901184,TB
tb0622,0.15523442812263966,Normal
tb0623,0.7912629097700119,TB
tb0624,0.9386478960514069,TB
tb0625,0.8725273162126541,TB
tb0626,0.8515080213546753,TB
tb0627,0.915354534983635,TB
tb0628,0.9158806055784225,TB
tb0631,0.5313021652400494,TB
tb0633,0.5814772807061672,TB
tb0634,0.15531316585838795,Normal
tb0635,0.037153553450480103,Normal
tb0636,0.902660608291626,TB
tb0637,0.8941246420145035,TB
tb0638,0.7714090868830681,TB
tb0639,0.936394527554512,TB
tb0640,0.5807849355041981,TB
tb0642,0.8969871997833252,TB
tb0643,0.9109876304864883,TB
tb0644,0.7742240279912949,TB
tb0645,0.8699631243944168,TB
tb0646,0.020000350195914507,Normal
tb0647,0.8761841803789139,TB
tb0653,0.931077390909195,TB
tb0654,0.7679952085018158,TB
tb0657,0.6501665860414505,TB
tb0659,0.8785939365625381,TB
tb0660,0.8984406590461731,TB
tb0662,0.8254524022340775,TB
tb0663,0.6130427792668343,TB
tb0664,0.6676081195473671,TB
tb0666,0.9364412277936935,TB
tb0667,0.7514405995607376,TB
tb0668,0.8448978513479233,TB
tb0669,0.4702720381319523,Normal
tb0672,0.9381058663129807,TB
tb0675,0.8716259598731995,TB
tb0676,0.7942448258399963,TB
tb0677,0.10934117622673512,Normal
tb0678,0.7098890617489815,TB
tb0679,0.041673852829262614,Normal
tb0680,0.8764840960502625,TB
tb0681,0.8614296019077301,TB
tb0684,0.4201713092625141,Normal
tb0686,0.9069295972585678,TB
tb0688,0.6727427691221237,TB
tb0690,0.8600651621818542,TB
tb0691,0.8491661250591278,TB
tb0692,0.9377932101488113,TB
tb0693,0.9286480247974396,TB
tb0695,0.9363359659910202,TB
tb0700,0.8753717988729477,TB
tb0702,0.9033192545175552,TB
tb0705,0.8974564075469971,TB
tb0708,0.9127249270677567,TB
tb0710,0.854659229516983,TB
tb0711,0.2493014819920063,Normal
tb0713,0.9479946941137314,TB
tb0715,0.8805793672800064,TB
tb0716,0.11708171106874943,Normal
tb0717,0.9223762005567551,TB
tb0719,0.8883824795484543,TB
tb0720,0.7104402482509613,TB
tb0721,0.5616293027997017,TB
tb0724,0.5827069357037544,TB
tb0725,0.7792514264583588,TB
tb0726,0.9378880262374878,TB
tb0729,0.7494426071643829,TB
tb0730,0.9085712432861328,TB
tb0732,0.9553080648183823,TB
tb0733,0.6450984477996826,TB
tb0734,0.19617646979168057,Normal
tb0735,0.647174596786499,TB
tb0738,0.8956130594015121,TB
tb0739,0.3388344310224056,Normal
tb0742,0.7415716797113419,TB
tb0743,0.7295077741146088,TB
tb0746,0.8010371178388596,TB
tb0749,0.3358374573290348,Normal
tb0750,0.6753847002983093,TB
tb0751,0.7301917746663094,TB
tb0752,0.9449486136436462,TB
tb0754,0.9141829907894135,TB
tb0755,0.8492067158222198,TB
tb0758,0.27451344579458237,Normal
tb0759,0.9319160878658295,TB
tb0760,0.20214352291077375,Normal
tb0762,0.9051133245229721,TB
tb0763,0.1840976383537054,Normal
tb0765,0.8805612176656723,TB
tb0766,0.6926070153713226,TB
tb0767,0.6035606563091278,TB
tb0770,0.2071749661117792,Normal
tb0773,0.7809538692235947,TB
tb0776,0.9094810634851456,TB
tb0777,0.9296839088201523,TB
tb0781,0.8556225746870041,TB
tb0783,0.9019251465797424,TB
tb0784,0.9472840279340744,TB
tb0786,0.5999612137675285,TB
tb0787,0.9189186841249466,TB
tb0788,0.5708902105689049,TB
tb0790,0.8329765349626541,TB
tb0792,0.8613443970680237,TB
tb0794,0.9387535601854324,TB
tb0795,0.727819636464119,TB
tb0796,0.9252225756645203,TB
tb0797,0.15841889567673206,Normal
tb0798,0.9464217871427536,TB
tb0799,0.3041230980306864,Normal
tb0801,0.9254080802202225,TB
tb0802,0.24104535393416882,Normal
tb0804,0.9294654726982117,TB
tb0805,0.36239753291010857,Normal
tb0806,0.8779750168323517,TB
tb0807,0.9166886210441589,TB
tb0812,0.945555180311203,TB
tb0813,0.9578498750925064,TB
tb0814,0.8925045430660248,TB
tb0816,0.9318044483661652,TB
tb0817,0.9251402467489243,TB
tb0819,0.9253654032945633,TB
tb0821,0.07459621224552393,Normal
tb0822,0.8205118328332901,TB
tb0823,0.9505943357944489,TB
tb0824,0.7622639089822769,TB
tb0825,0.8993622064590454,TB
tb0826,0.9393448084592819,TB
tb0827,0.14903207682073116,Normal
tb0829,0.8987138271331787,TB
tb0830,0.8919739127159119,TB
tb0831,0.8864691108465195,TB
tb0832,0.8253121227025986,TB
tb0833,0.9090299308300018,TB
tb0834,0.801003098487854,TB
tb0837,0.6040777079761028,TB
tb0838,0.9502112716436386,TB
tb0839,0.2105798926204443,Normal
tb0841,0.5470680929720402,TB
tb0842,0.8999604880809784,TB
tb0843,0.8757738471031189,TB
tb0844,0.9052816033363342,TB
tb0846,0.41017816960811615,Normal
tb0848,0.8826287388801575,TB
tb0849,0.8411964178085327,TB
tb0851,0.9220411479473114,TB
tb0852,0.5307775819674134,TB
tb0853,0.757379949092865,TB
tb0855,0.8395525813102722,TB
tb0858,0.9420205503702164,TB
tb0859,0.7429160177707672,TB
tb0860,0.9272004067897797,TB
tb0862,0.9498076736927032,TB
tb0863,0.6612362414598465,TB
tb0864,0.43667625170201063,Normal
tb0865,0.9394552260637283,TB
tb0867,0.06049152556806803,Normal
tb0870,0.9374063163995743,TB
tb0871,0.4700575489550829,Normal
tb0874,0.9232983738183975,TB
tb0875,0.8988065719604492,TB
tb0876,0.8965809047222137,TB
tb0879,0.7749369889497757,TB
tb0880,0.9357588589191437,TB
tb0881,0.8878320753574371,TB
tb0882,0.6937310099601746,TB
tb0884,0.942892849445343,TB
tb0887,0.6860093623399734,TB
tb0888,0.9328735619783401,TB
tb0889,0.9093287289142609,TB
tb0890,0.9368544369935989,TB
tb0892,0.9317234605550766,TB
tb0893,0.7762255370616913,TB
tb0895,0.9009249210357666,TB
tb0896,0.9357089251279831,TB
tb0897,0.947190523147583,TB
tb0898,0.836072713136673,TB
tb0899,0.7932437062263489,TB
tb0900,0.8785322308540344,TB
tb0902,0.370123652741313,Normal
tb0903,0.8262727409601212,TB
tb0905,0.8894224762916565,TB
tb0907,0.6167041510343552,TB
tb0908,0.8574587404727936,TB
tb0909,0.6158914342522621,TB
tb0912,0.9268644899129868,TB
tb0914,0.8697914183139801,TB
tb0915,0.9294189214706421,TB
tb0916,0.7284782379865646,TB
tb0917,0.9264941215515137,TB
tb0918,0.9410040229558945,TB
tb0919,0.7378198057413101,TB
tb0920,0.3258930230513215,Normal
tb0921,0.672330230474472,TB
tb0923,0.8809997737407684,TB
tb0925,0.8686904162168503,TB
tb0926,0.872436910867691,TB
tb0927,0.9281986057758331,TB
tb0928,0.29541438445448875,Normal
tb0929,0.9483345597982407,TB
tb0930,0.10363157652318478,Normal
tb0931,0.8985170722007751,TB
tb0934,0.9138910174369812,TB
tb0938,0.890051081776619,TB
tb0940,0.8798345029354095,TB
tb0942,0.8475890606641769,TB
tb0943,0.9327303320169449,TB
tb0945,0.7144873142242432,TB
tb0949,0.9104980975389481,TB
tb0950,0.8170377910137177,TB
tb0951,0.8238446712493896,TB
tb0953,0.8825453072786331,TB
tb0954,0.3303718902170658,Normal
tb0955,0.9346253573894501,TB
tb0957,0.640388548374176,TB
tb0960,0.893212229013443,TB
tb0961,0.3153447061777115,Normal
tb0962,0.9229931086301804,TB
tb0963,0.8448585122823715,TB
tb0964,0.917016014456749,TB
tb0965,0.8150449693202972,TB
tb0966,0.9272479116916656,TB
tb0968,0.7674661576747894,TB
tb0970,0.9451643824577332,TB
tb0974,0.8835415542125702,TB
tb0978,0.9325061738491058,TB
tb0979,0.44421426812186837,Normal
tb0980,0.9293616861104965,TB
tb0981,0.9388174414634705,TB
tb0982,0.9178266078233719,TB
tb0983,0.22092264611274004,Normal
tb0984,0.4131562877446413,Normal
tb0985,0.90445676445961,TB
tb0987,0.8880334496498108,TB
tb0989,0.8820288926362991,TB
tb0990,0.9351225942373276,TB
tb0991,0.9468753486871719,TB
tb0994,0.9093054085969925,TB
tb0995,0.8670534044504166,TB
tb0996,0.8960965722799301,TB
tb0997,0.8737593442201614,TB
tb0998,0.9203208684921265,TB
tb0999,0.8337945491075516,TB
tb1000,0.8246579021215439,TB
tb1002,0.880015954375267,TB
tb1003,0.9173821359872818,TB
tb1004,0.585431307554245,TB
tb1005,0.7806991413235664,TB
tb1006,0.8987583965063095,TB
tb1008,0.5196614637970924,TB
tb1010,0.9438657164573669,TB
tb1011,0.947134792804718,TB
tb1012,0.9212672263383865,TB
tb1013,0.013581787468865514,Normal
tb1014,0.9599110931158066,TB
tb1015,0.6403606459498405,TB
tb1017,0.9365566968917847,TB
tb1018,0.7293089851737022,TB
tb1019,0.890125647187233,TB
tb1020,0.6897817887365818,TB
tb1021,0.39618438109755516,Normal
tb1022,0.7416611164808273,TB
tb1023,0.9305226504802704,TB
tb1024,0.9274650663137436,TB
tb1027,0.7018755003809929,TB
tb1028,0.25737904384732246,Normal
tb1029,0.4903449616394937,Normal
tb1030,0.8562715798616409,TB
tb1031,0.908271387219429,TB
tb1032,0.3334823567420244,Normal
tb1034,0.9268900603055954,TB
tb1036,0.9320749044418335,TB
tb1037,0.9294680505990982,TB
tb1041,0.9331121146678925,TB
tb1042,0.40227946266531944,Normal
tb1043,0.43228291254490614,Normal
tb1044,0.5013800039887428,TB
tb1045,0.9093861430883408,TB
tb1047,0.7715781331062317,TB
tb1049,0.8922213464975357,TB
tb1050,0.7662255764007568,TB
tb1052,0.06424968922510743,Normal
tb1054,0.32021471904590726,Normal
tb1055,0.9332503825426102,TB
tb1056,0.8838105201721191,TB
tb1057,0.840785413980484,TB
tb1058,0.8952990919351578,TB
tb1059,0.6413146331906319,TB
tb1060,0.8907090872526169,TB
tb1064,0.6356970025226474,TB
tb1065,0.8987016826868057,TB
tb1066,0.5605320241302252,TB
tb1067,0.9287223666906357,TB
tb1068,0.9352794736623764,TB
tb1070,0.553720660507679,TB
tb1071,0.8350639492273331,TB
tb1072,0.8970066010951996,TB
tb1073,0.6702750697731972,TB
tb1074,0.13861260982230306,Normal
tb1075,0.8754089772701263,TB
tb1077,0.383974346332252,Normal
tb1078,0.8903488218784332,TB
tb1079,0.7205968126654625,TB
tb1080,0.09774205926805735,Normal
tb1082,0.9484404027462006,TB
tb1084,0.912593886256218,TB
tb1085,0.8891244232654572,TB
tb1086,0.8945599645376205,TB
tb1090,0.9430015683174133,TB
tb1092,0.8933388888835907,TB
tb1093,0.9066199064254761,TB
tb1096,0.8553421944379807,TB
tb1098,0.8082826882600784,TB
tb1099,0.3813237249851227,Normal
tb1100,0.9011650085449219,TB
tb1102,0.870706632733345,TB
tb1104,0.9367975294589996,TB
tb1105,0.5949559584259987,TB
tb1106,0.3396228030323982,Normal
tb1107,0.9506907016038895,TB
tb1108,0.5130279678851366,TB
tb1112,0.03592072636820376,Normal
tb1113,0.9011504054069519,TB
tb1114,0.6100338324904442,TB
tb1115,0.950938418507576,TB
tb1116,0.6884426884353161,TB
tb1117,0.5954024493694305,TB
tb1120,0.07442885427735746,Normal
tb1122,0.44866818375885487,Normal
tb1123,0.7811184525489807,TB
tb1124,0.7445617914199829,TB
tb1126,0.8553318679332733,TB
tb1127,0.8838346749544144,TB
tb1129,0.868946835398674,TB
tb1131,0.42628397047519684,Normal
tb1132,0.8944977074861526,TB
tb1133,0.9042550325393677,TB
tb1134,0.9450311362743378,TB
tb1136,0.9005826115608215,TB
tb1137,0.8950169831514359,TB
tb1138,0.9002601504325867,TB
tb1139,0.8123732805252075,TB
tb1141,0.8808731734752655,TB
tb1143,0.8586370199918747,TB
tb1148,0.7135948091745377,TB
tb1150,0.9371611028909683,TB
tb1152,0.9560838937759399,TB
tb1154,0.12096108286641538,Normal
tb1156,0.9431770443916321,TB
tb1157,0.12970528937876225,Normal
tb1158,0.8910208493471146,TB
tb1160,0.3931839168071747,Normal
tb1161,0.2309207022190094,Normal
tb1162,0.9274119734764099,TB
tb1163,0.09425349486991763,Normal
tb1165,0.34253159910440445,Normal
tb1166,0.5460813222452998,TB
tb1167,0.8893226087093353,TB
tb1168,0.9504814594984055,TB
tb1170,0.556902670301497,TB
tb1173,0.8044192045927048,TB
tb1174,0.5248008258640766,TB
tb1175,0.927218571305275,TB
tb1177,0.6994996443390846,TB
tb1178,0.8605190515518188,TB
tb1179,0.7877417057752609,TB
tb1180,0.9120052605867386,TB
tb1181,0.031040650326758623,Normal
tb1183,0.9127229899168015,TB
tb1185,0.9136295914649963,TB
tb1186,0.7691794037818909,TB
tb1188,0.9032258689403534,TB
tb1190,0.5316098965704441,TB
tb1191,0.9449378103017807,TB
tb1192,0.9487995803356171,TB
tb1194,0.8726977556943893,TB
tb1196,0.9244451820850372,TB
tb1197,0.9502548277378082,TB
tb1199,0.037759099155664444,Normal
h0001,0.02981852414086461,Normal
h0003,0.016967829084023833,Normal
h0004,0.7784183174371719,TB
h0005,0.0372804650105536,Normal
h0006,0.4206237122416496,Normal
h0008,0.1938826534897089,Normal
h0009,0.05578801780939102,Normal
h0010,0.03537350497208536,Normal
h0012,0.06665508588775992,Normal
h0013,0.01612388016656041,Normal
h0016,0.17135784961283207,Normal
h0017,0.01802870351821184,Normal
h0018,0.015490257879719138,Normal
h0019,0.023534653708338737,Normal
h0020,0.020622741198167205,Normal
h0021,0.1042697629891336,Normal
h0022,0.02704376238398254,Normal
h0023,0.05260697938501835,Normal
h0025,0.3337045330554247,Normal
h0026,0.18603129964321852,Normal
h0027,0.11129024438560009,Normal
h0028,0.5233079344034195,TB
h0030,0.04712972231209278,Normal
h0031,0.07560366578400135,Normal
h0032,0.40129985893145204,Normal
h0033,0.12332968693226576,Normal
h0034,0.0282635735347867,Normal
h0035,0.03976065432652831,Normal
h0036,0.028609714237973094,Normal
h0038,0.45481050945818424,Normal
h0039,0.11719764582812786,Normal
h0040,0.020072652958333492,Normal
h0041,0.048356492538005114,Normal
h0042,0.02921063033863902,Normal
h0043,0.036376737989485264,Normal
h0044,0.03893091599456966,Normal
h0045,0.047625754959881306,Normal
h0046,0.18886526953428984,Normal
h0048,0.022258698008954525,Normal
h0049,0.35958289727568626,Normal
h0050,0.08017410337924957,Normal
h0051,0.01964773191139102,Normal
h0053,0.024194393772631884,Normal
h0054,0.07038255408406258,Normal
h0055,0.07295598462224007,Normal
h0056,0.04407533165067434,Normal
h0057,0.03715464402921498,Normal
h0060,0.12179824383929372,Normal
h0061,0.02916678669862449,Normal
h0062,0.3438756912946701,Normal
h0063,0.25067504681646824,Normal
h0064,0.1917175156995654,Normal
h0066,0.39630201924592257,Normal
h0067,0.038573306519538164,Normal
h0069,0.07011246168985963,Normal
h0070,0.010147727793082595,Normal
h0071,0.04216239717788994,Normal
h0072,0.3124733604490757,Normal
h0073,0.013622821075841784,Normal
h0074,0.38347330316901207,Normal
h0075,0.14842645730823278,Normal
h0076,0.04017816320993006,Normal
h0078,0.032817618222907186,Normal
h0079,0.3621450252830982,Normal
h0080,0.05000146245583892,Normal
h0081,0.014345702365972102,Normal
h0082,0.012987070949748158,Normal
h0083,0.21314066369086504,Normal
h0084,0.22990855481475592,Normal
h0085,0.02903516381047666,Normal
h0087,0.039696588180959225,Normal
h0088,0.04853065777570009,Normal
h0090,0.1743224011734128,Normal
h0091,0.40629550255835056,Normal
h0093,0.18172766966745257,Normal
h0094,0.025206012185662985,Normal
h0095,0.06905942736193538,Normal
h0096,0.08844844670966268,Normal
h0097,0.07161918515339494,Normal
h0098,0.0609970074146986,Normal
h0100,0.0877997656352818,Normal
h0101,0.04586090240627527,Normal
h0102,0.0499459533020854,Normal
h0103,0.03976878011599183,Normal
h0104,0.6222871840000153,TB
h0105,0.05813048221170902,Normal
h0107,0.02953259600326419,Normal
h0108,0.07046398520469666,Normal
h0111,0.012594358995556831,Normal
h0112,0.030778979416936636,Normal
h0113,0.050684332847595215,Normal
h0114,0.13794973166659474,Normal
h0115,0.7965031266212463,TB
h0116,0.4914429523050785,Normal
h0117,0.09377203602343798,Normal
h0118,0.09499823860824108,Normal
h0119,0.15110497828572989,Normal
h0120,0.09601722378283739,Normal
h0121,0.07828604546375573,Normal
h0122,0.23980218917131424,Normal
h0123,0.2502328851260245,Normal
h0124,0.027955242432653904,Normal
h0125,0.017459323862567544,Normal
h0126,0.07202500943094492,Normal
h0127,0.08850592724047601,Normal
h0129,0.02299444144591689,Normal
h0131,0.030607898021116853,Normal
h0132,0.3791663618758321,Normal
h0133,0.02205102751031518,Normal
h0134,0.3753983713686466,Normal
h0135,0.12794046197086573,Normal
h0137,0.03447824716567993,Normal
h0138,0.07381377601996064,Normal
h0140,0.20015378296375275,Normal
h0141,0.017302571795880795,Normal
h0142,0.08075212175026536,Normal
h0143,0.04862058162689209,Normal
h0144,0.013987687416374683,Normal
h0145,0.02505167294293642,Normal
h0146,0.059386663138866425,Normal
h0147,0.03372953599318862,Normal
h0149,0.11455887602642179,Normal
h0150,0.04551465716212988,Normal
h0152,0.045715874526649714,Normal
h0153,0.4023207910358906,Normal
h0154,0.08885304722934961,Normal
h0155,0.02063744468614459,Normal
h0156,0.07069285865873098,Normal
h0157,0.04308825545012951,Normal
h0158,0.0643265345133841,Normal
h0159,0.5776376975700259,TB
h0160,0.4034389406442642,Normal
h0161,0.1185715589672327,Normal
h0163,0.05265727499499917,Normal
h0164,0.19286699313670397,Normal
h0165,0.32707783952355385,Normal
h0166,0.05717316339723766,Normal
h0167,0.8612123429775238,TB
h0168,0.011774310609325767,Normal
h0169,0.013892502523958683,Normal
h0170,0.10085347667336464,Normal
h0171,0.05806981213390827,Normal
h0172,0.04150099237449467,Normal
h0174,0.2752027399837971,Normal
h0176,0.08022432308644056,Normal
h0178,0.05718591157346964,Normal
h0179,0.11121903080493212,Normal
h0180,0.014743312378413975,Normal
h0181,0.061453638365492225,Normal
h0182,0.5745095629245043,TB
h0184,0.1225187024101615,Normal
h0186,0.011880009900778532,Normal
h0187,0.02778556034900248,Normal
h0188,0.06539200153201818,Normal
h0189,0.018077539978548884,Normal
h0190,0.014028064906597137,Normal
h0192,0.084754683310166,Normal
h0193,0.09643469005823135,Normal
h0194,0.406305817887187,Normal
h0195,0.028715736465528607,Normal
h0196,0.07781479018740356,Normal
h0198,0.6451190561056137,TB
h0199,0.04875482199713588,Normal
h0201,0.17277777823619545,Normal
h0202,0.18238485231995583,Normal
h0203,0.10126433940604329,Normal
h0204,0.01664591720327735,Normal
h0208,0.5764665119349957,TB
h0209,0.03368430491536856,Normal
h0210,0.06892846757546067,Normal
h0212,0.023200977593660355,Normal
h0213,0.10787831526249647,Normal
h0214,0.20076662115752697,Normal
h0216,0.07640976505354047,Normal
h0217,0.03562392387539148,Normal
h0218,0.055265748174861073,Normal
h0219,0.0555233801715076,Normal
h0221,0.2534927176311612,Normal
h0223,0.03225552663207054,Normal
h0224,0.32195838913321495,Normal
h0225,0.029026584699749947,Normal
h0227,0.32357404893264174,Normal
h0230,0.022286949213594198,Normal
h0231,0.26338228955864906,Normal
h0232,0.42378467321395874,Normal
h0233,0.2744596032425761,Normal
h0234,0.16745241452008486,Normal
h0235,0.15270954556763172,Normal
h0236,0.1373857446014881,Normal
h0237,0.3409413620829582,Normal
h0238,0.032165380427613854,Normal
h0239,0.3032316192984581,Normal
h0241,0.05135680781677365,Normal
h0242,0.296626266092062,Normal
h0243,0.03146573365665972,Normal
h0244,0.013128102757036686,Normal
h0245,0.1234725471585989,Normal
h0246,0.014367359690368176,Normal
h0247,0.1396641549654305,Normal
h0248,0.16710457671433687,Normal
h0249,0.028382535558193922,Normal
h0250,0.3318261196836829,Normal
h0251,0.5106918755918741,TB
h0252,0.36252519860863686,Normal
h0254,0.03816814348101616,Normal
h0255,0.22590074874460697,Normal
h0258,0.054466537199914455,Normal
h0259,0.020854281494393945,Normal
h0261,0.042387266643345356,Normal
h0262,0.04071873612701893,Normal
h0263,0.12626178469508886,Normal
h0264,0.02779463492333889,Normal
h0265,0.033340283669531345,Normal
h0267,0.08403973327949643,Normal
h0268,0.702948123216629,TB
h0269,0.07717090379446745,Normal
h0270,0.1451487010344863,Normal
h0272,0.07588767120614648,Normal
h0273,0.30983470659703016,Normal
h0276,0.0821385239250958,Normal
h0277,0.3434193292632699,Normal
h0278,0.05096142180263996,Normal
h0279,0.016376940067857504,Normal
h0281,0.1974348984658718,Normal
h0282,0.027218462666496634,Normal
h0283,0.02521616010926664,Normal
h0284,0.016990683041512966,Normal
h0285,0.16681607579812407,Normal
h0286,0.108543009031564,Normal
h0287,0.3358407150954008,Normal
h0288,0.0776936449110508,Normal
h0289,0.12139148451387882,Normal
h0290,0.12099059810861945,Normal
h0291,0.023209418635815382,Normal
h0292,0.05428800778463483,Normal
h0293,0.09392879728693515,Normal
h0294,0.7153691574931145,TB
h0295,0.30185791850090027,Normal
h0297,0.28582380642183125,Normal
h0298,0.08017896674573421,Normal
h0299,0.02101980079896748,Normal
h0301,0.08138560084626079,Normal
h0302,0.08362119365483522,Normal
h0303,0.04778727097436786,Normal
h0304,0.020627389196306467,Normal
h0305,0.034437622874975204,Normal
h0306,0.04516243259422481,Normal
h0307,0.0221797211561352,Normal
h0310,0.07176771620288491,Normal
h0311,0.1544687058776617,Normal
h0312,0.027419885620474815,Normal
h0313,0.1563408188521862,Normal
h0314,0.06296639144420624,Normal
h0315,0.026753720361739397,Normal
h0316,0.015516876243054867,Normal
h0317,0.04647154198028147,Normal
h0318,0.10612605232745409,Normal
h0319,0.22638734057545662,Normal
h0320,0.036841883324086666,Normal
h0321,0.058160008396953344,Normal
h0322,0.017405433347448707,Normal
h0323,0.10368722351267934,Normal
h0325,0.04289913969114423,Normal
h0326,0.053362502017989755,Normal
h0327,0.042510819155722857,Normal
h0328,0.036735726054757833,Normal
h0329,0.023169043939560652,Normal
h0330,0.030768046621233225,Normal
h0331,0.07070850720629096,Normal
h0332,0.11101050861179829,Normal
h0333,0.07966960221529007,Normal
h0334,0.06883705244399607,Normal
h0335,0.044802096439525485,Normal
h0337,0.06779986014589667,Normal
h0338,0.05707942508161068,Normal
h0340,0.02754543535411358,Normal
h0341,0.015078057069331408,Normal
h0343,0.04405175615102053,Normal
h0345,0.5479374527931213,TB
h0346,0.6239592880010605,TB
h0347,0.2542831227183342,Normal
h0349,0.3383070006966591,Normal
h0350,0.255683658644557,Normal
h0351,0.03467586077749729,Normal
h0353,0.036690535955131054,Normal
h0354,0.018268868327140808,Normal
h0355,0.09977515321224928,Normal
h0356,0.07982666371390224,Normal
h0357,0.030817429069429636,Normal
h0358,0.10268387384712696,Normal
h0359,0.03652230300940573,Normal
h0360,0.1154188672080636,Normal
h0362,0.46980784088373184,Normal
h0363,0.4148373566567898,Normal
h0364,0.21653907280415297,Normal
h0366,0.3564021158963442,Normal
h0368,0.08093792153522372,Normal
h0369,0.07383703952655196,Normal
h0370,0.010796056129038334,Normal
h0371,0.014407779788598418,Normal
h0372,0.05594516824930906,Normal
h0374,0.012734852498397231,Normal
h0375,0.027493707137182355,Normal
h0376,0.15818558726459742,Normal
h0377,0.2417740635573864,Normal
h0378,0.07618983183056116,Normal
h0379,0.25954787246882915,Normal
h0381,0.08082668157294393,Normal
h0382,0.5562301278114319,TB
h0383,0.08764204243198037,Normal
h0385,0.043475735001266,Normal
h0386,0.3094675112515688,Normal
h0387,0.05822127661667764,Normal
h0388,0.018770004622638226,Normal
h0389,0.017590638482943177,Normal
h0390,0.1758670350536704,Normal
h0391,0.05003605177626014,Normal
h0392,0.06312260311096907,Normal
h0393,0.20005188696086407,Normal
h0394,0.06587677728384733,Normal
h0395,0.16924506379291415,Normal
h0396,0.07459476636722684,Normal
h0397,0.014793961774557829,Normal
h0399,0.2351490231230855,Normal
h0401,0.2838956117630005,Normal
h0402,0.18293038941919804,Normal
h0405,0.07822621101513505,Normal
h0406,0.13584806956350803,Normal
h0407,0.039202730637043715,Normal
h0408,0.2263655192218721,Normal
h0409,0.015689329709857702,Normal
h0412,0.25144475512206554,Normal
h0413,0.4606568478047848,Normal
h0414,0.13251646142452955,Normal
h0415,0.11983318533748388,Normal
h0416,0.06141355959698558,Normal
h0417,0.027042594272643328,Normal
h0418,0.059022929053753614,Normal
h0419,0.04737724456936121,Normal
h0420,0.048771667294204235,Normal
h0421,0.36361122061498463,Normal
h0422,0.03878819849342108,Normal
h0423,0.15022416599094868,Normal
h0424,0.058179229497909546,Normal
h0425,0.020211923634633422,Normal
h0426,0.3435396533459425,Normal
h0427,0.021127460058778524,Normal
h0428,0.0245076899882406,Normal
h0429,0.033565829740837216,Normal
h0430,0.018201460363343358,Normal
h0432,0.08086461620405316,Normal
h0433,0.33645305410027504,Normal
h0434,0.035218913573771715,Normal
h0435,0.011422971030697227,Normal
h0436,0.1894465535879135,Normal
h0438,0.42947007063776255,Normal
h0439,0.01379925082437694,Normal
h0440,0.24036253429949284,Normal
h0443,0.1596815064549446,Normal
h0444,0.051157317124307156,Normal
h0445,0.149480166612193,Normal
h0446,0.11692746914923191,Normal
h0447,0.054177926387637854,Normal
h0448,0.030808391515165567,Normal
h0449,0.037122266832739115,Normal
h0450,0.04365341644734144,Normal
h0451,0.020398973720148206,Normal
h0453,0.23345650173723698,Normal
h0454,0.05368605861440301,Normal
h0455,0.1546599748544395,Normal
h0457,0.45544683281332254,Normal
h0458,0.04120671143755317,Normal
h0460,0.0628522951155901,Normal
h0462,0.2445646207779646,Normal
h0463,0.017578105675056577,Normal
h0464,0.018290343694388866,Normal
h0466,0.15247300080955029,Normal
h0467,0.20943701034411788,Normal
h0468,0.41609437577426434,Normal
h0471,0.1297700242139399,Normal
h0472,0.5296590365469456,TB
h0473,0.13156487047672272,Normal
h0474,0.23447656631469727,Normal
h0475,0.019111309200525284,Normal
h0476,0.024337957613170147,Normal
h0477,0.07589074550196528,Normal
h0478,0.20928895100951195,Normal
h0479,0.027908641379326582,Normal
h0480,0.19212708715349436,Normal
h0481,0.15669537149369717,Normal
h0482,0.02701456705108285,Normal
h0483,0.07003527088090777,Normal
h0485,0.2197388205677271,Normal
h0487,0.06053757481276989,Normal
h0489,0.02741686045192182,Normal
h0490,0.08571752300485969,Normal
h0492,0.1207088753581047,Normal
h0494,0.022457515355199575,Normal
h0495,0.07133361743763089,Normal
h0496,0.19613176584243774,Normal
h0498,0.26918031834065914,Normal
h0500,0.24362932611256838,Normal
h0501,0.04801957355812192,Normal
h0503,0.06423916574567556,Normal
h0504,0.13900092989206314,Normal
h0507,0.12209967849776149,Normal
h0508,0.019295770674943924,Normal
h0510,0.06882953969761729,Normal
h0511,0.10137433558702469,Normal
h0512,0.039966457057744265,Normal
h0515,0.11131248017773032,Normal
h0517,0.23721290938556194,Normal
h0518,0.029542371165007353,Normal
h0519,0.19464878644794226,Normal
h0520,0.09739491762593389,Normal
h0521,0.5711097549647093,TB
h0523,0.2384261479601264,Normal
h0524,0.34628182649612427,Normal
h0527,0.12273630918934941,Normal
h0528,0.018436635145917535,Normal
h0529,0.05794960167258978,Normal
h0530,0.05264201574027538,Normal
h0533,0.2203968157991767,Normal
h0534,0.03312461171299219,Normal
h0535,0.11135766049847007,Normal
h0536,0.2505622850731015,Normal
h0538,0.31542301177978516,Normal
h0541,0.22032546903938055,Normal
h0542,0.08057403657585382,Normal
h0544,0.025240333983674645,Normal
h0546,0.029679886298254132,Normal
h0547,0.12980475183576345,Normal
h0548,0.6822072938084602,TB
h0549,0.3081235680729151,Normal
h0550,0.01709265960380435,Normal
h0551,0.4755348479375243,Normal
h0552,0.08720192965120077,Normal
h0553,0.38889721874147654,Normal
h0554,0.019416852621361613,Normal
h0555,0.018109581898897886,Normal
h0556,0.12253728159703314,Normal
h0557,0.2882919297553599,Normal
h0559,0.4016948863863945,Normal
h0561,0.0393313723616302,Normal
h0564,0.05326190032064915,Normal
h0567,0.0293459496460855,Normal
h0568,0.06517485016956925,Normal
h0569,0.012186735053546727,Normal
h0570,0.5330416755750775,TB
h0571,0.2532327910885215,Normal
h0572,0.040659379214048386,Normal
h0575,0.41150398179888725,Normal
h0576,0.04307257989421487,Normal
h0577,0.028689972357824445,Normal
h0578,0.054604689590632915,Normal
h0581,0.35629515862092376,Normal
h0582,0.017642225604504347,Normal
h0583,0.020159517182037234,Normal
h0584,0.10072965151630342,Normal
h0585,0.022708742879331112,Normal
h0586,0.009672419866546988,Normal
h0588,0.10580765269696712,Normal
h0589,0.026794980047270656,Normal
h0590,0.1337657393887639,Normal
h0592,0.02031442034058273,Normal
h0593,0.0818141729105264,Normal
h0596,0.3608609326183796,Normal
h0597,0.139109680429101,Normal
h0598,0.011862012441270053,Normal
h0599,0.018219711491838098,Normal
h0600,0.023408789420500398,Normal
h0603,0.02646027714945376,Normal
h0605,0.02867890940979123,Normal
h0606,0.0543278893455863,Normal
h0607,0.05249186838045716,Normal
h0609,0.013194585568271577,Normal
h0610,0.021784199634566903,Normal
h0614,0.49626965820789337,Normal
h0615,0.484553387388587,Normal
h0616,0.12197278533130884,Normal
h0617,0.20888779452070594,Normal
h0618,0.10943400580435991,Normal
h0619,0.03251031134277582,Normal
h0621,0.0813635210506618,Normal
h0623,0.018994460348039865,Normal
h0625,0.04495019977912307,Normal
h0626,0.0382713342551142,Normal
h0629,0.02473748568445444,Normal
h0632,0.046049512224271894,Normal
h0634,0.13163756905123591,Normal
h0635,0.023527431767433882,Normal
h0636,0.01093809341546148,Normal
h0638,0.5810185968875885,TB
h0639,0.09004465583711863,Normal
h0640,0.020460201194509864,Normal
h0641,0.42682253662496805,Normal
h0642,0.05811624601483345,Normal
h0643,0.03603622340597212,Normal
h0644,0.14711912721395493,Normal
h0645,0.25082029961049557,Normal
h0646,0.22878754884004593,Normal
h0647,0.10799173172563314,Normal
h0648,0.05964416265487671,Normal
h0649,0.04085396369919181,Normal
h0651,0.013991132378578186,Normal
h0652,0.06840233318507671,Normal
h0654,0.015964670572429895,Normal
h0656,0.015061609679833055,Normal
h0657,0.0580380205065012,Normal
h0658,0.12399868108332157,Normal
h0659,0.1825416972860694,Normal
h0661,0.4659709818661213,Normal
h0662,0.1451530884951353,Normal
h0665,0.4023965410888195,Normal
h0667,0.030536336358636618,Normal
h0668,0.47987867519259453,Normal
h0669,0.4409189447760582,Normal
h0673,0.22121323365718126,Normal
h0674,0.1791448462754488,Normal
h0675,0.10743712983094156,Normal
h0677,0.034138927003368735,Normal
h0678,0.5426974883303046,TB
h0679,0.05776822054758668,Normal
h0680,0.17185568064451218,Normal
h0681,0.06786408182233572,Normal
h0682,0.01789079769514501,Normal
h0684,0.028793217381462455,Normal
h0685,0.013555211015045643,Normal
h0686,0.343575619161129,Normal
h0687,0.03797843004576862,Normal
h0688,0.20672052167356014,Normal
h0689,0.1349380761384964,Normal
h0690,0.2192698810249567,Normal
h0691,0.6945658475160599,TB
h0692,0.03296804754063487,Normal
h0693,0.05997649021446705,Normal
h0694,0.25334893725812435,Normal
h0695,0.10529526183381677,Normal
h0697,0.0339778340421617,Normal
h0698,0.47957706823945045,Normal
h0700,0.16390785295516253,Normal
h0701,0.2077528852969408,Normal
h0702,0.23668751493096352,Normal
h0704,0.15191786084324121,Normal
h0707,0.07237452478148043,Normal
h0709,0.1709830048494041,Normal
h0710,0.04687385982833803,Normal
h0711,0.2374814860522747,Normal
h0712,0.01019073638599366,Normal
h0713,0.044927769573405385,Normal
h0714,0.2410615007393062,Normal
h0715,0.17542545404285192,Normal
h0716,0.15238174237310886,Normal
h0717,0.026199415791779757,Normal
h0719,0.01658161380328238,Normal
h0722,0.03449654579162598,Normal
h0723,0.26646302035078406,Normal
h0726,0.014176193159073591,Normal
h0727,0.014733856311067939,Normal
h0728,0.030844788067042828,Normal
h0729,0.09583035996183753,Normal
h0730,0.0549523807130754,Normal
h0732,0.03064212971366942,Normal
h0733,0.04885390494018793,Normal
h0734,0.32457856461405754,Normal
h0737,0.016058452427387238,Normal
h0738,0.022862417390570045,Normal
h0739,0.08430756768211722,Normal
h0741,0.1288856714963913,Normal
h0742,0.3540293015539646,Normal
h0743,0.049990299390628934,Normal
h0744,0.2333680670708418,Normal
h0745,0.7241695821285248,TB
h0746,0.04016286274418235,Normal
h0748,0.16565408883616328,Normal
h0749,0.028038257732987404,Normal
h0750,0.4041650779545307,Normal
h0751,0.1784696001559496,Normal
h0753,0.06794540677219629,Normal
h0756,0.0392920991871506,Normal
h0758,0.08150710724294186,Normal
h0759,0.5021289270371199,TB
h0760,0.21071164030581713,Normal
h0762,0.06395118869841099,Normal
h0763,0.024475565645843744,Normal
h0764,0.04906395450234413,Normal
h0766,0.013495835941284895,Normal
h0767,0.16736049810424447,Normal
h0769,0.16766042541712523,Normal
h0770,0.04156749090179801,Normal
h0771,0.12581807933747768,Normal
h0772,0.17829558067023754,Normal
h0775,0.15485634235665202,Normal
h0776,0.1482055764645338,Normal
h0778,0.38149046525359154,Normal
h0779,0.2475535487756133,Normal
h0780,0.10006350837647915,Normal
h0781,0.3408231660723686,Normal
h0782,0.03997603477910161,Normal
h0783,0.044536848086863756,Normal
h0786,0.03219412988983095,Normal
h0787,0.04341654176823795,Normal
h0788,0.28171492367982864,Normal
h0790,0.1991677824407816,Normal
h0791,0.10458521917462349,Normal
h0794,0.08947122935205698,Normal
h0795,0.024352428503334522,Normal
h0796,0.10930231353268027,Normal
h0799,0.33085687179118395,Normal
h0801,0.014648749493062496,Normal
h0802,0.11107813287526369,Normal
h0804,0.2413138970732689,Normal
h0805,0.03087354195304215,Normal
h0806,0.20441228244453669,Normal
h0807,0.03724486124701798,Normal
h0808,0.03458372829481959,Normal
h0810,0.014807886211201549,Normal
h0811,0.2958409655839205,Normal
h0812,0.10987366922199726,Normal
h0813,0.09817369375377893,Normal
h0814,0.18854018719866872,Normal
h0817,0.02206867653876543,Normal
h0818,0.11452448321506381,Normal
h0819,0.48595811799168587,Normal
h0821,0.052643701899796724,Normal
h0823,0.12173372507095337,Normal
h0825,0.018892450723797083,Normal
h0827,0.19783673994243145,Normal
h0828,0.09729925822466612,Normal
h0831,0.2983972355723381,Normal
h0832,0.16896774829365313,Normal
h0834,0.1629243567585945,Normal
h0835,0.369675625115633,Normal
h0836,0.015317530604079366,Normal
h0837,0.6858486086130142,TB
h0838,0.030921494588255882,Normal
h0839,0.6713380217552185,TB
h0840,0.039469796465709805,Normal
h0841,0.07042165147140622,Normal
h0842,0.01867161667905748,Normal
h0843,0.035580523777753115,Normal
h0845,0.06965105701237917,Normal
h0846,0.40254926681518555,Normal
h0847,0.04938908759504557,Normal
h0849,0.424867806956172,Normal
h0850,0.13486303389072418,Normal
h0851,0.03598560928367078,Normal
h0852,0.0839433535002172,Normal
h0853,0.25633238442242146,Normal
h0854,0.18412960320711136,Normal
h0856,0.11819509323686361,Normal
h0857,0.5135524794459343,TB
h0858,0.015032215975224972,Normal
h0859,0.026961256517097354,Normal
h0860,0.05275718728080392,Normal
h0862,0.05454667937010527,Normal
h0863,0.06590249110013247,Normal
h0864,0.02290464681573212,Normal
h0865,0.25846030842512846,Normal
h0866,0.19496905710548162,Normal
h0867,0.016844408120959997,Normal
h0868,0.03433337272144854,Normal
h0870,0.08430281840264797,Normal
h0871,0.04428109456785023,Normal
h0872,0.016269068932160735,Normal
h0873,0.024109006859362125,Normal
h0874,0.021699324250221252,Normal
h0875,0.0982413268648088,Normal
h0876,0.060007765889167786,Normal
h0877,0.08975924458354712,Normal
h0878,0.5911955535411835,TB
h0880,0.10851811803877354,Normal
h0882,0.049830793403089046,Normal
h0883,0.13484569266438484,Normal
h0884,0.04982165386900306,Normal
h0887,0.15349469427019358,Normal
h0888,0.018785529769957066,Normal
h0889,0.056326586520299315,Normal
h0890,0.09867927525192499,Normal
h0891,0.2876162640750408,Normal
h0892,0.06841292325407267,Normal
h0896,0.011328880907967687,Normal
h0897,0.030227374052628875,Normal
h0898,0.5111428126692772,TB
h0902,0.177128822542727,Normal
h0903,0.04402168747037649,Normal
h0904,0.3467497806996107,Normal
h0905,0.3530971445143223,Normal
h0906,0.04364151367917657,Normal
h0908,0.4714742414653301,Normal
h0909,0.1854546219110489,Normal
h0910,0.016959120519459248,Normal
h0911,0.12130524311214685,Normal
h0912,0.12371331127360463,Normal
h0913,0.09748172294348478,Normal
h0914,0.040186156053096056,Normal
h0915,0.8467043787240982,TB
h0916,0.07209841115400195,Normal
h0917,0.05080810282379389,Normal
h0918,0.18436481803655624,Normal
h0919,0.04699653387069702,Normal
h0920,0.212487256154418,Normal
h0921,0.06313795503228903,Normal
h0922,0.05794293852522969,Normal
h0924,0.09705256344750524,Normal
h0925,0.022562234662473202,Normal
h0926,0.4614083878695965,Normal
h0928,0.06587698915973306,Normal
h0930,0.07792348321527243,Normal
h0931,0.37545255571603775,Normal
h0933,0.06316246907226741,Normal
h0934,0.021287800977006555,Normal
h0935,0.44626143760979176,Normal
h0939,0.20586576336063445,Normal
h0940,0.04731231345795095,Normal
h0942,0.04445060808211565,Normal
h0943,0.5565016567707062,TB
h0944,0.1906263770069927,Normal
h0945,0.02754712477326393,Normal
h0946,0.008706856751814485,Normal
h0947,0.07824095198884606,Normal
h0948,0.022577105788514018,Normal
h0949,0.14871037565171719,Normal
h0950,0.027871338417753577,Normal
h0951,0.06549679161980748,Normal
h0952,0.19912666268646717,Normal
h0953,0.07852923637256026,Normal
h0954,0.44939118111506104,Normal
h0955,0.17715095356106758,Normal
h0958,0.49956983886659145,Normal
h0960,0.06936377147212625,Normal
h0961,0.019315962214022875,Normal
h0962,0.05965882702730596,Normal
h0963,0.09569854103028774,Normal
h0965,0.050942427944391966,Normal
h0966,0.09114303952082992,Normal
h0967,0.2057327046059072,Normal
h0968,0.039208201225847006,Normal
h0969,0.6200580485165119,TB
h0970,0.029257305432111025,Normal
h0971,0.020553541835397482,Normal
h0972,0.12132946169003844,Normal
h0973,0.3249638006091118,Normal
h0975,0.013506425777450204,Normal
h0976,0.3359079100191593,Normal
h0977,0.05000762362033129,Normal
h0978,0.04315109783783555,Normal
h0979,0.12149839662015438,Normal
h0982,0.02821474033407867,Normal
h0983,0.03171555092558265,Normal
h0984,0.07743542594835162,Normal
h0985,0.013293537078425288,Normal
h0986,0.2141027059406042,Normal
h0987,0.05178616335615516,Normal
h0988,0.06205443851649761,Normal
h0989,0.07162969280034304,Normal
h0990,0.038672978058457375,Normal
h0991,0.17382157407701015,Normal
h0992,0.49979420378804207,Normal
h0993,0.013671015622094274,Normal
h0995,0.32805499201640487,Normal
h0996,0.037278165109455585,Normal
h0997,0.020725016482174397,Normal
h0998,0.025202970951795578,Normal
h0999,0.06905610579997301,Normal
h1002,0.11976296361535788,Normal
h1003,0.16841459926217794,Normal
h1004,0.012348576914519072,Normal
h1005,0.01243195659480989,Normal
h1006,0.0566031220369041,Normal
h1007,0.1462176190689206,Normal
h1008,0.04351011966355145,Normal
h1009,0.17199494689702988,Normal
h1010,0.1612121630460024,Normal
h1011,0.03091592132113874,Normal
h1012,0.03889298625290394,Normal
h1013,0.04694326687604189,Normal
h1015,0.06339160725474358,Normal
h1016,0.012770071625709534,Normal
h1017,0.2310680653899908,Normal
h1019,0.23014563973993063,Normal
h1020,0.10699302656576037,Normal
h1022,0.032257838640362024,Normal
h1023,0.14891252014786005,Normal
h1024,0.030525838723406196,Normal
h1025,0.039764958899468184,Normal
h1026,0.3287717578932643,Normal
h1027,0.1318867711815983,Normal
h1028,0.3261828925460577,Normal
h1030,0.03750000917352736,Normal
h1031,0.17110009118914604,Normal
h1032,0.030923269456252456,Normal
h1033,0.12566624907776713,Normal
h1034,0.01535663940012455,Normal
h1035,0.2598647903650999,Normal
h1036,0.27909191884100437,Normal
h1037,0.01970862690359354,Normal
h1038,0.2216258067637682,Normal
h1039,0.3173237079754472,Normal
h1042,0.1471956055611372,Normal
h1044,0.10000065295025706,Normal
h1045,0.013462592614814639,Normal
h1046,0.11065143416635692,Normal
h1047,0.046531586442142725,Normal
h1048,0.20699061825871468,Normal
h1049,0.1690012812614441,Normal
h1050,0.12422281969338655,Normal
h1051,0.06819547666236758,Normal
h1052,0.04297440405935049,Normal
h1053,0.10288446675986052,Normal
h1056,0.10803261771798134,Normal
h1057,0.020559028955176473,Normal
h1058,0.14302100334316492,Normal
h1059,0.3238915307447314,Normal
h1060,0.06710698222741485,Normal
h1061,0.16051616426557302,Normal
h1062,0.2562979990616441,Normal
h1063,0.4431800413876772,Normal
h1064,0.024687790544703603,Normal
h1065,0.29006765969097614,Normal
h1066,0.274614947848022,Normal
h1068,0.35009194910526276,Normal
h1069,0.07994408439844847,Normal
h1070,0.1148499995470047,Normal
h1072,0.25797367095947266,Normal
h1073,0.015367979416623712,Normal
h1074,0.42054043989628553,Normal
h1075,0.04562820913270116,Normal
h1076,0.038210114696994424,Normal
h1077,0.2948788683861494,Normal
h1078,0.041776247788220644,Normal
h1079,0.12537346966564655,Normal
h1082,0.02625787490978837,Normal
h1083,0.040011052740737796,Normal
h1084,0.11774748656898737,Normal
h1087,0.025873917620629072,Normal
h1088,0.13584882393479347,Normal
h1089,0.012997087324038148,Normal
h1090,0.035730498377233744,Normal
h1091,0.0861337617971003,Normal
h1092,0.05966240703128278,Normal
h1094,0.18635122245177627,Normal
h1095,0.2494340380653739,Normal
h1099,0.093864138238132,Normal
h1100,0.024688693694770336,Normal
h1101,0.07325959298759699,Normal
h1102,0.0433971518650651,Normal
h1103,0.01663016644306481,Normal
h1104,0.06935705384239554,Normal
h1105,0.02802272862754762,Normal
h1107,0.04604917741380632,Normal
h1111,0.6643631905317307,TB
h1114,0.2081744302995503,Normal
h1116,0.05705485539510846,Normal
h1117,0.6673156842589378,TB
h1118,0.017827863804996014,Normal
h1121,0.3778928145766258,Normal
h1122,0.023707786109298468,Normal
h1125,0.017519046552479267,Normal
h1128,0.05754045769572258,Normal
h1129,0.014755995478481054,Normal
h1130,0.04554231045767665,Normal
h1132,0.04538697865791619,Normal
h1133,0.08061152137815952,Normal
h1134,0.0722779119387269,Normal
h1135,0.03613003343343735,Normal
h1136,0.41264696046710014,Normal
h1137,0.05046267225407064,Normal
h1138,0.034746481105685234,Normal
h1139,0.12829087767750025,Normal
h1140,0.5000401698052883,TB
h1141,0.5538149029016495,TB
h1143,0.09502608049660921,Normal
h1145,0.1821566722355783,Normal
h1146,0.10796501860022545,Normal
h1147,0.07942704809829593,Normal
h1150,0.2838037349283695,Normal
h1151,0.045684737619012594,Normal
h1152,0.07669806713238358,Normal
h1153,0.07074897876009345,Normal
h1154,0.07729451265186071,Normal
h1155,0.026083918986842036,Normal
h1156,0.1377814458683133,Normal
h1158,0.09697348065674305,Normal
h1159,0.04798768600448966,Normal
h1160,0.0191947550047189,Normal
h1162,0.12709276005625725,Normal
h1164,0.014654102036729455,Normal
h1165,0.023242761846631765,Normal
h1166,0.014513225760310888,Normal
h1169,0.35051948530599475,Normal
h1170,0.1412253393791616,Normal
h1171,0.017314604483544827,Normal
h1172,0.2646828182041645,Normal
h1173,0.06507821194827557,Normal
h1174,0.2616044841706753,Normal
h1175,0.07271442655473948,Normal
h1177,0.7988464683294296,TB
h1178,0.12765601091086864,Normal
h1181,0.01601333892904222,Normal
h1182,0.4441496394574642,Normal
h1183,0.015283278189599514,Normal
h1184,0.4349178932607174,Normal
h1185,0.012912965379655361,Normal
h1186,0.19908615574240685,Normal
h1187,0.3180202506482601,Normal
h1188,0.07142678648233414,Normal
h1189,0.02258882997557521,Normal
h1191,0.01871438173111528,Normal
h1192,0.032172540202736855,Normal
h1193,0.36422476172447205,Normal
h1194,0.15930469054728746,Normal
h1195,0.22528460901230574,Normal
h1196,0.04190934472717345,Normal
h1198,0.015063931932672858,Normal
h1199,0.05860629351809621,Normal
h1200,0.011917769210413098,Normal
h1202,0.1196801655460149,Normal
h1204,0.06583081558346748,Normal
h1205,0.042769431602209806,Normal
h1207,0.14569732127711177,Normal
h1209,0.0861879182048142,Normal
h1210,0.02770776767283678,Normal
h1211,0.027741416823118925,Normal
h1213,0.08943671453744173,Normal
h1215,0.6092875525355339,TB
h1217,0.13607504265382886,Normal
h1218,0.12795802298933268,Normal
h1219,0.11715489719063044,Normal
h1220,0.023047483526170254,Normal
h1222,0.20630614645779133,Normal
h1223,0.08082363940775394,Normal
h1224,0.10164700727909803,Normal
h1226,0.4894653484225273,Normal
h1227,0.14452619617804885,Normal
h1229,0.10325794946402311,Normal
h1230,0.05355937290005386,Normal
h1233,0.020389768294990063,Normal
h1234,0.20592234656214714,Normal
h1235,0.0209559453651309,Normal
h1236,0.3945254608988762,Normal
h1237,0.07086288370192051,Normal
h1238,0.1633773404173553,Normal
h1239,0.06331943301483989,Normal
h1240,0.5953478813171387,TB
h1242,0.33326086215674877,Normal
h1243,0.4771679900586605,Normal
h1244,0.38790159579366446,Normal
h1245,0.08683152077719569,Normal
h1246,0.028272749623283744,Normal
h1247,0.08841590210795403,Normal
h1249,0.05108841019682586,Normal
h1250,0.021814181469380856,Normal
h1251,0.017594025237485766,Normal
h1252,0.11820990545675159,Normal
h1253,0.07241194043308496,Normal
h1254,0.1780011923983693,Normal
h1255,0.04014458414167166,Normal
h1256,0.05157050583511591,Normal
h1257,0.19434849452227354,Normal
h1258,0.13703184854239225,Normal
h1259,0.019465845078229904,Normal
h1260,0.015917529352009296,Normal
h1261,0.6197469234466553,TB
h1262,0.07002933975309134,Normal
h1263,0.03821662813425064,Normal
h1268,0.01185137894935906,Normal
h1270,0.28027506824582815,Normal
h1272,0.05231479415670037,Normal
h1273,0.08395526232197881,Normal
h1274,0.011148676741868258,Normal
h1279,0.076335693243891,Normal
h1281,0.17376414500176907,Normal
h1283,0.22745593264698982,Normal
h1284,0.1669277362525463,Normal
h1285,0.036531748715788126,Normal
h1286,0.02343417564406991,Normal
h1288,0.04453800828196108,Normal
h1289,0.04061188083142042,Normal
h1290,0.20445455983281136,Normal
h1291,0.028600619174540043,Normal
h1293,0.23499087244272232,Normal
h1295,0.01639956282451749,Normal
h1296,0.06848169211298227,Normal
h1299,0.4410097934305668,Normal
h1301,0.16437416383996606,Normal
h1302,0.02650791616179049,Normal
h1303,0.03501115785911679,Normal
h1304,0.012665545800700784,Normal
h1305,0.018450971925631166,Normal
h1306,0.013553716707974672,Normal
h1307,0.0729881152510643,Normal
h1308,0.40779508277773857,Normal
h1309,0.06440285732969642,Normal
h1310,0.18833907041698694,Normal
h1313,0.09374705981463194,Normal
h1314,0.012267434038221836,Normal
h1315,0.02763900486752391,Normal
h1317,0.23810633039101958,Normal
h1319,0.08117194822989404,Normal
h1320,0.026530547300353646,Normal
h1322,0.19745937548577785,Normal
h1324,0.03880839981138706,Normal
h1325,0.191365004517138,Normal
h1326,0.6927027702331543,TB
h1327,0.02914735092781484,Normal
h1328,0.25444324128329754,Normal
h1331,0.018128077033907175,Normal
h1332,0.09010211750864983,Normal
h1333,0.5220067799091339,TB
h1334,0.08259427733719349,Normal
h1337,0.2636416796594858,Normal
h1339,0.14191975258290768,Normal
h1340,0.053712904918938875,Normal
h1341,0.13969275169074535,Normal
h1343,0.2965320758521557,Normal
h1344,0.14881996857002378,Normal
h1345,0.07979055074974895,Normal
h1346,0.025050147902220488,Normal
h1348,0.05152167333289981,Normal
h1349,0.5832885354757309,TB
h1350,0.05925908125936985,Normal
h1351,0.3709237277507782,Normal
h1353,0.09469895157963037,Normal
h1354,0.059364944230765104,Normal
h1355,0.12551592709496617,Normal
h1356,0.07039660145528615,Normal
h1358,0.015355717856436968,Normal
h1359,0.06480897637084126,Normal
h1360,0.04387682769447565,Normal
h1361,0.06119113601744175,Normal
h1362,0.042148381704464555,Normal
h1363,0.05703399237245321,Normal
h1364,0.4160295515321195,Normal
h1365,0.03828592994250357,Normal
h1366,0.020453301956877112,Normal
h1367,0.7791795581579208,TB
h1368,0.023496486945077777,Normal
h1369,0.5807899981737137,TB
h1370,0.052893242333084345,Normal
h1371,0.040834912564605474,Normal
h1372,0.05615478567779064,Normal
h1374,0.0796480665449053,Normal
h1377,0.22620128840208054,Normal
h1378,0.747334435582161,TB
h1379,0.3853331860154867,Normal
h1380,0.08320509735494852,Normal
h1383,0.023198207840323448,Normal
h1384,0.23145211627706885,Normal
h1385,0.2570083923637867,Normal
h1386,0.03467531921342015,Normal
h1387,0.5491031557321548,TB
h1389,0.013857504818588495,Normal
h1390,0.18462178856134415,Normal
h1391,0.24421083740890026,Normal
h1392,0.051058828830718994,Normal
h1393,0.2685985155403614,Normal
h1394,0.3210174962878227,Normal
h1395,0.2618037071079016,Normal
h1397,0.15306709427386522,Normal
h1400,0.029007148928940296,Normal
h1401,0.15904083102941513,Normal
h1403,0.040505860932171345,Normal
h1404,0.052853303495794535,Normal
h1405,0.09038482559844851,Normal
h1406,0.022103821858763695,Normal
h1407,0.06874541752040386,Normal
h1408,0.18240908347070217,Normal
h1409,0.34791624173521996,Normal
h1410,0.3750293403863907,Normal
h1414,0.2530180122703314,Normal
h1416,0.08620789600536227,Normal
h1417,0.06369076063856483,Normal
h1418,0.03084977436810732,Normal
h1419,0.04320668149739504,Normal
h1420,0.02622439549304545,Normal
h1422,0.021192475222051144,Normal
h1423,0.03026748774573207,Normal
h1424,0.021517002256587148,Normal
h1426,0.36744708474725485,Normal
h1427,0.016116870334371924,Normal
h1430,0.11671237647533417,Normal
h1432,0.017888781148940325,Normal
h1433,0.11771225649863482,Normal
h1434,0.056029497645795345,Normal
h1435,0.03785021184012294,Normal
h1436,0.5828419849276543,TB
h1438,0.10222645942121744,Normal
h1439,0.17115882318466902,Normal
h1441,0.12379131186753511,Normal
h1442,0.5796079374849796,TB
h1443,0.09304133802652359,Normal
h1444,0.04448984703049064,Normal
h1445,0.060896861366927624,Normal
h1446,0.05528988502919674,Normal
h1448,0.14854411641135812,Normal
h1450,0.22185970935970545,Normal
h1451,0.26241231244057417,Normal
h1452,0.7107262164354324,TB
h1453,0.06460808636620641,Normal
h1454,0.048810417065396905,Normal
h1455,0.028596829622983932,Normal
h1456,0.021037478931248188,Normal
h1457,0.09353794809430838,Normal
h1459,0.051489615347236395,Normal
h1460,0.022738564992323518,Normal
h1461,0.08246198389679193,Normal
h1462,0.10498401243239641,Normal
h1463,0.02972479211166501,Normal
h1465,0.045728935627266765,Normal
h1466,0.04585454147309065,Normal
h1468,0.10102006699889898,Normal
h1469,0.09121215902268887,Normal
h1470,0.3006076402962208,Normal
h1472,0.03014515619724989,Normal
h1473,0.027304853545501828,Normal
h1475,0.44720641523599625,Normal
h1478,0.10891868826001883,Normal
h1479,0.19860772043466568,Normal
h1480,0.020089554134756327,Normal
h1481,0.07088287314400077,Normal
h1483,0.5422663688659668,TB
h1485,0.3350385958328843,Normal
h1486,0.0399436610750854,Normal
h1488,0.09763316623866558,Normal
h1489,0.10453774034976959,Normal
h1490,0.04622065229341388,Normal
h1492,0.3264601267874241,Normal
h1494,0.11566238105297089,Normal
h1496,0.3852599784731865,Normal
h1497,0.15568983647972345,Normal
h1498,0.08865688741207123,Normal
h1502,0.04323620069772005,Normal
h1503,0.23645549081265926,Normal
h1504,0.0645219529978931,Normal
h1505,0.05564615246839821,Normal
h1506,0.32284140959382057,Normal
h1507,0.04423412773758173,Normal
h1508,0.03244299301877618,Normal
h1509,0.028038566932082176,Normal
h1511,0.029148917645215988,Normal
h1512,0.15500912349671125,Normal
h1514,0.06531332293525338,Normal
h1516,0.11527808522805572,Normal
h1517,0.07048390107229352,Normal
h1518,0.19186567096039653,Normal
h1519,0.07715643662959337,Normal
h1520,0.02446841006167233,Normal
h1521,0.0633401358500123,Normal
h1522,0.6449160426855087,TB
h1523,0.01777940709143877,Normal
h1524,0.035135386511683464,Normal
h1525,0.06594390934333205,Normal
h1526,0.25812152307480574,Normal
h1528,0.012461286969482899,Normal
h1529,0.01423518336378038,Normal
h1530,0.0758545701391995,Normal
h1531,0.39192680083215237,Normal
h1532,0.04005641466937959,Normal
h1533,0.07463948614895344,Normal
h1534,0.7689571678638458,TB
h1535,0.0749816382303834,Normal
h1536,0.6228141561150551,TB
h1537,0.2865320788696408,Normal
h1538,0.08751336159184575,Normal
h1539,0.2829941436648369,Normal
h1540,0.07962443865835667,Normal
h1541,0.01210983213968575,Normal
h1542,0.026406666729599237,Normal
h1544,0.09133918536826968,Normal
h1546,0.19674426224082708,Normal
h1549,0.30303917452692986,Normal
h1550,0.13157194713130593,Normal
h1552,0.04701394587755203,Normal
h1553,0.10412398679181933,Normal
h1554,0.4629793241620064,Normal
h1555,0.5081729255616665,TB
h1556,0.04496483504772186,Normal
h1557,0.09504298865795135,Normal
h1558,0.02025799686089158,Normal
h1559,0.0796899707056582,Normal
h1560,0.019614494871348143,Normal
h1561,0.0801684819161892,Normal
h1562,0.017835781909525394,Normal
h1563,0.019354387186467648,Normal
h1564,0.05676520220004022,Normal
h1565,0.11982053378596902,Normal
h1567,0.41265506530180573,Normal
h1568,0.020309934625402093,Normal
h1570,0.049910400761291385,Normal
h1571,0.024981177411973476,Normal
h1572,0.23171530500985682,Normal
h1573,0.1094976793974638,Normal
h1574,0.3055573105812073,Normal
h1576,0.7999296188354492,TB
h1577,0.07136585097759962,Normal
h1578,0.11536858230829239,Normal
h1579,0.027734499191865325,Normal
h1580,0.26836899667978287,Normal
h1581,0.2744589988142252,Normal
h1582,0.6431691646575928,TB
h1584,0.029586697230115533,Normal
h1585,0.05125355999916792,Normal
h1586,0.1543932775966823,Normal
h1590,0.030193857848644257,Normal
h1592,0.17536020278930664,Normal
h1594,0.049404851626604795,Normal
h1595,0.12237676186487079,Normal
h1597,0.0235132600646466,Normal
h1600,0.2111226748675108,Normal
h1601,0.03876571450382471,Normal
h1602,0.013732149731367826,Normal
h1603,0.06023890618234873,Normal
h1604,0.08613650966435671,Normal
h1605,0.01566086965613067,Normal
h1607,0.013288378017023206,Normal
h1608,0.03250628802925348,Normal
h1609,0.13653309410437942,Normal
h1613,0.05548071442171931,Normal
h1614,0.23775844695046544,Normal
h1615,0.09572130488231778,Normal
h1616,0.4723556963726878,Normal
h1618,0.04057526821270585,Normal
h1620,0.15859105484560132,Normal
h1621,0.06202544365078211,Normal
h1624,0.2604092564433813,Normal
h1625,0.026292357593774796,Normal
h1626,0.18237566575407982,Normal
h1627,0.02503028209321201,Normal
h1628,0.054227665066719055,Normal
h1629,0.018630210077390075,Normal
h1630,0.01774672162719071,Normal
h1631,0.23993706377223134,Normal
h1632,0.048502508318051696,Normal
h1633,0.03473905171267688,Normal
h1634,0.03877342049963772,Normal
h1635,0.1629823292605579,Normal
h1636,0.01596541842445731,Normal
h1637,0.12183322943747044,Normal
h1638,0.10618437500670552,Normal
h1641,0.22979838028550148,Normal
h1642,0.11297066695988178,Normal
h1643,0.021788960322737694,Normal
h1644,0.8881078213453293,TB
h1645,0.08221465442329645,Normal
h1647,0.03593113273382187,Normal
h1648,0.014203311409801245,Normal
h1649,0.062230209819972515,Normal
h1650,0.11168103758245707,Normal
h1651,0.2969078756868839,Normal
h1652,0.3743852060288191,Normal
h1653,0.05532533768564463,Normal
h1654,0.21315043698996305,Normal
h1656,0.024519507307559252,Normal
h1657,0.013078445568680763,Normal
h1658,0.29591548070311546,Normal
h1659,0.08732846332713962,Normal
h1660,0.1512319389730692,Normal
h1661,0.017120983451604843,Normal
h1662,0.051616959273815155,Normal
h1663,0.05317989713512361,Normal
h1664,0.2121200216934085,Normal
h1665,0.7119508236646652,TB
h1666,0.21701699681580067,Normal
h1668,0.13979010144248605,Normal
h1669,0.4518085289746523,Normal
h1671,0.11774216685444117,Normal
h1672,0.20185866579413414,Normal
h1673,0.15351109020411968,Normal
h1675,0.06414291076362133,Normal
h1676,0.5289948210120201,TB
h1677,0.0547478748485446,Normal
h1678,0.02364966832101345,Normal
h1680,0.05936623294837773,Normal
h1681,0.033511009998619556,Normal
h1682,0.21426952723413706,Normal
h1683,0.40186846256256104,Normal
h1684,0.02241996629163623,Normal
h1686,0.04996984405443072,Normal
h1687,0.024055848829448223,Normal
h1688,0.047373909037560225,Normal
h1689,0.15051312348805368,Normal
h1690,0.02344588120467961,Normal
h1691,0.15364822233095765,Normal
h1694,0.13529420318081975,Normal
h1695,0.01734526874497533,Normal
h1697,0.15112698776647449,Normal
h1698,0.06007474847137928,Normal
h1699,0.13453851779922843,Normal
h1701,0.029331581201404333,Normal
h1702,0.25906155351549387,Normal
h1703,0.17853462882339954,Normal
h1704,0.07243846380151808,Normal
h1705,0.039303229888901114,Normal
h1706,0.03331343084573746,Normal
h1707,0.11831119935959578,Normal
h1708,0.1249382235109806,Normal
h1709,0.04310228489339352,Normal
h1710,0.5181698575615883,TB
h1711,0.3436971828341484,Normal
h1712,0.6486437767744064,TB
h1713,0.026061467826366425,Normal
h1715,0.025755494367331266,Normal
h1716,0.10727713350206614,Normal
h1717,0.07548569608479738,Normal
h1718,0.27973165549337864,Normal
h1719,0.05101584317162633,Normal
h1720,0.5848167538642883,TB
h1722,0.01905520958825946,Normal
h1723,0.18804051401093602,Normal
h1726,0.12003230163827538,Normal
h1727,0.03462681407108903,Normal
h1729,0.08157308679074049,Normal
h1730,0.07864252384752035,Normal
h1731,0.03510682610794902,Normal
h1732,0.21461259853094816,Normal
h1733,0.08951863087713718,Normal
h1734,0.2561667673289776,Normal
h1736,0.21462682075798512,Normal
h1739,0.03827679716050625,Normal
h1741,0.09390959795564413,Normal
h1742,0.01963430061005056,Normal
h1743,0.37559017911553383,Normal
h1744,0.06439753668382764,Normal
h1746,0.026864576153457165,Normal
h1747,0.06050456967204809,Normal
h1751,0.04408534010872245,Normal
h1752,0.2636600639671087,Normal
h1753,0.051317594246938825,Normal
h1754,0.06106021115556359,Normal
h1755,0.17243663407862186,Normal
h1756,0.023327187402173877,Normal
h1758,0.022106345742940903,Normal
h1759,0.18496762681752443,Normal
h1760,0.39239563420414925,Normal
h1761,0.028743940638378263,Normal
h1763,0.014164658961817622,Normal
h1764,0.4803938940167427,Normal
h1766,0.1024172455072403,Normal
h1767,0.008531826199032366,Normal
h1768,0.03700617793947458,Normal
h1769,0.8531241118907928,TB
h1770,0.07032959535717964,Normal
h1771,0.7576633840799332,TB
h1772,0.2698604967445135,Normal
h1773,0.046845998615026474,Normal
h1774,0.028939086478203535,Normal
h1775,0.09128145035356283,Normal
h1778,0.06636421103030443,Normal
h1779,0.10883157141506672,Normal
h1781,0.032564932480454445,Normal
h1782,0.44471338763833046,Normal
h1783,0.06517125573009253,Normal
h1784,0.18396132998168468,Normal
h1786,0.23790676845237613,Normal
h1787,0.09661010908894241,Normal
h1789,0.08586708921939135,Normal
h1790,0.39521723985671997,Normal
h1791,0.07825848879292607,Normal
h1792,0.14686912717297673,Normal
h1793,0.03938377555459738,Normal
h1794,0.02838961803354323,Normal
h1795,0.04897635243833065,Normal
h1798,0.5140871331095695,TB
h1799,0.3591260053217411,Normal
h1800,0.01878194184973836,Normal
h1801,0.08699558535590768,Normal
h1802,0.12126129772514105,Normal
h1803,0.024602887686342,Normal
h1804,0.08356594364158809,Normal
h1805,0.03462294302880764,Normal
h1807,0.03666189033538103,Normal
h1809,0.04070535604842007,Normal
h1810,0.022433442762121558,Normal
h1811,0.01898461300879717,Normal
h1813,0.11459789890795946,Normal
h1814,0.13059685938060284,Normal
h1815,0.32103297859430313,Normal
h1816,0.02375664096325636,Normal
h1818,0.35553483571857214,Normal
h1819,0.22095275530591607,Normal
h1820,0.1685379259288311,Normal
h1821,0.31010476872324944,Normal
h1822,0.23864572122693062,Normal
h1823,0.028257218888029456,Normal
h1824,0.010083692730404437,Normal
h1826,0.010456877527758479,Normal
h1827,0.5125910565257072,TB
h1828,0.2501540472730994,Normal
h1829,0.22278176061809063,Normal
h1831,0.2910767472349107,Normal
h1832,0.23172698635607958,Normal
h1833,0.08887202222831547,Normal
h1834,0.0424027603585273,Normal
h1835,0.07762221898883581,Normal
h1837,0.18420311156660318,Normal
h1840,0.012100094696506858,Normal
h1841,0.08133257739245892,Normal
h1842,0.30328938364982605,Normal
h1843,0.016837226459756494,Normal
h1844,0.3076075818389654,Normal
h1845,0.07608795934356749,Normal
h1846,0.12125961296260357,Normal
h1847,0.08492960222065449,Normal
h1848,0.3713920842856169,Normal
h1849,0.21618118043988943,Normal
h1850,0.3988133855164051,Normal
h1851,0.09958638669922948,Normal
h1852,0.09618537360802293,Normal
h1854,0.032419682713225484,Normal
h1855,0.2782116550952196,Normal
h1856,0.12712997384369373,Normal
h1857,0.053843974601477385,Normal
h1858,0.15876105707138777,Normal
h1859,0.056707147508859634,Normal
h1862,0.02891011256724596,Normal
h1863,0.15906833950430155,Normal
h1864,0.08145455596968532,Normal
h1866,0.09297106531448662,Normal
h1868,0.10080664185807109,Normal
h1869,0.031059332191944122,Normal
h1870,0.017226147931069136,Normal
h1871,0.3601579964160919,Normal
h1874,0.13888866687193513,Normal
h1875,0.26621940545737743,Normal
h1876,0.011588752968236804,Normal
h1877,0.10298273805528879,Normal
h1878,0.4812941588461399,Normal
h1879,0.5840615928173065,TB
h1880,0.05959263164550066,Normal
h1881,0.04492243891581893,Normal
h1882,0.5076353661715984,TB
h1883,0.04101901454851031,Normal
h1884,0.05059769097715616,Normal
h1885,0.43537356331944466,Normal
h1886,0.1737147569656372,Normal
h1887,0.033367611933499575,Normal
h1888,0.29627700336277485,Normal
h1889,0.11522423755377531,Normal
h1891,0.4242661911994219,Normal
h1892,0.05841058096848428,Normal
h1893,0.17092788591980934,Normal
h1894,0.15568910306319594,Normal
h1895,0.24584846012294292,Normal
h1898,0.11869206232950091,Normal
h1899,0.06785293039865792,Normal
h1902,0.04287921357899904,Normal
h1903,0.089275436475873,Normal
h1906,0.03702216036617756,Normal
h1907,0.027163687394931912,Normal
h1908,0.06279822182841599,Normal
h1910,0.10611333372071385,Normal
h1912,0.5477251932024956,TB
h1913,0.02587176044471562,Normal
h1914,0.021953399060294032,Normal
h1915,0.1500857211649418,Normal
h1916,0.4415167160332203,Normal
h1917,0.5748089030385017,TB
h1918,0.14075429271906614,Normal
h1919,0.03638193942606449,Normal
h1920,0.1297315158881247,Normal
h1923,0.08698858367279172,Normal
h1924,0.14679785957559943,Normal
h1925,0.04081680811941624,Normal
h1926,0.031215633964166045,Normal
h1928,0.20615912787616253,Normal
h1929,0.043947800528258085,Normal
h1930,0.15776442713104188,Normal
h1931,0.3882528766989708,Normal
h1932,0.02502177353017032,Normal
h1933,0.11712951771914959,Normal
h1934,0.200146010145545,Normal
h1935,0.036467203637585044,Normal
h1937,0.015383473597466946,Normal
h1938,0.0561511991545558,Normal
h1940,0.032961972523480654,Normal
h1942,0.03663258231244981,Normal
h1944,0.05443600984290242,Normal
h1945,0.012153098592534661,Normal
h1949,0.11923409067094326,Normal
h1950,0.05148410238325596,Normal
h1951,0.04364570742473006,Normal
h1953,0.1822605188935995,Normal
h1954,0.26680251862853765,Normal
h1955,0.04349049599841237,Normal
h1956,0.028586466796696186,Normal
h1958,0.01782906404696405,Normal
h1959,0.018989177653566003,Normal
h1960,0.5028909035027027,TB
h1961,0.035885916324332356,Normal
h1962,0.012637462234124541,Normal
h1963,0.08852283866144717,Normal
h1964,0.01687067374587059,Normal
h1966,0.07169367652386427,Normal
h1967,0.09767555585131049,Normal
h1968,0.6803663969039917,TB
h1969,0.19929876551032066,Normal
h1970,0.07429355988278985,Normal
h1971,0.2398169096559286,Normal
h1972,0.16692312434315681,Normal
h1973,0.1923091234639287,Normal
h1974,0.14830564940348268,Normal
h1975,0.051523911068215966,Normal
h1976,0.12228170176967978,Normal
h1978,0.02890608157031238,Normal
h1979,0.1790992496535182,Normal
h1980,0.34829334542155266,Normal
h1981,0.4475759919732809,Normal
h1982,0.06119500985369086,Normal
h1984,0.039130604127421975,Normal
h1985,0.13305201288312674,Normal
h1986,0.05673230113461614,Normal
h1987,0.026727091521024704,Normal
h1988,0.012519576121121645,Normal
h1989,0.034514620434492826,Normal
h1990,0.13178951852023602,Normal
h1991,0.06427095597609878,Normal
h1992,0.1435862071812153,Normal
h1993,0.08977378625422716,Normal
h1996,0.034945141058415174,Normal
h1997,0.07476882799528539,Normal
h2000,0.09390574740245938,Normal
h2003,0.5252281278371811,TB
h2004,0.28554631397128105,Normal
h2006,0.20779174752533436,Normal
h2007,0.4064450338482857,Normal
h2008,0.19481142796576023,Normal
h2009,0.40643139369785786,Normal
h2010,0.013986724196001887,Normal
h2011,0.22030545957386494,Normal
h2013,0.028233205201104283,Normal
h2014,0.014032467734068632,Normal
h2015,0.07506451662629843,Normal
h2019,0.01817986206151545,Normal
h2020,0.04197672847658396,Normal
h2022,0.24240361526608467,Normal
h2023,0.05189764779061079,Normal
h2024,0.05080032767727971,Normal
h2025,0.3953120307996869,Normal
h2026,0.24669266119599342,Normal
h2027,0.017304559238255024,Normal
h2028,0.3026669826358557,Normal
h2029,0.02972033992409706,Normal
h2030,0.06843045353889465,Normal
h2032,0.019551874604076147,Normal
h2035,0.12063218001276255,Normal
h2038,0.3143159784376621,Normal
h2040,0.06078267842531204,Normal
h2041,0.014768425840884447,Normal
h2042,0.6362077295780182,TB
h2043,0.205757612362504,Normal
h2044,0.017949920846149325,Normal
h2045,0.2456558933481574,Normal
h2046,0.09265311644412577,Normal
h2047,0.2816576845943928,Normal
h2048,0.02287896815687418,Normal
h2049,0.2216679397970438,Normal
h2050,0.214135667309165,Normal
h2051,0.017253208439797163,Normal
h2052,0.1932361493818462,Normal
h2055,0.03274132846854627,Normal
h2057,0.0737522472627461,Normal
h2058,0.021655658027157187,Normal
h2059,0.012862604577094316,Normal
h2062,0.02775561297312379,Normal
h2063,0.04913796577602625,Normal
h2064,0.07392774359323084,Normal
h2065,0.021139301359653473,Normal
h2066,0.14251124626025558,Normal
h2067,0.09652363322675228,Normal
h2068,0.06382520799525082,Normal
h2069,0.029703486245125532,Normal
h2070,0.03648774279281497,Normal
h2071,0.016510171350091696,Normal
h2074,0.027704334817826748,Normal
h2075,0.5120970997959375,TB
h2076,0.04384342487901449,Normal
h2079,0.027797660091891885,Normal
h2081,0.2855042340233922,Normal
h2082,0.0705610797740519,Normal
h2083,0.08152120281010866,Normal
h2084,0.09456580970436335,Normal
h2086,0.0644521783106029,Normal
h2087,0.03802040684968233,Normal
h2089,0.011074671056121588,Normal
h2090,0.20636262511834502,Normal
h2091,0.021806112490594387,Normal
h2092,0.10547436075285077,Normal
h2093,0.025664989603683352,Normal
h2094,0.3275262089446187,Normal
h2095,0.0679145057220012,Normal
h2096,0.1568872518837452,Normal
h2097,0.027348252246156335,Normal
h2098,0.046622040681540966,Normal
h2099,0.06444383645430207,Normal
h2100,0.03338486887514591,Normal
h2101,0.04218105040490627,Normal
h2104,0.182688724482432,Normal
h2105,0.04612384317442775,Normal
h2107,0.06287294998764992,Normal
h2108,0.07738649495877326,Normal
h2109,0.08267493732273579,Normal
h2110,0.030149715021252632,Normal
h2112,0.037824901985004544,Normal
h2113,0.10851930174976587,Normal
h2114,0.3254611138254404,Normal
h2115,0.023636172292754054,Normal
h2116,0.07735817739740014,Normal
h2117,0.10128015838563442,Normal
h2118,0.16001095157116652,Normal
h2119,0.03269831836223602,Normal
h2120,0.07930372678674757,Normal
h2121,0.1727815424092114,Normal
h2122,0.16877734567970037,Normal
h2123,0.12565798964351416,Normal
h2124,0.19400325464084744,Normal
h2125,0.20975790545344353,Normal
h2126,0.03309353860095143,Normal
h2128,0.04123012302443385,Normal
h2129,0.18540317565202713,Normal
h2130,0.09772983705624938,Normal
h2132,0.12778797466307878,Normal
h2133,0.009644962847232819,Normal
h2134,0.3333580195903778,Normal
h2135,0.03368485765531659,Normal
h2138,0.03269387036561966,Normal
h2140,0.3933819318190217,Normal
h2144,0.7914267852902412,TB
h2145,0.14507014956325293,Normal
h2146,0.02651870553381741,Normal
h2147,0.1105275247246027,Normal
h2148,0.19964169105514884,Normal
h2150,0.03507537441328168,Normal
h2153,0.02196478145197034,Normal
h2157,0.04843697277829051,Normal
h2158,0.01883222092874348,Normal
h2159,0.04176571359857917,Normal
h2160,0.09626526851207018,Normal
h2161,0.05697527783922851,Normal
h2162,0.2934991689398885,Normal
h2163,0.04063381999731064,Normal
h2164,0.010987389483489096,Normal
h2165,0.07603932963684201,Normal
h2166,0.2546220775693655,Normal
h2167,0.1371200531721115,Normal
h2168,0.260308884549886,Normal
h2170,0.012802377343177795,Normal
h2171,0.2640848457813263,Normal
h2172,0.017980486387386918,Normal
h2173,0.06903163995593786,Normal
h2174,0.2582733863964677,Normal
h2175,0.12281965906731784,Normal
h2176,0.02324933558702469,Normal
h2177,0.06855474435724318,Normal
h2178,0.3189095314592123,Normal
h2179,0.32438809890300035,Normal
h2180,0.022094524232670665,Normal
h2181,0.06512585375458002,Normal
h2182,0.02089110855013132,Normal
h2183,0.12262627156451344,Normal
h2185,0.09730238979682326,Normal
h2186,0.018648218596354127,Normal
h2188,0.023056291742250323,Normal
h2190,0.021811093669384718,Normal
h2191,0.07188625959679484,Normal
h2192,0.024544082349166274,Normal
h2193,0.29054961167275906,Normal
h2194,0.04275584314018488,Normal
h2195,0.17454511998221278,Normal
h2196,0.13450372591614723,Normal
h2198,0.030991697683930397,Normal
h2199,0.02559717185795307,Normal
h2200,0.09085073601454496,Normal
h2201,0.09758282173424959,Normal
h2202,0.016610655235126615,Normal
h2203,0.058034850750118494,Normal
h2204,0.022450848249718547,Normal
h2206,0.07739544636569917,Normal
h2207,0.03175286506302655,Normal
h2208,0.32581025175750256,Normal
h2209,0.09671290218830109,Normal
h2211,0.04847142519429326,Normal
h2212,0.1355496677570045,Normal
h2213,0.028490667697042227,Normal
h2214,0.021681083366274834,Normal
h2215,0.2324935384094715,Normal
h2216,0.21114183124154806,Normal
h2217,0.015922689577564597,Normal
h2218,0.028407492442056537,Normal
h2219,0.1716075697913766,Normal
h2220,0.02153021562844515,Normal
h2221,0.0713965673930943,Normal
h2223,0.03756695054471493,Normal
h2224,0.023365864297375083,Normal
h2225,0.7689605206251144,TB
h2226,0.1288553150370717,Normal
h2227,0.18179852701723576,Normal
h2228,0.05285604763776064,Normal
h2229,0.25328885950148106,Normal
h2230,0.03008219855837524,Normal
h2235,0.10390935931354761,Normal
h2237,0.021843081805855036,Normal
h2238,0.054238030686974525,Normal
h2239,0.10332303959876299,Normal
h2241,0.17638480849564075,Normal
h2242,0.01404978078790009,Normal
h2243,0.10706977173686028,Normal
h2246,0.07639546692371368,Normal
h2247,0.17870480008423328,Normal
h2248,0.01680645812302828,Normal
h2250,0.36068857461214066,Normal
h2251,0.029584461823105812,Normal
h2252,0.8675463199615479,TB
h2253,0.2982860766351223,Normal
h2254,0.1348626189865172,Normal
h2255,0.045934447553008795,Normal
h2257,0.02430982096120715,Normal
h2259,0.14716422278434038,Normal
h2261,0.09231191733852029,Normal
h2263,0.028643982950598,Normal
h2264,0.5678821951150894,TB
h2265,0.05732814082875848,Normal
h2268,0.2745735226199031,Normal
h2269,0.06049994379281998,Normal
h2271,0.19595982506871223,Normal
h2272,0.4024497251957655,Normal
h2274,0.0754889533855021,Normal
h2275,0.10682000266388059,Normal
h2276,0.47937390953302383,Normal
h2277,0.015139380935579538,Normal
h2278,0.5403733253479004,TB
h2282,0.13986076228320599,Normal
h2283,0.07266123127192259,Normal
h2286,0.03239637613296509,Normal
h2287,0.029118096455931664,Normal
h2288,0.6495786905288696,TB
h2289,0.01730225421488285,Normal
h2290,0.08620316535234451,Normal
h2291,0.17065695906057954,Normal
h2293,0.13985572895035148,Normal
h2294,0.022182672284543514,Normal
h2295,0.18804884515702724,Normal
h2296,0.042539199348539114,Normal
h2297,0.10835130605846643,Normal
h2299,0.09132054913789034,Normal
h2300,0.03614439535886049,Normal
h2301,0.28968656808137894,Normal
h2302,0.06698112655431032,Normal
h2303,0.06379958847537637,Normal
h2304,0.018755851895548403,Normal
h2306,0.32790664210915565,Normal
h2307,0.05854863813146949,Normal
h2309,0.055582957342267036,Normal
h2310,0.1812651976943016,Normal
h2311,0.24751080386340618,Normal
h2312,0.02436944469809532,Normal
h2313,0.14934783801436424,Normal
h2314,0.03102948097512126,Normal
h2315,0.058570235036313534,Normal
h2316,0.5486576333642006,TB
h2317,0.6053053140640259,TB
h2320,0.20125463791191578,Normal
h2322,0.08954650070518255,Normal
h2323,0.04261406697332859,Normal
h2324,0.22989948792383075,Normal
h2325,0.12762739975005388,Normal
h2327,0.030268905218690634,Normal
h2328,0.05368314450606704,Normal
h2331,0.11115217348560691,Normal
h2332,0.21486749034374952,Normal
h2334,0.039101831149309874,Normal
h2335,0.08131921826861799,Normal
h2339,0.07895505474880338,Normal
h2342,0.12090558698400855,Normal
h2344,0.025007648393511772,Normal
h2345,0.3434077315032482,Normal
h2346,0.06965823890641332,Normal
h2347,0.225234440760687,Normal
h2348,0.2103114379569888,Normal
h2349,0.4231946512591094,Normal
h2350,0.1068765027448535,Normal
h2353,0.027557623106986284,Normal
h2354,0.05296420631930232,Normal
h2356,0.2927173525094986,Normal
h2357,0.10580610996112227,Normal
h2358,0.01621215115301311,Normal
h2359,0.3565641772001982,Normal
h2360,0.020728478208184242,Normal
h2361,0.044258944457396865,Normal
h2362,0.14246317790821195,Normal
h2363,0.008310631266795099,Normal
h2364,0.1347457878291607,Normal
h2366,0.30063939932733774,Normal
h2367,0.05909136217087507,Normal
h2368,0.03577533224597573,Normal
h2369,0.042942259227856994,Normal
h2370,0.37690371088683605,Normal
h2371,0.01701256586238742,Normal
h2376,0.06304037827067077,Normal
h2377,0.06069696368649602,Normal
h2378,0.030902068596333265,Normal
h2379,0.011860301718115807,Normal
h2380,0.122548095183447,Normal
h2381,0.0763869232032448,Normal
h2383,0.0793501678854227,Normal
h2384,0.23713253811001778,Normal
h2385,0.020483605563640594,Normal
h2387,0.056004435289651155,Normal
h2388,0.17347785271704197,Normal
h2389,0.3179605212062597,Normal
h2390,0.12042597960680723,Normal
h2391,0.01744245574809611,Normal
h2392,0.062335323076695204,Normal
h2393,0.1042430978268385,Normal
h2394,0.13302623480558395,Normal
h2395,0.02144028525799513,Normal
h2396,0.020661490270867944,Normal
h2397,0.6038361452519894,TB
h2398,0.044534103479236364,Normal
h2399,0.013444715412333608,Normal
h2400,0.027191054308786988,Normal
h2401,0.02871923753991723,Normal
h2403,0.01673170644789934,Normal
h2404,0.05934496596455574,Normal
h2405,0.11910688318312168,Normal
h2406,0.0938433944247663,Normal
h2407,0.08685949980281293,Normal
h2408,0.05269996076822281,Normal
h2409,0.03988492442294955,Normal
h2411,0.2938467524945736,Normal
h2412,0.01982324500568211,Normal
h2413,0.21646636025980115,Normal
h2415,0.028389062732458115,Normal
h2417,0.023599162232130766,Normal
h2420,0.0513048879802227,Normal
h2421,0.018214721931144595,Normal
h2423,0.12496239505708218,Normal
h2424,0.042411265429109335,Normal
h2425,0.16703071631491184,Normal
h2426,0.420446177944541,Normal
h2427,0.027659660205245018,Normal
h2428,0.1382435425184667,Normal
h2430,0.3895866870880127,Normal
h2431,0.2466649580746889,Normal
h2432,0.08343412820249796,Normal
h2433,0.060355077031999826,Normal
h2434,0.4682968854904175,Normal
h2435,0.015927349217236042,Normal
h2436,0.0265595733653754,Normal
h2438,0.1073609571903944,Normal
h2439,0.008596146828494966,Normal
h2441,0.060396485729143023,Normal
h2442,0.036427410785108805,Normal
h2443,0.18142318818718195,Normal
h2444,0.16326208878308535,Normal
h2445,0.3985684663057327,Normal
h2446,0.024328898172825575,Normal
h2447,0.022883092751726508,Normal
h2448,0.044266485376283526,Normal
h2449,0.03102238359861076,Normal
h2450,0.2506670877337456,Normal
h2451,0.03354597254656255,Normal
h2454,0.15112643921747804,Normal
h2455,0.35202870098873973,Normal
h2456,0.05508478032425046,Normal
h2457,0.015033970586955547,Normal
h2458,0.05334534868597984,Normal
h2459,0.03194559132680297,Normal
h2460,0.10087218647822738,Normal
h2463,0.0869555410463363,Normal
h2464,0.2455113995820284,Normal
h2466,0.08049927186220884,Normal
h2467,0.06674089515581727,Normal
h2468,0.0960146407596767,Normal
h2469,0.3472859747707844,Normal
h2471,0.04302663262933493,Normal
h2472,0.03925518225878477,Normal
h2474,0.20163707062602043,Normal
h2475,0.1554850684478879,Normal
h2476,0.20236942265182734,Normal
h2477,0.05763817997649312,Normal
h2479,0.4668354596942663,Normal
h2480,0.2805576026439667,Normal
h2481,0.018140927655622363,Normal
h2482,0.0870230202563107,Normal
h2483,0.03061220026575029,Normal
h2484,0.031548526138067245,Normal
h2485,0.045682559721171856,Normal
h2487,0.01957679307088256,Normal
h2488,0.07020044745877385,Normal
h2489,0.015014656353741884,Normal
h2490,0.0817264006473124,Normal
h2491,0.0422859110403806,Normal
h2492,0.08306548139080405,Normal
h2493,0.090035286732018,Normal
h2494,0.026143099181354046,Normal
h2495,0.0917278528213501,Normal
h2496,0.4577848529443145,Normal
h2497,0.2028465773910284,Normal
h2498,0.11708879237994552,Normal
h2499,0.07185567356646061,Normal
h2500,0.010542158968746662,Normal
h2501,0.3802437502890825,Normal
h2502,0.027512461645528674,Normal
h2503,0.04378945007920265,Normal
h2504,0.253080278635025,Normal
h2505,0.01951922569423914,Normal
h2506,0.05929423146881163,Normal
h2508,0.13306407816708088,Normal
h2510,0.022143805865198374,Normal
h2512,0.11300454288721085,Normal
h2514,0.032348038628697395,Normal
h2518,0.08090014662593603,Normal
h2519,0.4080747365951538,Normal
h2520,0.10601160628721118,Normal
h2521,0.03444501291960478,Normal
h2522,0.016202046535909176,Normal
h2523,0.451348502188921,Normal
h2524,0.2382874246686697,Normal
h2525,0.6395798102021217,TB
h2526,0.01774763409048319,Normal
h2529,0.15717905340716243,Normal
h2530,0.30281131342053413,Normal
h2531,0.11149534955620766,Normal
h2532,0.0331039612647146,Normal
h2533,0.03940716991201043,Normal
h2534,0.06196162989363074,Normal
h2535,0.32418351620435715,Normal
h2536,0.21858624927699566,Normal
h2537,0.05293407756835222,Normal
h2538,0.03681052150204778,Normal
h2540,0.08677859324961901,Normal
h2541,0.3095885356888175,Normal
h2542,0.3042069151997566,Normal
h2543,0.3294573035091162,Normal
h2544,0.37254713848233223,Normal
h2545,0.08837869623675942,Normal
h2547,0.015191812766715884,Normal
h2549,0.04450519033707678,Normal
h2552,0.05677743349224329,Normal
h2555,0.07708709128201008,Normal
h2556,0.2665252089500427,Normal
h2557,0.11792563088238239,Normal
h2560,0.050791903864592314,Normal
h2561,0.22925574891269207,Normal
h2563,0.06529562314972281,Normal
h2565,0.046870495192706585,Normal
h2566,0.02052730368450284,Normal
h2567,0.37398552894592285,Normal
h2568,0.12514019897207618,Normal
h2569,0.13184903375804424,Normal
h2570,0.028186343144625425,Normal
h2572,0.28713878337293863,Normal
h2573,0.019617595244199038,Normal
h2574,0.3258167952299118,Normal
h2577,0.037485810462385416,Normal
h2579,0.02476332406513393,Normal
h2580,0.47913501411676407,Normal
h2581,0.14529061689972878,Normal
h2582,0.19570555724203587,Normal
h2583,0.027677953708916903,Normal
h2586,0.3393591046333313,Normal
h2588,0.013270267052575946,Normal
h2589,0.2739052474498749,Normal
h2590,0.31290896283462644,Normal
h2592,0.2615899769589305,Normal
h2593,0.11580711370334029,Normal
h2594,0.177940109744668,Normal
h2595,0.028819439467042685,Normal
h2596,0.12179647013545036,Normal
h2597,0.02525070309638977,Normal
h2598,0.025363701162859797,Normal
h2599,0.13622711785137653,Normal
h2600,0.036664925049990416,Normal
h2601,0.24100413895212114,Normal
h2602,0.03775127837434411,Normal
h2604,0.03866460034623742,Normal
h2605,0.20100847631692886,Normal
h2606,0.02805626019835472,Normal
h2608,0.09801990259438753,Normal
h2610,0.15484038600698113,Normal
h2611,0.03920607501640916,Normal
h2612,0.04625967750325799,Normal
h2614,0.10273855947889388,Normal
h2615,0.012618754990398884,Normal
h2616,0.029929914977401495,Normal
h2617,0.10410832054913044,Normal
h2618,0.07247971231117845,Normal
h2619,0.018526715459302068,Normal
h2621,0.03239545738324523,Normal
h2622,0.055846949107944965,Normal
h2623,0.4435797967016697,Normal
h2624,0.8269547522068024,TB
h2625,0.06235195288900286,Normal
h2626,0.1070193788036704,Normal
h2627,0.44810381904244423,Normal
h2628,0.025957524543628097,Normal
h2629,0.056059448746964335,Normal
h2630,0.03309197095222771,Normal
h2633,0.1254273373633623,Normal
h2634,0.06546824099496007,Normal
h2637,0.13750099996104836,Normal
h2638,0.17368022724986076,Normal
h2639,0.7157946303486824,TB
h2640,0.01620446308515966,Normal
h2642,0.10269581200554967,Normal
h2643,0.02887653186917305,Normal
h2644,0.06462926603853703,Normal
h2645,0.16037141298875213,Normal
h2646,0.03452064609155059,Normal
h2647,0.017159010749310255,Normal
h2648,0.049265863839536905,Normal
h2649,0.2672152705490589,Normal
h2650,0.011197604006156325,Normal
h2651,0.09826438687741756,Normal
h2654,0.05353653384372592,Normal
h2655,0.06644546473398805,Normal
h2656,0.0367026561871171,Normal
h2657,0.011542749358341098,Normal
h2659,0.053097369614988565,Normal
h2660,0.1584859313443303,Normal
h2661,0.19210149347782135,Normal
h2662,0.0584153903182596,Normal
h2663,0.03631241200491786,Normal
h2665,0.9068923592567444,TB
h2667,0.07056278735399246,Normal
h2668,0.2533483551815152,Normal
h2669,0.0255189323797822,Normal
h2671,0.07761261286213994,Normal
h2673,0.012137553887441754,Normal
h2675,0.0714763468131423,Normal
h2676,0.020542026730254292,Normal
h2678,0.10294480784796178,Normal
h2679,0.4859912656247616,Normal
h2681,0.38124191761016846,Normal
h2682,0.23811402078717947,Normal
h2683,0.020019294694066048,Normal
h2684,0.07160193286836147,Normal
h2685,0.018810579320415854,Normal
h2687,0.06360344542190433,Normal
h2688,0.09733127476647496,Normal
h2689,0.026439476758241653,Normal
h2691,0.028592306305654347,Normal
h2692,0.027681278064846992,Normal
h2693,0.029359835665673018,Normal
h2694,0.1971054719761014,Normal
h2697,0.21238976158201694,Normal
h2698,0.40162915736436844,Normal
h2700,0.06477923132479191,Normal
h2701,0.43728745728731155,Normal
h2702,0.09153669606894255,Normal
h2705,0.3717875750735402,Normal
h2707,0.10266645345836878,Normal
h2708,0.13887026719748974,Normal
h2709,0.554654985666275,TB
h2710,0.04433039156720042,Normal
h2712,0.08794860960915685,Normal
h2714,0.03323193499818444,Normal
h2715,0.30088720144703984,Normal
h2716,0.04872187413275242,Normal
h2719,0.04962289799004793,Normal
h2721,0.05651952000334859,Normal
h2722,0.6512558460235596,TB
h2723,0.38466742262244225,Normal
h2726,0.5693505331873894,TB
h2728,0.05081405397504568,Normal
h2729,0.05938327871263027,Normal
h2731,0.01686132955364883,Normal
h2732,0.05156689789146185,Normal
h2733,0.051859837491065264,Normal
h2734,0.26087732426822186,Normal
h2735,0.04495170572772622,Normal
h2736,0.49853402841836214,Normal
h2738,0.053001849446445704,Normal
h2739,0.026151626836508512,Normal
h2740,0.013980862218886614,Normal
h2741,0.059793975204229355,Normal
h2742,0.8148474097251892,TB
h2743,0.4267879780381918,Normal
h2744,0.09554095938801765,Normal
h2746,0.20103761088103056,Normal
h2747,0.08190618362277746,Normal
h2748,0.03320119786076248,Normal
h2749,0.12693887297064066,Normal
h2750,0.016893822234123945,Normal
h2751,0.021553810453042388,Normal
h2752,0.07885923935100436,Normal
h2754,0.041941012255847454,Normal
h2755,0.09160396363586187,Normal
h2756,0.01798353181220591,Normal
h2758,0.24933946505188942,Normal
h2762,0.3091845940798521,Normal
h2763,0.04181724903173745,Normal
h2764,0.09718490391969681,Normal
h2765,0.05764808785170317,Normal
h2766,0.0457945407833904,Normal
h2767,0.06957651698030531,Normal
h2768,0.03109372197650373,Normal
h2769,0.09161021374166012,Normal
h2771,0.01804983289912343,Normal
h2772,0.28064447455108166,Normal
h2773,0.2752731842920184,Normal
h2774,0.07683835830539465,Normal
h2775,0.029641261789947748,Normal
h2776,0.4634003918617964,Normal
h2777,0.8514968156814575,TB
h2778,0.42541568353772163,Normal
h2779,0.06405457365326583,Normal
h2780,0.5117987543344498,TB
h2781,0.028751970501616597,Normal
h2783,0.018617142224684358,Normal
h2785,0.07502897130325437,Normal
h2786,0.06669579027220607,Normal
h2788,0.018666238291189075,Normal
h2791,0.03649788023903966,Normal
h2792,0.026485376758500934,Normal
h2793,0.054376483894884586,Normal
h2795,0.1433917535468936,Normal
h2797,0.026550590060651302,Normal
h2799,0.04472788702696562,Normal
h2800,0.4492611475288868,Normal
h2801,0.08799892663955688,Normal
h2804,0.05254232930019498,Normal
h2805,0.02129894308745861,Normal
h2808,0.3384229736402631,Normal
h2814,0.07911198865622282,Normal
h2815,0.29800552874803543,Normal
h2817,0.1516261212527752,Normal
h2818,0.6783621162176132,TB
h2819,0.058134896447882056,Normal
h2821,0.09835056029260159,Normal
h2823,0.04774186760187149,Normal
h2824,0.012353080091997981,Normal
h2825,0.06405595224350691,Normal
h2827,0.10111009841784835,Normal
h2828,0.030872617848217487,Normal
h2829,0.21548159793019295,Normal
h2830,0.10219786874949932,Normal
h2831,0.08560887724161148,Normal
h2832,0.14158320846036077,Normal
h2833,0.19491672981530428,Normal
h2834,0.02463337266817689,Normal
h2836,0.0305988488253206,Normal
h2837,0.06966243125498295,Normal
h2839,0.03636274626478553,Normal
h2840,0.12195313442498446,Normal
h2841,0.1884181685745716,Normal
h2842,0.021904878318309784,Normal
h2845,0.16010952228680253,Normal
h2846,0.03785316227003932,Normal
h2847,0.05901075713336468,Normal
h2848,0.14895973075181246,Normal
h2849,0.009655348723754287,Normal
h2850,0.07878990704193711,Normal
h2852,0.018925487529486418,Normal
h2853,0.31729916110634804,Normal
h2855,0.41461814008653164,Normal
h2856,0.10216935258358717,Normal
h2857,0.032245378475636244,Normal
h2859,0.09020489826798439,Normal
h2861,0.058020337484776974,Normal
h2862,0.13109437189996243,Normal
h2864,0.10868450021371245,Normal
h2865,0.3074014000594616,Normal
h2866,0.03235282935202122,Normal
h2867,0.12312193354591727,Normal
h2870,0.33871805714443326,Normal
h2871,0.046294027008116245,Normal
h2872,0.23164456523954868,Normal
h2873,0.08185760071501136,Normal
h2874,0.015551979886367917,Normal
h2876,0.017672873102128506,Normal
h2877,0.40635697823017836,Normal
h2878,0.020317127695307136,Normal
h2879,0.02170389541424811,Normal
h2880,0.040618113707751036,Normal
h2881,0.3135848194360733,Normal
h2882,0.025554319843649864,Normal
h2883,0.11351579520851374,Normal
h2884,0.026512393495067954,Normal
h2885,0.0440114876255393,Normal
h2886,0.014926069416105747,Normal
h2888,0.04062910145148635,Normal
h2889,0.07092416658997536,Normal
h2890,0.15377919655293226,Normal
h2892,0.16081065777689219,Normal
h2894,0.07362412265501916,Normal
h2895,0.05140519607812166,Normal
h2897,0.23636678187176585,Normal
h2898,0.3011230891570449,Normal
h2900,0.16695515532046556,Normal
h2901,0.1413663038983941,Normal
h2902,0.012500208569690585,Normal
h2903,0.026312714209780097,Normal
h2904,0.07407038193196058,Normal
h2905,0.02612277725711465,Normal
h2907,0.5107645764946938,TB
h2908,0.01606655097566545,Normal
h2910,0.03359621251001954,Normal
h2911,0.4772709161043167,Normal
h2912,0.10677214479073882,Normal
h2913,0.13682641834020615,Normal
h2914,0.0450474638491869,Normal
h2915,0.06182114174589515,Normal
h2916,0.05573249887675047,Normal
h2919,0.028066501952707767,Normal
h2920,0.014279233291745186,Normal
h2922,0.1141289547085762,Normal
h2923,0.42347583547234535,Normal
h2925,0.01658600987866521,Normal
h2926,0.4363754093647003,Normal
h2927,0.03289359388872981,Normal
h2928,0.30865057185292244,Normal
h2929,0.038717235904186964,Normal
h2931,0.4217168502509594,Normal
h2934,0.048596021719276905,Normal
h2935,0.06495604617521167,Normal
h2936,0.02111249975860119,Normal
h2938,0.11060438584536314,Normal
h2940,0.09492473118007183,Normal
h2942,0.03901944123208523,Normal
h2943,0.11149908415973186,Normal
h2945,0.04446736304089427,Normal
h2946,0.37023627664893866,Normal
h2947,0.1894094329327345,Normal
h2949,0.06244982918724418,Normal
h2952,0.15166799630969763,Normal
h2953,0.11500891437754035,Normal
h2954,0.0828214893117547,Normal
h2957,0.03538996237330139,Normal
h2958,0.03957875771448016,Normal
h2959,0.02457417408004403,Normal
h2960,0.14231253694742918,Normal
h2962,0.08255367539823055,Normal
h2963,0.017633969895541668,Normal
h2965,0.4841057136654854,Normal
h2968,0.04668645514175296,Normal
h2970,0.16493414714932442,Normal
h2972,0.01776632433757186,Normal
h2973,0.19243510393425822,Normal
h2974,0.010895516024902463,Normal
h2975,0.017739781411364675,Normal
h2976,0.0323961959220469,Normal
h2977,0.0362691949121654,Normal
h2978,0.28614145796746016,Normal
h2979,0.08039692603051662,Normal
h2980,0.17679725773632526,Normal
h2981,0.03438598243519664,Normal
h2982,0.1438795793801546,Normal
h2984,0.021620279643684626,Normal
h2985,0.5219748690724373,TB
h2987,0.16777750197798014,Normal
h2988,0.008834543637931347,Normal
h2989,0.10532783530652523,Normal
h2990,0.043705012649297714,Normal
h2991,0.028985921293497086,Normal
h2992,0.36046355217695236,Normal
h2993,0.05729484371840954,Normal
h2994,0.05810471344739199,Normal
h2995,0.02969912043772638,Normal
h2997,0.08599832840263844,Normal
h2998,0.05448910687118769,Normal
h2999,0.023933277698233724,Normal
h3000,0.08340541645884514,Normal
h3001,0.09898425592109561,Normal
h3003,0.02889492060057819,Normal
h3004,0.013145833974704146,Normal
h3005,0.08820325275883079,Normal
h3006,0.4885943531990051,Normal
h3007,0.012961613480001688,Normal
h3010,0.14030515355989337,Normal
h3011,0.07320272619836032,Normal
h3012,0.022585369646549225,Normal
h3013,0.1298631727695465,Normal
h3014,0.019445599988102913,Normal
h3016,0.38729243725538254,Normal
h3017,0.0382046545855701,Normal
h3019,0.19467390375211835,Normal
h3020,0.3223107382655144,Normal
h3021,0.49054626375436783,Normal
h3022,0.5121788047254086,TB
h3023,0.021997503004968166,Normal
h3024,0.11306125111877918,Normal
h3025,0.1675214353017509,Normal
h3026,0.31967417895793915,Normal
h3027,0.06336260586977005,Normal
h3028,0.3611229993402958,Normal
h3029,0.09792846883647144,Normal
h3030,0.02675718953832984,Normal
h3031,0.08014361886307597,Normal
h3032,0.16564611718058586,Normal
h3034,0.30731482710689306,Normal
h3035,0.02307885861955583,Normal
h3036,0.045994208194315434,Normal
h3037,0.5227721221745014,TB
h3038,0.013707539299502969,Normal
h3039,0.013620215002447367,Normal
h3040,0.05829962668940425,Normal
h3042,0.07749218749813735,Normal
h3045,0.09454712644219398,Normal
h3046,0.037793274968862534,Normal
h3047,0.09971700236201286,Normal
h3048,0.034868401009589434,Normal
h3049,0.013093330431729555,Normal
h3050,0.018373814411461353,Normal
h3052,0.826823279261589,TB
h3054,0.0372647512704134,Normal
h3055,0.1086982493288815,Normal
h3057,0.06961022852919996,Normal
h3058,0.025404238607734442,Normal
h3059,0.16461827279999852,Normal
h3061,0.014317678287625313,Normal
h3062,0.23910363391041756,Normal
h3063,0.03741154377348721,Normal
h3064,0.3119804337620735,Normal
h3065,0.0780653627589345,Normal
h3066,0.08117495477199554,Normal
h3067,0.12997704721055925,Normal
h3068,0.0454294690862298,Normal
h3069,0.020369380014017224,Normal
h3070,0.03184704249724746,Normal
h3071,0.21832723170518875,Normal
h3072,0.13601090665906668,Normal
h3074,0.14746325090527534,Normal
h3076,0.014141042600385845,Normal
h3077,0.13780291005969048,Normal
h3079,0.04361626226454973,Normal
h3080,0.07440838450565934,Normal
h3081,0.09240160742774606,Normal
h3082,0.024056762922555208,Normal
h3083,0.1784982532262802,Normal
h3084,0.14896007906645536,Normal
h3085,0.04126106947660446,Normal
h3086,0.20817677397280931,Normal
h3087,0.016466231318190694,Normal
h3088,0.2693276205100119,Normal
h3089,0.12229652889072895,Normal
h3090,0.06134372670203447,Normal
h3091,0.02905161608941853,Normal
h3092,0.0479231858626008,Normal
h3093,0.24798000790178776,Normal
h3095,0.04447007621638477,Normal
h3096,0.11319641815498471,Normal
h3099,0.03473747754469514,Normal
h3100,0.2040134286507964,Normal
h3101,0.07497540907934308,Normal
h3102,0.10515416972339153,Normal
h3103,0.13261951319873333,Normal
h3104,0.05007845279760659,Normal
h3106,0.020971931517124176,Normal
h3107,0.3712716242298484,Normal
h3108,0.10077821323648095,Normal
h3109,0.31974394619464874,Normal
h3110,0.01944240159355104,Normal
h3111,0.2969784289598465,Normal
h3112,0.1652610176242888,Normal
h3113,0.44723905622959137,Normal
h3114,0.07843968598172069,Normal
h3115,0.03779785637743771,Normal
h3116,0.040409774985164404,Normal
h3117,0.32750532776117325,Normal
h3120,0.3071725573390722,Normal
h3123,0.01964485296048224,Normal
h3126,0.04448780883103609,Normal
h3127,0.10013348050415516,Normal
h3131,0.02381166350096464,Normal
h3132,0.2947673536837101,Normal
h3133,0.09438735898584127,Normal
h3134,0.1991018634289503,Normal
h3135,0.07395935524255037,Normal
h3137,0.36569056287407875,Normal
h3140,0.04203769192099571,Normal
h3141,0.0769048142246902,Normal
h3143,0.039199443999677896,Normal
h3144,0.01611823681741953,Normal
h3145,0.03678616089746356,Normal
h3146,0.15311695565469563,Normal
h3147,0.12812593998387456,Normal
h3148,0.0797935207374394,Normal
h3149,0.06353513989597559,Normal
h3150,0.10814595781266689,Normal
h3151,0.07885893993079662,Normal
h3152,0.2612381689250469,Normal
h3154,0.049525732174515724,Normal
h3155,0.18777379114180803,Normal
h3156,0.40344544127583504,Normal
h3157,0.10313762631267309,Normal
h3158,0.33964385464787483,Normal
h3159,0.014586926903575659,Normal
h3160,0.03195836581289768,Normal
h3161,0.31484485417604446,Normal
h3162,0.08321988396346569,Normal
h3163,0.020209840266034007,Normal
h3166,0.05759323248639703,Normal
h3167,0.0943196527659893,Normal
h3168,0.007621117576491088,Normal
h3171,0.047788947355002165,Normal
h3172,0.03113345755264163,Normal
h3173,0.03422163613140583,Normal
h3175,0.20158863998949528,Normal
h3176,0.1738026007078588,Normal
h3177,0.026799052488058805,Normal
h3178,0.008791865315288305,Normal
h3180,0.036699168384075165,Normal
h3182,0.06597876758314669,Normal
h3183,0.04141060682013631,Normal
h3185,0.3893493786454201,Normal
h3186,0.2526189535856247,Normal
h3188,0.1435475260950625,Normal
h3189,0.30010545160621405,Normal
h3190,0.3707677572965622,Normal
h3191,0.018933001905679703,Normal
h3192,0.08054062724113464,Normal
h3193,0.037280891090631485,Normal
h3194,0.5707603488117456,TB
h3198,0.4873614013195038,Normal
h3202,0.20133783295750618,Normal
h3203,0.025694429641589522,Normal
h3204,0.03537886217236519,Normal
h3206,0.031176513992249966,Normal
h3207,0.08040171721950173,Normal
h3209,0.10761522222310305,Normal
h3211,0.6521890163421631,TB
h3212,0.3952173739671707,Normal
h3213,0.7106209695339203,TB
h3214,0.03150572022423148,Normal
h3215,0.1139556709676981,Normal
h3216,0.015285731526091695,Normal
h3217,0.013973695691674948,Normal
h3219,0.21423368528485298,Normal
h3221,0.031765867257490754,Normal
h3222,0.10880390927195549,Normal
h3223,0.08911751955747604,Normal
h3224,0.028342754114419222,Normal
h3225,0.038474660366773605,Normal
h3226,0.5342218931764364,TB
h3227,0.31357093527913094,Normal
h3228,0.09553300822153687,Normal
h3231,0.030839344020932913,Normal
h3232,0.40893447399139404,Normal
h3233,0.23906703665852547,Normal
h3235,0.49781945813447237,Normal
h3236,0.16809576842933893,Normal
h3239,0.07363868225365877,Normal
h3242,0.03642296511679888,Normal
h3244,0.1096163538750261,Normal
h3245,0.04805344110354781,Normal
h3246,0.10098457848653197,Normal
h3247,0.010997976758517325,Normal
h3248,0.3101791145745665,Normal
h3249,0.03718810807913542,Normal
h3251,0.036494717467576265,Normal
h3252,0.5059760138392448,TB
h3253,0.19622328598052263,Normal
h3254,0.017664012731984258,Normal
h3255,0.0620297163259238,Normal
h3256,0.07258214126341045,Normal
h3257,0.09010960068553686,Normal
h3259,0.8306885957717896,TB
h3260,0.08194749895483255,Normal
h3262,0.025639458559453487,Normal
h3263,0.040422863559797406,Normal
h3264,0.10517195262946188,Normal
h3265,0.10258991457521915,Normal
h3266,0.12465633638203144,Normal
h3268,0.1362756951712072,Normal
h3269,0.015496238600462675,Normal
h3270,0.11238370649516582,Normal
h3273,0.44152814894914627,Normal
h3275,0.08711311500519514,Normal
h3276,0.5458578988909721,TB
h3277,0.16481281630694866,Normal
h3278,0.04901021812111139,Normal
h3279,0.21153447963297367,Normal
h3280,0.4872734770178795,Normal
h3281,0.044788011116907,Normal
h3282,0.04770109453238547,Normal
h3284,0.056886887177824974,Normal
h3285,0.035348864970728755,Normal
h3286,0.19973789248615503,Normal
h3287,0.05138745345175266,Normal
h3288,0.04397388570941985,Normal
h3290,0.3279295298270881,Normal
h3292,0.04787212866358459,Normal
h3294,0.03640285017900169,Normal
h3295,0.12391876988112926,Normal
h3296,0.3382468558847904,Normal
h3297,0.024544948944821954,Normal
h3298,0.11848174408078194,Normal
h3301,0.16164470743387938,Normal
h3303,0.0424845265224576,Normal
h3305,0.05268757697194815,Normal
h3307,0.06829850981011987,Normal
h3308,0.05345863848924637,Normal
h3309,0.031073362799361348,Normal
h3310,0.6455338932573795,TB
h3311,0.023643115535378456,Normal
h3313,0.515452429652214,TB
h3314,0.0394304976798594,Normal
h3315,0.1199546258430928,Normal
h3316,0.06470175413414836,Normal
h3317,0.03683845908381045,Normal
h3318,0.1803409024141729,Normal
h3320,0.1371298125013709,Normal
h3322,0.7808059304952621,TB
h3324,0.11501926742494106,Normal
h3325,0.0768898269161582,Normal
h3327,0.1543455463834107,Normal
h3328,0.4144468205049634,Normal
h3329,0.018570984015241265,Normal
h3330,0.5042309835553169,TB
h3331,0.05408878671005368,Normal
h3332,0.09283993672579527,Normal
h3333,0.08081546425819397,Normal
h3335,0.06787654152140021,Normal
h3336,0.448344849050045,Normal
h3339,0.018077373271808028,Normal
h3340,0.06108329305425286,Normal
h3341,0.052495564334094524,Normal
h3342,0.025143506471067667,Normal
h3344,0.01008091599214822,Normal
h3346,0.10259055439382792,Normal
h3347,0.022652197163552046,Normal
h3348,0.037676278967410326,Normal
h3349,0.1967721525579691,Normal
h3350,0.060752117075026035,Normal
h3351,0.23691502958536148,Normal
h3354,0.24924948904663324,Normal
h3356,0.02425554790534079,Normal
h3357,0.13095681741833687,Normal
h3358,0.20664984732866287,Normal
h3364,0.1027697566896677,Normal
h3365,0.02720048138871789,Normal
h3366,0.0919423308223486,Normal
h3367,0.6915057301521301,TB
h3368,0.07853821665048599,Normal
h3369,0.09714575367979705,Normal
h3371,0.2255028337240219,Normal
h3372,0.06610276876017451,Normal
h3373,0.011726819444447756,Normal
h3374,0.031666464637964964,Normal
h3375,0.39536887407302856,Normal
h3376,0.31259796395897865,Normal
h3378,0.8555057346820831,TB
h3379,0.03411322692409158,Normal
h3380,0.13571724016219378,Normal
h3381,0.044233961030840874,Normal
h3382,0.12457860400900245,Normal
h3383,0.058485984336584806,Normal
h3384,0.06705245887860656,Normal
h3386,0.021647927816957235,Normal
h3387,0.11478293128311634,Normal
h3390,0.11714850133284926,Normal
h3392,0.02620638022199273,Normal
h3393,0.10770742641761899,Normal
h3394,0.09202664322219789,Normal
h3395,0.04961849609389901,Normal
h3399,0.015331348404288292,Normal
h3400,0.2060662154108286,Normal
h3401,0.20505701936781406,Normal
h3402,0.05918597895652056,Normal
h3403,0.15565540455281734,Normal
h3404,0.1100005735643208,Normal
h3405,0.13997098105028272,Normal
h3406,0.1813470534980297,Normal
h3407,0.028858239762485027,Normal
h3408,0.6529690474271774,TB
h3409,0.014843059005215764,Normal
h3410,0.0565388142131269,Normal
h3412,0.19210789911448956,Normal
h3414,0.11620911117643118,Normal
h3415,0.02369669615291059,Normal
h3416,0.21973475813865662,Normal
h3417,0.020069460850208998,Normal
h3418,0.1491778464987874,Normal
h3419,0.7815198749303818,TB
h3420,0.0566038996912539,Normal
h3421,0.049733852967619896,Normal
h3423,0.08917468227446079,Normal
h3424,0.05857125809416175,Normal
h3425,0.04044887935742736,Normal
h3426,0.04615128692239523,Normal
h3428,0.012262661941349506,Normal
h3429,0.04311363771557808,Normal
h3431,0.040418633725494146,Normal
h3432,0.029797686729580164,Normal
h3433,0.12047431524842978,Normal
h3435,0.1717111337929964,Normal
h3436,0.3766299970448017,Normal
h3437,0.021969116292893887,Normal
h3438,0.30316565185785294,Normal
h3439,0.03825678816065192,Normal
h3441,0.026965364813804626,Normal
h3443,0.02113515930250287,Normal
h3445,0.016326426528394222,Normal
h3446,0.13772869482636452,Normal
h3448,0.1338974665850401,Normal
h3449,0.03285539313219488,Normal
h3451,0.07773456955328584,Normal
h3453,0.05759886931627989,Normal
h3454,0.031666291411966085,Normal
h3455,0.14257610053755343,Normal
h3457,0.019925207132473588,Normal
h3458,0.2431086152791977,Normal
h3459,0.06435825349763036,Normal
h3461,0.10588757647201419,Normal
h3462,0.34768103901296854,Normal
h3463,0.031002442352473736,Normal
h3464,0.07830706459935755,Normal
h3465,0.14813278103247285,Normal
h3466,0.008843375137075782,Normal
h3467,0.044021949637681246,Normal
h3468,0.1546443400438875,Normal
h3469,0.050105270463973284,Normal
h3470,0.4648634120821953,Normal
h3471,0.06434510834515095,Normal
h3474,0.17604872537776828,Normal
h3475,0.16085727605968714,Normal
h3476,0.03469607839360833,Normal
h3477,0.1039942940697074,Normal
h3478,0.17314692260697484,Normal
h3479,0.028891089837998152,Normal
h3480,0.025751061970368028,Normal
h3481,0.020640931092202663,Normal
h3482,0.028840517392382026,Normal
h3483,0.34009570768103004,Normal
h3484,0.40589552372694016,Normal
h3486,0.03255315590649843,Normal
h3487,0.12869762256741524,Normal
h3488,0.01233817683532834,Normal
h3489,0.029289858415722847,Normal
h3490,0.0319160595536232,Normal
h3491,0.04370250599458814,Normal
h3492,0.2232020515948534,Normal
h3493,0.8337524235248566,TB
h3494,0.10573296109214425,Normal
h3495,0.09732246631756425,Normal
h3496,0.02746219700202346,Normal
h3497,0.16113854385912418,Normal
h3498,0.19171813176944852,Normal
h3499,0.40350106731057167,Normal
h3500,0.033796987030655146,Normal
h3501,0.02063979278318584,Normal
h3502,0.011638374184258282,Normal
h3504,0.08056701067835093,Normal
h3506,0.08120191376656294,Normal
h3508,0.09040319919586182,Normal
h3510,0.4719958249479532,Normal
h3511,0.11413232749328017,Normal
h3512,0.1300230622291565,Normal
h3513,0.03045769641175866,Normal
h3514,0.03250101441517472,Normal
h3515,0.6135155856609344,TB
h3516,0.08798971399664879,Normal
h3517,0.23705035401508212,Normal
h3518,0.21165390638634562,Normal
h3519,0.1308849025517702,Normal
h3520,0.12723489478230476,Normal
h3521,0.018344485200941563,Normal
h3523,0.25460296124219894,Normal
h3525,0.04669687896966934,Normal
h3527,0.07798116747289896,Normal
h3528,0.05663490388542414,Normal
h3529,0.11660412047058344,Normal
h3530,0.22554094716906548,Normal
h3531,0.0925261783413589,Normal
h3533,0.07455855049192905,Normal
h3534,0.012862410163506866,Normal
h3535,0.0615214454010129,Normal
h3537,0.026140043511986732,Normal
h3538,0.01599576778244227,Normal
h3539,0.029396827332675457,Normal
h3540,0.35728836711496115,Normal
h3541,0.031210584565997124,Normal
h3542,0.06192673463374376,Normal
h3543,0.1375399073585868,Normal
h3544,0.09006787231191993,Normal
h3545,0.2688229028135538,Normal
h3546,0.030966480262577534,Normal
h3548,0.569271482527256,TB
h3549,0.21057399548590183,Normal
h3550,0.1806673277169466,Normal
h3552,0.08120823092758656,Normal
h3553,0.0639873375184834,Normal
h3554,0.033471467439085245,Normal
h3555,0.12717265542596579,Normal
h3556,0.018043824238702655,Normal
h3557,0.0485414476133883,Normal
h3558,0.05738868471235037,Normal
h3559,0.10001631686463952,Normal
h3560,0.23162375763058662,Normal
h3561,0.15176148898899555,Normal
h3562,0.058151622069999576,Normal
h3563,0.16167905740439892,Normal
h3565,0.43576803244650364,Normal
h3566,0.5439550671726465,TB
h3567,0.06738724280148745,Normal
h3569,0.4336596876382828,Normal
h3570,0.4776775762438774,Normal
h3572,0.053796616150066257,Normal
h3573,0.15463410783559084,Normal
h3574,0.05437715630978346,Normal
h3575,0.25439921393990517,Normal
h3576,0.39130835235118866,Normal
h3577,0.04438706440851092,Normal
h3578,0.03250708128325641,Normal
h3579,0.09402681002393365,Normal
h3580,0.017056843265891075,Normal
h3581,0.015001522609964013,Normal
h3582,0.07942387042567134,Normal
h3583,0.01964509440585971,Normal
h3586,0.3344866205006838,Normal
h3587,0.08551188465207815,Normal
h3588,0.027959903934970498,Normal
h3591,0.1261554528027773,Normal
h3594,0.14223611168563366,Normal
h3595,0.10945883207023144,Normal
h3596,0.03260088758543134,Normal
h3597,0.08094428014010191,Normal
h3598,0.13320626015774906,Normal
h3599,0.07417056430131197,Normal
h3600,0.3998892530798912,Normal
h3601,0.08285052236169577,Normal
h3602,0.03448461485095322,Normal
h3603,0.419016036670655,Normal
h3605,0.1382549493573606,Normal
h3607,0.0815577800385654,Normal
h3608,0.026891115121543407,Normal
h3609,0.05281118908897042,Normal
h3610,0.037576110335066915,Normal
h3611,0.1478578532114625,Normal
h3613,0.0548648436088115,Normal
h3614,0.07163523742929101,Normal
h3615,0.02803034707903862,Normal
h3616,0.11419490398839116,Normal
h3617,0.2490494642406702,Normal
h3618,0.02665215404704213,Normal
h3619,0.47739630192518234,Normal
h3620,0.03304208512417972,Normal
h3621,0.10406400682404637,Normal
h3622,0.09866958856582642,Normal
h3623,0.019366797292605042,Normal
h3624,0.020819750847294927,Normal
h3625,0.10116414166986942,Normal
h3626,0.12529267463833094,Normal
h3633,0.1270002070814371,Normal
h3636,0.04499409021809697,Normal
h3637,0.6974026560783386,TB
h3639,0.13464430905878544,Normal
h3640,0.16610952303744853,Normal
h3642,0.3066246537491679,Normal
h3643,0.15089518763124943,Normal
h3644,0.05055402684956789,Normal
h3645,0.04433345701545477,Normal
h3648,0.12013615015894175,Normal
h3649,0.01930454489775002,Normal
h3650,0.024143666494637728,Normal
h3651,0.20860015600919724,Normal
h3652,0.05914728809148073,Normal
h3653,0.10787330940365791,Normal
h3654,0.28482392709702253,Normal
h3655,0.3941391222178936,Normal
h3656,0.129646897315979,Normal
h3659,0.4821616727858782,Normal
h3660,0.016018466791138053,Normal
h3664,0.08656179392710328,Normal
h3666,0.04869793634861708,Normal
h3669,0.11043816991150379,Normal
h3673,0.11501829605549574,Normal
h3674,0.14398845098912716,Normal
h3675,0.11561883660033345,Normal
h3676,0.3370046690106392,Normal
h3677,0.6748590618371964,TB
h3678,0.016631560400128365,Normal
h3683,0.3069080701097846,Normal
h3684,0.11555058415979147,Normal
h3686,0.23935777135193348,Normal
h3688,0.07610755832865834,Normal
h3689,0.01177073991857469,Normal
h3690,0.40881901420652866,Normal
h3691,0.03238620329648256,Normal
h3692,0.049452907871454954,Normal
h3693,0.12297015218064189,Normal
h3694,0.2054200228303671,Normal
h3695,0.02926701633259654,Normal
h3696,0.01766133029013872,Normal
h3697,0.17698341561481357,Normal
h3699,0.0728107038885355,Normal
h3702,0.056994687765836716,Normal
h3703,0.020386833231896162,Normal
h3704,0.6903622597455978,TB
h3705,0.03677951358258724,Normal
h3706,0.15658503584563732,Normal
h3707,0.043244509026408195,Normal
h3708,0.17964448034763336,Normal
h3709,0.3901622574776411,Normal
h3710,0.18526162533089519,Normal
h3712,0.3067972082644701,Normal
h3713,0.281747926492244,Normal
h3715,0.024913675850257277,Normal
h3716,0.05437903478741646,Normal
h3717,0.01631231978535652,Normal
h3718,0.1481820186600089,Normal
h3719,0.06263673235662282,Normal
h3720,0.34691766928881407,Normal
h3721,0.105791918002069,Normal
h3722,0.07490977458655834,Normal
h3723,0.03332681907340884,Normal
h3725,0.033093213103711605,Normal
h3726,0.08992461999878287,Normal
h3727,0.24125844798982143,Normal
h3729,0.05942058237269521,Normal
h3730,0.5008798465132713,TB
h3732,0.022472439100965858,Normal
h3735,0.11664539156481624,Normal
h3736,0.36001306399703026,Normal
h3737,0.10539221949875355,Normal
h3739,0.02527174400165677,Normal
h3740,0.5980195738375187,TB
h3741,0.03400475066155195,Normal
h3742,0.04042096342891455,Normal
h3743,0.04384200880303979,Normal
h3744,0.02803755342029035,Normal
h3745,0.016864840174093843,Normal
h3746,0.7127343118190765,TB
h3747,0.06880266917869449,Normal
h3748,0.2588896416127682,Normal
h3750,0.17570575419813395,Normal
h3751,0.01618447434157133,Normal
h3752,0.19212212320417166,Normal
h3753,0.16790795978158712,Normal
h3754,0.624339148402214,TB
h3755,0.47935020737349987,Normal
h3756,0.3032054491341114,Normal
h3757,0.14226154144853354,Normal
h3758,0.11521384492516518,Normal
h3759,0.07878421200439334,Normal
h3763,0.6689894795417786,TB
h3764,0.03512905747629702,Normal
h3766,0.08846406126394868,Normal
h3767,0.08164141699671745,Normal
h3768,0.42158567532896996,Normal
h3769,0.03359603090211749,Normal
h3770,0.08639270905405283,Normal
h3772,0.028502271277830005,Normal
h3774,0.12994474172592163,Normal
h3775,0.043897124007344246,Normal
h3776,0.07335593504831195,Normal
h3777,0.023263253970071673,Normal
h3778,0.6545790284872055,TB
h3780,0.17072555562481284,Normal
h3781,0.04554375819861889,Normal
h3782,0.49252235144376755,Normal
h3783,0.8184291571378708,TB
h3785,0.11790985055267811,Normal
h3786,0.08112853392958641,Normal
h3789,0.11726466519758105,Normal
h3791,0.1687462655827403,Normal
h3792,0.08596989698708057,Normal
h3793,0.3026517741382122,Normal
h3794,0.07005737908184528,Normal
h3795,0.24461955204606056,Normal
h3796,0.07333681033924222,Normal
h3797,0.6568335592746735,TB
h3798,0.05667485482990742,Normal
h3801,0.11751567618921399,Normal
h3803,0.048851204104721546,Normal
h3804,0.628900445997715,TB
h3805,0.30748075619339943,Normal
h3806,0.22670415602624416,Normal
h3807,0.021420566830784082,Normal
h3808,0.04039275459945202,Normal
h3809,0.030838366597890854,Normal
h3810,0.022195926867425442,Normal
h3812,0.007008206564933062,Normal
h3816,0.05097018415108323,Normal
h3817,0.1572730392217636,Normal
h3819,0.048968632239848375,Normal
h3820,0.13913695001974702,Normal
h3821,0.05776194389909506,Normal
h3822,0.04767380468547344,Normal
h3823,0.014959166292101145,Normal
h3824,0.06175415473990142,Normal
h3825,0.02679194277152419,Normal
h3826,0.14762376807630062,Normal
h3828,0.37135060131549835,Normal
h3829,0.038702129386365414,Normal
h3830,0.02442351053468883,Normal
h3832,0.07268527755513787,Normal
h3834,0.06502106436528265,Normal
h3835,0.16045102197676897,Normal
h3837,0.025548165198415518,Normal
h3838,0.01881443546153605,Normal
h3839,0.4437779635190964,Normal
h3840,0.06417167838662863,Normal
h3841,0.1541449623182416,Normal
h3843,0.5209037289023399,TB
h3845,0.5633117333054543,TB
h3846,0.05816562823019922,Normal
h3848,0.11889908695593476,Normal
h3849,0.15509646013379097,Normal
h3850,0.40859069116413593,Normal
h3851,0.04797540255822241,Normal
h3853,0.042802069801837206,Normal
h3854,0.10075730364769697,Normal
h3855,0.08616981003433466,Normal
h3856,0.05688763177022338,Normal
h3857,0.05164084676653147,Normal
h3858,0.30142074450850487,Normal
h3859,0.017352432245388627,Normal
h3860,0.11370861763134599,Normal
h3861,0.6199722290039062,TB
h3862,0.05100233107805252,Normal
h3863,0.23410183005034924,Normal
h3864,0.1483550383709371,Normal
h3865,0.008102558669634163,Normal
h3866,0.08722383948042989,Normal
h3867,0.028718953719362617,Normal
h3868,0.034930810797959566,Normal
h3869,0.04383658105507493,Normal
h3870,0.05930167529731989,Normal
h3872,0.03830908820964396,Normal
h3873,0.46851830184459686,Normal
h3874,0.031159693142399192,Normal
h3875,0.12571459542959929,Normal
h3876,0.02653521322645247,Normal
h3877,0.04196555493399501,Normal
h3878,0.266318644862622,Normal
h3879,0.2022120039910078,Normal
h3880,0.13763892091810703,Normal
h3881,0.04883493878878653,Normal
h3882,0.19052614737302065,Normal
h3884,0.010641251225024462,Normal
h3885,0.29534497018903494,Normal
h3888,0.21311264205724,Normal
h3890,0.025906764436513186,Normal
h3891,0.17735556233674288,Normal
h3893,0.4317374099045992,Normal
h3894,0.21789818443357944,Normal
h3895,0.07162806112319231,Normal
h3896,0.02081692428328097,Normal
h3900,0.053182636853307486,Normal
h3902,0.20901460386812687,Normal
h3904,0.02439840231090784,Normal
h3905,0.016428617062047124,Normal
h3906,0.24984646122902632,Normal
h3907,0.09057635208591819,Normal
h3909,0.08081985311582685,Normal
h3910,0.1358227701857686,Normal
h3911,0.13620180636644363,Normal
h3912,0.03425889741629362,Normal
h3913,0.6800837218761444,TB
h3915,0.02403404889628291,Normal
h3916,0.02929813042283058,Normal
h3917,0.02315212693065405,Normal
h3918,0.04662850312888622,Normal
h3919,0.11905255797319114,Normal
h3920,0.015404051169753075,Normal
h3921,0.415275439620018,Normal
h3922,0.10825898125767708,Normal
h3923,0.275261293631047,Normal
h3924,0.09141906187869608,Normal
h3925,0.1249181292951107,Normal
h3927,0.2071990252006799,Normal
h3928,0.07259921543300152,Normal
h3929,0.09000604785978794,Normal
h3931,0.022470689844340086,Normal
h3932,0.009390993043780327,Normal
h3934,0.08126353938132524,Normal
h3935,0.2860778318718076,Normal
h3936,0.6357519626617432,TB
h3937,0.09830475831404328,Normal
h3938,0.0841849809512496,Normal
h3940,0.2495472482405603,Normal
h3941,0.2020843094214797,Normal
h3942,0.022222420666366816,Normal
h3944,0.5016744956374168,TB
h3945,0.02602681121788919,Normal
h3947,0.04557209019549191,Normal
h3948,0.012275851797312498,Normal
h3950,0.029647763818502426,Normal
h3951,0.055618077516555786,Normal
h3952,0.04432402201928198,Normal
h3953,0.06978795444592834,Normal
h3954,0.048263723496347666,Normal
h3955,0.03649197262711823,Normal
h3956,0.06825149478390813,Normal
h3958,0.025868962053209543,Normal
h3960,0.23352084681391716,Normal
h3961,0.03760673524811864,Normal
h3962,0.16472591692581773,Normal
h3963,0.31834479235112667,Normal
h3964,0.07062862277962267,Normal
h3966,0.08610349148511887,Normal
h3967,0.08832530211657286,Normal
h3968,0.08408011216670275,Normal
h3969,0.3207251951098442,Normal
h3970,0.060808537527918816,Normal
h3971,0.17235246486961842,Normal
h3972,0.09834427060559392,Normal
h3974,0.0878392024897039,Normal
h3975,0.019268363481387496,Normal
h3976,0.12006590142846107,Normal
h3977,0.27483136486262083,Normal
h3978,0.44896628707647324,Normal
h3980,0.021607549162581563,Normal
h3981,0.17034075083211064,Normal
h3982,0.05971056455746293,Normal
h3983,0.06025692401453853,Normal
h3984,0.08017610711976886,Normal
h3985,0.13878284161910415,Normal
h3986,0.04626695346087217,Normal
h3987,0.08989752875640988,Normal
h3989,0.19506986113265157,Normal
h3990,0.43641382455825806,Normal
h3991,0.12925458885729313,Normal
h3992,0.09867718769237399,Normal
h3993,0.3675190508365631,Normal
h3994,0.028804173227399588,Normal
h3995,0.16334653506055474,Normal
h3996,0.020559152122586966,Normal
h3997,0.05658497498370707,Normal
h4000,0.09784739138558507,Normal
h4001,0.26113577373325825,Normal
h4002,0.040193431079387665,Normal
h4004,0.05386047903448343,Normal
h4006,0.32989658042788506,Normal
h4007,0.23248038534075022,Normal
h4008,0.21222244668751955,Normal
h4009,0.41433562710881233,Normal
h4010,0.36252832412719727,Normal
h4012,0.017946549924090505,Normal
h4013,0.12077147932723165,Normal
h4014,0.017488973448053002,Normal
h4015,0.17065776186063886,Normal
h4017,0.0496543999761343,Normal
h4018,0.1762324459850788,Normal
h4019,0.01751487865112722,Normal
h4020,0.013128960272297263,Normal
h4021,0.21310209529474378,Normal
h4022,0.026727139251306653,Normal
h4023,0.47281334176659584,Normal
h4024,0.035462708212435246,Normal
h4025,0.1075458787381649,Normal
h4026,0.3678184952586889,Normal
h4027,0.015654690098017454,Normal
h4029,0.03479459509253502,Normal
h4030,0.40999115630984306,Normal
h4031,0.016630657482892275,Normal
h4033,0.026020077290013433,Normal
h4034,0.08030506735667586,Normal
h4035,0.0469863903708756,Normal
h4036,0.02366352640092373,Normal
h4037,0.6275191456079483,TB
h4038,0.013499465538188815,Normal
h4039,0.1792849898338318,Normal
h4041,0.10724114533513784,Normal
h4042,0.08206662675365806,Normal
h4043,0.06215378362685442,Normal
h4044,0.4728119317442179,Normal
h4045,0.040961556136608124,Normal
h4046,0.1372410897165537,Normal
h4047,0.5357868447899818,TB
h4048,0.25683213397860527,Normal
h4049,0.14427442383021116,Normal
h4050,0.1521975644864142,Normal
h4052,0.03338226396590471,Normal
h4054,0.09286383679136634,Normal
h4055,0.41868457570672035,Normal
h4056,0.015837842132896185,Normal
h4057,0.15855266386643052,Normal
h4058,0.07381952600553632,Normal
h4059,0.061567144468426704,Normal
h4061,0.026559642050415277,Normal
h4062,0.05771363200619817,Normal
h4063,0.036666658241301775,Normal
h4064,0.08446471393108368,Normal
h4066,0.1256590853445232,Normal
h4067,0.09377643326297402,Normal
h4068,0.031709290109574795,Normal
h4073,0.06762357009574771,Normal
h4074,0.10613417346030474,Normal
h4075,0.019423249876126647,Normal
h4076,0.10559716820716858,Normal
h4078,0.26865421514958143,Normal
h4079,0.05029666377231479,Normal
h4080,0.138830853626132,Normal
h4081,0.05635757418349385,Normal
h4082,0.14177372120320797,Normal
h4084,0.03057829663157463,Normal
h4086,0.8469075709581375,TB
h4087,0.0213194175157696,Normal
h4089,0.14755794033408165,Normal
h4090,0.35715910186991096,Normal
h4091,0.013587352121248841,Normal
h4092,0.0356994008179754,Normal
h4093,0.2049114527180791,Normal
h4095,0.06312003848142922,Normal
h4096,0.15157232945784926,Normal
h4097,0.05307102808728814,Normal
h4098,0.011772768339142203,Normal
h4099,0.07932876609265804,Normal
h4100,0.08941217884421349,Normal
h4102,0.3453204184770584,Normal
h4108,0.18964342959225178,Normal
h4109,0.3215096313506365,Normal
h4110,0.04075194243341684,Normal
h4111,0.2070966763421893,Normal
h4112,0.02183218440040946,Normal
h4113,0.01412554713897407,Normal
h4114,0.10741233406588435,Normal
h4115,0.3853968568146229,Normal
h4116,0.21518425829708576,Normal
h4117,0.43371475860476494,Normal
h4118,0.07208535447716713,Normal
h4119,0.0974649004638195,Normal
h4120,0.5235826298594475,TB
h4122,0.3640330620110035,Normal
h4123,0.021977663738653064,Normal
h4124,0.04183872556313872,Normal
h4127,0.3830389529466629,Normal
h4130,0.018836003029718995,Normal
h4131,0.1579395281150937,Normal
h4133,0.03676859685219824,Normal
h4135,0.05969037255272269,Normal
h4136,0.0194869888946414,Normal
h4138,0.11925138533115387,Normal
h4139,0.39773111045360565,Normal
h4142,0.10411228472366929,Normal
h4143,0.5166222583502531,TB
h4144,0.41000429168343544,Normal
h4145,0.26667195465415716,Normal
h4147,0.5727008655667305,TB
h4148,0.08778611291199923,Normal
h4149,0.2386389123275876,Normal
h4151,0.026251395465806127,Normal
h4152,0.20864191139116883,Normal
h4153,0.03763653198257089,Normal
h4154,0.36399297788739204,Normal
h4155,0.10766253620386124,Normal
h4157,0.0375943158287555,Normal
h4158,0.31733813788741827,Normal
h4159,0.07972382009029388,Normal
h4160,0.12598065193742514,Normal
h4161,0.04116175230592489,Normal
h4162,0.036390447057783604,Normal
h4163,0.2139316825196147,Normal
h4164,0.2981699062511325,Normal
h4165,0.2164294645190239,Normal
h4166,0.028830165043473244,Normal
h4167,0.024197049904614687,Normal
h4168,0.05437756888568401,Normal
h4169,0.07230767887085676,Normal
h4171,0.07227780297398567,Normal
h4172,0.020060188602656126,Normal
h4173,0.027487472165375948,Normal
h4174,0.023530366364866495,Normal
h4177,0.09348174557089806,Normal
h4178,0.03373845131136477,Normal
h4179,0.08341196505352855,Normal
h4180,0.031151308678090572,Normal
h4183,0.1559733059257269,Normal
h4184,0.17327158991247416,Normal
h4185,0.25190268782898784,Normal
h4186,0.28178030997514725,Normal
h4187,0.14487256668508053,Normal
h4188,0.046477251686155796,Normal
h4189,0.016765024280175567,Normal
h4191,0.2682349756360054,Normal
h4192,0.18366729002445936,Normal
h4193,0.10806126287207007,Normal
h4194,0.6855523958802223,TB
h4196,0.06374168675392866,Normal
h4197,0.015471201855689287,Normal
h4198,0.05522274551913142,Normal
h4201,0.3172172326594591,Normal
h4203,0.396681759506464,Normal
h4204,0.19872447289526463,Normal
h4205,0.031236966606229544,Normal
h4206,0.13286634720861912,Normal
h4207,0.4521479122340679,Normal
h4209,0.07158448360860348,Normal
h4211,0.12398827262222767,Normal
h4212,0.00955676264129579,Normal
h4213,0.0390707291662693,Normal
h4214,0.02135027083568275,Normal
h4215,0.0961412494070828,Normal
h4216,0.015229791402816772,Normal
h4217,0.024265177315101027,Normal
h4218,0.043448179960250854,Normal
h4219,0.11230782978236675,Normal
h4220,0.09535856591537595,Normal
h4221,0.035485052736476064,Normal
h4222,0.09032070683315396,Normal
h4223,0.4226748589426279,Normal
h4224,0.7851379364728928,TB
h4226,0.19101908057928085,Normal
h4227,0.02921187481842935,Normal
h4228,0.045941967982798815,Normal
h4229,0.09906938439235091,Normal
h4230,0.1294125048443675,Normal
h4231,0.18669402180239558,Normal
h4233,0.43555001355707645,Normal
h4234,0.07230815244838595,Normal
h4235,0.3228994272649288,Normal
h4236,0.15352267865091562,Normal
h4237,0.4093375145457685,Normal
h4238,0.6090917587280273,TB
h4239,0.520467035472393,TB
h4241,0.04024623800069094,Normal
h4244,0.2595133753493428,Normal
h4245,0.43558995239436626,Normal
h4246,0.6157649010419846,TB
h4247,0.08141785115003586,Normal
h4250,0.15052731474861503,Normal
h4251,0.013751851161941886,Normal
h4252,0.18116678576916456,Normal
h4253,0.10574734210968018,Normal
h4254,0.07349505368620157,Normal
h4255,0.021696398267522454,Normal
h4256,0.028673263965174556,Normal
h4257,0.24668177962303162,Normal
h4258,0.1113519356586039,Normal
h4259,0.1769046252593398,Normal
h4260,0.013135975692421198,Normal
h4261,0.017161660362035036,Normal
h4262,0.07394281937740743,Normal
h4263,0.061262669041752815,Normal
h4264,0.593816488981247,TB
h4266,0.3045696895569563,Normal
h4267,0.10073449229821563,Normal
h4268,0.03140067029744387,Normal
h4269,0.21634299587458372,Normal
h4270,0.09308621753007174,Normal
h4272,0.125498800072819,Normal
h4273,0.04545637918636203,Normal
h4275,0.10502112749963999,Normal
h4276,0.08565249340608716,Normal
h4278,0.029367187060415745,Normal
h4279,0.16150063602253795,Normal
h4280,0.12421286199241877,Normal
h4281,0.1066949930973351,Normal
h4283,0.11676527513191104,Normal
h4286,0.4615251012146473,Normal
h4287,0.30541668459773064,Normal
h4289,0.1091101672500372,Normal
h4290,0.10296367155387998,Normal
h4291,0.25422551948577166,Normal
h4292,0.11362618440762162,Normal
h4293,0.13970186281949282,Normal
h4294,0.3850112184882164,Normal
h4297,0.39580174908041954,Normal
h4298,0.047592879040166736,Normal
h4299,0.35098456777632236,Normal
h4300,0.1159843122586608,Normal
h4302,0.12368204072117805,Normal
h4304,0.014928698306903243,Normal
h4305,0.03815959906205535,Normal
h4306,0.022752959048375487,Normal
h4307,0.04104021890088916,Normal
h4308,0.05841224570758641,Normal
h4309,0.016351208556443453,Normal
h4310,0.8330737799406052,TB
h4311,0.09975527785718441,Normal
h4313,0.01450163614936173,Normal
h4314,0.5667933598160744,TB
h4316,0.09534786827862263,Normal
h4317,0.016688046511262655,Normal
h4318,0.09070942271500826,Normal
h4319,0.7094445079565048,TB
h4320,0.017996772890910506,Normal
h4321,0.05039910087361932,Normal
h4324,0.7986991256475449,TB
h4326,0.04076170828193426,Normal
h4327,0.08898224076256156,Normal
h4328,0.15271406760439277,Normal
h4329,0.13748833863064647,Normal
h4330,0.07113087642937899,Normal
h4332,0.13560402113944292,Normal
h4335,0.09468475449830294,Normal
h4336,0.021319292252883315,Normal
h4337,0.03811406530439854,Normal
h4338,0.3086254792287946,Normal
h4339,0.013546988600865006,Normal
h4340,0.06513837166130543,Normal
h4341,0.06279131304472685,Normal
h4342,0.08817327814176679,Normal
h4343,0.3143928926438093,Normal
h4344,0.03015238931402564,Normal
h4345,0.33101903088390827,Normal
h4347,0.020196394994854927,Normal
h4348,0.030520271509885788,Normal
h4349,0.05697833374142647,Normal
h4350,0.10501125548034906,Normal
h4351,0.018377094296738505,Normal
h4352,0.21416980680078268,Normal
h4354,0.25236155465245247,Normal
h4356,0.13873323192819953,Normal
h4357,0.16567699750885367,Normal
h4358,0.014080411056056619,Normal
h4359,0.030374601017683744,Normal
h4360,0.03412569221109152,Normal
h4361,0.033902522176504135,Normal
h4362,0.4274962767958641,Normal
h4363,0.06529642327222973,Normal
h4365,0.07712534163147211,Normal
h4366,0.07753545138984919,Normal
h4367,0.029258716851472855,Normal
h4368,0.2879282543435693,Normal
h4369,0.03802509466186166,Normal
h4370,0.05809917999431491,Normal
h4371,0.04390407865867019,Normal
h4372,0.05292849941179156,Normal
h4373,0.0589824914932251,Normal
h4374,0.06310788309201598,Normal
h4375,0.17760876566171646,Normal
h4377,0.03147463616915047,Normal
h4378,0.024734535720199347,Normal
h4379,0.6312444247305393,TB
h4380,0.02985540172085166,Normal
h4381,0.23971387278288603,Normal
h4382,0.2284310800023377,Normal
h4383,0.07913345890119672,Normal
h4386,0.014328931225463748,Normal
h4387,0.1292802863754332,Normal
h4388,0.14436423312872648,Normal
h4389,0.14216817216947675,Normal
h4390,0.07698047836311162,Normal
h4391,0.1891598990187049,Normal
h4392,0.581259785220027,TB
h4393,0.12481837416999042,Normal
h4394,0.031524276128038764,Normal
h4395,0.060022883815690875,Normal
h4396,0.26005859300494194,Normal
h4397,0.09230402112007141,Normal
h4399,0.09398369584232569,Normal
h4401,0.027678173501044512,Normal
h4402,0.058193658012896776,Normal
h4403,0.0632117185741663,Normal
h4404,0.035165849374607205,Normal
h4406,0.27206982020288706,Normal
h4407,0.0490242273081094,Normal
h4408,0.06173912016674876,Normal
h4410,0.27016092371195555,Normal
h4413,0.07472728844732046,Normal
h4414,0.13814361672848463,Normal
h4416,0.10716961370781064,Normal
h4418,0.25770585099235177,Normal
h4419,0.13895753072574735,Normal
h4420,0.019869368989020586,Normal
h4421,0.15591499581933022,Normal
h4422,0.38381196558475494,Normal
h4423,0.39980095624923706,Normal
h4426,0.06521834386512637,Normal
h4427,0.2119043543934822,Normal
h4428,0.014244099846109748,Normal
h4429,0.27848557755351067,Normal
h4431,0.13224786054342985,Normal
h4432,0.09727499028667808,Normal
h4433,0.14711389690637589,Normal
h4434,0.17639154009521008,Normal
h4435,0.01811360870487988,Normal
h4436,0.0938337268307805,Normal
h4437,0.01809975178912282,Normal
h4438,0.03680665511637926,Normal
h4439,0.3118894286453724,Normal
h4440,0.049807279370725155,Normal
h4441,0.021243383642286062,Normal
h4443,0.14537594141438603,Normal
h4445,0.053447206038981676,Normal
h4446,0.0411527082324028,Normal
h4447,0.10226182779297233,Normal
h4449,0.06184828048571944,Normal
h4450,0.589296244084835,TB
h4451,0.3923449944704771,Normal
h4452,0.04826969304122031,Normal
h4453,0.2796358671039343,Normal
h4454,0.07104578288272023,Normal
h4455,0.04878443805500865,Normal
h4456,0.2612193040549755,Normal
h4457,0.05080575030297041,Normal
h4458,0.04854295728728175,Normal
h4459,0.04760506167076528,Normal
h4460,0.1585303321480751,Normal
h4461,0.019877132144756615,Normal
h4462,0.08732856949791312,Normal
h4463,0.2231749389320612,Normal
h4466,0.18051560409367085,Normal
h4467,0.06142645957879722,Normal
h4468,0.30533680645748973,Normal
h4470,0.31638840213418007,Normal
h4473,0.013076339266262949,Normal
h4474,0.07993496395647526,Normal
h4475,0.1365009183064103,Normal
h4476,0.04643315635621548,Normal
h4479,0.10210441332310438,Normal
h4480,0.23587556555867195,Normal
h4481,0.0900762127712369,Normal
h4483,0.24376798933371902,Normal
h4484,0.10032878164201975,Normal
h4485,0.47700995579361916,Normal
h4486,0.26137677673250437,Normal
h4487,0.36739869229495525,Normal
h4488,0.2972900541499257,Normal
h4489,0.0496236328035593,Normal
h4490,0.8879116326570511,TB
h4491,0.2816820293664932,Normal
h4493,0.09357817564159632,Normal
h4495,0.03328363597393036,Normal
h4496,0.019271383062005043,Normal
h4497,0.22762816958129406,Normal
h4498,0.0204922656994313,Normal
h4499,0.021216975525021553,Normal
h4500,0.2297798409126699,Normal
h4501,0.03215327812358737,Normal
h4502,0.14274868369102478,Normal
h4503,0.054284346057102084,Normal
h4504,0.14030714705586433,Normal
h4505,0.10243711527436972,Normal
h4506,0.3511629458516836,Normal
h4507,0.07881373632699251,Normal
h4508,0.36214837059378624,Normal
h4510,0.04644398647360504,Normal
h4511,0.3535754755139351,Normal
h4514,0.04532654630020261,Normal
h4515,0.3589335409924388,Normal
h4516,0.18368085473775864,Normal
h4517,0.14761128276586533,Normal
h4518,0.054805648513138294,Normal
h4519,0.35656221956014633,Normal
h4520,0.03271730383858085,Normal
h4522,0.04395316378213465,Normal
h4523,0.024829258443787694,Normal
h4524,0.6938021555542946,TB
h4526,0.015131839783862233,Normal
h4527,0.20351857133209705,Normal
h4530,0.2692759074270725,Normal
h4531,0.18330353870987892,Normal
h4533,0.09856941271573305,Normal
h4534,0.22856181114912033,Normal
h4535,0.11154135130345821,Normal
h4536,0.192200587131083,Normal
h4538,0.23854895727708936,Normal
h4540,0.05538022145628929,Normal
h4541,0.014062874019145966,Normal
h4542,0.359066566452384,Normal
h4543,0.03933182032778859,Normal
h4545,0.0400703395716846,Normal
h4547,0.03500602254644036,Normal
h4548,0.23899907618761063,Normal
h4549,0.3292648307979107,Normal
h4551,0.13015816267579794,Normal
h4554,0.01743996632285416,Normal
h4555,0.6971309930086136,TB
h4557,0.25127624487504363,Normal
h4558,0.24894425366073847,Normal
h4559,0.04375935113057494,Normal
h4561,0.014513659058138728,Normal
h4562,0.07763716578483582,Normal
h4563,0.039500521030277014,Normal
h4564,0.01736870175227523,Normal
h4565,0.008930390235036612,Normal
h4566,0.2640214152634144,Normal
h4567,0.1771929394453764,Normal
h4568,0.1153467483818531,Normal
h4569,0.011123580858111382,Normal
h4570,0.2720099352300167,Normal
h4571,0.052986860275268555,Normal
h4572,0.4333905428647995,Normal
h4573,0.02388577931560576,Normal
h4574,0.29955895617604256,Normal
h4575,0.10048477351665497,Normal
h4576,0.02378959092311561,Normal
h4579,0.10631956486031413,Normal
h4580,0.07997150532901287,Normal
h4581,0.18511618115007877,Normal
h4582,0.30369861982762814,Normal
h4583,0.08662713086232543,Normal
h4584,0.13221687637269497,Normal
h4585,0.053208235651254654,Normal
h4586,0.463602427393198,Normal
h4588,0.02830831566825509,Normal
h4591,0.14048779755830765,Normal
h4592,0.036484245443716645,Normal
h4593,0.3076129895634949,Normal
h4594,0.018584821606054902,Normal
h4595,0.04923920286819339,Normal
h4596,0.15669938176870346,Normal
h4598,0.02135385014116764,Normal
h4599,0.08219924382865429,Normal
h4601,0.2039030152373016,Normal
h4602,0.36138558853417635,Normal
h4605,0.1738594127818942,Normal
h4607,0.04684638767503202,Normal
h4608,0.17038742173463106,Normal
h4609,0.30278689600527287,Normal
h4610,0.0345912529155612,Normal
h4611,0.38782239332795143,Normal
h4612,0.10228792461566627,Normal
h4613,0.30821191146969795,Normal
h4614,0.25795065239071846,Normal
h4615,0.029115986078977585,Normal
h4616,0.08019877970218658,Normal
h4617,0.11345756705850363,Normal
h4618,0.08850551769137383,Normal
h4619,0.5357812456786633,TB
h4620,0.24162181094288826,Normal
h4621,0.4965077359229326,Normal
h4622,0.013491434510797262,Normal
h4624,0.4939682297408581,Normal
h4625,0.14253259729593992,Normal
h4626,0.3591813803650439,Normal
h4627,0.36175909265875816,Normal
h4629,0.10174596821889281,Normal
h4630,0.21091418340802193,Normal
h4631,0.01233056653290987,Normal
h4634,0.21855380199849606,Normal
h4636,0.023019290762022138,Normal
h4637,0.09697134513407946,Normal
h4638,0.1530388412065804,Normal
h4639,0.2695862762629986,Normal
h4641,0.023476205300539732,Normal
h4646,0.11527037480846047,Normal
h4647,0.03960557281970978,Normal
h4648,0.3140726052224636,Normal
h4649,0.10280714510008693,Normal
h4650,0.16613293439149857,Normal
h4651,0.17580627277493477,Normal
h4652,0.11067617125809193,Normal
h4653,0.10328582674264908,Normal
h4655,0.05621408764272928,Normal
h4657,0.4130333438515663,Normal
h4658,0.11626179004088044,Normal
h4659,0.11135538574308157,Normal
h4660,0.07749792304821312,Normal
h4661,0.17176663246937096,Normal
h4663,0.03077208809554577,Normal
h4664,0.028865186031907797,Normal
h4665,0.08100890647619963,Normal
h4666,0.3090313938446343,Normal
h4667,0.2512866333127022,Normal
h4669,0.6766622513532639,TB
h4670,0.2998570119962096,Normal
h4671,0.23560514487326145,Normal
h4672,0.3956425376236439,Normal
h4673,0.4276578417047858,Normal
h4674,0.0818309118039906,Normal
h4675,0.02710856171324849,Normal
h4676,0.5653994530439377,TB
h4677,0.5373698733747005,TB
h4678,0.028478397522121668,Normal
h4679,0.6953225955367088,TB
h4680,0.028999698581174016,Normal
h4681,0.051287729293107986,Normal
h4682,0.029011237435042858,Normal
h4683,0.14366262033581734,Normal
h4684,0.14789608167484403,Normal
h4686,0.11891442444175482,Normal
h4687,0.8456380218267441,TB
h4688,0.025471667293459177,Normal
h4691,0.010695143952034414,Normal
h4692,0.013294581789523363,Normal
h4693,0.39624946750700474,Normal
h4694,0.08662464213557541,Normal
h4695,0.026496422477066517,Normal
h4696,0.04227957455441356,Normal
h4697,0.2474570507183671,Normal
h4698,0.05549770127981901,Normal
h4699,0.11508965445682406,Normal
h4700,0.1999618522822857,Normal
h4702,0.1799275940284133,Normal
h4704,0.03661168762482703,Normal
h4705,0.5260952990502119,TB
h4707,0.008811639971099794,Normal
h4708,0.44993935339152813,Normal
h4709,0.07932652486488223,Normal
h4711,0.30701684579253197,Normal
h4712,0.23414737358689308,Normal
h4713,0.17268679663538933,Normal
h4714,0.08616185374557972,Normal
h4716,0.1901484727859497,Normal
h4717,0.03638816834427416,Normal
h4719,0.13575421459972858,Normal
h4720,0.058011609595268965,Normal
h4722,0.021755834110081196,Normal
h4723,0.29955896083265543,Normal
h4724,0.013636838179081678,Normal
h4725,0.14828951680101454,Normal
h4727,0.4066108651459217,Normal
h4728,0.032411899883300066,Normal
h4729,0.02589437924325466,Normal
h4731,0.46224943175911903,Normal
h4732,0.1348906997591257,Normal
h4733,0.3503387216478586,Normal
h4734,0.077239990234375,Normal
h4735,0.14341266360133886,Normal
h4736,0.1696966327726841,Normal
h4738,0.10214803367853165,Normal
h4739,0.08107901317998767,Normal
h4740,0.03791996045038104,Normal
h4741,0.16855112183839083,Normal
h4742,0.0746735567227006,Normal
h4743,0.06336293718777597,Normal
h4744,0.38797224406152964,Normal
h4745,0.42408995889127254,Normal
h4746,0.0933352904394269,Normal
h4747,0.20725742727518082,Normal
h4749,0.07081306260079145,Normal
h4750,0.7386468276381493,TB
h4751,0.27831112686544657,Normal
h4752,0.08961301576346159,Normal
h4753,0.13755282759666443,Normal
h4755,0.05656040320172906,Normal
h4758,0.12950696144253016,Normal
h4759,0.11299273278564215,Normal
h4760,0.1832960695028305,Normal
h4761,0.06296612275764346,Normal
h4762,0.039004909340292215,Normal
h4763,0.047744438517838717,Normal
h4764,0.6266825459897518,TB
h4765,0.011302768718451262,Normal
h4766,0.06713914312422276,Normal
h4767,0.24077904224395752,Normal
h4768,0.05858866963535547,Normal
h4769,0.042887126095592976,Normal
h4770,0.020517216995358467,Normal
h4771,0.5758986249566078,TB
h4774,0.012821628944948316,Normal
h4775,0.027222868520766497,Normal
h4777,0.03951733745634556,Normal
h4778,0.6038774400949478,TB
h4779,0.10796939861029387,Normal
h4780,0.7363047152757645,TB
h4782,0.09531821915879846,Normal
h4783,0.08513152389787138,Normal
h4784,0.12541566183790565,Normal
h4785,0.1474089864641428,Normal
h4786,0.28046911023557186,Normal
h4788,0.35710478154942393,Normal
h4789,0.02095547108910978,Normal
h4791,0.04750619665719569,Normal
h4792,0.36972718872129917,Normal
h4793,0.032363461097702384,Normal
h4794,0.036738303722813725,Normal
h4796,0.11210426734760404,Normal
h4797,0.05558849312365055,Normal
h4799,0.04322882695123553,Normal
h4801,0.02800808660686016,Normal
h4802,0.049934022128582,Normal
h4803,0.48431246727705,Normal
h4805,0.04392998246476054,Normal
h4806,0.3518872931599617,Normal
h4807,0.10870704613626003,Normal
h4808,0.4149406827054918,Normal
h4810,0.024301141500473022,Normal
h4811,0.19489536341279745,Normal
h4812,0.024569284170866013,Normal
h4813,0.07345079607330263,Normal
h4816,0.03137283539399505,Normal
h4817,0.01263852883130312,Normal
h4818,0.012219206662848592,Normal
h4819,0.280968411359936,Normal
h4820,0.052663421258330345,Normal
h4821,0.17985916323959827,Normal
h4824,0.19060043804347515,Normal
h4825,0.03798199794255197,Normal
h4828,0.05305410595610738,Normal
h4829,0.057146787410601974,Normal
h4831,0.7395079284906387,TB
h4833,0.05160703556612134,Normal
h4834,0.03415719629265368,Normal
h4837,0.3031329680234194,Normal
h4838,0.22076207119971514,Normal
h4839,0.15845645405352116,Normal
h4840,0.007761477027088404,Normal
h4841,0.06609645835123956,Normal
h4842,0.11042771860957146,Normal
h4843,0.04270767141133547,Normal
h4844,0.5091629959642887,TB
h4845,0.09053260972723365,Normal
h4846,0.34831657353788614,Normal
h4847,0.05094870552420616,Normal
h4848,0.41403726721182466,Normal
h4852,0.3929717019200325,Normal
h4855,0.2686470113694668,Normal
h4856,0.34615630377084017,Normal
h4857,0.04630282195284963,Normal
h4859,0.030621957033872604,Normal
h4860,0.0572712910361588,Normal
h4861,0.08937010820955038,Normal
h4862,0.14799724565818906,Normal
h4863,0.12464488483965397,Normal
h4864,0.1495274598710239,Normal
h4865,0.08132558688521385,Normal
h4866,0.21435122936964035,Normal
h4867,0.010950869414955378,Normal
h4868,0.08536954782903194,Normal
h4869,0.015169857069849968,Normal
h4870,0.03083650441840291,Normal
h4871,0.04769854759797454,Normal
h4872,0.17083124397322536,Normal
h4874,0.022959943395107985,Normal
h4875,0.05143756978213787,Normal
h4876,0.030566246947273612,Normal
h4878,0.015630996320396662,Normal
h4879,0.03212758852168918,Normal
h4880,0.31929286988452077,Normal
h4881,0.11185545520856977,Normal
h4883,0.10585344675928354,Normal
h4884,0.060992170590907335,Normal
h4886,0.061965306755155325,Normal
h4887,0.5975979194045067,TB
h4889,0.04878178518265486,Normal
h4893,0.0172469865065068,Normal
h4894,0.08958212146535516,Normal
h4895,0.2391538769006729,Normal
h4896,0.02414017589762807,Normal
h4898,0.14732848200947046,Normal
h4899,0.2312751729041338,Normal
h4900,0.09292442863807082,Normal
h4901,0.15973738906905055,Normal
h4902,0.0444501512683928,Normal
h4903,0.09626433020457625,Normal
h4904,0.0591118480078876,Normal
h4905,0.30565761029720306,Normal
h4906,0.3816143684089184,Normal
h4907,0.11031078966334462,Normal
h4908,0.03725403733551502,Normal
h4909,0.03361108433455229,Normal
h4912,0.06093826284632087,Normal
h4913,0.06307501345872879,Normal
h4914,0.15703422669321299,Normal
h4915,0.2643247153609991,Normal
h4917,0.6161311641335487,TB
h4919,0.3162381649017334,Normal
h4920,0.3496825825423002,Normal
h4921,0.028231101809069514,Normal
h4922,0.18972599785774946,Normal
h4925,0.23832315672188997,Normal
h4926,0.7202290296554565,TB
h4928,0.10054757678881288,Normal
h4929,0.10189713258296251,Normal
h4930,0.04269150784239173,Normal
h4931,0.5476758852601051,TB
h4933,0.29639290273189545,Normal
h4934,0.24676114041358232,Normal
h4935,0.018016519723460078,Normal
h4936,0.02916498063132167,Normal
h4937,0.06899653375148773,Normal
h4938,0.18982937932014465,Normal
h4939,0.14849342545494437,Normal
h4940,0.19697403721511364,Normal
h4941,0.011462941067293286,Normal
h4942,0.42105946131050587,Normal
h4943,0.026959606679156423,Normal
h4944,0.010174060356803238,Normal
h4945,0.0766078238375485,Normal
h4946,0.018228663131594658,Normal
h4948,0.07395813195034862,Normal
h4949,0.18594366405159235,Normal
h4950,0.06519095972180367,Normal
h4951,0.1202881084755063,Normal
h4952,0.03993691294454038,Normal
h4953,0.3804102223366499,Normal
h4954,0.6057846918702126,TB
h4955,0.8050521165132523,TB
h4956,0.4397866353392601,Normal
h4958,0.061227279948070645,Normal
h4960,0.17210937570780516,Normal
h4962,0.07055147644132376,Normal
h4963,0.01307272375561297,Normal
h4965,0.13767198473215103,Normal
h4967,0.3258153237402439,Normal
h4968,0.2166194161400199,Normal
h4969,0.39098308235406876,Normal
h4970,0.138041858561337,Normal
h4973,0.018116137478500605,Normal
h4975,0.21369755826890469,Normal
h4976,0.08241702429950237,Normal
h4977,0.2548352684825659,Normal
h4978,0.34694237913936377,Normal
h4979,0.06896442687138915,Normal
h4981,0.08575608395040035,Normal
h4982,0.7675016224384308,TB
h4983,0.17360392026603222,Normal
h4984,0.03355956566520035,Normal
h4985,0.03006118582561612,Normal
h4986,0.055363817140460014,Normal
h4987,0.06599477538838983,Normal
h4988,0.06821515830233693,Normal
h4989,0.0327336301561445,Normal
h4990,0.22624999284744263,Normal
h4991,0.24369937181472778,Normal
h4992,0.029445381369441748,Normal
h4994,0.011286148452199996,Normal
h4995,0.19835967384278774,Normal
h4996,0.3060911176726222,Normal
h4998,0.058262139558792114,Normal
h4999,0.07479464402422309,Normal
h5000,0.1179399099200964,Normal
s0001,0.2213908531703055,Normal
s0002,0.9233763664960861,TB
s0003,0.3442817721515894,Normal
s0004,0.9548965990543365,TB
s0005,0.9304071068763733,TB
s0006,0.7755793631076813,TB
s0008,0.954375147819519,TB
s0009,0.6704706326127052,TB
s0010,0.9447909444570541,TB
s0011,0.5621847733855247,TB
s0012,0.7339281439781189,TB
s0013,0.912553995847702,TB
s0015,0.7726985961198807,TB
s0016,0.9243444204330444,TB
s0017,0.830641582608223,TB
s0019,0.907391294836998,TB
s0020,0.9612205326557159,TB
s0021,0.24608255014754832,Normal
s0023,0.5891197547316551,TB
s0024,0.5889860689640045,TB
s0028,0.5947823692113161,TB
s0029,0.6898788511753082,TB
s0030,0.9336296617984772,TB
s0031,0.870458260178566,TB
s0033,0.9352152496576309,TB
s0034,0.6943170428276062,TB
s0035,0.9177437126636505,TB
s0036,0.8631481528282166,TB
s0037,0.9466657936573029,TB
s0041,0.9281046092510223,TB
s0042,0.94440558552742,TB
s0044,0.5097466153092682,TB
s0045,0.9047482758760452,TB
s0047,0.925065889954567,TB
s0049,0.5904359114356339,TB
s0050,0.6086494475603104,TB
s0052,0.6410257956013083,TB
s0053,0.9559466987848282,TB
s0054,0.9364388585090637,TB
s0055,0.9101230949163437,TB
s0057,0.7386629357933998,TB
s0058,0.9563643783330917,TB
s0059,0.9307585209608078,TB
s0060,0.6569940149784088,TB
s0061,0.9553172886371613,TB
s0062,0.839631974697113,TB
s0063,0.461440060287714,Normal
s0064,0.9455351382493973,TB
s0065,0.6688810233026743,TB
s0066,0.9280633330345154,TB
s0067,0.6800671294331551,TB
s0068,0.7841075658798218,TB
s0070,0.9333773851394653,TB
s0071,0.9534450024366379,TB
s0073,0.6130682853981853,TB
s0074,0.8906269520521164,TB
s0077,0.8822783976793289,TB
s0078,0.9502414464950562,TB
s0079,0.9488310068845749,TB
s0081,0.9345836788415909,TB
s0082,0.9096707403659821,TB
s0083,0.08485382795333862,Normal
s0085,0.9270397275686264,TB
s0086,0.48828912526369095,Normal
s0088,0.7696927040815353,TB
s0089,0.3227529302239418,Normal
s0090,0.8482261002063751,TB
s0091,0.8761691153049469,TB
s0092,0.9329206794500351,TB
s0093,0.6009973101317883,TB
s0094,0.5911141112446785,TB
s0095,0.7785808593034744,TB
s0096,0.9360851645469666,TB
s0097,0.9432611614465714,TB
s0098,0.6117720603942871,TB
s0099,0.9560040682554245,TB
s0100,0.9445039182901382,TB
s0101,0.7660975307226181,TB
s0102,0.8801833242177963,TB
s0103,0.948563888669014,TB
s0104,0.9559677243232727,TB
s0105,0.933009460568428,TB
s0106,0.9633882641792297,TB
s0107,0.4157691393047571,Normal
s0108,0.9226107448339462,TB
s0109,0.49832379817962646,Normal
s0110,0.952500969171524,TB
s0111,0.8697728663682938,TB
s0113,0.9662968516349792,TB
s0114,0.7195212095975876,TB
s0115,0.8129038214683533,TB
s0117,0.9489967525005341,TB
s0119,0.9339346438646317,TB
s0120,0.7769670486450195,TB
s0121,0.938686728477478,TB
s0122,0.8767541497945786,TB
s0123,0.7132533267140388,TB
s0125,0.05185825517401099,Normal
s0126,0.8507697284221649,TB
s0127,0.9391841292381287,TB
s0128,0.9320051819086075,TB
s0129,0.9450444728136063,TB
s0131,0.9396992325782776,TB
s0132,0.8927412927150726,TB
s0133,0.948188528418541,TB
s0134,0.9516015201807022,TB
s0135,0.6780578345060349,TB
s0136,0.9218799322843552,TB
s0137,0.9077329933643341,TB
s0138,0.8161483108997345,TB
s0139,0.9412375688552856,TB
s0140,0.03390939184464514,Normal
s0141,0.9342684596776962,TB
s0142,0.9492404460906982,TB
s0143,0.9504839479923248,TB
s0147,0.4574311817996204,Normal
s0148,0.9096963405609131,TB
s0149,0.8637403547763824,TB
s0151,0.9105847775936127,TB
s0152,0.9106767028570175,TB
s0153,0.9393311589956284,TB
s0155,0.9599466919898987,TB
s0156,0.9503897279500961,TB
s0159,0.9379419088363647,TB
s0160,0.5976848267018795,TB
s0161,0.5799072980880737,TB
s0162,0.9368667453527451,TB
s0163,0.9025463163852692,TB
s0164,0.9178856462240219,TB
s0165,0.3398931878618896,Normal
s0166,0.8806988894939423,TB
s0167,0.11723910784348845,Normal
s0168,0.8854295015335083,TB
s0169,0.7352648451924324,TB
s0170,0.36799884773790836,Normal
s0172,0.834979459643364,TB
s0173,0.8417897820472717,TB
s0175,0.5095190731808543,TB
s0177,0.9367901384830475,TB
s0178,0.6925007291138172,TB
s0179,0.9166224300861359,TB
s0180,0.9558777660131454,TB
s0182,0.9191443771123886,TB
s0183,0.8667803406715393,TB
s0184,0.896688848733902,TB
s0185,0.9458900839090347,TB
s0187,0.16875016409903765,Normal
s0189,0.9466565102338791,TB
s0190,0.36561460699886084,Normal
s0191,0.23150774370878935,Normal
s0192,0.9393535405397415,TB
s0193,0.7149261087179184,TB
s0194,0.937880739569664,TB
s0195,0.9228768050670624,TB
s0196,0.9277678281068802,TB
s0197,0.07546359486877918,Normal
s0198,0.8849049061536789,TB
s0199,0.9340925514698029,TB
s0200,0.929663211107254,TB
s0201,0.6923548653721809,TB
s0202,0.5580938309431076,TB
s0203,0.6522532291710377,TB
s0204,0.9325821697711945,TB
s0206,0.9017988294363022,TB
s0208,0.7384500503540039,TB
s0209,0.9723203480243683,TB
s0210,0.9178294688463211,TB
s0212,0.7543487250804901,TB
s0213,0.5538026206195354,TB
s0214,0.8768558651208878,TB
s0215,0.8806988894939423,TB
s0216,0.9368694424629211,TB
s0217,0.9099939465522766,TB
s0218,0.20940773701295257,Normal
s0219,0.8147713243961334,TB
s0220,0.6907932609319687,TB
s0221,0.7992006093263626,TB
s0222,0.9451331794261932,TB
s0223,0.9346748888492584,TB
s0224,0.911211296916008,TB
s0226,0.7408620119094849,TB
s0227,0.930570125579834,TB
s0228,0.9392891675233841,TB
s0230,0.23437259579077363,Normal
s0232,0.8369425237178802,TB
s0233,0.9548477828502655,TB
s0236,0.9486934393644333,TB
s0238,0.4902986232191324,Normal
s0239,0.8280550986528397,TB
s0240,0.015674690017476678,Normal
s0241,0.8882173448801041,TB
s0242,0.5993722630664706,TB
s0243,0.9569810032844543,TB
s0245,0.9270913004875183,TB
s0247,0.7554611563682556,TB
s0248,0.5251155346632004,TB
s0249,0.9212003499269485,TB
s0251,0.8922192007303238,TB
s0253,0.941117137670517,TB
s0255,0.9074535369873047,TB
s0256,0.6399262510240078,TB
s0257,0.9157139360904694,TB
s0258,0.9628673642873764,TB
s0259,0.5783267989754677,TB
s0263,0.10823817830532789,Normal
s0265,0.9631408452987671,TB
s0266,0.867184042930603,TB
s0267,0.9542297422885895,TB
s0268,0.9432812035083771,TB
s0269,0.9245734065771103,TB
s0270,0.947408065199852,TB
s0271,0.14601016882807016,Normal
s0274,0.8188461363315582,TB
s0276,0.8735389858484268,TB
s0278,0.9569810032844543,TB
s0280,0.8656264841556549,TB
s0281,0.9166424125432968,TB
s0282,0.9480464905500412,TB
s0283,0.8922349214553833,TB
s0284,0.9433653503656387,TB
s0285,0.6192712038755417,TB
s0286,0.527660833671689,TB
s0287,0.7542524561285973,TB
s0288,0.750454843044281,TB
s0289,0.9122979044914246,TB
s0290,0.9541107565164566,TB
s0291,0.9543932974338531,TB
s0292,0.9016822129487991,TB
s0293,0.9235928654670715,TB
s0294,0.767172172665596,TB
s0296,0.1502440869808197,Normal
s0297,0.9540083855390549,TB
s0298,0.8313230574131012,TB
s0299,0.9527312517166138,TB
s0301,0.9032316654920578,TB
s0302,0.7385165691375732,TB
s0305,0.3162044808268547,Normal
s0306,0.7166017442941666,TB
s0307,0.6561247557401657,TB
s0309,0.9308628886938095,TB
s0311,0.6805110201239586,TB
s0312,0.8297363668680191,TB
s0313,0.85139399766922,TB
s0314,0.056168651673942804,Normal
s0315,0.7867911159992218,TB
s0316,0.8012871146202087,TB
s0317,0.46409741044044495,Normal
s0318,0.49314903374761343,Normal
s0320,0.9489044398069382,TB
s0321,0.9340432584285736,TB
s0323,0.8564844876527786,TB
s0324,0.6345990747213364,TB
s0325,0.9487371146678925,TB
s0326,0.6662736907601357,TB
s0328,0.7949165850877762,TB
s0329,0.9313310086727142,TB
s0330,0.9039025157690048,TB
s0331,0.6268895678222179,TB
s0332,0.9113444536924362,TB
s0333,0.363137349486351,Normal
s0334,0.9350325763225555,TB
s0335,0.9278336018323898,TB
s0336,0.9219773709774017,TB
s0337,0.9444399029016495,TB
s0338,0.9241871237754822,TB
s0339,0.8726437985897064,TB
s0345,0.963166818022728,TB
s0346,0.21263521839864552,Normal
s0347,0.5740568712353706,TB
s0350,0.8692102283239365,TB
s0352,0.773517981171608,TB
s0354,0.7093225568532944,TB
s0355,0.9197211712598801,TB
s0358,0.8679290115833282,TB
s0359,0.9031645059585571,TB
s0360,0.8779217302799225,TB
s0361,0.12201693002134562,Normal
s0362,0.5694939661771059,TB
s0363,0.0865490639116615,Normal
s0364,0.9401872605085373,TB
s0367,0.4299162086099386,Normal
s0368,0.9022130370140076,TB
s0369,0.6878238841891289,TB
s0370,0.39521838165819645,Normal
s0372,0.568741150200367,TB
s0373,0.9234906882047653,TB
s0375,0.3567221276462078,Normal
s0376,0.8273321986198425,TB
s0378,0.9480794370174408,TB
s0379,0.9188832640647888,TB
s0380,0.9678505063056946,TB
s0382,0.1700008432380855,Normal
s0383,0.5893122870475054,TB
s0384,0.9325286149978638,TB
s0385,0.9343155473470688,TB
s0387,0.8906038701534271,TB
s0390,0.8892862945795059,TB
s0391,0.6962225884199142,TB
s0392,0.9307249039411545,TB
s0393,0.9153196662664413,TB
s0394,0.5465265810489655,TB
s0395,0.9101763814687729,TB
s0396,0.9311040639877319,TB
s0398,0.9345836788415909,TB
s0399,0.9628364890813828,TB
s0401,0.9376572668552399,TB
s0403,0.9486064463853836,TB
s0404,0.5073399376124144,TB
s0405,0.3081860691308975,Normal
s0406,0.9363986849784851,TB
s0407,0.8923619985580444,TB
s0408,0.886402502655983,TB
s0410,0.9332150965929031,TB
s0411,0.5653719627298415,TB
s0412,0.8919473439455032,TB
s0413,0.9003582447767258,TB
s0415,0.9481400847434998,TB
s0416,0.9500591903924942,TB
s0417,0.8002965599298477,TB
s0418,0.8634301573038101,TB
s0420,0.9179094582796097,TB
s0421,0.2054673326201737,Normal
s0425,0.9509939551353455,TB
s0426,0.823909267783165,TB
s0427,0.9004950523376465,TB
s0428,0.94514961540699,TB
s0429,0.9462126642465591,TB
s0430,0.9587257206439972,TB
s0431,0.9094735234975815,TB
s0433,0.9550191015005112,TB
s0434,0.9218736588954926,TB
s0435,0.8621634542942047,TB
s0437,0.4483077535405755,Normal
s0438,0.7849122434854507,TB
s0439,0.7376573234796524,TB
s0444,0.19360533822327852,Normal
s0445,0.5800314471125603,TB
s0446,0.18578720511868596,Normal
s0447,0.8546283543109894,TB
s0448,0.9257977157831192,TB
s0449,0.9195205420255661,TB
s0450,0.49171992391347885,Normal
s0451,0.9254378974437714,TB
s0452,0.5575428798329085,TB
s0453,0.027527315309271216,Normal
s0455,0.9384901374578476,TB
s0456,0.900514617562294,TB
s0457,0.929865300655365,TB
s0461,0.9652390629053116,TB
s0464,0.926487535238266,TB
s0465,0.9048444777727127,TB
s0466,0.5212192051112652,TB
s0467,0.8981389701366425,TB
s0468,0.2166491113603115,Normal
s0469,0.9449788928031921,TB
s0470,0.8837032616138458,TB
s0471,0.4652870697900653,Normal
s0472,0.9597118198871613,TB
s0473,0.6265853866934776,TB
s0474,0.9054805487394333,TB
s0475,0.04580904310569167,Normal
s0476,0.8713564276695251,TB
s0477,0.9253098964691162,TB
s0478,0.8305918127298355,TB
s0479,0.9570427238941193,TB
s0480,0.9101230949163437,TB
s0481,0.9396585822105408,TB
s0482,0.8813146352767944,TB
s0484,0.39739004522562027,Normal
s0485,0.9296501874923706,TB
s0486,0.664238668512553,TB
s0487,0.5729945003986359,TB
s0488,0.4246959537267685,Normal
s0489,0.595134723931551,TB
s0490,0.9571112245321274,TB
s0491,0.5542026460170746,TB
s0493,0.5484818257391453,TB
s0494,0.8675547242164612,TB
s0495,0.8321723788976669,TB
s0496,0.9501441121101379,TB
s0497,0.8990690559148788,TB
s0498,0.46621200954541564,Normal
s0500,0.38702366407960653,Normal
s0502,0.7856610119342804,TB
s0503,0.9506609290838242,TB
s0504,0.9106065928936005,TB
s0507,0.9645602703094482,TB
s0509,0.8624307066202164,TB
s0510,0.9429423660039902,TB
s0514,0.9498238563537598,TB
s0515,0.7010005339980125,TB
s0516,0.7513779550790787,TB
s0517,0.8851447850465775,TB
s0518,0.3907476272433996,Normal
s0519,0.9227527379989624,TB
s0521,0.9556174874305725,TB
s0523,0.9590144753456116,TB
s0524,0.8995838612318039,TB
s0526,0.5025193244218826,TB
s0527,0.4313895106315613,Normal
s0529,0.9207881689071655,TB
s0530,0.08909316081553698,Normal
s0531,0.8392419070005417,TB
s0532,0.48115240316838026,Normal
s0533,0.9513678997755051,TB
s0534,0.5422830767929554,TB
s0535,0.9469644874334335,TB
s0537,0.8938028514385223,TB
s0538,0.8842081278562546,TB
s0539,0.7705672830343246,TB
s0541,0.6006052363663912,TB
s0542,0.8478487133979797,TB
s0543,0.7471116781234741,TB
s0544,0.8631415218114853,TB
s0547,0.35238451790064573,Normal
s0548,0.9612480401992798,TB
s0550,0.20269751432351768,Normal
s0552,0.9204994291067123,TB
s0553,0.933759406208992,TB
s0554,0.8544615358114243,TB
s0555,0.9339730441570282,TB
s0556,0.9550657570362091,TB
s0557,0.8200057595968246,TB
s0559,0.030195125378668308,Normal
s0560,0.1586856571957469,Normal
s0561,0.3817353658378124,Normal
s0563,0.47614858858287334,Normal
s0564,0.9291999638080597,TB
s0565,0.9446029216051102,TB
s0566,0.8719808161258698,TB
s0567,0.8816522806882858,TB
s0568,0.8163013160228729,TB
s0570,0.42239027936011553,Normal
s0572,0.960545614361763,TB
s0573,0.8713633567094803,TB
s0574,0.6761192381381989,TB
s0577,0.7445182725787163,TB
s0578,0.6917812414467335,TB
s0579,0.9305477887392044,TB
s0580,0.6447857245802879,TB
s0581,0.7081004232168198,TB
s0582,0.5987237729132175,TB
s0583,0.9317095577716827,TB
s0584,0.9570567011833191,TB
s0585,0.9196336567401886,TB
s0586,0.9228394776582718,TB
s0587,0.8890385329723358,TB
s0589,0.7197227627038956,TB
s0590,0.5904696211218834,TB
s0591,0.5069779511541128,TB
s0592,0.8144520968198776,TB
s0593,0.9441014379262924,TB
s0595,0.6167344264686108,TB
s0598,0.9154385477304459,TB
s0599,0.7253684625029564,TB
s0600,0.6180660366080701,TB
s0602,0.9426890313625336,TB
s0603,0.7644417583942413,TB
s0604,0.13802535366266966,Normal
s0605,0.9186111837625504,TB
s0606,0.9697946608066559,TB
s0608,0.2782689412124455,Normal
s0609,0.5450230939313769,TB
s0611,0.9418762475252151,TB
s0612,0.9381936341524124,TB
s0614,0.9265817999839783,TB
s0616,0.9401337206363678,TB
s0617,0.8929247111082077,TB
s0618,0.9217245131731033,TB
s0619,0.7455083355307579,TB
s0620,0.9102164953947067,TB
s0622,0.9253285825252533,TB
s0623,0.6683290302753448,TB
s0625,0.6930958852171898,TB
s0628,0.1621965505182743,Normal
s0629,0.5387162566184998,TB
s0630,0.4046262055635452,Normal
s0632,0.5765991127118468,TB
s0633,0.9461647272109985,TB
s0634,0.7313887774944305,TB
s0635,0.8825032114982605,TB
s0636,0.916226401925087,TB
s0639,0.7673015370965004,TB
s0640,0.931842103600502,TB
s0641,0.5650777239352465,TB
s0642,0.884090781211853,TB
s0643,0.02988934377208352,Normal
s0644,0.6374412402510643,TB
s0646,0.93781378865242,TB
s0647,0.823422446846962,TB
s0648,0.8445539474487305,TB
s0649,0.8732948154211044,TB
s0650,0.8841702789068222,TB
s0651,0.8773047029972076,TB
s0652,0.6068661510944366,TB
s0654,0.6430058982223272,TB
s0655,0.9516775757074356,TB
s0656,0.5401723068207502,TB
s0658,0.909990131855011,TB
s0659,0.3914342406205833,Normal
s0661,0.5468241348862648,TB
s0662,0.9546436816453934,TB
s0663,0.9595334380865097,TB
s0664,0.913354218006134,TB
s0665,0.9349784404039383,TB
s0667,0.7322923690080643,TB
s0668,0.96231809258461,TB
s0669,0.9596791416406631,TB
s0672,0.6453152117319405,TB
s0673,0.9538193494081497,TB
s0674,0.1547673533204943,Normal
s0675,0.9120162278413773,TB
s0676,0.9379973411560059,TB
s0679,0.7942118048667908,TB
s0680,0.9532149285078049,TB
s0681,0.7609113231301308,TB
s0682,0.9174527525901794,TB
s0683,0.9503580927848816,TB
s0684,0.780090406537056,TB
s0685,0.7441142052412033,TB
s0686,0.5194813385605812,TB
s0687,0.17009210027754307,Normal
s0688,0.8214289993047714,TB
s0689,0.9385959506034851,TB
s0690,0.8974932879209518,TB
s0691,0.9253794550895691,TB
s0692,0.9453899413347244,TB
s0693,0.8052342236042023,TB
s0694,0.91574926674366,TB
s0695,0.9150555431842804,TB
s0698,0.7723563462495804,TB
s0699,0.9048796147108078,TB
s0700,0.3144684110302478,Normal
s0701,0.8700735867023468,TB
s0703,0.9244292825460434,TB
s0704,0.9096531122922897,TB
s0705,0.919737845659256,TB
s0707,0.9388101398944855,TB
s0708,0.8605300635099411,TB
s0709,0.7046476155519485,TB
s0710,0.874726727604866,TB
s0712,0.9367176741361618,TB
s0714,0.2884527361020446,Normal
s0715,0.6909530404955149,TB
s0716,0.9611737877130508,TB
s0717,0.9584717601537704,TB
s0718,0.9480555504560471,TB
s0719,0.926792323589325,TB
s0720,0.7077443301677704,TB
s0721,0.9216297268867493,TB
s0722,0.8902740627527237,TB
s0725,0.5152609087526798,TB
s0726,0.9408341348171234,TB
s0727,0.9601826369762421,TB
s0728,0.9576282501220703,TB
s0729,0.9607572108507156,TB
s0731,0.9203266948461533,TB
s0732,0.6976465955376625,TB
s0733,0.9399757832288742,TB
s0736,0.9330413788557053,TB
s0738,0.5723476242274046,TB
s0739,0.9149383157491684,TB
s0740,0.24608255014754832,Normal
s0742,0.49640411511063576,Normal
s0743,0.05321389948949218,Normal
s0746,0.1673118849284947,Normal
s0747,0.9631995856761932,TB
s0749,0.8912123143672943,TB
s0750,0.4330421034246683,Normal
s0751,0.9247859567403793,TB
s0753,0.7493840456008911,TB
s0754,0.932464987039566,TB
s0755,0.09780463203787804,Normal
s0756,0.634820444509387,TB
s0757,0.9022638350725174,TB
s0758,0.8069663792848587,TB
s0759,0.9251542389392853,TB
s0761,0.7399470284581184,TB
s0762,0.6679206863045692,TB
s0763,0.8018065989017487,TB
s0764,0.5681607350707054,TB
s0765,0.888341635465622,TB
s0766,0.2714397432282567,Normal
s0767,0.91443732380867,TB
s0768,0.8240439146757126,TB
s0769,0.9480628371238708,TB
s0770,0.6790475472807884,TB
s0771,0.9229446202516556,TB
s0772,0.5552079994231462,TB
s0773,0.904755100607872,TB
s0774,0.9026755094528198,TB
s0775,0.6116806073114276,TB
s0778,0.06501841847784817,Normal
s0779,0.9199134111404419,TB
s0780,0.8961494266986847,TB
s0781,0.9347338378429413,TB
s0782,0.9241074621677399,TB
s0784,0.9624156802892685,TB
s0785,0.5522089600563049,TB
s0786,0.4429148859344423,Normal
s0788,0.9107163101434708,TB
s0789,0.9426658898591995,TB
s0791,0.8895284980535507,TB
s0792,0.8682805448770523,TB
s0793,0.8141446113586426,TB
s0795,0.914461150765419,TB
s0796,0.8997836112976074,TB
s0798,0.9657073616981506,TB
s0799,0.9220548868179321,TB
s0800,0.45195373403839767,Normal
s0801,0.9205496609210968,TB
s0802,0.5299741751514375,TB
s0803,0.9264333993196487,TB
s0805,0.8490526527166367,TB
s0806,0.9508255869150162,TB
s0807,0.1049227649345994,Normal
s0808,0.9450907558202744,TB
s0809,0.9534227252006531,TB
s0810,0.8384609669446945,TB
s0811,0.5709460750222206,TB
s0813,0.14587358967401087,Normal
s0814,0.9524741619825363,TB
s0815,0.4997828914783895,Normal
s0816,0.8766663670539856,TB
s0817,0.6502249091863632,TB
s0818,0.951403021812439,TB
s0819,0.9273433238267899,TB
s0820,0.8985514640808105,TB
s0821,0.9222104698419571,TB
s0822,0.8478738814592361,TB
s0824,0.7033188343048096,TB
s0825,0.8289256244897842,TB
s0826,0.9018202424049377,TB
s0827,0.6446914002299309,TB
s0828,0.26964377984404564,Normal
s0830,0.7778567522764206,TB
s0831,0.7461332082748413,TB
s0832,0.7196539640426636,TB
s0834,0.9339211881160736,TB
s0835,0.5701693780720234,TB
s0836,0.4170251053292304,Normal
s0837,0.9311481267213821,TB
s0839,0.5362523929215968,TB
s0840,0.8982993811368942,TB
s0842,0.05447478871792555,Normal
s0844,0.9495971947908401,TB
s0846,0.8320129215717316,TB
s0848,0.4133322983980179,Normal
s0849,0.28411502856761217,Normal
s0851,0.9146815985441208,TB
s0852,0.8698762208223343,TB
s0853,0.8833836317062378,TB
s0854,0.8946840465068817,TB
s0855,0.5821630526334047,TB
s0857,0.9442144632339478,TB
s0858,0.4157746024429798,Normal
s0859,0.9630508124828339,TB
s0862,0.11921907588839531,Normal
s0863,0.7166480720043182,TB
s0864,0.9356215596199036,TB
s0865,0.8061714917421341,TB
s0866,0.6052414760924876,TB
s0867,0.4659823856782168,Normal
s0868,0.9539535194635391,TB
s0869,0.8843503296375275,TB
s0870,0.9154652953147888,TB
s0871,0.15379810007289052,Normal
s0872,0.6460338234901428,TB
s0874,0.9375464171171188,TB
s0875,0.959094226360321,TB
s0876,0.8046487867832184,TB
s0878,0.4663202967494726,Normal
s0881,0.9107770472764969,TB
s0882,0.9301090836524963,TB
s0883,0.33514899760484695,Normal
s0884,0.8508430868387222,TB
s0885,0.32536480901762843,Normal
s0888,0.9408106058835983,TB
s0889,0.8961871415376663,TB
s0891,0.8665113151073456,TB
s0893,0.1662115203216672,Normal
s0894,0.3758540153503418,Normal
s0895,0.9396088421344757,TB
s0898,0.9672944843769073,TB
s0899,0.9403889924287796,TB
s0900,0.7273284941911697,TB
s0902,0.658196285367012,TB
s0903,0.8760237991809845,TB
s0905,0.04987249989062548,Normal
s0906,0.9461424052715302,TB
s0908,0.9203630983829498,TB
s0909,0.936493307352066,TB
s0912,0.830918475985527,TB
s0913,0.8678033649921417,TB
s0914,0.9071151316165924,TB
s0915,0.532890759408474,TB
s0916,0.8622207939624786,TB
s0918,0.410939609631896,Normal
s0920,0.5295900888741016,TB
s0922,0.9028095155954361,TB
s0923,0.9588939696550369,TB
s0924,0.9216127842664719,TB
s0925,0.9243598729372025,TB
s0926,0.788979783654213,TB
s0927,0.5933010429143906,TB
s0929,0.9400294423103333,TB
s0930,0.9393511712551117,TB
s0932,0.9401128590106964,TB
s0934,0.6223794370889664,TB
s0935,0.8981389701366425,TB
s0936,0.5785869769752026,TB
s0937,0.8621185123920441,TB
s0938,0.5557117946445942,TB
s0939,0.022172607481479645,Normal
s0940,0.9081494212150574,TB
s0942,0.8585347980260849,TB
s0943,0.860724076628685,TB
s0944,0.038540960755199194,Normal
s0948,0.942481741309166,TB
s0949,0.9476907551288605,TB
s0950,0.4925554785877466,Normal
s0951,0.85380719602108,TB
s0952,0.889602392911911,TB
s0953,0.6827309727668762,TB
s0957,0.9516712129116058,TB
s0958,0.7284417748451233,TB
s0961,0.5531698688864708,TB
s0962,0.5155681371688843,TB
s0963,0.7460682466626167,TB
s0964,0.9343024641275406,TB
s0965,0.9183924198150635,TB
s0966,0.8566696047782898,TB
s0967,0.8956798017024994,TB
s0968,0.026307116611860693,Normal
s0969,0.8623113483190536,TB
s0970,0.9631895422935486,TB
s0972,0.45809492841362953,Normal
s0973,0.034778369357809424,Normal
s0974,0.9435995221138,TB
s0975,0.9462479650974274,TB
s0978,0.9557312279939651,TB
s0979,0.9554333239793777,TB
s0981,0.9580920785665512,TB
s0982,0.2927942434325814,Normal
s0983,0.9322060495615005,TB
s0985,0.8949961066246033,TB
s0986,0.5833210721611977,TB
s0987,0.8966316729784012,TB
s0989,0.9046902656555176,TB
s0990,0.6923917457461357,TB
s0991,0.9364454746246338,TB
s0995,0.9038987904787064,TB
s0996,0.9266929924488068,TB
s1001,0.9156977236270905,TB
s1003,0.3819677489809692,Normal
s1004,0.4514305433258414,Normal
s1006,0.3376328437589109,Normal
s1007,0.16308850422501564,Normal
s1009,0.7559464126825333,TB
s1010,0.011418751673772931,Normal
s1011,0.52432531863451,TB
s1012,0.7853791117668152,TB
s1014,0.4163696374744177,Normal
s1015,0.3589679002761841,Normal
s1016,0.9333773851394653,TB
s1017,0.9232532829046249,TB
s1018,0.5425664894282818,TB
s1019,0.6428996920585632,TB
s1021,0.80646812915802,TB
s1022,0.9507051706314087,TB
s1023,0.1675735656172037,Normal
s1024,0.8055629581212997,TB
s1026,0.838364765048027,TB
s1027,0.5830718241631985,TB
s1030,0.9210735857486725,TB
s1031,0.9213175922632217,TB
s1032,0.5845965025946498,TB
s1034,0.4391689170151949,Normal
s1035,0.5826642271131277,TB
s1037,0.9277380555868149,TB
s1038,0.910165086388588,TB
s1039,0.40387703012675047,Normal
s1040,0.9325017333030701,TB
s1042,0.9656536728143692,TB
s1043,0.933327779173851,TB
s1045,0.1941880350932479,Normal
s1046,0.3516826923005283,Normal
s1048,0.8257102072238922,TB
s1049,0.9200895577669144,TB
s1051,0.31486912863329053,Normal
s1052,0.9285439848899841,TB
s1053,0.8407310247421265,TB
s1054,0.03405369445681572,Normal
s1056,0.9314214289188385,TB
s1057,0.3575368858873844,Normal
s1058,0.010459804092533886,Normal
s1060,0.33245610469020903,Normal
s1061,0.6826103627681732,TB
s1063,0.7770243734121323,TB
s1066,0.8768558651208878,TB
s1067,0.6444086953997612,TB
s1068,0.8834026902914047,TB
s1069,0.8906502276659012,TB
s1070,0.9460032731294632,TB
s1071,0.9382819533348083,TB
s1072,0.909257709980011,TB
s1073,0.9318328946828842,TB
s1075,0.8935810923576355,TB
s1076,0.880397766828537,TB
s1077,0.9273353964090347,TB
s1078,0.6688894852995872,TB
s1079,0.9120449721813202,TB
s1080,0.6488716900348663,TB
s1082,0.9630142450332642,TB
s1083,0.9531042724847794,TB
s1084,0.9482519775629044,TB
s1085,0.8452413529157639,TB
s1087,0.8699741959571838,TB
s1088,0.9330564737319946,TB
s1089,0.9555725604295731,TB
s1090,0.1537679904140532,Normal
s1091,0.9132212847471237,TB
s1092,0.9376322627067566,TB
s1095,0.9399855732917786,TB
s1096,0.8252314478158951,TB
s1097,0.952122375369072,TB
s1098,0.40197380702011287,Normal
s1099,0.5229790806770325,TB
s1100,0.9248508960008621,TB
s1101,0.8823006004095078,TB
s1102,0.9408106058835983,TB
s1104,0.8942207843065262,TB
s1105,0.04812785889953375,Normal
s1106,0.8299588561058044,TB
s1107,0.9472339153289795,TB
s1108,0.1187490257434547,Normal
s1109,0.9385806769132614,TB
s1111,0.21695123706012964,Normal
s1112,0.9246142655611038,TB
s1114,0.6013431921601295,TB
s1115,0.8587449491024017,TB
s1116,0.6851711310446262,TB
s1117,0.8934469521045685,TB
s1118,0.02213078155182302,Normal
s1119,0.9268187582492828,TB
s1120,0.8705588132143021,TB
s1121,0.9495734125375748,TB
s1122,0.3259732578881085,Normal
s1124,0.9321966767311096,TB
s1125,0.8323364704847336,TB
s1126,0.9295346587896347,TB
s1129,0.896662712097168,TB
s1132,0.8577990233898163,TB
s1133,0.9280479252338409,TB
s1134,0.9419453293085098,TB
s1135,0.8742504417896271,TB
s1138,0.46260927617549896,Normal
s1139,0.4266210086643696,Normal
s1140,0.8080244958400726,TB
s1141,0.144421914126724,Normal
s1143,0.9549896121025085,TB
s1144,0.9052221775054932,TB
s1146,0.9245322942733765,TB
s1148,0.9547290652990341,TB
s1150,0.8749228119850159,TB
s1151,0.014703680062666535,Normal
s1153,0.05974162369966507,Normal
s1154,0.7122465874999762,TB
s1155,0.9334096163511276,TB
s1157,0.9283773899078369,TB
s1158,0.8932906836271286,TB
s1159,0.4267478473484516,Normal
s1160,0.8826052248477936,TB
s1161,0.30989813804626465,Normal
s1163,0.968213215470314,TB
s1164,0.6983240321278572,TB
s1166,0.14476748928427696,Normal
s1167,0.8711709976196289,TB
s1168,0.8578078746795654,TB
s1169,0.8449825793504715,TB
s1170,0.9275375306606293,TB
s1172,0.6368299387395382,TB
s1174,0.5866873860359192,TB
s1175,0.5430113477632403,TB
s1176,0.8617560416460037,TB
s1177,0.28348145075142384,Normal
s1178,0.8502991199493408,TB
s1179,0.9387491792440414,TB
s1180,0.9170799255371094,TB
s1181,0.8990925848484039,TB
s1182,0.7370095998048782,TB
s1184,0.2533104717731476,Normal
s1185,0.9236408025026321,TB
s1187,0.8182995617389679,TB
s1188,0.7010648753494024,TB
s1189,0.9358854740858078,TB
s1191,0.2722106836736202,Normal
s1192,0.948413223028183,TB
s1193,0.9611827731132507,TB
s1194,0.8978367745876312,TB
s1195,0.9294939339160919,TB
s1196,0.9483168423175812,TB
s1197,0.899211660027504,TB
s1200,0.6493094302713871,TB
s1201,0.7177998870611191,TB
s1202,0.9350124001502991,TB
s1204,0.6189310178160667,TB
s1205,0.5657885419204831,TB
s1206,0.017172142397612333,Normal
s1209,0.5623643137514591,TB
s1210,0.9675779938697815,TB
s1211,0.9473994076251984,TB
s1214,0.4919054419733584,Normal
s1215,0.9504187554121017,TB
s1216,0.052437444450333714,Normal
s1217,0.8978630006313324,TB
s1218,0.6912093311548233,TB
s1219,0.8035783171653748,TB
s1220,0.7866066545248032,TB
s1222,0.9355663806200027,TB
s1223,0.7295549884438515,TB
s1224,0.9489694982767105,TB
s1225,0.9307100772857666,TB
s1226,0.5866714008152485,TB
s1227,0.27063627168536186,Normal
s1228,0.705590233206749,TB
s1229,0.9531121104955673,TB
s1231,0.08618270140141249,Normal
s1232,0.9070762991905212,TB
s1233,0.9106823056936264,TB
s1234,0.028018635232001543,Normal
s1235,0.9169092923402786,TB
s1238,0.9141714423894882,TB
s1239,0.020714174024760723,Normal
s1241,0.2836756855249405,Normal
s1242,0.4708726406097412,Normal
s1243,0.7771420031785965,TB
s1244,0.9425548166036606,TB
s1245,0.6080928295850754,TB
s1246,0.9574968069791794,TB
s1247,0.9367869794368744,TB
s1248,0.12442230386659503,Normal
s1249,0.8667158037424088,TB
s1250,0.8149582594633102,TB
s1251,0.9122619181871414,TB
s1252,0.9106364250183105,TB
s1253,0.8956496119499207,TB
s1254,0.33386263251304626,Normal
s1255,0.5252417549490929,TB
s1257,0.8727734833955765,TB
s1258,0.8493148684501648,TB
s1259,0.9617520421743393,TB
s1260,0.9372617602348328,TB
s1261,0.7190614193677902,TB
s1264,0.9196049869060516,TB
s1265,0.7915458679199219,TB
s1266,0.8172738552093506,TB
s1267,0.951403021812439,TB
s1268,0.3211650578305125,Normal
s1270,0.686364833265543,TB
s1271,0.938739001750946,TB
s1273,0.08591341646388173,Normal
s1274,0.7670288681983948,TB
s1275,0.8938901424407959,TB
s1276,0.938559040427208,TB
s1278,0.9563195109367371,TB
s1281,0.4708726406097412,Normal
s1282,0.5766749456524849,TB
s1283,0.9578507244586945,TB
s1285,0.928718239068985,TB
s1286,0.9377235770225525,TB
s1287,0.8750671595335007,TB
s1288,0.8451776057481766,TB
s1289,0.9523268640041351,TB
s1290,0.917848601937294,TB
s1291,0.9221406131982803,TB
s1293,0.600409023463726,TB
s1294,0.06904709292575717,Normal
s1295,0.8741770833730698,TB
s1296,0.9499165862798691,TB
s1297,0.9601721316576004,TB
s1298,0.43516807444393635,Normal
s1300,0.016918341862037778,Normal
s1301,0.40629254700616,Normal
s1302,0.430916678160429,Normal
s1303,0.31456016283482313,Normal
s1304,0.9576920568943024,TB
s1305,0.03143235854804516,Normal
s1306,0.8954955041408539,TB
s1307,0.9107018858194351,TB
s1309,0.5140977455303073,TB
s1310,0.8739181607961655,TB
s1312,0.47976160794496536,Normal
s1313,0.9347767382860184,TB
s1314,0.6663261651992798,TB
s1317,0.9213728606700897,TB
s1318,0.8986933082342148,TB
s1320,0.5288708815351129,TB
s1322,0.9038131684064865,TB
s1323,0.09721638332121074,Normal
s1326,0.11990827461704612,Normal
s1327,0.9107659459114075,TB
s1328,0.9540694952011108,TB
s1329,0.8229162991046906,TB
s1330,0.9496383816003799,TB
s1332,0.9437423944473267,TB
s1335,0.9180757701396942,TB
s1336,0.13821174204349518,Normal
s1337,0.8478738814592361,TB
s1338,0.9704241901636124,TB
s1340,0.8971641510725021,TB
s1341,0.5420265160501003,TB
s1343,0.38954599434509873,Normal
s1345,0.033358440501615405,Normal
s1346,0.8908949196338654,TB
s1347,0.2282125917263329,Normal
s1349,0.8302228003740311,TB
s1350,0.8843721747398376,TB
s1351,0.9433862566947937,TB
s1353,0.8599046319723129,TB
s1354,0.5243826229125261,TB
s1355,0.6406139563769102,TB
s1357,0.19993432657793164,Normal
s1358,0.9537724107503891,TB
s1359,0.06248418055474758,Normal
s1362,0.9204495400190353,TB
s1363,0.9018186777830124,TB
s1364,0.7879333198070526,TB
s1366,0.9319856613874435,TB
s1367,0.9363496750593185,TB
s1368,0.87202288210392,TB
s1369,0.8383162766695023,TB
s1370,0.9314902573823929,TB
s1371,0.4979896149598062,Normal
s1372,0.6246021278202534,TB
s1373,0.20766103826463223,Normal
s1374,0.6413887105882168,TB
s1375,0.9426044672727585,TB
s1377,0.9304598718881607,TB
s1378,0.9438589066267014,TB
s1379,0.8948274403810501,TB
s1380,0.8347110152244568,TB
s1381,0.9110658317804337,TB
s1382,0.554547659587115,TB
s1383,0.940337285399437,TB
s1384,0.8703287541866302,TB
s1386,0.4487043730914593,Normal
s1388,0.9511570036411285,TB
s1389,0.963032677769661,TB
s1390,0.931026041507721,TB
s1392,0.9466947764158249,TB
s1394,0.01646787184290588,Normal
s1395,0.790938138961792,TB
s1396,0.12583405920304358,Normal
s1398,0.8496560305356979,TB
s1401,0.877467930316925,TB
s1402,0.8922097086906433,TB
s1403,0.7426786571741104,TB
s1405,0.9085946381092072,TB
s1407,0.8486503660678864,TB
s1408,0.1122331852093339,Normal
s1409,0.9543109983205795,TB
s1412,0.511923149228096,TB
s1413,0.8382015824317932,TB
s1414,0.9516676217317581,TB
s1421,0.7322923690080643,TB
s1422,0.513228652998805,TB
s1423,0.9070056229829788,TB
s1424,0.9000400006771088,TB
s1425,0.9557027071714401,TB
s1426,0.8919392675161362,TB
s1427,0.9450704753398895,TB
s1428,0.7048893496394157,TB
s1430,0.8549955040216446,TB
s1431,0.7554376944899559,TB
s1432,0.8209857642650604,TB
s1433,0.9565936177968979,TB
s1435,0.9074020832777023,TB
s1436,0.9513195753097534,TB
s1438,0.7783374488353729,TB
s1439,0.4090843324083835,Normal
s1440,0.9477929770946503,TB
s1441,0.058508160058408976,Normal
s1442,0.8686192333698273,TB
s1443,0.8717058151960373,TB
s1444,0.9547025263309479,TB
s1445,0.5941665517166257,TB
s1446,0.8766637593507767,TB
s1447,0.9542921185493469,TB
s1448,0.7395849227905273,TB
s1449,0.9562400579452515,TB
s1450,0.8675547242164612,TB
s1451,0.9441887438297272,TB
s1452,0.8267101049423218,TB
s1453,0.9534495323896408,TB
s1454,0.24178951419889927,Normal
s1456,0.8882312327623367,TB
s1457,0.8987695276737213,TB
s1458,0.9241800010204315,TB
s1459,0.5641536097973585,TB
s1462,0.8838167488574982,TB
s1463,0.9132171720266342,TB
s1466,0.7777923494577408,TB
s1467,0.8020949363708496,TB
s1469,0.9485227316617966,TB
s1470,0.947858452796936,TB
s1471,0.19571870332583785,Normal
s1472,0.9189370423555374,TB
s1474,0.8648788779973984,TB
s1475,0.34222352504730225,Normal
s1476,0.835385724902153,TB
s1477,0.9420476704835892,TB
s1478,0.9411469250917435,TB
s1481,0.9132461845874786,TB
s1482,0.18737680627964437,Normal
s1483,0.8311204761266708,TB
s1484,0.01885016355663538,Normal
s1485,0.9348272085189819,TB
s1486,0.9224845468997955,TB
s1488,0.8842813074588776,TB
s1489,0.8590311408042908,TB
s1490,0.947235956788063,TB
s1491,0.9282379448413849,TB
s1492,0.9063736498355865,TB
s1494,0.4226137027144432,Normal
s1495,0.9516265094280243,TB
s1496,0.40016934648156166,Normal
s1497,0.8242542743682861,TB
s1499,0.8085014075040817,TB
s1501,0.8535594940185547,TB
s1502,0.8652718961238861,TB
s1503,0.9160710573196411,TB
s1504,0.726100280880928,TB
s1505,0.8409765064716339,TB
s1506,0.9386405795812607,TB
s1507,0.18217198736965656,Normal
s1508,0.9295060038566589,TB
s1509,0.9448445588350296,TB
s1512,0.9540596306324005,TB
s1513,0.03468764526769519,Normal
s1514,0.8756375461816788,TB
s1515,0.9413706362247467,TB
s1516,0.5969455614686012,TB
s1519,0.8748413920402527,TB
s1522,0.7798987776041031,TB
s1523,0.945701465010643,TB
s1524,0.9308357536792755,TB
s1525,0.9356808066368103,TB
s1526,0.655318645760417,TB
s1527,0.9671003371477127,TB
s1528,0.010806765523739159,Normal
s1529,0.9155621081590652,TB
s1531,0.9428681135177612,TB
s1532,0.7364056780934334,TB
s1533,0.9327062219381332,TB
s1534,0.46488593192771077,Normal
s1536,0.770398885011673,TB
s1537,0.33721495419740677,Normal
s1538,0.37878738157451153,Normal
s1541,0.0577503340318799,Normal
s1542,0.009338953415863216,Normal
s1543,0.13083349633961916,Normal
s1546,0.8977235853672028,TB
s1547,0.7859033197164536,TB
s1548,0.9283704310655594,TB
s1549,0.11376760969869792,Normal
s1550,0.11622972786426544,Normal
s1552,0.8643607646226883,TB
s1553,0.31080921832472086,Normal
s1555,0.9489546567201614,TB
s1556,0.5055862739682198,TB
s1557,0.9414832442998886,TB
s1559,0.9228052794933319,TB
s1560,0.95245061814785,TB
s1561,0.9420272409915924,TB
s1562,0.636539762839675,TB
s1566,0.8791305422782898,TB
s1567,0.8464556336402893,TB
s1569,0.8963243663311005,TB
s1570,0.2730836649425328,Normal
s1571,0.9185628592967987,TB
s1572,0.9012887328863144,TB
s1573,0.937052384018898,TB
s1575,0.8850826919078827,TB
s1576,0.23693157848902047,Normal
s1578,0.8685682266950607,TB
s1581,0.928907036781311,TB
s1582,0.9279047846794128,TB
s1583,0.9421005696058273,TB
s1584,0.8959445804357529,TB
s1585,0.9406275898218155,TB
s1586,0.05870150215923786,Normal
s1587,0.9211252480745316,TB
s1588,0.9512475281953812,TB
s1589,0.9161344617605209,TB
s1590,0.9474533796310425,TB
s1592,0.5698185339570045,TB
s1594,0.8999762684106827,TB
s1596,0.11075191665440798,Normal
s1597,0.9080924540758133,TB
s1598,0.8618345260620117,TB
s1599,0.866477832198143,TB
s1600,0.9261818677186966,TB
s1601,0.663630248978734,TB
s1602,0.9185889512300491,TB
s1603,0.9580427557229996,TB
s1604,0.7905169576406479,TB
s1605,0.9128217995166779,TB
s1606,0.9476583302021027,TB
s1607,0.8597536981105804,TB
s1608,0.8414032012224197,TB
s1610,0.11397268995642662,Normal
s1611,0.9561862051486969,TB
s1612,0.8914099484682083,TB
s1613,0.9224407821893692,TB
s1614,0.9327182024717331,TB
s1616,0.9380340576171875,TB
s1618,0.847570464015007,TB
s1619,0.6436376720666885,TB
s1620,0.7569791525602341,TB
s1621,0.9214544594287872,TB
s1622,0.86064612865448,TB
s1623,0.686364833265543,TB
s1624,0.9658598601818085,TB
s1625,0.5152364801615477,TB
s1626,0.3648990134242922,Normal
s1627,0.5895551647990942,TB
s1628,0.9573212414979935,TB
s1629,0.3256940133869648,Normal
s1630,0.42289337515830994,Normal
s1631,0.8838322013616562,TB
s1633,0.811298280954361,TB
s1636,0.9433062374591827,TB
s1637,0.6372088883072138,TB
s1638,0.9399154633283615,TB
s1639,0.4991911402903497,Normal
s1640,0.9541572630405426,TB
s1641,0.9235451370477676,TB
s1642,0.9271863847970963,TB
s1643,0.9528828710317612,TB
s1645,0.9439338892698288,TB
s1646,0.02468150109052658,Normal
s1647,0.8669095933437347,TB
s1648,0.9222849011421204,TB
s1649,0.8665069043636322,TB
s1650,0.8622297048568726,TB
s1652,0.9162975400686264,TB
s1653,0.869677796959877,TB
s1654,0.9225086122751236,TB
s1656,0.9610346108675003,TB
s1657,0.940165102481842,TB
s1658,0.9608105272054672,TB
s1660,0.9411215484142303,TB
s1661,0.949269026517868,TB
s1662,0.9365856647491455,TB
s1663,0.945639431476593,TB
s1664,0.644373208284378,TB
s1665,0.9180906414985657,TB
s1666,0.30886163795366883,Normal
s1668,0.9463069140911102,TB
s1670,0.9593851715326309,TB
s1671,0.13772102305665612,Normal
s1673,0.9411333501338959,TB
s1675,0.46378040313720703,Normal
s1678,0.8670295178890228,TB
s1679,0.4439535599667579,Normal
s1680,0.5692277001217008,TB
s1681,0.06213866360485554,Normal
s1682,0.908321738243103,TB
s1683,0.5897470191121101,TB
s1687,0.9093357473611832,TB
s1688,0.8149810433387756,TB
s1689,0.46534511912614107,Normal
s1691,0.9412124902009964,TB
s1692,0.34847887232899666,Normal
s1693,0.20694393129087985,Normal
s1694,0.9399123787879944,TB
s1695,0.9677439630031586,TB
s1696,0.45112969167530537,Normal
s1697,0.8998674303293228,TB
s1698,0.9568890780210495,TB
s1700,0.9288115501403809,TB
s1702,0.8297500759363174,TB
s1703,0.9189168065786362,TB
s1704,0.7978078871965408,TB
s1705,0.8540474325418472,TB
s1706,0.8939835578203201,TB
s1707,0.9578618705272675,TB
s1708,0.9541361331939697,TB
s1709,0.5171596491709352,TB
s1710,0.27170811756514013,Normal
s1711,0.9712231010198593,TB
s1712,0.9313543140888214,TB
s1713,0.8598318994045258,TB
s1714,0.506285440409556,TB
s1715,0.9237082004547119,TB
s1717,0.8734922707080841,TB
s1719,0.9430998414754868,TB
s1720,0.8652055114507675,TB
s1721,0.08490838366560638,Normal
s1722,0.9152844846248627,TB
s1723,0.9282597750425339,TB
s1724,0.4715566411614418,Normal
s1725,0.2772843709681183,Normal
s1726,0.08560263132676482,Normal
s1727,0.38349622301757336,Normal
s1728,0.39276554342359304,Normal
s1729,0.6147481817752123,TB
s1730,0.8829383701086044,TB
s1731,0.9281033277511597,TB
s1732,0.5733906095847487,TB
s1735,0.9423412084579468,TB
s1736,0.7882571220397949,TB
s1737,0.9249006807804108,TB
s1738,0.9581436365842819,TB
s1739,0.8821169137954712,TB
s1741,0.7275461554527283,TB
s1742,0.6990637332201004,TB
s1743,0.8982328921556473,TB
s1744,0.30986897088587284,Normal
s1745,0.0626319358125329,Normal
s1746,0.8784998953342438,TB
s1747,0.9259604215621948,TB
s1748,0.8714907169342041,TB
s1749,0.5731018558144569,TB
s1750,0.9113101363182068,TB
s1751,0.2952294982969761,Normal
s1752,0.8911803215742111,TB
s1753,0.8298236280679703,TB
s1755,0.8018263876438141,TB
s1756,0.919976219534874,TB
s1757,0.923528864979744,TB
s1758,0.05964346416294575,Normal
s1760,0.9343834817409515,TB
s1761,0.8882850557565689,TB
s1762,0.716618824750185,TB
s1763,0.9650690108537674,TB
s1764,0.9488146156072617,TB
s1765,0.6780578345060349,TB
s1766,0.945266917347908,TB
s1768,0.8251770734786987,TB
s1769,0.8963426351547241,TB
s1770,0.49171992391347885,Normal
s1771,0.8016030937433243,TB
s1772,0.9432674050331116,TB
s1773,0.5072908252477646,TB
s1774,0.7980246990919113,TB
s1776,0.08049782598391175,Normal
s1777,0.7799926847219467,TB
s1778,0.37549200747162104,Normal
s1779,0.9367176741361618,TB
s1781,0.8425047993659973,TB
s1782,0.767562597990036,TB
s1783,0.9409056603908539,TB
s1785,0.9177526086568832,TB
s1786,0.94450943171978,TB
s1787,0.7552566379308701,TB
s1788,0.025639911647886038,Normal
s1789,0.38496431056410074,Normal
s1790,0.9471986442804337,TB
s1791,0.4422303447499871,Normal
s1792,0.9146680235862732,TB
s1794,0.9099316000938416,TB
s1795,0.61622529104352,TB
s1796,0.9462799727916718,TB
s1797,0.5747362673282623,TB
s1798,0.25026533217169344,Normal
s1799,0.5101971812546253,TB
s1800,0.8109579682350159,TB
s1802,0.9692369848489761,TB
s1803,0.1739147142507136,Normal
s1804,0.32709354534745216,Normal
s1805,0.9424006938934326,TB
s1806,0.923419713973999,TB
s1807,0.9050993174314499,TB
s1808,0.7165683805942535,TB
s1809,0.9249639213085175,TB
s1812,0.9208619445562363,TB
s1814,0.8498111814260483,TB
s1815,0.34847365878522396,Normal
s1817,0.2785625411197543,Normal
s1818,0.6259715631604195,TB
s1819,0.9384240210056305,TB
s1821,0.941531240940094,TB
s1822,0.8908700495958328,TB
s1823,0.2783361729234457,Normal
s1825,0.17479417100548744,Normal
s1826,0.9268007129430771,TB
s1827,0.5675985142588615,TB
s1828,0.4996935445815325,Normal
s1829,0.10467417724430561,Normal
s1831,0.03497969824820757,Normal
s1833,0.03430664516054094,Normal
s1835,0.9332355260848999,TB
s1836,0.9597066193819046,TB
s1837,0.15787948202341795,Normal
s1838,0.9480813890695572,TB
s1839,0.5509224534034729,TB
s1840,0.10281792376190424,Normal
s1841,0.9218417406082153,TB
s1843,0.8928340971469879,TB
s1844,0.7089385241270065,TB
s1845,0.8739118576049805,TB
s1846,0.8500462025403976,TB
s1847,0.9345919191837311,TB
s1848,0.9247797280550003,TB
s1849,0.9443221241235733,TB
s1851,0.9210594445466995,TB
s1852,0.5954083800315857,TB
s1853,0.02410676935687661,Normal
s1855,0.9217349588871002,TB
s1856,0.8393659889698029,TB
s1857,0.8929222077131271,TB
s1858,0.9385092556476593,TB
s1859,0.611483708024025,TB
s1861,0.9205686897039413,TB
s1862,0.8796315789222717,TB
s1863,0.9445129185914993,TB
s1864,0.8161859512329102,TB
s1865,0.9390576332807541,TB
s1866,0.8933105766773224,TB
s1867,0.3599316133186221,Normal
s1868,0.834744468331337,TB
s1869,0.9523372799158096,TB
s1870,0.49823413975536823,Normal
s1872,0.8300035446882248,TB
s1873,0.7252237647771835,TB
s1874,0.9479708820581436,TB
s1875,0.9101407825946808,TB
s1877,0.9585383087396622,TB
s1878,0.9076873511075974,TB
s1879,0.17687914334237576,Normal
s1880,0.9576493948698044,TB
s1881,0.7791221439838409,TB
s1883,0.9227006286382675,TB
s1884,0.19294383563101292,Normal
s1885,0.9503393024206161,TB
s1886,0.51997603289783,TB
s1888,0.9074823409318924,TB
s1890,0.9116006195545197,TB
s1893,0.567654169164598,TB
s1894,0.647118903696537,TB
s1895,0.9363979399204254,TB
s1898,0.88638836145401,TB
s1899,0.15409874124452472,Normal
s1900,0.5711945071816444,TB
s1901,0.9417592883110046,TB
s1903,0.7151031792163849,TB
s1908,0.18957532197237015,Normal
s1909,0.7803034335374832,TB
s1910,0.9436327368021011,TB
s1911,0.2266846476122737,Normal
s1912,0.8178074359893799,TB
s1913,0.7690640538930893,TB
s1915,0.5879394188523293,TB
s1916,0.7332325056195259,TB
s1917,0.921398252248764,TB
s1918,0.8221006393432617,TB
s1919,0.9328174889087677,TB
s1920,0.4501069765537977,Normal
s1921,0.1703276690095663,Normal
s1922,0.9338296055793762,TB
s1923,0.946999579668045,TB
s1925,0.9332314282655716,TB
s1926,0.8995114117860794,TB
s1928,0.2600270486436784,Normal
s1929,0.842199057340622,TB
s1931,0.1771708969026804,Normal
s1933,0.45414585433900356,Normal
s1934,0.9490525722503662,TB
s1936,0.9014250338077545,TB
s1937,0.6026885230094194,TB
s1938,0.11348269833251834,Normal
s1939,0.7426786571741104,TB
s1940,0.9135445058345795,TB
s1942,0.884413093328476,TB
s1943,0.3807590906508267,Normal
s1945,0.3790176725015044,Normal
s1946,0.9495165199041367,TB
s1947,0.9295751452445984,TB
s1948,0.15988461580127478,Normal
s1950,0.9418598115444183,TB
s1951,0.19345160690136254,Normal
s1952,0.07002795953303576,Normal
s1953,0.8984552472829819,TB
s1954,0.9500165283679962,TB
s1955,0.9407074153423309,TB
s1957,0.8246297687292099,TB
s1958,0.5368705578148365,TB
s1959,0.44042983651161194,Normal
s1960,0.6054422557353973,TB
s1961,0.8794335424900055,TB
s1962,0.24787777476012707,Normal
s1963,0.46042804419994354,Normal
s1964,0.5881309658288956,TB
s1965,0.9456740766763687,TB
s1966,0.9430609792470932,TB
s1967,0.9476778954267502,TB
s1968,0.9554864764213562,TB
s1969,0.597175121307373,TB
s1970,0.9649854004383087,TB
s1971,0.8627690076828003,TB
s1972,0.9345453083515167,TB
s1973,0.9359328597784042,TB
s1975,0.22740122955292463,Normal
s1976,0.844672903418541,TB
s1977,0.44044798146933317,Normal
s1979,0.4323752778582275,Normal
s1980,0.9281090199947357,TB
s1981,0.8699520230293274,TB
s1982,0.9605798572301865,TB
s1983,0.9565936177968979,TB
s1984,0.9538832008838654,TB
s1985,0.9204348772764206,TB
s1986,0.9623332172632217,TB
s1987,0.8061714917421341,TB
s1988,0.812936082482338,TB
s1989,0.17056674952618778,Normal
s1990,0.9409957826137543,TB
s1991,0.9395777732133865,TB
s1993,0.8774673342704773,TB
s1994,0.218504311516881,Normal
s1995,0.5252417549490929,TB
s1998,0.9181621968746185,TB
s1999,0.5642750188708305,TB
s2000,0.9549749195575714,TB
s2001,0.9432321041822433,TB
s2002,0.02462045755237341,Normal
s2004,0.9462920576334,TB
s2005,0.7253879755735397,TB
s2006,0.9480258971452713,TB
s2007,0.9235458821058273,TB
s2008,0.9186621904373169,TB
s2009,0.9401887208223343,TB
s2011,0.9219129383563995,TB
s2012,0.9385879933834076,TB
s2013,0.6576158190146089,TB
s2014,0.9580917954444885,TB
s2016,0.8679392337799072,TB
s2017,0.8762787878513336,TB
s2020,0.6741521954536438,TB
s2021,0.8879032731056213,TB
s2022,0.9452403038740158,TB
s2023,0.39685958717018366,Normal
s2024,0.9545322805643082,TB
s2025,0.10492043942213058,Normal
s2027,0.4307656157761812,Normal
s2029,0.8138999044895172,TB
s2030,0.8992470949888229,TB
s2031,0.931497186422348,TB
s2032,0.8782668560743332,TB
s2033,0.8589188605546951,TB
s2034,0.1271635410375893,Normal
s2035,0.9033023864030838,TB
s2036,0.8815690129995346,TB
s2037,0.7303739041090012,TB
s2038,0.9438510537147522,TB
s2039,0.5433811685070395,TB
s2040,0.6237365403212607,TB
s2041,0.9277460277080536,TB
s2042,0.9125979840755463,TB
s2043,0.5372311882674694,TB
s2044,0.06186845060437918,Normal
s2047,0.37449258007109165,Normal
s2050,0.9349333196878433,TB
s2051,0.09405777510255575,Normal
s2052,0.9607972204685211,TB
s2053,0.9533102810382843,TB
s2054,0.8788207918405533,TB
s2055,0.4758129194378853,Normal
s2056,0.9392866492271423,TB
s2057,0.9166928976774216,TB
s2058,0.9054450541734695,TB
s2059,0.9561434686183929,TB
s2060,0.3457583363633603,Normal
s2061,0.848784014582634,TB
s2063,0.9226501286029816,TB
s2064,0.8813496828079224,TB
s2066,0.8449772447347641,TB
s2067,0.9002695083618164,TB
s2068,0.9325017333030701,TB
s2069,0.9383606910705566,TB
s2070,0.08787448517978191,Normal
s2072,0.9344221204519272,TB
s2073,0.9473910629749298,TB
s2075,0.03924374608322978,Normal
s2076,0.7119024246931076,TB
s2077,0.9410289376974106,TB
s2078,0.6804600581526756,TB
s2079,0.9241339564323425,TB
s2080,0.956805631518364,TB
s2082,0.775363028049469,TB
s2084,0.9484059065580368,TB
s2085,0.948834016919136,TB
s2086,0.9250589162111282,TB
s2087,0.7732413932681084,TB
s2088,0.42639701906591654,Normal
s2089,0.42871219431981444,Normal
s2090,0.9398504197597504,TB
s2091,0.6574663072824478,TB
s2092,0.9408780187368393,TB
s2093,0.9662754535675049,TB
s2094,0.9082398414611816,TB
s2095,0.9227090179920197,TB
s2096,0.8766130656003952,TB
s2097,0.9281824082136154,TB
s2098,0.03580607322510332,Normal
s2099,0.7766717374324799,TB
s2101,0.79975326359272,TB
s2102,0.8402872979640961,TB
s2104,0.08601043256931007,Normal
s2106,0.9232250601053238,TB
s2108,0.17959385481663048,Normal
s2109,0.9399237185716629,TB
s2110,0.8685736358165741,TB
s2111,0.8935273289680481,TB
s2112,0.9268521517515182,TB
s2114,0.9593905210494995,TB
s2116,0.9529838711023331,TB
s2117,0.3648990134242922,Normal
s2120,0.2382766818627715,Normal
s2122,0.8684605211019516,TB
s2123,0.1097304793074727,Normal
s2124,0.12237188243307173,Normal
s2125,0.9419619888067245,TB
s2127,0.905916690826416,TB
s2128,0.11291699530556798,Normal
s2129,0.7617799118161201,TB
s2130,0.7431771755218506,TB
s2132,0.2806930560618639,Normal
s2133,0.911589577794075,TB
s2134,0.9568800181150436,TB
s2135,0.6688774228096008,TB
s2136,0.9012535214424133,TB
s2137,0.6114950180053711,TB
s2138,0.9102011471986771,TB
s2139,0.9205686897039413,TB
s2140,0.8901017606258392,TB
s2142,0.9669487029314041,TB
s2143,0.5379389952868223,TB
s2144,0.9390178620815277,TB
s2146,0.588414441794157,TB
s2147,0.8508188873529434,TB
s2149,0.6944397240877151,TB
s2150,0.8243899941444397,TB
s2151,0.8993023186922073,TB
s2154,0.7808105051517487,TB
s2155,0.9479426294565201,TB
s2157,0.9542330354452133,TB
s2158,0.8904461562633514,TB
s2159,0.5451617166399956,TB
s2161,0.26399169536307454,Normal
s2163,0.6333819255232811,TB
s2164,0.3819677489809692,Normal
s2166,0.9155621081590652,TB
s2167,0.040212068473920226,Normal
s2168,0.9336975961923599,TB
s2169,0.7156776785850525,TB
s2170,0.8116652220487595,TB
s2171,0.9327153712511063,TB
s2173,0.04148758947849274,Normal
s2175,0.9201207458972931,TB
s2177,0.94137904047966,TB
s2178,0.952738344669342,TB
s2179,0.4516738476231694,Normal
s2180,0.907967671751976,TB
s2183,0.9123347252607346,TB
s2184,0.8741886019706726,TB
s2185,0.29885816341266036,Normal
s2187,0.8899904042482376,TB
s2188,0.9354174584150314,TB
s2189,0.41681977547705173,Normal
s2190,0.9438904523849487,TB
s2191,0.904846578836441,TB
s2192,0.7081536799669266,TB
s2193,0.9340925514698029,TB
s2194,0.6126210205256939,TB
s2195,0.3097036201506853,Normal
s2197,0.9206779152154922,TB
s2198,0.9337833374738693,TB
s2200,0.18525170953944325,Normal
s2202,0.9153078943490982,TB
s2204,0.9489924758672714,TB
s2205,0.9278725385665894,TB
s2206,0.8662869483232498,TB
s2207,0.5570721658878028,TB
s2210,0.8998674303293228,TB
s2211,0.9519270211458206,TB
s2212,0.0331475674174726,Normal
s2213,0.3494935426861048,Normal
s2214,0.6775785982608795,TB
s2216,0.3123628990724683,Normal
s2217,0.48962814547121525,Normal
s2218,0.07751839235424995,Normal
s2220,0.629825733602047,TB
s2221,0.3145352944266051,Normal
s2222,0.35510433837771416,Normal
s2223,0.9262924045324326,TB
s2224,0.9554900825023651,TB
s2228,0.8931127637624741,TB
s2229,0.9509581178426743,TB
s2230,0.6454183980822563,TB
s2231,0.9275093525648117,TB
s2232,0.9563183933496475,TB
s2233,0.940858468413353,TB
s2234,0.6878059469163418,TB
s2235,0.5325355622917414,TB
s2236,0.9376223534345627,TB
s2238,0.89095339179039,TB
s2239,0.9548630714416504,TB
s2240,0.9300938844680786,TB
s2241,0.7078215405344963,TB
s2242,0.1754999398253858,Normal
s2243,0.8743147701025009,TB
s2244,0.960259422659874,TB
s2249,0.14222992211580276,Normal
s2251,0.12669682130217552,Normal
s2252,0.7776986956596375,TB
s2253,0.892183855175972,TB
s2254,0.9580920785665512,TB
s2255,0.9654317051172256,TB
s2256,0.5658044740557671,TB
s2258,0.9293569326400757,TB
s2260,0.5811052657663822,TB
s2263,0.07026656437665224,Normal
s2264,0.15952012687921524,Normal
s2265,0.8220475912094116,TB
s2266,0.9196408241987228,TB
s2267,0.9277838617563248,TB
s2268,0.8750501424074173,TB
s2269,0.833549752831459,TB
s2270,0.9372408390045166,TB
s2273,0.9566354155540466,TB
s2274,0.9509633034467697,TB
s2276,0.9232250601053238,TB
s2277,0.6752294860780239,TB
s2279,0.9521131664514542,TB
s2280,0.9373874217271805,TB
s2281,0.6097457334399223,TB
s2282,0.6026505082845688,TB
s2283,0.9287853091955185,TB
s2284,0.8416754901409149,TB
s2286,0.891372412443161,TB
s2287,0.8246046304702759,TB
s2288,0.7938357591629028,TB
s2289,0.052966772112995386,Normal
s2291,0.950905829668045,TB
s2292,0.5184115334413946,TB
s2293,0.1867969874292612,Normal
s2294,0.910537451505661,TB
s2295,0.6141246221959591,TB
s2296,0.8792651444673538,TB
s2297,0.2580147050321102,Normal
s2298,0.7567638158798218,TB
s2299,0.9385924339294434,TB
s2300,0.021871689008548856,Normal
s2303,0.9135169982910156,TB
s2304,0.9568116366863251,TB
s2305,0.33386106276884675,Normal
s2306,0.8943789154291153,TB
s2307,0.1538572795689106,Normal
s2309,0.9352069795131683,TB
s2310,0.4244525246322155,Normal
s2311,0.886878252029419,TB
s2312,0.10305845737457275,Normal
s2314,0.047852551098912954,Normal
s2315,0.9423873275518417,TB
s2316,0.6407476663589478,TB
s2317,0.5775736719369888,TB
s2318,0.9511871933937073,TB
s2319,0.9187135547399521,TB
s2322,0.9520227760076523,TB
s2323,0.6847196370363235,TB
s2324,0.9082135707139969,TB
s2326,0.9422465115785599,TB
s2327,0.9653665870428085,TB
s2328,0.7277968004345894,TB
s2329,0.9404396861791611,TB
s2330,0.9435849338769913,TB
s2331,0.017818403197452426,Normal
s2332,0.9424424469470978,TB
s2333,0.8451477587223053,TB
s2334,0.10241535305976868,Normal
s2335,0.9328934550285339,TB
s2337,0.9290585219860077,TB
s2338,0.9646255970001221,TB
s2339,0.4236636401619762,Normal
s2341,0.5316464863717556,TB
s2342,0.933600515127182,TB
s2343,0.053495592437684536,Normal
s2344,0.9555509686470032,TB
s2345,0.9321966767311096,TB
s2346,0.7972588092088699,TB
s2347,0.9409563690423965,TB
s2348,0.9433274567127228,TB
s2349,0.5194813385605812,TB
s2351,0.8595971763134003,TB
s2352,0.3975191595964134,Normal
s2353,0.7989702969789505,TB
s2355,0.9425804764032364,TB
s2356,0.48204632848501205,Normal
s2357,0.9660832285881042,TB
s2358,0.9005589634180069,TB
s2359,0.9330516010522842,TB
s2360,0.9457256495952606,TB
s2362,0.9503672420978546,TB
s2363,0.9226735830307007,TB
s2364,0.19343658443540335,Normal
s2367,0.6859679259359837,TB
s2368,0.9256058931350708,TB
s2369,0.8854266703128815,TB
s2370,0.9506365954875946,TB
s2371,0.9631844311952591,TB
s2372,0.9578631371259689,TB
s2373,0.9397775083780289,TB
s2374,0.586723237298429,TB
s2375,0.9427691400051117,TB
s2377,0.6928142830729485,TB
s2378,0.9075625091791153,TB
s2379,0.1557670549955219,Normal
s2380,0.9101905524730682,TB
s2381,0.9297458678483963,TB
s2384,0.42469706991687417,Normal
s2385,0.9111307114362717,TB
s2386,0.20190421002916992,Normal
s2387,0.9521982371807098,TB
s2389,0.9233056753873825,TB
s2393,0.6634250283241272,TB
s2395,0.957166314125061,TB
s2396,0.9644615948200226,TB
s2397,0.14898882526904345,Normal
s2398,0.2154288850724697,Normal
s2399,0.527031235396862,TB
s2400,0.8989341109991074,TB
s2401,0.013865527114830911,Normal
s2402,0.7043096832931042,TB
s2403,0.946275919675827,TB
s2404,0.021796828135848045,Normal
s2405,0.8433226197957993,TB
s2407,0.8845129907131195,TB
s2408,0.22632929496467113,Normal
s2410,0.8207974135875702,TB
s2411,0.9176419377326965,TB
s2412,0.34604512155056,Normal
s2413,0.844672903418541,TB
s2415,0.9363986849784851,TB
s2416,0.9005563259124756,TB
s2417,0.11634376365691423,Normal
s2418,0.9502554833889008,TB
s2420,0.9445672929286957,TB
s2421,0.2518475018441677,Normal
s2422,0.8872530162334442,TB
s2424,0.03090142272412777,Normal
s2425,0.909039095044136,TB
s2426,0.8230382204055786,TB
s2427,0.9360336810350418,TB
s2428,0.5940138278529048,TB
s2430,0.9183701276779175,TB
s2432,0.8765343129634857,TB
s2435,0.02071179891936481,Normal
s2437,0.945735827088356,TB
s2439,0.5371353309601545,TB
s2440,0.034629440400749445,Normal
s2441,0.9253513514995575,TB
s2443,0.9056978821754456,TB
s2444,0.9089907705783844,TB
s2445,0.5130993155762553,TB
s2446,0.8910456448793411,TB
s2447,0.9172277003526688,TB
s2448,0.9176808893680573,TB
s2449,0.6498052105307579,TB
s2450,0.049320174381136894,Normal
s2451,0.8038440346717834,TB
s2452,0.6474441289901733,TB
s2453,0.8313017189502716,TB
s2454,0.9263075143098831,TB
s2456,0.8108912706375122,TB
s2458,0.01549222064204514,Normal
s2459,0.9419356435537338,TB
s2461,0.9344659894704819,TB
s2462,0.6381719522178173,TB
s2463,0.8966733068227768,TB
s2464,0.9340445697307587,TB
s2465,0.9530609548091888,TB
s2466,0.8119767159223557,TB
s2467,0.9443413466215134,TB
s2468,0.958063080906868,TB
s2469,0.940890908241272,TB
s2470,0.46609935723245144,Normal
s2471,0.9000689089298248,TB
s2472,0.1320988042280078,Normal
s2473,0.9069215059280396,TB
s2475,0.4478377443738282,Normal
s2476,0.9037930071353912,TB
s2477,0.8685181587934494,TB
s2478,0.2777448962442577,Normal
s2479,0.25317259039729834,Normal
s2480,0.9266473948955536,TB
s2481,0.9035308063030243,TB
s2482,0.9224787354469299,TB
s2484,0.7159142270684242,TB
s2485,0.12043628259561956,Normal
s2486,0.9368868172168732,TB
s2488,0.8803567290306091,TB
s2489,0.9192505180835724,TB
s2490,0.6144884759560227,TB
s2491,0.8574723899364471,TB
s2492,0.8858702480792999,TB
s2493,0.8760479837656021,TB
s2497,0.9274044930934906,TB
s2499,0.9260702729225159,TB
s2500,0.7777923494577408,TB
s2501,0.9218084663152695,TB
s2502,0.7302884459495544,TB
s2505,0.7951781451702118,TB
s2506,0.7257230430841446,TB
s2507,0.8108912706375122,TB
s2508,0.9250939190387726,TB
s2509,0.1253992156125605,Normal
s2510,0.9222774356603622,TB
s2511,0.7687310874462128,TB
s2513,0.9665933102369308,TB
s2515,0.9238791316747665,TB
s2516,0.9392599314451218,TB
s2517,0.6570109920576215,TB
s2518,0.9195280075073242,TB
s2520,0.9056118875741959,TB
s2521,0.6467956006526947,TB
s2522,0.9478858560323715,TB
s2523,0.7005266696214676,TB
s2524,0.9151334911584854,TB
s2528,0.8481051325798035,TB
s2529,0.9613413661718369,TB
s2531,0.5308777503669262,TB
s2534,0.030599874444305897,Normal
s2535,0.9107494950294495,TB
s2536,0.3971746559254825,Normal
s2537,0.21082684583961964,Normal
s2538,0.2979915873147547,Normal
s2540,0.9351769089698792,TB
s2541,0.8687864989042282,TB
s2542,0.9257977157831192,TB
s2543,0.9081861078739166,TB
s2544,0.7771267741918564,TB
s2545,0.9444840401411057,TB
s2546,0.902740865945816,TB
s2547,0.9310314059257507,TB
s2548,0.6813344582915306,TB
s2550,0.9085705876350403,TB
s2551,0.9517044126987457,TB
s2553,0.18146460503339767,Normal
s2554,0.6563036814332008,TB
s2555,0.6551519110798836,TB
s2556,0.9479539096355438,TB
s2557,0.924077495932579,TB
s2558,0.8085014075040817,TB
s2560,0.5731689729727805,TB
s2561,0.14815475093200803,Normal
s2562,0.9329117238521576,TB
s2563,0.738482266664505,TB
s2564,0.6540778502821922,TB
s2566,0.7319658026099205,TB
s2567,0.9640785753726959,TB
s2568,0.8679392337799072,TB
s2571,0.9311254322528839,TB
s2572,0.8658586740493774,TB
s2573,0.8900450766086578,TB
s2575,0.781926766037941,TB
s2576,0.9282309710979462,TB
s2577,0.9323685765266418,TB
s2578,0.2000814094208181,Normal
s2580,0.7032086104154587,TB
s2581,0.4264435167424381,Normal
s2582,0.5342724211513996,TB
s2583,0.9450704753398895,TB
s2584,0.9435912668704987,TB
s2585,0.9611628204584122,TB
s2587,0.9102532118558884,TB
s2588,0.9692086279392242,TB
s2589,0.8207029551267624,TB
s2590,0.14342289231717587,Normal
s2592,0.1566947139799595,Normal
s2593,0.533699743449688,TB
s2594,0.603792954236269,TB
s2595,0.9434860050678253,TB
s2596,0.9213024079799652,TB
s2597,0.44715073145926,Normal
s2600,0.8898406475782394,TB
s2601,0.84144726395607,TB
s2602,0.8956479132175446,TB
s2603,0.7638476192951202,TB
s2605,0.9242094904184341,TB
s2607,0.9258516281843185,TB
s2609,0.49823413975536823,Normal
s2610,0.9232532829046249,TB
s2611,0.42456742003560066,Normal
s2612,0.5683494601398706,TB
s2613,0.9090199917554855,TB
s2616,0.3662453033030033,Normal
s2617,0.8295376598834991,TB
s2618,0.6801047548651695,TB
s2619,0.8369202017784119,TB
s2620,0.17278930451720953,Normal
s2622,0.8368989378213882,TB
s2624,0.9294435530900955,TB
s2625,0.9544421583414078,TB
s2627,0.1547162407077849,Normal
s2628,0.6584136039018631,TB
s2629,0.9461164027452469,TB
s2632,0.9368891566991806,TB
s2634,0.1238165176473558,Normal
s2635,0.4809975456446409,Normal
s2636,0.6795123815536499,TB
s2637,0.5440454706549644,TB
s2638,0.5591649496927857,TB
s2639,0.9438979476690292,TB
s2640,0.9169138371944427,TB
s2642,0.6234246427193284,TB
s2643,0.8865621984004974,TB
s2644,0.8462460935115814,TB
s2645,0.9149297773838043,TB
s2646,0.6336035132408142,TB
s2647,0.8096675127744675,TB
s2648,0.8952146917581558,TB
s2649,0.8938409388065338,TB
s2650,0.6943221315741539,TB
s2652,0.9006089866161346,TB
s2653,0.9217349588871002,TB
s2655,0.8981997072696686,TB
s2656,0.23740473296493292,Normal
s2657,0.6150849163532257,TB
s2659,0.6550746969878674,TB
s2660,0.03181563806720078,Normal
s2661,0.9171711802482605,TB
s2662,0.5748071521520615,TB
s2663,0.9362815171480179,TB
s2665,0.8750501424074173,TB
s2666,0.9298630207777023,TB
s2668,0.643088748678565,TB
s2669,0.9574926346540451,TB
s2670,0.9517915546894073,TB
s2671,0.8879460543394089,TB
s2672,0.9319603145122528,TB
s2673,0.9353366941213608,TB
s2674,0.4156054835766554,Normal
s2675,0.9242827147245407,TB
s2678,0.8659986704587936,TB
s2679,0.9407010078430176,TB
s2680,0.9316226691007614,TB
s2681,0.589079737663269,TB
s2683,0.9330281317234039,TB
s2685,0.893712729215622,TB
s2686,0.03651030454784632,Normal
s2687,0.42796536069363356,Normal
s2690,0.0984862963669002,Normal
s2691,0.8294617533683777,TB
s2692,0.9052291363477707,TB
s2693,0.9023324251174927,TB
s2694,0.7134689018130302,TB
s2696,0.8708873391151428,TB
s2698,0.6131551470607519,TB
s2701,0.7693283557891846,TB
s2702,0.9383301883935928,TB
s2704,0.8883541822433472,TB
s2705,0.5269162580370903,TB
s2706,0.9087783843278885,TB
s2707,0.6795059889554977,TB
s2709,0.9594236463308334,TB
s2712,0.943687230348587,TB
s2713,0.9173553884029388,TB
s2715,0.624711187556386,TB
s2716,0.905579537153244,TB
s2717,0.08165042963810265,Normal
s2718,0.9506673067808151,TB
s2719,0.9219073355197906,TB
s2720,0.42413564142771065,Normal
s2721,0.5546156615018845,TB
s2723,0.8992629796266556,TB
s2724,0.9437035769224167,TB
s2725,0.9354047626256943,TB
s2727,0.9507095664739609,TB
s2730,0.9324762672185898,TB
s2731,0.9181335717439651,TB
s2732,0.8967176079750061,TB
s2733,0.020268660504370928,Normal
s2734,0.7664809823036194,TB
s2735,0.12098443531431258,Normal
s2737,0.9507728517055511,TB
s2738,0.46600234508514404,Normal
s2739,0.9265464544296265,TB
s2741,0.8933364897966385,TB
s2742,0.9361882507801056,TB
s2743,0.8253348469734192,TB
s2744,0.9432783275842667,TB
s2745,0.9153038263320923,TB
s2747,0.9514135122299194,TB
s2749,0.9377088248729706,TB
s2750,0.6997332200407982,TB
s2751,0.9243634045124054,TB
s2752,0.055069281719624996,Normal
s2753,0.9417019635438919,TB
s2757,0.5899105668067932,TB
s2758,0.8677948266267776,TB
s2759,0.9193438291549683,TB
s2760,0.9166224300861359,TB
s2761,0.037561744917184114,Normal
s2762,0.9305795878171921,TB
s2765,0.895173504948616,TB
s2766,0.9453151077032089,TB
s2767,0.9010971933603287,TB
s2768,0.8951718211174011,TB
s2770,0.23825820023193955,Normal
s2771,0.7224769294261932,TB
s2772,0.5707301530055702,TB
s2773,0.8775502741336823,TB
s2774,0.9156475067138672,TB
s2775,0.9222251623868942,TB
s2776,0.9056266397237778,TB
s2777,0.5558838732540607,TB
s2778,0.9561465084552765,TB
s2779,0.31257250159978867,Normal
s2781,0.8535080105066299,TB
s2783,0.9183317869901657,TB
s2785,0.9433465003967285,TB
s2786,0.9115469008684158,TB
s2787,0.07039518700912595,Normal
s2788,0.30058132112026215,Normal
s2790,0.8111255019903183,TB
s2791,0.8985984474420547,TB
s2793,0.9584343582391739,TB
s2794,0.922699972987175,TB
s2795,0.909794807434082,TB
s2797,0.565806195139885,TB
s2798,0.5468596131540835,TB
s2800,0.9345296174287796,TB
s2801,0.9132171720266342,TB
s2805,0.817670926451683,TB
s2806,0.9475759714841843,TB
s2807,0.32434362545609474,Normal
s2808,0.9105349183082581,TB
s2809,0.6799421459436417,TB
s2810,0.1441077699419111,Normal
s2811,0.8945602476596832,TB
s2812,0.8826028257608414,TB
s2813,0.9569709748029709,TB
s2814,0.5171715533360839,TB
s2815,0.6095516849309206,TB
s2817,0.4490979793481529,Normal
s2818,0.963017076253891,TB
s2819,0.1835408452898264,Normal
s2820,0.8706866204738617,TB
s2825,0.9075530469417572,TB
s2826,0.9100381135940552,TB
s2827,0.6844745352864265,TB
s2829,0.9389321058988571,TB
s2830,0.03327216813340783,Normal
s2831,0.9485509693622589,TB
s2832,0.9142536222934723,TB
s2833,0.8215552270412445,TB
s2834,0.8341021984815598,TB
s2838,0.7963592484593391,TB
s2839,0.7139459624886513,TB
s2840,0.06794493785127997,Normal
s2841,0.12610184494405985,Normal
s2842,0.020940323593094945,Normal
s2843,0.023832106380723417,Normal
s2844,0.6313959285616875,TB
s2845,0.05433022556826472,Normal
s2846,0.9667303115129471,TB
s2847,0.94084133207798,TB
s2848,0.9558008313179016,TB
s2853,0.4850281924009323,Normal
s2854,0.9624618291854858,TB
s2855,0.8739721775054932,TB
s2856,0.9203266948461533,TB
s2857,0.8939835578203201,TB
s2858,0.956244945526123,TB
s2859,0.9166658371686935,TB
s2861,0.013654012233018875,Normal
s2863,0.9390023201704025,TB
s2864,0.9582927823066711,TB
s2866,0.9561491906642914,TB
s2867,0.9271191358566284,TB
s2869,0.9642718136310577,TB
s2871,0.7375553324818611,TB
s2872,0.25589470216073096,Normal
s2873,0.9450882226228714,TB
s2874,0.6456033736467361,TB
s2875,0.2906621741130948,Normal
s2876,0.8343619555234909,TB
s2878,0.9241200536489487,TB
s2879,0.9348792135715485,TB
s2880,0.8425406962633133,TB
s2882,0.9104476273059845,TB
s2883,0.9074021726846695,TB
s2884,0.049703569151461124,Normal
s2885,0.3978974297642708,Normal
s2886,0.9555467665195465,TB
s2887,0.3674968332052231,Normal
s2888,0.8646311163902283,TB
s2889,0.9082055389881134,TB
s2890,0.9150232225656509,TB
s2891,0.6585374623537064,TB
s2894,0.9484199583530426,TB
s2895,0.5887112095952034,TB
s2896,0.12839064188301563,Normal
s2897,0.5295629054307938,TB
s2898,0.9277312457561493,TB
s2899,0.7027044966816902,TB
s2904,0.4514305433258414,Normal
s2905,0.9424448609352112,TB
s2906,0.7160657346248627,TB
s2907,0.9084600806236267,TB
s2909,0.04087321343831718,Normal
s2910,0.9430444091558456,TB
s2911,0.4587147533893585,Normal
s2912,0.9412786811590195,TB
s2913,0.82797010242939,TB
s2914,0.926045149564743,TB
s2915,0.8323219269514084,TB
s2917,0.8501558005809784,TB
s2918,0.037526619620621204,Normal
s2919,0.9176940619945526,TB
s2920,0.8837825953960419,TB
s2921,0.810570016503334,TB
s2922,0.9350885897874832,TB
s2923,0.913517639040947,TB
s2924,0.34225037414580584,Normal
s2926,0.4341406859457493,Normal
s2927,0.817898228764534,TB
s2928,0.06511760572902858,Normal
s2929,0.925906628370285,TB
s2930,0.43875956162810326,Normal
s2931,0.5937918499112129,TB
s2932,0.8215552270412445,TB
s2933,0.918933779001236,TB
s2934,0.5551174161955714,TB
s2935,0.9481243938207626,TB
s2936,0.9295777231454849,TB
s2938,0.6460101716220379,TB
s2940,0.9594681262969971,TB
s2941,0.9460861831903458,TB
s2942,0.5881404876708984,TB
s2945,0.942584902048111,TB
s2946,0.32661676593124866,Normal
s2947,0.9406975656747818,TB
s2948,0.7991162091493607,TB
s2950,0.9279520809650421,TB
s2951,0.8472933918237686,TB
s2952,0.4268450839444995,Normal
s2953,0.6805110201239586,TB
s2954,0.9415200799703598,TB
s2956,0.7813687175512314,TB
s2958,0.6569026336073875,TB
s2961,0.9002287089824677,TB
s2964,0.9425354152917862,TB
s2965,0.858756497502327,TB
s2967,0.5545455049723387,TB
s2970,0.6202367059886456,TB
s2971,0.755096048116684,TB
s2972,0.6375375092029572,TB
s2973,0.03717572963796556,Normal
s2974,0.06595319719053805,Normal
s2975,0.9005919098854065,TB
s2976,0.6872726678848267,TB
s2977,0.5899105668067932,TB
s2978,0.5522344559431076,TB
s2979,0.9612605422735214,TB
s2980,0.8747366070747375,TB
s2981,0.9383717775344849,TB
s2983,0.734615683555603,TB
s2987,0.1651151878759265,Normal
s2988,0.5971645414829254,TB
s2989,0.7405847907066345,TB
s2991,0.45793517073616385,Normal
s2992,0.8319899886846542,TB
s2993,0.049703569151461124,Normal
s2994,0.9581108540296555,TB
s2996,0.031034031882882118,Normal
s2997,0.9300934672355652,TB
s2999,0.9173256456851959,TB
s3000,0.7547988593578339,TB
s3002,0.4760109488852322,Normal
s3003,0.8373154252767563,TB
s3006,0.03881497913971543,Normal
s3008,0.9458164870738983,TB
s3011,0.9497406333684921,TB
s3012,0.9283773899078369,TB
s3014,0.9083553850650787,TB
s3015,0.08502991311252117,Normal
s3017,0.935731902718544,TB
s3018,0.9444742202758789,TB
s3019,0.7105743810534477,TB
s3020,0.9206480979919434,TB
s3021,0.27067508175969124,Normal
s3022,0.9387298375368118,TB
s3023,0.6211587116122246,TB
s3024,0.8893133699893951,TB
s3025,0.9492103308439255,TB
s3026,0.9082340896129608,TB
s3027,0.10318943788297474,Normal
s3028,0.14868414378724992,Normal
s3029,0.9416659772396088,TB
s3031,0.9221279174089432,TB
s3035,0.877472311258316,TB
s3036,0.9204720854759216,TB
s3037,0.9465726315975189,TB
s3039,0.8667581528425217,TB
s3041,0.7762973457574844,TB
s3042,0.8808859437704086,TB
s3043,0.9367428421974182,TB
s3045,0.917572945356369,TB
s3046,0.9316845387220383,TB
s3047,0.8698505014181137,TB
s3048,0.20737007725983858,Normal
s3049,0.9091724008321762,TB
s3050,0.8268749117851257,TB
s3051,0.8762787878513336,TB
s3052,0.937587171792984,TB
s3053,0.9133766442537308,TB
s3054,0.9215781539678574,TB
s3055,0.9541695863008499,TB
s3056,0.8339571207761765,TB
s3057,0.9083239287137985,TB
s3058,0.9463844448328018,TB
s3059,0.4435248654335737,Normal
s3061,0.8798522055149078,TB
s3062,0.06770860683172941,Normal
s3063,0.6853042468428612,TB
s3064,0.54854950401932,TB
s3065,0.5665791830979288,TB
s3066,0.4120289348065853,Normal
s3067,0.9309521466493607,TB
s3070,0.8228293359279633,TB
s3073,0.9196203202009201,TB
s3074,0.7557679712772369,TB
s3075,0.6150202751159668,TB
s3076,0.5359463319182396,TB
s3077,0.8797677010297775,TB
s3078,0.022638506954535842,Normal
s3079,0.5684983842074871,TB
s3080,0.9412503391504288,TB
s3082,0.329274611081928,Normal
s3083,0.8378307968378067,TB
s3085,0.8655520528554916,TB
s3086,0.9439803957939148,TB
s3087,0.8546482175588608,TB
s3088,0.9091473370790482,TB
s3089,0.9318988621234894,TB
s3090,0.934482678771019,TB
s3093,0.8046263158321381,TB
s3094,0.8362729549407959,TB
s3095,0.9323644638061523,TB
s3096,0.9502962380647659,TB
s3097,0.8573498427867889,TB
s3098,0.9590144753456116,TB
s3099,0.844987154006958,TB
s3101,0.5932908467948437,TB
s3102,0.9346957951784134,TB
s3103,0.5620858632028103,TB
s3104,0.892083927989006,TB
s3105,0.9290331304073334,TB
s3106,0.4769581819418818,Normal
s3107,0.08413169533014297,Normal
s3111,0.9534061104059219,TB
s3112,0.9194406419992447,TB
s3113,0.8207974135875702,TB
s3114,0.8693980425596237,TB
s3115,0.3291560783982277,Normal
s3116,0.17981390259228647,Normal
s3117,0.9278613775968552,TB
s3118,0.7960604280233383,TB
s3120,0.4404569938778877,Normal
s3121,0.9233181774616241,TB
s3122,0.8750556409358978,TB
s3123,0.9460817575454712,TB
s3125,0.6793190240859985,TB
s3126,0.9167794585227966,TB
s3127,0.8773478418588638,TB
s3128,0.19675775477662683,Normal
s3130,0.9041986614465714,TB
s3133,0.8656471967697144,TB
s3134,0.6699727289378643,TB
s3136,0.9200707077980042,TB
s3137,0.9156481474637985,TB
s3138,0.566936656832695,TB
s3139,0.6567868366837502,TB
s3140,0.9500114321708679,TB
s3143,0.8032007664442062,TB
s3144,0.7214003205299377,TB
s3146,0.9488276094198227,TB
s3147,0.9097161889076233,TB
s3148,0.9521902352571487,TB
s3149,0.9159872680902481,TB
s3150,0.5417387895286083,TB
s3151,0.911372110247612,TB
s3153,0.8796406984329224,TB
s3154,0.01865658233873546,Normal
s3155,0.5751777291297913,TB
s3156,0.4458317384123802,Normal
s3157,0.9336775094270706,TB
s3158,0.45725171407684684,Normal
s3160,0.020387243246659636,Normal
s3161,0.9575912952423096,TB
s3163,0.47834865376353264,Normal
s3164,0.9347616583108902,TB
s3165,0.889723613858223,TB
s3166,0.661396712064743,TB
s3167,0.607126347720623,TB
s3168,0.9415813833475113,TB
s3169,0.8970552831888199,TB
s3170,0.9072714447975159,TB
s3171,0.867038905620575,TB
s3172,0.9168370217084885,TB
s3173,0.8118763417005539,TB
s3174,0.4755427986383438,Normal
s3175,0.9384303390979767,TB
s3176,0.7085545882582664,TB
s3177,0.9059877693653107,TB
s3178,0.44965197518467903,Normal
s3179,0.9177752286195755,TB
s3181,0.23048469237983227,Normal
s3182,0.9224213361740112,TB
s3183,0.13766310247592628,Normal
s3184,0.6787374541163445,TB
s3185,0.025663754204288125,Normal
s3186,0.5978667661547661,TB
s3187,0.7671595066785812,TB
s3188,0.09697360056452453,Normal
s3189,0.9050531685352325,TB
s3190,0.9454737603664398,TB
s3191,0.635245893150568,TB
s3193,0.3334992825984955,Normal
s3195,0.5396127672865987,TB
s3196,0.8980864882469177,TB
s3197,0.896107628941536,TB
s3199,0.7678583115339279,TB
s3201,0.929065078496933,TB
s3203,0.04132116539403796,Normal
s3205,0.9404889047145844,TB
s3206,0.8287826031446457,TB
s3207,0.6817202791571617,TB
s3208,0.2736349394544959,Normal
s3209,0.8865543156862259,TB
s3211,0.8815239369869232,TB
s3212,0.9196272194385529,TB
s3214,0.5764737371355295,TB
s3216,0.7629491165280342,TB
s3217,0.8537266403436661,TB
s3218,0.6553837656974792,TB
s3221,0.9328997135162354,TB
s3222,0.9219696223735809,TB
s3223,0.8744621425867081,TB
s3224,0.940273717045784,TB
s3225,0.9261214584112167,TB
s3227,0.8212944269180298,TB
s3228,0.894231453537941,TB
s3229,0.9431564807891846,TB
s3230,0.8302010148763657,TB
s3232,0.9360773116350174,TB
s3234,0.9536109268665314,TB
s3235,0.9346781224012375,TB
s3236,0.9200996160507202,TB
s3237,0.5767339132726192,TB
s3238,0.7685796022415161,TB
s3240,0.5755724310874939,TB
s3241,0.5908101070672274,TB
s3242,0.4337490904144943,Normal
s3243,0.9577111601829529,TB
s3244,0.923314169049263,TB
s3246,0.6290020644664764,TB
s3247,0.8932199329137802,TB
s3248,0.8620038628578186,TB
s3249,0.9440989345312119,TB
s3250,0.952346608042717,TB
s3251,0.32349617779254913,Normal
s3252,0.8519796878099442,TB
s3253,0.9539940804243088,TB
s3254,0.9694636464118958,TB
s3255,0.8089064359664917,TB
s3256,0.4395049470476806,Normal
s3257,0.9519900977611542,TB
s3258,0.9298777282238007,TB
s3259,0.879021942615509,TB
s3260,0.0722421258687973,Normal
s3261,0.7318267822265625,TB
s3262,0.9052118211984634,TB
s3263,0.9495409280061722,TB
s3264,0.9323488473892212,TB
s3266,0.45698943780735135,Normal
s3267,0.9507075399160385,TB
s3268,0.8591344803571701,TB
s3269,0.9543147385120392,TB
s3270,0.9432812035083771,TB
s3271,0.9461081027984619,TB
s3272,0.37210144102573395,Normal
s3273,0.6831776462495327,TB
s3275,0.9344302713871002,TB
s3276,0.9423989504575729,TB
s3278,0.8381324261426926,TB
s3280,0.9165516197681427,TB
s3281,0.42760475794784725,Normal
s3282,0.8966490775346756,TB
s3283,0.4597436832264066,Normal
s3285,0.7266920432448387,TB
s3286,0.5796226784586906,TB
s3287,0.587049063295126,TB
s3288,0.7237243056297302,TB
s3289,0.9303034842014313,TB
s3291,0.5709460750222206,TB
s3292,0.39649430476129055,Normal
s3293,0.5844992063939571,TB
s3294,0.42461093701422215,Normal
s3295,0.9219171404838562,TB
s3296,0.7014347016811371,TB
s3298,0.9337379187345505,TB
s3299,0.3004802167415619,Normal
s3300,0.9229077994823456,TB
s3303,0.16245578741654754,Normal
s3304,0.9221390038728714,TB
s3305,0.8755711019039154,TB
s3306,0.7153004854917526,TB
s3307,0.9286311566829681,TB
s3308,0.934322863817215,TB
s3309,0.6934469789266586,TB
s3310,0.9005981534719467,TB
s3311,0.9553645104169846,TB
s3313,0.8433375656604767,TB
s3314,0.9136748909950256,TB
s3316,0.9275525957345963,TB
s3317,0.95684914290905,TB
s3318,0.9528220593929291,TB
s3319,0.23886635899543762,Normal
s3321,0.4642399537842721,Normal
s3322,0.9347405582666397,TB
s3323,0.7078008055686951,TB
s3324,0.9105325937271118,TB
s3325,0.941517785191536,TB
s3329,0.887655645608902,TB
s3330,0.4973302520811558,Normal
s3331,0.8758767694234848,TB
s3332,0.9382352381944656,TB
s3333,0.9335029423236847,TB
s3334,0.9033724814653397,TB
s3335,0.9346796721220016,TB
s3337,0.5101996585726738,TB
s3339,0.9505456835031509,TB
s3340,0.7751890420913696,TB
s3341,0.6211283802986145,TB
s3343,0.8326353132724762,TB
s3344,0.8677913993597031,TB
s3346,0.939895287156105,TB
s3348,0.9071038067340851,TB
s3349,0.8583253622055054,TB
s3350,0.5521055860444903,TB
s3351,0.9121177941560745,TB
s3352,0.9378713220357895,TB
s3353,0.9429378509521484,TB
s3354,0.7288705706596375,TB
s3355,0.9265350699424744,TB
s3356,0.920004352927208,TB
s3357,0.8897499591112137,TB
s3359,0.9176698625087738,TB
s3360,0.02670980035327375,Normal
s3361,0.9486311823129654,TB
s3362,0.9225881397724152,TB
s3364,0.9045942723751068,TB
s3365,0.9271319210529327,TB
s3366,0.7739298343658447,TB
s3367,0.5056944862008095,TB
s3368,0.8466592878103256,TB
s3369,0.885754868388176,TB
s3370,0.011655212379992008,Normal
s3373,0.5959240295924246,TB
s3376,0.9392863512039185,TB
s3378,0.49832379817962646,Normal
s3379,0.010520439362153411,Normal
s3380,0.8451272249221802,TB
s3381,0.5601154640316963,TB
s3382,0.2535510079469532,Normal
s3384,0.9254388362169266,TB
s3385,0.9340445697307587,TB
s3386,0.9442776441574097,TB
s3388,0.9349887520074844,TB
s3389,0.8464584648609161,TB
s3390,0.8852872252464294,TB
s3394,0.9394506961107254,TB
s3397,0.8722805082798004,TB
s3399,0.6448374874889851,TB
s3400,0.9544282406568527,TB
s3401,0.7097246870398521,TB
s3402,0.8305868804454803,TB
s3403,0.902650386095047,TB
s3404,0.8501525968313217,TB
s3405,0.6499266978353262,TB
s3407,0.9427492022514343,TB
s3408,0.9569807946681976,TB
s3409,0.1691460208967328,Normal
s3410,0.07422857289202511,Normal
s3411,0.9004616439342499,TB
s3412,0.24878968251869082,Normal
s3413,0.9488799273967743,TB
s3414,0.032438927330076694,Normal
s3415,0.9362174421548843,TB
s3416,0.9447134435176849,TB
s3418,0.8542478978633881,TB
s3419,0.39847839437425137,Normal
s3420,0.6593140754848719,TB
s3421,0.7365128844976425,TB
s3424,0.9415108114480972,TB
s3425,0.7712361961603165,TB
s3426,0.7965509444475174,TB
s3427,0.8998838067054749,TB
s3428,0.8548947423696518,TB
s3429,0.5773672456853092,TB
s3430,0.8953667283058167,TB
s3431,0.7770228385925293,TB
s3432,0.9179124534130096,TB
s3435,0.8622359037399292,TB
s3436,0.9462565183639526,TB
s3437,0.025965850800275803,Normal
s3438,0.9347405582666397,TB
s3439,0.8817557543516159,TB
s3440,0.9406444281339645,TB
s3442,0.904616191983223,TB
s3443,0.9167356342077255,TB
s3445,0.8441500812768936,TB
s3446,0.8938028514385223,TB
s3447,0.9479567408561707,TB
s3448,0.7289193570613861,TB
s3449,0.5686650313436985,TB
s3450,0.8147496730089188,TB
s3451,0.5743051283061504,TB
s3452,0.2593978075310588,Normal
s3453,0.3703510782215744,Normal
s3454,0.9453968852758408,TB
s3456,0.026472930796444416,Normal
s3458,0.8984166234731674,TB
s3460,0.9396563023328781,TB
s3461,0.592644976451993,TB
s3462,0.8659114688634872,TB
s3463,0.9267568290233612,TB
s3465,0.9236752539873123,TB
s3467,0.7339816689491272,TB
s3468,0.9564920216798782,TB
s3472,0.9591303616762161,TB
s3474,0.9155079573392868,TB
s3475,0.8153247982263565,TB
s3476,0.656454673036933,TB
s3478,0.9005798548460007,TB
s3479,0.5538960713893175,TB
s3480,0.2561629135161638,Normal
s3481,0.9209031164646149,TB
s3482,0.9447543174028397,TB
s3483,0.8784019947052002,TB
s3484,0.2739092381671071,Normal
s3485,0.05596879357472062,Normal
s3486,0.9056791961193085,TB
s3487,0.2026076829060912,Normal
s3488,0.7130567729473114,TB
s3489,0.9221965670585632,TB
s3490,0.9433055073022842,TB
s3491,0.9435801655054092,TB
s3493,0.9490479677915573,TB
s3494,0.9493761956691742,TB
s3495,0.5216271951794624,TB
s3497,0.9204550236463547,TB
s3498,0.7230987846851349,TB
s3501,0.8849338442087173,TB
s3502,0.5590654220432043,TB
s3503,0.9139767587184906,TB
s3504,0.8587021231651306,TB
s3505,0.4445239915512502,Normal
s3508,0.9303285479545593,TB
s3509,0.8053085654973984,TB
s3510,0.6508374027907848,TB
s3511,0.9073379933834076,TB
s3512,0.9288861006498337,TB
s3513,0.9562599658966064,TB
s3514,0.9098590314388275,TB
s3515,0.8840286880731583,TB
s3516,0.009191488730721176,Normal
s3517,0.4991911402903497,Normal
s3518,0.8830374330282211,TB
s3519,0.9100392162799835,TB
s3520,0.2246189578436315,Normal
s3521,0.9387208372354507,TB
s3522,0.959579274058342,TB
s3523,0.8961967378854752,TB
s3524,0.6456647515296936,TB
s3525,0.8667073100805283,TB
s3526,0.139446011162363,Normal
s3527,0.33376086549833417,Normal
s3528,0.920062929391861,TB
s3529,0.9432356953620911,TB
s3530,0.9104544371366501,TB
s3532,0.8684598654508591,TB
s3533,0.8385404348373413,TB
s3534,0.897455021739006,TB
s3535,0.3866053372621536,Normal
s3536,0.012146726250648499,Normal
s3537,0.2843188662081957,Normal
s3540,0.10783255938440561,Normal
s3541,0.11217477777972817,Normal
s3542,0.6918505877256393,TB
s3544,0.9538564383983612,TB
s3546,0.8557285219430923,TB
s3547,0.6291175670921803,TB
s3548,0.9468232840299606,TB
s3549,0.4807691015303135,Normal
s3550,0.9524359554052353,TB
s3551,0.9400789886713028,TB
s3552,0.3039699229411781,Normal
s3553,0.9487137347459793,TB
s3554,0.9479890465736389,TB
s3555,0.029090039199218154,Normal
s3557,0.027381698368117213,Normal
s3560,0.9334637671709061,TB
s3561,0.922926127910614,TB
s3563,0.9343577474355698,TB
s3564,0.9010569155216217,TB
s3565,0.7737903892993927,TB
s3566,0.946486309170723,TB
s3567,0.4045072910375893,Normal
s3569,0.9109915047883987,TB
s3571,0.9534809440374374,TB
s3572,0.8071970790624619,TB
s3575,0.9226253479719162,TB
s3576,0.6704706326127052,TB
s3577,0.9451196044683456,TB
s3578,0.9411359131336212,TB
s3579,0.9386659562587738,TB
s3580,0.8990671783685684,TB
s3581,0.5038096848875284,TB
s3582,0.3679505027830601,Normal
s3584,0.5282386839389801,TB
s3585,0.9253685474395752,TB
s3587,0.8502777367830276,TB
s3588,0.9573028385639191,TB
s3589,0.2186575005762279,Normal
s3590,0.6629351451992989,TB
s3591,0.8994220048189163,TB
s3594,0.06745448196306825,Normal
s3597,0.9258516281843185,TB
s3598,0.9677508026361465,TB
s3599,0.9087577909231186,TB
s3600,0.6013237163424492,TB
s3601,0.8971071094274521,TB
s3602,0.449383610393852,Normal
s3603,0.5894910544157028,TB
s3604,0.8614065498113632,TB
s3605,0.9366862624883652,TB
s3606,0.9041159898042679,TB
s3608,0.9647265374660492,TB
s3610,0.8039236068725586,TB
s3611,0.8987108618021011,TB
s3612,0.9627092033624649,TB
s3613,0.8893948197364807,TB
s3614,0.904910996556282,TB
s3615,0.9351489692926407,TB
s3616,0.912941038608551,TB
s3617,0.18714379332959652,Normal
s3618,0.9104347676038742,TB
s3619,0.6367035582661629,TB
s3622,0.9461837708950043,TB
s3624,0.8384609669446945,TB
s3625,0.7023985534906387,TB
s3626,0.9359063655138016,TB
s3627,0.22388054803013802,Normal
s3628,0.9611827731132507,TB
s3632,0.9455496817827225,TB
s3635,0.9569082111120224,TB
s3641,0.606509504839778,TB
s3642,0.9180757701396942,TB
s3643,0.5347451865673065,TB
s3644,0.9346445351839066,TB
s3645,0.023678336990997195,Normal
s3646,0.9034848213195801,TB
s3647,0.5832177549600601,TB
s3648,0.8953667283058167,TB
s3649,0.7851366847753525,TB
s3650,0.2852178309112787,Normal
s3651,0.9471562802791595,TB
s3652,0.5689063724130392,TB
s3653,0.954069584608078,TB
s3655,0.5148767149075866,TB
s3656,0.7975024878978729,TB
s3657,0.8212713897228241,TB
s3658,0.8954959660768509,TB
s3659,0.9577833712100983,TB
s3660,0.8973734080791473,TB
s3661,0.9161144644021988,TB
s3662,0.9662754535675049,TB
s3664,0.812620684504509,TB
s3665,0.8519232422113419,TB
s3666,0.3002472650259733,Normal
s3667,0.5998636786825955,TB
s3668,0.8162986040115356,TB
s3669,0.395917939953506,Normal
s3670,0.5068218540400267,TB
s3671,0.9492153823375702,TB
s3672,0.6735648922622204,TB
s3673,0.20001353230327368,Normal
s3676,0.8584116548299789,TB
s3677,0.8765343129634857,TB
s3678,0.3498201295733452,Normal
s3679,0.5539244813844562,TB
s3681,0.9497941881418228,TB
s3682,0.8591007590293884,TB
s3683,0.4745986592024565,Normal
s3684,0.9485052227973938,TB
s3685,0.4192946539260447,Normal
s3686,0.9600333124399185,TB
s3687,0.42763953539542854,Normal
s3689,0.8550322204828262,TB
s3690,0.8786296397447586,TB
s3691,0.9065722078084946,TB
s3693,0.9451790452003479,TB
s3694,0.9033373594284058,TB
s3700,0.8092521578073502,TB
s3701,0.9225879609584808,TB
s3703,0.6694468446075916,TB
s3704,0.01776632433757186,Normal
s3706,0.8096338659524918,TB
s3710,0.942884773015976,TB
s3711,0.8839013576507568,TB
s3712,0.8549369424581528,TB
s3713,0.034276492428034544,Normal
s3714,0.8677746802568436,TB
s3715,0.610999196767807,TB
s3716,0.9111220687627792,TB
s3718,0.7187575474381447,TB
s3721,0.8942257165908813,TB
s3723,0.8599743545055389,TB
s3725,0.9169223755598068,TB
s3726,0.9597851186990738,TB
s3727,0.2481456850655377,Normal
s3728,0.8885372281074524,TB
s3730,0.9341994076967239,TB
s3731,0.9393880218267441,TB
s3732,0.2114380719140172,Normal
s3733,0.8026825487613678,TB
s3734,0.8311873078346252,TB
s3736,0.9330845773220062,TB
s3737,0.9148796647787094,TB
s3738,0.3886740058660507,Normal
s3740,0.9270552545785904,TB
s3741,0.1502440869808197,Normal
s3743,0.926260456442833,TB
s3744,0.15326589159667492,Normal
s3747,0.7690076231956482,TB
s3748,0.931306317448616,TB
s3751,0.7943277806043625,TB
s3752,0.9588844925165176,TB
s3754,0.8834680467844009,TB
s3756,0.9238791316747665,TB
s3757,0.9064575284719467,TB
s3758,0.8338107764720917,TB
s3760,0.6485427059233189,TB
s3761,0.8382430225610733,TB
s3763,0.7776986956596375,TB
s3764,0.9304418563842773,TB
s3765,0.9630177468061447,TB
s3767,0.8802981674671173,TB
s3772,0.9407341927289963,TB
s3773,0.7597711831331253,TB
s3776,0.6868959330022335,TB
s3777,0.06417718576267362,Normal
s3778,0.9452321231365204,TB
s3779,0.4208618476986885,Normal
s3780,0.8868006616830826,TB
s3781,0.9147409498691559,TB
s3783,0.9061381667852402,TB
s3784,0.09366657678037882,Normal
s3785,0.9366001337766647,TB
s3786,0.9453968852758408,TB
s3787,0.8955343663692474,TB
s3788,0.9204233139753342,TB
s3789,0.09196657314896584,Normal
s3791,0.11484853480942547,Normal
s3792,0.1745853724423796,Normal
s3793,0.9628681689500809,TB
s3794,0.7455642074346542,TB
s3797,0.9296057671308517,TB
s3798,0.9295224100351334,TB
s3799,0.5673035583458841,TB
s3800,0.9497450590133667,TB
s3801,0.9515349566936493,TB
s3802,0.8858064562082291,TB
s3803,0.018106702249497175,Normal
s3804,0.7705725878477097,TB
s3805,0.11440234072506428,Normal
s3806,0.904957965016365,TB
s3807,0.8419642746448517,TB
s3809,0.9303266555070877,TB
s3810,0.13035444007255137,Normal
s3811,0.8333535343408585,TB
s3812,0.9070906043052673,TB
s3813,0.8165388703346252,TB
s3815,0.9113735109567642,TB
s3816,0.9385781586170197,TB
s3817,0.3377526067197323,Normal
s3818,0.09180560219101608,Normal
s3819,0.511075384914875,TB
s3820,0.9614047110080719,TB
s3821,0.7867222130298615,TB
s3822,0.8884575366973877,TB
s3823,0.5975069794803858,TB
s3826,0.9374829679727554,TB
s3827,0.5903318524360657,TB
s3828,0.9461624026298523,TB
s3831,0.56327710673213,TB
s3832,0.9115966707468033,TB
s3833,0.05357208871282637,Normal
s3834,0.8902740627527237,TB
s3835,0.5133836213499308,TB
s3836,0.9344798773527145,TB
s3837,0.9418540447950363,TB
s3838,0.9403337836265564,TB
s3839,0.8790533244609833,TB
s3840,0.9207988828420639,TB
s3841,0.9539401680231094,TB
s3842,0.2399738545063883,Normal
s3843,0.6472851932048798,TB
s3844,0.735157523304224,TB
s3846,0.9284032434225082,TB
s3847,0.7661768645048141,TB
s3848,0.03646546229720116,Normal
s3853,0.9027995765209198,TB
s3854,0.2960444986820221,Normal
s3855,0.8922359347343445,TB
s3857,0.16137521713972092,Normal
s3858,0.249131690710783,Normal
s3859,0.8700901865959167,TB
s3860,0.9308887124061584,TB
s3861,0.9258914440870285,TB
s3862,0.9247724562883377,TB
s3863,0.021125380182638764,Normal
s3864,0.6483338475227356,TB
s3865,0.815592423081398,TB
s3867,0.373430750798434,Normal
s3868,0.9591244757175446,TB
s3870,0.11354405013844371,Normal
s3871,0.9053857922554016,TB
s3872,0.9014365673065186,TB
s3873,0.67787154763937,TB
s3874,0.9531432092189789,TB
s3875,0.860668495297432,TB
s3877,0.08014311222359538,Normal
s3878,0.9317095577716827,TB
s3880,0.04164795042015612,Normal
s3882,0.9520932137966156,TB
s3884,0.7284273952245712,TB
s3885,0.08564727427437901,Normal
s3886,0.9247859567403793,TB
s3887,0.754327654838562,TB
s3888,0.6346482709050179,TB
s3889,0.45250404439866543,Normal
s3890,0.9590236097574234,TB
s3891,0.9204354882240295,TB
s3892,0.8942068219184875,TB
s3894,0.9329425394535065,TB
s3895,0.07071558851748705,Normal
s3897,0.9205601364374161,TB
s3898,0.8671687692403793,TB
s3899,0.8687858730554581,TB
s3900,0.7253951877355576,TB
s3902,0.8790533244609833,TB
s3903,0.9136423468589783,TB
s3910,0.8837972730398178,TB
s3911,0.9473680555820465,TB
s3912,0.8812265247106552,TB
s3913,0.8888639360666275,TB
s3914,0.5497350096702576,TB
s3915,0.8416118025779724,TB
s3916,0.8345855474472046,TB
s3918,0.8746752738952637,TB
s3919,0.8584004342556,TB
s3920,0.6551719605922699,TB
s3921,0.9403337836265564,TB
s3924,0.6305657532066107,TB
s3925,0.6323168948292732,TB
s3926,0.7108680903911591,TB
s3927,0.9621843099594116,TB
s3928,0.8476676493883133,TB
s3929,0.19197996519505978,Normal
s3931,0.9334608912467957,TB
s3934,0.9193509966135025,TB
s3935,0.8921019285917282,TB
s3936,0.9444870352745056,TB
s3937,0.6134652954060584,TB
s3939,0.5274303369224072,TB
s3940,0.90384142100811,TB
s3941,0.9242187887430191,TB
s3942,0.8816627264022827,TB
s3943,0.9496117532253265,TB
s3944,0.4220833024010062,Normal
s3946,0.5023225992918015,TB
s3948,0.6621175035834312,TB
s3949,0.873011440038681,TB
s3952,0.8122678399085999,TB
s3953,0.9208730310201645,TB
s3954,0.043391046579927206,Normal
s3955,0.5520413154736161,TB
s3956,0.06058720336295664,Normal
s3958,0.9478623867034912,TB
s3959,0.9072705209255219,TB
s3960,0.9364143311977386,TB
s3961,0.9674110412597656,TB
s3962,0.8637389987707138,TB
s3964,0.9207455813884735,TB
s3965,0.902632862329483,TB
s3966,0.8858339339494705,TB
s3968,0.9603075981140137,TB
s3969,0.6342584639787674,TB
s3970,0.09820470155682415,Normal
s3972,0.9216982573270798,TB
s3973,0.8883064836263657,TB
s3974,0.5162113569676876,TB
s3976,0.9488171339035034,TB
s3977,0.7962518632411957,TB
s3978,0.7370894700288773,TB
s3981,0.9497357904911041,TB
s3982,0.7886065393686295,TB
s3983,0.9259672313928604,TB
s3984,0.9154630899429321,TB
s3987,0.9114576727151871,TB
s3988,0.9514392018318176,TB
s3990,0.8876641243696213,TB
s3991,0.19973289035260677,Normal
s3992,0.8670712858438492,TB
s3993,0.8284447342157364,TB
s3994,0.8615109622478485,TB
s3995,0.885629191994667,TB
s3996,0.6791303120553493,TB
s3997,0.014779825927689672,Normal
s4000,0.09572684206068516,Normal
s4001,0.8407037109136581,TB
s4003,0.5783267989754677,TB
s4004,0.9326549768447876,TB
s4005,0.8862159699201584,TB
s4008,0.9355888217687607,TB
s4009,0.9422197937965393,TB
s4010,0.9521095305681229,TB
s4012,0.7693621516227722,TB
s4013,0.7498030811548233,TB
s4014,0.12023843999486417,Normal
s4015,0.9039025157690048,TB
s4016,0.2853270652703941,Normal
s4017,0.03553816978819668,Normal
s4018,0.948040172457695,TB
s4019,0.947408065199852,TB
s4020,0.9384476989507675,TB
s4021,0.5940941460430622,TB
s4022,0.9279932528734207,TB
s4023,0.7862851470708847,TB
s4024,0.6579177007079124,TB
s4026,0.886878252029419,TB
s4028,0.22310405783355236,Normal
s4030,0.9265464544296265,TB
s4031,0.8859371244907379,TB
s4032,0.7719830721616745,TB
s4033,0.47137402184307575,Normal
s4035,0.5496327737346292,TB
s4036,0.7803966701030731,TB
s4037,0.5212110476568341,TB
s4038,0.12224596505984664,Normal
s4039,0.8669826537370682,TB
s4040,0.8680394142866135,TB
s4041,0.933135598897934,TB
s4044,0.8937653452157974,TB
s4045,0.5674512693658471,TB
s4046,0.5330768674612045,TB
s4047,0.9528920948505402,TB
s4049,0.581574447453022,TB
s4050,0.9302266538143158,TB
s4051,0.9480420351028442,TB
s4052,0.926839292049408,TB
s4053,0.9368095099925995,TB
s4056,0.896079808473587,TB
s4058,0.9384240210056305,TB
s4060,0.9394479244947433,TB
s4062,0.5909715369343758,TB
s4064,0.05219390522688627,Normal
s4065,0.8842738419771194,TB
s4066,0.9541805684566498,TB
s4067,0.9415885210037231,TB
s4068,0.23737210733816028,Normal
s4069,0.9085705876350403,TB
s4070,0.4885790664702654,Normal
s4071,0.9288945198059082,TB
s4072,0.8620715290307999,TB
s4073,0.28159603103995323,Normal
s4074,0.9621168524026871,TB
s4075,0.036792517406865954,Normal
s4077,0.5675791501998901,TB
s4078,0.8743603527545929,TB
s4079,0.9476186633110046,TB
s4080,0.9406886249780655,TB
s4081,0.1206527492031455,Normal
s4082,0.11228302284143865,Normal
s4083,0.6891912221908569,TB
s4084,0.08416797406971455,Normal
s4087,0.9433397650718689,TB
s4088,0.10212882421910763,Normal
s4089,0.3478175178170204,Normal
s4090,0.19072017259895802,Normal
s4091,0.5948843415826559,TB
s4092,0.6445864327251911,TB
s4093,0.9501155614852905,TB
s4095,0.9303830116987228,TB
s4096,0.7315337359905243,TB
s4097,0.9437384307384491,TB
s4099,0.9049744755029678,TB
s4100,0.5449049286544323,TB
s4103,0.942403256893158,TB
s4104,0.9286677241325378,TB
s4105,0.9342976659536362,TB
s4106,0.9720891267061234,TB
s4108,0.9308629333972931,TB
s4109,0.5174158439040184,TB
s4110,0.8338107764720917,TB
s4111,0.9329843819141388,TB
s4112,0.939895287156105,TB
s4113,0.5025964826345444,TB
s4114,0.8680075854063034,TB
s4115,0.8779404312372208,TB
s4116,0.8090480417013168,TB
s4117,0.962364450097084,TB
s4118,0.8018253296613693,TB
s4119,0.9590726494789124,TB
s4120,0.8398981392383575,TB
s4121,0.9153078943490982,TB
s4122,0.942407563328743,TB
s4123,0.9234018325805664,TB
s4124,0.3207121640443802,Normal
s4125,0.8911365121603012,TB
s4126,0.9375724941492081,TB
s4127,0.8190314769744873,TB
s4128,0.23910697363317013,Normal
s4130,0.8398692309856415,TB
s4131,0.9114817082881927,TB
s4132,0.649246022105217,TB
s4135,0.7596364617347717,TB
s4136,0.931159496307373,TB
s4138,0.8572179675102234,TB
s4139,0.8990595042705536,TB
s4140,0.9335411787033081,TB
s4143,0.8475873023271561,TB
s4144,0.9541212767362595,TB
s4145,0.9522133022546768,TB
s4146,0.9692459404468536,TB
s4147,0.9367518872022629,TB
s4148,0.4033081540837884,Normal
s4149,0.42684827372431755,Normal
s4150,0.4815877713263035,Normal
s4152,0.27997253369539976,Normal
s4153,0.9448735415935516,TB
s4156,0.9086979627609253,TB
s4157,0.8221520036458969,TB
s4158,0.9675783067941666,TB
s4159,0.7227010130882263,TB
s4160,0.8942033797502518,TB
s4161,0.6438994482159615,TB
s4162,0.8455872088670731,TB
s4163,0.928142324090004,TB
s4164,0.8987968415021896,TB
s4165,0.946825385093689,TB
s4166,0.10329273669049144,Normal
s4167,0.8723376542329788,TB
s4168,0.9163150638341904,TB
s4172,0.9399838596582413,TB
s4175,0.9245458990335464,TB
s4176,0.32784569915384054,Normal
s4177,0.01117317471653223,Normal
s4178,0.9434013366699219,TB
s4179,0.9536439329385757,TB
s4180,0.8902220129966736,TB
s4181,0.9376856088638306,TB
s4183,0.9222535192966461,TB
s4184,0.6051131710410118,TB
s4186,0.9056134670972824,TB
s4187,0.9210594445466995,TB
s4189,0.8800768703222275,TB
s4190,0.15520653501152992,Normal
s4191,0.04897884372621775,Normal
s4192,0.9111861884593964,TB
s4193,0.9417482316493988,TB
s4196,0.8998141437768936,TB
s4197,0.9388948082923889,TB
s4200,0.828020453453064,TB
s4202,0.39441073313355446,Normal
s4204,0.9679262042045593,TB
s4205,0.5884415498003364,TB
s4206,0.7386239320039749,TB
s4207,0.9544283151626587,TB
s4208,0.3189592566341162,Normal
s4212,0.40459707006812096,Normal
s4213,0.7289925664663315,TB
s4214,0.7984200268983841,TB
s4216,0.11758756823837757,Normal
s4217,0.8911365121603012,TB
s4218,0.8619931489229202,TB
s4219,0.5884071886539459,TB
s4220,0.9228222966194153,TB
s4222,0.793313056230545,TB
s4224,0.5337770050391555,TB
s4225,0.9255189299583435,TB
s4226,0.5017647873610258,TB
s4227,0.5235804803669453,TB
s4229,0.9397768378257751,TB
s4230,0.9554743319749832,TB
s4231,0.3559530656784773,Normal
s4232,0.09995418949984014,Normal
s4233,0.7453895583748817,TB
s4234,0.8981629312038422,TB
s4235,0.2864759829826653,Normal
s4236,0.9602914154529572,TB
s4237,0.9452186822891235,TB
s4238,0.9625137001276016,TB
s4240,0.9520227760076523,TB
s4241,0.9350813180208206,TB
s4242,0.6739133149385452,TB
s4243,0.18140899017453194,Normal
s4244,0.8502991050481796,TB
s4245,0.9469644874334335,TB
s4246,0.8083098232746124,TB
s4247,0.8878779709339142,TB
s4248,0.9139767587184906,TB
s4249,0.9255443662405014,TB
s4250,0.8968076407909393,TB
s4251,0.940724566578865,TB
s4252,0.8474564552307129,TB
s4253,0.9340710192918777,TB
s4254,0.9405770748853683,TB
s4255,0.8545644581317902,TB
s4256,0.9162183254957199,TB
s4257,0.8729041665792465,TB
s4259,0.012379020685330033,Normal
s4260,0.937871903181076,TB
s4262,0.11266089789569378,Normal
s4263,0.9601024240255356,TB
s4264,0.8942956924438477,TB
s4265,0.5572551041841507,TB
s4267,0.9485839158296585,TB
s4268,0.9060910791158676,TB
s4270,0.4493106412701309,Normal
s4271,0.829501673579216,TB
s4272,0.9455522894859314,TB
s4273,0.23727920930832624,Normal
s4274,0.8930166810750961,TB
s4275,0.8998765349388123,TB
s4276,0.8874601721763611,TB
s4277,0.9620048552751541,TB
s4278,0.5040738247334957,TB
s4279,0.942884773015976,TB
s4280,0.9380019307136536,TB
s4283,0.14946717023849487,Normal
s4284,0.8919392675161362,TB
s4286,0.8855680972337723,TB
s4288,0.44151528272777796,Normal
s4289,0.6070940420031548,TB
s4290,0.8800949156284332,TB
s4291,0.7412315905094147,TB
s4292,0.7823419123888016,TB
s4293,0.9359433352947235,TB
s4294,0.935538649559021,TB
s4295,0.7607691884040833,TB
s4296,0.8834363222122192,TB
s4299,0.8461335599422455,TB
s4300,0.94139064848423,TB
s4302,0.9569033980369568,TB
s4306,0.941417470574379,TB
s4307,0.2513966131955385,Normal
s4308,0.9469663947820663,TB
s4309,0.6947936750948429,TB
s4311,0.9568919837474823,TB
s4312,0.9514950215816498,TB
s4313,0.9200639426708221,TB
s4314,0.22261894214898348,Normal
s4315,0.7833659648895264,TB
s4316,0.5732524022459984,TB
s4317,0.954111322760582,TB
s4318,0.899428129196167,TB
s4319,0.9396212995052338,TB
s4320,0.2803487000055611,Normal
s4321,0.9223230332136154,TB
s4322,0.7268168777227402,TB
s4323,0.4171511149033904,Normal
s4327,0.9197165071964264,TB
s4328,0.650229200720787,TB
s4330,0.8791532963514328,TB
s4333,0.9695932269096375,TB
s4335,0.96457739174366,TB
s4336,0.8732369542121887,TB
s4337,0.18930085515603423,Normal
s4338,0.8884962797164917,TB
s4340,0.9165890216827393,TB
s4342,0.01267988863401115,Normal
s4343,0.37366518191993237,Normal
s4344,0.03606555890291929,Normal
s4345,0.6955470740795135,TB
s4346,0.3750610053539276,Normal
s4347,0.9513192921876907,TB
s4348,0.9349328130483627,TB
s4349,0.9623417109251022,TB
s4351,0.27513161627575755,Normal
s4352,0.954119399189949,TB
s4353,0.879402294754982,TB
s4357,0.9473647326231003,TB
s4358,0.4258089349605143,Normal
s4359,0.9202548116445541,TB
s4362,0.5237829945981503,TB
s4363,0.7102058567106724,TB
s4364,0.9158255457878113,TB
s4365,0.9170535355806351,TB
s4366,0.09512442699633539,Normal
s4369,0.9537953585386276,TB
s4370,0.8644839972257614,TB
s4371,0.433338426053524,Normal
s4374,0.9267299622297287,TB
s4375,0.5267052296549082,TB
s4376,0.10649560252204537,Normal
s4377,0.9424023777246475,TB
s4380,0.603410180658102,TB
s4383,0.031065118731930852,Normal
s4384,0.47489593643695116,Normal
s4385,0.9253526479005814,TB
s4386,0.5582211958244443,TB
s4387,0.434213537722826,Normal
s4389,0.8427989482879639,TB
s4391,0.8830404728651047,TB
s4392,0.6465459521859884,TB
s4393,0.6454584002494812,TB
s4394,0.8877133727073669,TB
s4395,0.7314595729112625,TB
s4397,0.9448962509632111,TB
s4399,0.7467027902603149,TB
s4400,0.8722464144229889,TB
s4401,0.3525371882133186,Normal
s4402,0.9503524452447891,TB
s4404,0.6376456553116441,TB
s4405,0.957859218120575,TB
s4407,0.9411040842533112,TB
s4408,0.9491318911314011,TB
s4409,0.01780277513898909,Normal
s4410,0.9350511729717255,TB
s4411,0.9485509693622589,TB
s4412,0.9632347524166107,TB
s4414,0.9420790374279022,TB
s4415,0.823422446846962,TB
s4416,0.9286538064479828,TB
s4417,0.7369316965341568,TB
s4418,0.6644948720932007,TB
s4420,0.6200760342180729,TB
s4421,0.5386937484145164,TB
s4422,0.030577411642298102,Normal
s4423,0.797088086605072,TB
s4424,0.9647616595029831,TB
s4425,0.9454805254936218,TB
s4426,0.6341231055557728,TB
s4427,0.9193924516439438,TB
s4428,0.9188568145036697,TB
s4430,0.9658178985118866,TB
s4431,0.9169849157333374,TB
s4432,0.8870037645101547,TB
s4435,0.9673973172903061,TB
s4437,0.9245854169130325,TB
s4439,0.9229163229465485,TB
s4440,0.5713363215327263,TB
s4441,0.5537732057273388,TB
s4442,0.9014250338077545,TB
s4443,0.9377378523349762,TB
s4444,0.6159554049372673,TB
s4446,0.9532222002744675,TB
s4447,0.0792282116599381,Normal
s4448,0.9371972531080246,TB
s4449,0.9385092556476593,TB
s4451,0.8489299863576889,TB
s4452,0.9595542997121811,TB
s4453,0.844318613409996,TB
s4454,0.7541513293981552,TB
s4455,0.9343347251415253,TB
s4456,0.9203392416238785,TB
s4457,0.937536358833313,TB
s4458,0.927705392241478,TB
s4461,0.8828929215669632,TB
s4462,0.9132825434207916,TB
s4463,0.7133469022810459,TB
s4465,0.5146735366433859,TB
s4466,0.9212208986282349,TB
s4467,0.9288317114114761,TB
s4469,0.8884794116020203,TB
s4470,0.4929306171834469,Normal
s4471,0.9037991911172867,TB
s4472,0.3716969583183527,Normal
s4473,0.7636713087558746,TB
s4474,0.887384295463562,TB
s4475,0.5901981219649315,TB
s4476,0.4728758614510298,Normal
s4478,0.8835966885089874,TB
s4480,0.2797237331978977,Normal
s4481,0.6261388007551432,TB
s4482,0.6048942059278488,TB
s4483,0.10151368798688054,Normal
s4484,0.9566511064767838,TB
s4485,0.8954976052045822,TB
s4486,0.9579760134220123,TB
s4488,0.8999854475259781,TB
s4489,0.8721879422664642,TB
s4490,0.6575447954237461,TB
s4491,0.5686255097389221,TB
s4492,0.719422310590744,TB
s4496,0.9047482758760452,TB
s4498,0.8936612159013748,TB
s4500,0.923661932349205,TB
s4503,0.12113343086093664,Normal
s4504,0.9252894371747971,TB
s4505,0.9282084107398987,TB
s4506,0.9528843462467194,TB
s4508,0.9412436038255692,TB
s4509,0.8948079943656921,TB
s4514,0.965343251824379,TB
s4515,0.8917560875415802,TB
s4516,0.8902868926525116,TB
s4520,0.6804657094180584,TB
s4521,0.6384488940238953,TB
s4524,0.932697206735611,TB
s4525,0.9228982329368591,TB
s4526,0.9339065700769424,TB
s4527,0.6678448356688023,TB
s4528,0.8702735006809235,TB
s4529,0.9560040682554245,TB
s4530,0.27030302211642265,Normal
s4531,0.8680037558078766,TB
s4532,0.8783619701862335,TB
s4533,0.8076547086238861,TB
s4534,0.9351185411214828,TB
s4535,0.8946531862020493,TB
s4536,0.9183359295129776,TB
s4537,0.8451477587223053,TB
s4538,0.9174354523420334,TB
s4539,0.6271652579307556,TB
s4541,0.9220815598964691,TB
s4542,0.9219862371683121,TB
s4543,0.7809749990701675,TB
s4544,0.5297311469912529,TB
s4547,0.7772365212440491,TB
s4548,0.9291618019342422,TB
s4551,0.9448920786380768,TB
s4552,0.09111165907233953,Normal
s4554,0.06166324345394969,Normal
s4555,0.6550367744639516,TB
s4556,0.856673538684845,TB
s4558,0.028979193419218063,Normal
s4559,0.01793777127750218,Normal
s4560,0.9393034726381302,TB
s4561,0.8304110467433929,TB
s4562,0.9283690303564072,TB
s4563,0.9282664209604263,TB
s4564,0.9175301939249039,TB
s4565,0.9297211319208145,TB
s4567,0.3478175178170204,Normal
s4568,0.5734157413244247,TB
s4569,0.9442495107650757,TB
s4570,0.8689839988946915,TB
s4571,0.941040962934494,TB
s4574,0.960545614361763,TB
s4575,0.8766225278377533,TB
s4576,0.948040172457695,TB
s4578,0.9278037250041962,TB
s4579,0.8866104036569595,TB
s4580,0.7964530289173126,TB
s4581,0.9500746130943298,TB
s4582,0.9316907972097397,TB
s4583,0.2918497072532773,Normal
s4584,0.9352253079414368,TB
s4585,0.04519788548350334,Normal
s4586,0.9386961460113525,TB
s4587,0.40415280871093273,Normal
s4588,0.9248999655246735,TB
s4589,0.825293704867363,TB
s4590,0.556572075933218,TB
s4593,0.9227226376533508,TB
s4594,0.9241396635770798,TB
s4595,0.9614554643630981,TB
s4596,0.914461150765419,TB
s4597,0.8796468526124954,TB
s4598,0.8796169757843018,TB
s4599,0.5210366430692375,TB
s4602,0.9209907054901123,TB
s4605,0.26604990754276514,Normal
s4606,0.130425613373518,Normal
s4607,0.9250939190387726,TB
s4609,0.918052077293396,TB
s4610,0.667729128152132,TB
s4611,0.15656457841396332,Normal
s4612,0.9538996815681458,TB
s4613,0.9536686539649963,TB
s4614,0.16138100530952215,Normal
s4615,0.9251862168312073,TB
s4616,0.8077944219112396,TB
s4617,0.9541361331939697,TB
s4619,0.9567815661430359,TB
s4621,0.888341635465622,TB
s4622,0.9116813689470291,TB
s4623,0.9392972439527512,TB
s4624,0.9239148795604706,TB
s4625,0.039015525951981544,Normal
s4626,0.8253183662891388,TB
s4628,0.8124821931123734,TB
s4629,0.33302328921854496,Normal
s4631,0.5388888120651245,TB
s4633,0.9489628225564957,TB
s4634,0.850078284740448,TB
s4635,0.5737464413978159,TB
s4636,0.7153970897197723,TB
s4637,0.43039705604314804,Normal
s4638,0.22341815009713173,Normal
s4640,0.9319146424531937,TB
s4641,0.2325484538450837,Normal
s4642,0.9318846464157104,TB
s4643,0.8573463708162308,TB
s4644,0.3435400943271816,Normal
s4645,0.8920429348945618,TB
s4647,0.9311171025037766,TB
s4648,0.8782880306243896,TB
s4649,0.3817219245247543,Normal
s4650,0.9460363835096359,TB
s4651,0.04199098167009652,Normal
s4652,0.3176387567073107,Normal
s4653,0.6227987855672836,TB
s4654,0.9468872100114822,TB
s4655,0.9201790690422058,TB
s4657,0.5308317169547081,TB
s4659,0.9639719724655151,TB
s4660,0.9402848929166794,TB
s4661,0.925897091627121,TB
s4663,0.7897854745388031,TB
s4664,0.9301088005304337,TB
s4665,0.9227017611265182,TB
s4667,0.5639512222260237,TB
s4668,0.20129763102158904,Normal
s4669,0.2676644562743604,Normal
s4670,0.7991455495357513,TB
s4671,0.7895179092884064,TB
s4672,0.9138914197683334,TB
s4673,0.9153863489627838,TB
s4675,0.6591640561819077,TB
s4676,0.9247766882181168,TB
s4678,0.899428129196167,TB
s4680,0.9509261548519135,TB
s4681,0.8297020941972733,TB
s4682,0.9480162411928177,TB
s4684,0.8302264362573624,TB
s4685,0.8134668618440628,TB
s4686,0.16712575545534492,Normal
s4688,0.8981268256902695,TB
s4689,0.9473050236701965,TB
s4690,0.9052524715662003,TB
s4691,0.5146879777312279,TB
s4692,0.8541328758001328,TB
s4693,0.883151188492775,TB
s4694,0.8980505466461182,TB
s4696,0.6541713140904903,TB
s4697,0.7654249221086502,TB
s4698,0.7417337000370026,TB
s4701,0.9391672164201736,TB
s4702,0.942584902048111,TB
s4704,0.2901659943163395,Normal
s4705,0.1614682418294251,Normal
s4706,0.18276118719950318,Normal
s4707,0.6365802902728319,TB
s4708,0.9578036963939667,TB
s4709,0.4472299963235855,Normal
s4710,0.5764203611761332,TB
s4711,0.7590835392475128,TB
s4712,0.4661264903843403,Normal
s4713,0.5359518602490425,TB
s4714,0.8956294506788254,TB
s4715,0.9153790324926376,TB
s4716,0.8801978379487991,TB
s4718,0.9111679941415787,TB
s4719,0.9397393614053726,TB
s4720,0.009897292940877378,Normal
s4721,0.899830237030983,TB
s4723,0.5979932621121407,TB
s4724,0.013747688266448677,Normal
s4725,0.9062304943799973,TB
s4726,0.42936688056215644,Normal
s4727,0.8113845884799957,TB
s4728,0.9459621012210846,TB
s4729,0.9168695509433746,TB
s4730,0.9389373809099197,TB
s4731,0.5021810755133629,TB
s4732,0.33600875921547413,Normal
s4733,0.9605484753847122,TB
s4734,0.9351321011781693,TB
s4736,0.9635042697191238,TB
s4737,0.7574146613478661,TB
s4738,0.9425974935293198,TB
s4739,0.9017058908939362,TB
s4740,0.8569910228252411,TB
s4741,0.8960692286491394,TB
s4742,0.9540649801492691,TB
s4743,0.9664715379476547,TB
s4744,0.892932116985321,TB
s4745,0.5809733532369137,TB
s4747,0.9218689054250717,TB
s4748,0.9378713220357895,TB
s4749,0.9385781586170197,TB
s4750,0.023942694533616304,Normal
s4751,0.7024784684181213,TB
s4752,0.9511388391256332,TB
s4754,0.06107776705175638,Normal
s4755,0.9391918629407883,TB
s4756,0.9462353140115738,TB
s4757,0.6884443610906601,TB
s4758,0.8620412051677704,TB
s4759,0.8971755653619766,TB
s4760,0.963462695479393,TB
s4761,0.8619055896997452,TB
s4763,0.012165783322416246,Normal
s4764,0.1195044657215476,Normal
s4765,0.9207808971405029,TB
s4766,0.38626769185066223,Normal
s4769,0.8765761852264404,TB
s4770,0.9169756919145584,TB
s4771,0.8921386897563934,TB
s4774,0.9451332539319992,TB
s4775,0.8577296733856201,TB
s4776,0.9463246166706085,TB
s4777,0.9595084637403488,TB
s4780,0.9303574562072754,TB
s4781,0.47653705114498734,Normal
s4783,0.6112601086497307,TB
s4784,0.3885306529700756,Normal
s4786,0.9236667454242706,TB
s4787,0.8949213027954102,TB
s4788,0.9564404934644699,TB
s4789,0.9394686222076416,TB
s4790,0.05641982355155051,Normal
s4791,0.8803417086601257,TB
s4792,0.6394093930721283,TB
s4794,0.5237240234855562,TB
s4795,0.01426416402682662,Normal
s4796,0.014698067912831903,Normal
s4798,0.7887575477361679,TB
s4799,0.9222530722618103,TB
s4800,0.9275363087654114,TB
s4801,0.9406501650810242,TB
s4802,0.9617054015398026,TB
s4803,0.6966506615281105,TB
s4804,0.8811651766300201,TB
s4807,0.9366618543863297,TB
s4809,0.07071558851748705,Normal
s4811,0.9295717775821686,TB
s4812,0.9529444724321365,TB
s4813,0.86367067694664,TB
s4814,0.6867815107107162,TB
s4815,0.901581197977066,TB
s4816,0.8795089274644852,TB
s4817,0.9591099619865417,TB
s4818,0.9574926346540451,TB
s4819,0.903647392988205,TB
s4821,0.9088048189878464,TB
s4822,0.4504583850502968,Normal
s4823,0.8971409350633621,TB
s4824,0.9328046292066574,TB
s4825,0.9384060055017471,TB
s4826,0.6358845494687557,TB
s4827,0.6053043399006128,TB
s4828,0.8461535573005676,TB
s4829,0.8713477998971939,TB
s4830,0.6422221809625626,TB
s4831,0.9388687312602997,TB
s4832,0.7777815014123917,TB
s4835,0.56866973079741,TB
s4836,0.9561985284090042,TB
s4837,0.6634462550282478,TB
s4838,0.8985274583101273,TB
s4839,0.9246266037225723,TB
s4840,0.6721818596124649,TB
s4841,0.9266019612550735,TB
s4843,0.26139362063258886,Normal
s4844,0.1800467148423195,Normal
s4845,0.8739437907934189,TB
s4847,0.042524393647909164,Normal
s4850,0.3437485480681062,Normal
s4851,0.7673501670360565,TB
s4852,0.9186942875385284,TB
s4853,0.9710882306098938,TB
s4854,0.9021180272102356,TB
s4856,0.9541107565164566,TB
s4857,0.9204778373241425,TB
s4858,0.892788752913475,TB
s4859,0.7911084294319153,TB
s4860,0.5937839481048286,TB
s4861,0.6333295404911041,TB
s4862,0.9503524452447891,TB
s4864,0.8869302272796631,TB
s4865,0.8286838978528976,TB
s4866,0.9597292542457581,TB
s4868,0.9490220844745636,TB
s4869,0.9282873272895813,TB
s4870,0.800552487373352,TB
s4871,0.8593748658895493,TB
s4874,0.15323806554079056,Normal
s4875,0.9463015496730804,TB
s4877,0.9307381957769394,TB
s4878,0.8005810230970383,TB
s4879,0.9464074969291687,TB
s4880,0.913567379117012,TB
s4882,0.660544321872294,TB
s4884,0.9103671312332153,TB
s4885,0.9124296605587006,TB
s4886,0.7643845081329346,TB
s4887,0.9431761801242828,TB
s4888,0.7198555506765842,TB
s4889,0.8881587833166122,TB
s4890,0.9028162360191345,TB
s4892,0.5756413044873625,TB
s4896,0.08488065842539072,Normal
s4897,0.9081553071737289,TB
s4898,0.06629155296832323,Normal
s4899,0.9440379440784454,TB
s4901,0.9164901524782181,TB
s4903,0.8431989401578903,TB
s4904,0.597431555390358,TB
s4905,0.08188589615747333,Normal
s4906,0.25011955574154854,Normal
s4907,0.9614437818527222,TB
s4908,0.0561366262845695,Normal
s4909,0.9518626034259796,TB
s4910,0.9107262045145035,TB
s4911,0.2901602149941027,Normal
s4913,0.9491586238145828,TB
s4914,0.8974192887544632,TB
s4915,0.9285677224397659,TB
s4916,0.6149100884795189,TB
s4919,0.09438158432021737,Normal
s4920,0.11176450992934406,Normal
s4921,0.9454279989004135,TB
s4922,0.9323879480361938,TB
s4923,0.8723184168338776,TB
s4925,0.5737081281840801,TB
s4926,0.935143381357193,TB
s4927,0.9386278241872787,TB
s4928,0.8838578313589096,TB
s4929,0.9130800068378448,TB
s4931,0.9412954449653625,TB
s4932,0.8866104036569595,TB
s4933,0.8774906694889069,TB
s4934,0.9071281403303146,TB
s4936,0.95408496260643,TB
s4937,0.8190316706895828,TB
s4940,0.9522068798542023,TB
s4942,0.8263575285673141,TB
s4943,0.4236444439738989,Normal
s4945,0.07052397634834051,Normal
s4947,0.8992222249507904,TB
s4948,0.9328062236309052,TB
s4949,0.6932833343744278,TB
s4950,0.8938409388065338,TB
s4953,0.9444539248943329,TB
s4954,0.0335369308013469,Normal
s4955,0.8813185542821884,TB
s4956,0.9431756138801575,TB
s4957,0.8766671568155289,TB
s4959,0.9005769789218903,TB
s4960,0.9328046292066574,TB
s4961,0.5627906583249569,TB
s4962,0.13748209737241268,Normal
s4963,0.9465711414813995,TB
s4964,0.8924870640039444,TB
s4965,0.5299135893583298,TB
s4966,0.04395016748458147,Normal
s4967,0.8552173525094986,TB
s4968,0.8989341109991074,TB
s4969,0.9356659650802612,TB
s4970,0.5559780858457088,TB
s4972,0.9605942219495773,TB
s4973,0.9503114521503448,TB
s4974,0.3253109399229288,Normal
s4975,0.90583835542202,TB
s4976,0.9411040842533112,TB
s4977,0.952308252453804,TB
s4981,0.3405021224170923,Normal
s4982,0.7636444643139839,TB
s4983,0.16792570054531097,Normal
s4985,0.8336664438247681,TB
s4987,0.9308698922395706,TB
s4989,0.7412103414535522,TB
s4990,0.8417670130729675,TB
s4991,0.04984086658805609,Normal
s4992,0.8742099851369858,TB
s4993,0.9542294591665268,TB
s4994,0.8545823991298676,TB
s4995,0.015008716029115021,Normal
s4998,0.9109018594026566,TB
